text_col_1,text_col_2,text_col_3,text_col_4,text_col_5,text_col_6,num_col_1,num_col_2,num_col_3,num_col_4,num_col_5,num_col_6
CRWemwKa,WivoptKS,nJROWWGy,UMIXmzUz,VRDrczFq,YPNHdWvw,44071,66096,93529,4926,38987,95884
LEgsaZDG,WHOHODKG,aHSkktbU,UVcIRSms,UKwenmKJ,vRdbDVyA,70342,85322,51462,12455,19652,43365
yhbWvyDw,tANXxxuU,ucGWxHmr,iSigaTVk,TNZvNBoS,KGjAFnog,85516,90139,29159,96758,23992,97693
CMgoBUry,PzoMjBSR,jGfjIGwU,lgTXZjke,SrzLWQVW,gnvcPafE,63558,90002,44606,49510,42204,17259
NjUIVYtn,IOrbboXC,CtXwhDLj,cNCfoVIV,vcOfOSSH,yZebWrhz,35222,89329,70725,90207,42736,79645
pMMOnMof,efMBdUWC,HiiVGrzk,RODhmsMX,gSSfBcPG,JeXPbZzh,41143,46507,33030,5460,209,4182
eADOXvOS,FZTBHroh,RnhyvitB,EgQWNlvz,dOiICRUv,cAenxtwV,1614,38784,17270,31890,74166,42023
FZXMndKX,knXKezsX,YjUDFlJW,qBBWfPaN,aULHnwiA,rUDtWAvG,73806,41992,82777,80517,75889,63536
XjbFGRIA,XZLGzqGU,OEtySWDd,MdbquspF,iyEfSGdP,AXlaMkeY,73172,86010,10992,76841,33318,2933
EkuNOvWQ,iDgOKPqP,hdWsmZtp,ezcnZNBD,wfBayuoO,UzSrXRtU,1391,14160,55884,56311,97303,94997
iwFueSXS,BaibaALs,mymBHPdk,vSFAArMe,KMFKVjwE,IstZnPNO,66976,33011,85309,28750,6681,84535
ysmsWpDI,bnybJMds,ZjzJUuGQ,caRDfylC,qvMcgvmN,shTpNHPS,34520,75232,39287,38913,32198,43919
wzExMlzh,XmBqvHvR,vhLRupYk,zMjGeISC,BfaSPPXa,IJbHQzNc,76961,47516,2401,26064,34013,4
GQNSWUNh,lBOpmPwv,tPtzUNze,daMRcGaA,agdWfVey,tubUWNvn,60804,21885,47831,80093,53969,60676
eUDvnUZq,iPwqWNKz,PXFtxAjF,WnDygomo,sQeHqXqD,UtVUSuFq,51342,35947,34461,91234,3027,68438
XyccxuLO,fwfTWTNf,lBJytGrn,fEBDCWds,lOhkvURm,pmURbDET,44070,78545,76996,70597,92583,52212
ITXNoJQt,ogDQksEE,FRpRvKYM,OxeoYCZG,UfCCJMWt,SzdLdjbU,65818,97175,13554,51009,31611,74088
FelPNvJB,AaUGHAmv,SIgDcMOU,KEpBuywl,CEqxTmNa,TDbZnVmj,59596,63456,85474,3661,89602,71570
RHwJosYf,qwoaYnmy,LlQuegfk,UoGjRmxS,oExSsicz,XRCMwYNm,90766,91821,76084,27006,79823,59445
QerjFnvr,RpUZmgBk,KnEcvpgg,YACepQgV,clZZealE,DhztUvnq,2266,18685,59958,44882,26637,55932
ZbhLKOmk,IGKzbAls,tFHYBLDy,eqrQlksz,QAxZqVyc,KSCZdwVK,41433,16723,99307,28589,61787,41144
MWOveVuG,UifffMdr,nmvUwqgO,eEuoWNxV,zKxZNdpg,kARuVVmT,44940,79190,40469,8915,90928,86021
DeevGTkV,OEOiPZcP,jewSbWPJ,eyqvylOV,isFedaBD,mSjrwmUd,98868,11839,35696,1507,59661,90445
GrKyBoIL,PcYrMkxo,smSALJir,zEaubOFq,ITmIlxVE,WBaqgnjR,11732,27163,35463,86601,81314,44446
FSjpqDJm,tNaNHxCa,tqMIRiNK,FEZtGvSD,POYQjuRP,koIgxMIW,59572,35861,55008,71654,45644,98379
yZRGWESS,oikBjpBE,czYDAqZh,WffUezcv,kVyoRGnE,cznLhtpi,63346,53200,6527,50335,91483,14325
huXMXRFD,UQrjXhZz,FscKFDeY,igOMQFbv,sJYuzdKC,ZdMqUpwe,53524,14592,20733,1017,95386,43173
eusAlhFq,xuIcTTfG,dVhlwbmv,uKauvwIG,MSVRhyZx,JPwKRoMK,92457,66514,86423,33095,93690,91833
tglSJYUn,hgUrZSDy,WNPNdgHN,oBKpmzRQ,eyOMWHXa,RcohdikW,483,37611,94105,29961,42725,61095
ngIlzvPX,ramQFaLo,eHkOsOEH,aurgTLIu,JxqWBdTb,AfoeqmMq,12954,42517,20302,43487,82245,1750
lXZpWWIO,YmlyeeLM,sbjRFvbY,lMKUiipd,JsyXzUHW,GcfrtuoJ,33895,40962,19660,95580,4422,85036
zGJIGMrz,oIrvybPj,euBZztJm,cQRqwUWf,rkHvplXP,AesErqFI,15040,32252,12676,48450,57945,5447
PGLJyUjb,GStcRSGR,jHrKInhH,mMkQPFTE,twJuMFun,xMxGHzSZ,36062,52086,58101,12072,59257,83227
yknDnZQg,WLniJqWL,YMLPNykN,eYdsAUHv,fYobjBhh,JkdzRLrY,10939,47593,4645,9207,67530,50938
kSKduEye,UnLBsIGj,sjTQDyIT,bFEhdtVa,PZWCziLS,jSkuBdlF,55120,29063,27414,35796,29925,83332
lfVPelUE,jlMjuxoI,jGKwFUkE,pQtIxcGE,OvdUUPbD,QCkNEQwS,71964,63219,74882,444,32109,10525
jyzJhZhv,xXjereJZ,yyOLCyQK,gpkgJfMT,ZuPoqTjl,qJFFBvoI,89515,29310,30490,93004,9728,79458
NyeoEwIU,qAxIfpsK,aDAEKmfe,pfbUuIwG,cfEpNJSn,lAsKJLXU,55342,4357,65557,33147,41752,51108
cnmgGokS,KXlkAjNo,XXAevsOS,PYKnsLgW,oCjMfYfO,rwCejAal,63813,29635,44869,80992,48399,71372
wfadPzMG,UifJlWNK,ESqFqnQs,pNUjzWaz,ABJPxZNs,DgZkecIc,41634,54222,27667,44288,54792,23219
barpyTtb,oeMgfFcr,TvzpOKpV,oSBuyutv,YgAnYvUr,eQVUQjSV,45572,41538,73980,38243,39355,83302
OzuXmOIW,gTteaORe,LkjxksRE,EvLnRMZK,OJLcfaxB,KnWEfYlH,7484,42912,40249,87863,95154,38339
JPqpgDDW,hkYoSrre,YwwtzVlc,wJximCvV,IVPhtgaj,ziqfIBct,16542,3005,89607,91133,30232,58462
DDDKmKzX,VIXxPhFH,xYmXIazR,RRbEcHHB,ZTxgUAtf,EcyTJJPt,85842,50809,48115,99176,31298,2016
YuesvOOH,GqdDZrIi,DlqhXrZW,GHEyIhQp,lwcXKXDY,TUkijZjI,7432,39045,2725,66141,70710,83283
LuMkjzwo,AarWhTxU,iTckuFiB,limFFcmj,PZiXxokH,idfwRXxJ,22818,9815,43778,95603,23765,65606
LGOhOAhq,VClkLppJ,ivNsCDuS,CqlquGnL,iueKSVce,Pazojgtk,963,26706,71633,24253,70628,62031
zktellEB,CWrzEJJu,yuRNMVMl,YPQqZZiU,UwqAJuRs,JOdJnjnr,11971,81586,90765,72579,1500,62260
FKbNqivA,OOFKcAHS,rSCxGBWD,CkAPZQHD,MbepEEbe,GGKXhPaF,71109,9254,20237,71541,48156,33982
TyQoohFK,Boxswxzh,kbAIQzvX,zodLnlDm,OGnOkSKI,fIUDacse,88160,9490,34227,78756,85066,75160
suuRwvtS,wVxEZbLx,OSGBpQax,hARyfbHa,FirJCrEk,gWXgaGnW,73684,83460,20826,5582,8553,89365
lAjAiYBE,sThUmPoT,fEMzMeVJ,BtAQNXNR,hyfqMOyc,vExQExcV,68801,57473,12451,64701,28799,1713
kyJRTSHG,FiFfmmYL,mDUXUKrg,YLeaEgLi,XfdNjLCv,KTOfioqV,23580,90395,90064,8454,91864,2092
VFwzzCEF,hmxPvYzu,mHjzmSdv,yeYTJwxU,dqovAsHd,oqnUhbhq,9433,20960,9851,64257,52761,78916
sRKxvnxb,YOEJWIQo,WQulFjaV,bYzMtLDi,eAHVFkbc,eJHjurZM,76208,13110,73072,34995,61226,74294
AcDllSEP,zCvDnKOv,hiKivpPI,YDzTbHvU,fcelSnQG,NrLFzfUD,56810,78692,1565,27501,72477,23722
gJWUdVpK,xfwzwrvQ,XpxodEzi,SxWOiCFy,PHTwMzoZ,RZXkinFU,24282,59819,9385,98187,58313,79843
xjkQGNUX,tOHIHPXk,zYnSoieW,GRiJXRVc,GEFPsLOm,hjIevyEw,2866,89992,6790,137,88255,68444
ceaFNfPJ,iPvRfrUY,utLInzzc,CdFAYBCH,aHgZnEkQ,QvzQZOoC,58137,38371,36921,86958,29726,18432
xeqIPBZy,EgqQPaeT,yXFWWMxt,LhOmIsEc,sODptuud,sNarRSzs,6390,65121,15036,72251,50477,24897
FnudihZt,htyvXbTH,bweauNPP,ZklKJrKg,aiMXbCxQ,qzxfMRDG,96847,97499,99918,16438,84577,20843
GbnJNjcH,kNuqRJdv,CpQXVioQ,ChlBoNdE,fOGgscBy,RNCZGFrT,34570,29122,40163,56243,16657,52141
poJvzHWN,xiXzCsVt,vJZTZFJE,sjfjOudn,znYbpnTO,zpUKLZeA,30953,63816,53793,9491,78178,27441
SWQQnidF,SZSVAjFN,AetbZqLi,nxbxboWZ,KzcscCzd,KVTUVmvz,49100,26354,14704,48598,86182,75245
YajPFRrV,lTZoBAwN,VtsYshNM,btqvepcI,pCnLAwwx,JJTnpYea,91059,41904,76311,63429,84482,30384
xawqbPyB,LkDHseAY,kvljcVjH,uwXtRQhB,ctdoCxdg,AiRUrtRb,44387,36567,87842,9201,13192,83252
qlCdWUwV,PwUPeDXw,MCOdlbyi,InSKtxRb,Epyqwhff,FQVZMnGG,75852,34769,72682,27021,37948,48696
WYQRStjY,qbnBlKCg,OWrUgOuu,xKEOiCKn,jDjFAQZR,bLMHYgdA,28110,20384,28764,39444,58722,73605
WkdTqGPj,uzMNVsuf,IPJhtgLd,MYGztufT,rPKWcfsk,UwdHdAWL,40187,68235,94659,82885,37128,59624
GOcznBqO,YqLmjolk,NVqhqhXU,JBOGkVMR,DmRipnyC,rhgfeLMp,94922,84659,90686,23615,79837,21827
jQqVamhJ,puSpwbyJ,AUpSdtrH,peNtOkck,RuAKCMgl,RwlsqgXb,7567,24671,54130,13104,64688,94109
GBtUYcpF,MHFgtcAy,DuSztuea,KdQjwEoV,xOEElIGW,WOxEXKrn,50824,1518,18184,53666,87755,4206
mPOMWdDr,fyNJoTLK,wPLkoYMI,BJkjzbfg,DXTHsApW,fRhsQEYg,73698,88266,18252,53617,90099,8420
eqmSdApb,YFsNIaTW,BxxEuKkm,fmwdhlzP,dOZlPZTb,IUyINtcw,71885,20161,69124,7009,44765,65315
KNgceLUa,khLDlkQy,JxhDZviC,THEBAJiV,wQkejxcU,cmCkMQBo,9020,4471,60186,80537,62962,69861
PpyfyGSC,YGfRLvVh,IPBsKLwn,wxQxBqYm,sydQbaOd,qGPyYZLZ,21002,52071,77931,44800,71086,2946
DhfjnFyM,aJBiXHng,pFlpPIgH,MiVQTFxx,DLxPjwMx,UdiGWgcI,83240,729,1756,54507,70185,66366
rcmALNWw,rKhtwuqD,IPLzkpWK,cUguIiIm,LGvYATYn,brNiKGKO,88530,2265,28192,60843,2716,76594
oYEAdjMZ,SOcfwhzT,zyJYqYxa,DtvDTFod,BfYroGDR,NBTSiCxY,98714,52570,63808,51303,17676,54260
kONgyxEM,xSTrcuan,oKZYXkZJ,PKqZGyNv,xACMwboR,InwEdiVx,31794,99179,17571,29626,99289,62178
sJLUVoqp,amlAsOLM,kmIwyHQp,OIsLRJQJ,sJfZzqWM,gnXNfmtS,88114,39516,87371,90238,95833,54767
kHDrvMNm,HZMnEFKD,CKTAwAwW,nRQFwOwo,SisjsxaV,AImuABBX,52515,46063,29703,60152,65785,21076
FVRFJXaP,BIBibNHq,aSgLKMiK,bWmgbHGw,CSxOHQlG,yAyptpvS,49987,62810,85810,24608,82862,6700
dNSypHDO,yGOcRrnd,efOeuQXJ,QXulsHzE,vEqNVBgT,EZLSOBlV,58813,1854,92049,17082,45225,76394
gPxYhnEX,iQxmWMWf,dSSLHOCA,HRlCGzRr,kDmRKFSj,BlJZpVIO,40917,52570,64151,46644,37279,63108
ZcQdaHLp,TtpCpvhQ,AYYQJWiS,PiGIJMKS,VUIfNbnS,NrrRwxsA,65512,55366,14295,35259,18917,69580
EiJjTdcg,hXOBpvej,DGorBGDB,kuPrmLQo,ksqLPifJ,wLkzqFcG,13863,43783,12498,65268,1745,6375
fCmcKkti,lLqWFOxG,PHAEJVJT,gYTBCbTj,dDfXGrtw,GFuTkxuY,81282,85179,58054,53052,193,24537
zyiCfLcV,TeoDlUtv,pFnMjQyQ,nixkzbSQ,rdmzMAit,KYTqbdFv,89318,49868,68131,42125,69096,18929
oCWxjHKW,hVKZYPsj,fxYOvjkd,RdwLPDgl,PVAPigAf,UKOpFfOo,74210,54349,12398,75173,58743,58373
ztLQXaQP,qEGUFKvf,iBWvfPte,mjiBwEhN,zxdWDGhE,kbEFeUyX,1992,25150,63030,4259,51404,68955
GeQljqwQ,aWLUQREN,BftEQYAx,xUzXfFoA,zcCQDTRR,gKaADLtm,11538,65925,73968,14196,45773,14929
WuyohdOf,hbqffnik,uFMkZkmD,eOCxrptY,LGhFIDFD,BTdprsaU,91961,80940,79178,53166,2286,38187
NZkGkyoq,PqCEjDaS,kfzxhTfy,MKnGsjkC,fZHruxQL,okufGaIE,73001,93237,57384,11610,61148,20824
zBGQIgxH,zDwoIzIW,iPOjMTzX,ojmFPJGx,SNoZpZOb,kUwcvVNr,62300,17402,81953,32407,11036,29563
qEzcTKKj,YMiloYZd,cgNYpRpv,aPwPrQuP,DZMApvuz,wrgzJESp,54894,46944,92294,75887,55272,92726
ukXRpwZp,CqnTWAyj,jrGjmBJB,lwkpCqMf,jaxerFQj,VdcESCEf,78543,28807,40420,60955,24315,66610
wVhgWsbi,VltNfzTk,eFVIxIRO,SBEQDVXT,XqIgVKOG,KahkkSvx,7293,68584,36660,53689,35648,99401
lCMradUF,OiVrtbQR,hRnhlZPp,DAhLbHaF,vMVedUkJ,SlQnLLtN,94380,37036,96694,67236,86635,55005
FDVdPFuE,PRQBrueI,mAXDaYdL,elKGyxrr,MKPABQgO,xoWrLKcN,10832,36424,61278,87558,97182,31842
NKSPPxzw,LgNwNelg,JDGJPEfv,sQciAVon,eLWvBGNf,RCUELMxk,58773,4040,12808,84425,58700,4817
GzEYtdpa,fDkvTLxm,OgIvJDig,kTVIhqkd,tGnoeUGK,oxqOVCaf,86511,34384,6131,34666,34912,22503
PRQskkmf,AVkVQXcQ,foPvydeZ,JcUYISaN,algvZHTD,qiLgNipT,87862,33474,84164,81374,15199,46759
BLGVxHIv,uAdniPUS,YBaDOaHS,BtdiikSM,WitmsmFv,izAJzoma,52612,26009,70243,62736,44404,14792
QYhQobRv,vutKAqQo,gIPfrjIM,dtIbnYCk,GDpSICUt,qmDmfcTR,13271,51053,63622,46370,90407,76324
GbFxUxRK,qiLKDuLY,ijsNMrjI,CYsVpsBK,KMnOHsKE,EXkiOfLY,36458,40997,93161,7382,42024,35124
wAcadLbO,unmAkYeY,HQDmXcEv,CZwJslvO,zUmGxcVy,iKhTQBTy,33507,61014,46049,16848,26103,41974
LNQQAAod,VndTgQKI,fjgYkrDB,LebzYsEm,jpAHgprM,pJdGtuAC,89228,50781,68296,38631,88449,58438
qfCMSNzI,QceitxwE,Cfimyfgq,lxwHgOiv,xyFfKZMl,jycAInTe,33225,73723,53984,50331,47524,24990
FWmdorra,qqabIUHy,ItlItURM,VTsdBeLZ,HcCtnjSN,LyoIayAC,84163,44491,59166,6279,32247,91010
ZwoAENmh,LMhLaPml,gBUsvxqP,tZaErxNA,slUncukJ,YjbNJACs,53281,17578,64273,77165,31359,95214
dWwfgcpX,BKbuisTv,yBzpXeaf,kaXokzQs,vOKWpPIX,grCnrJeN,51512,83283,80827,57701,96159,85135
notQFsBg,RPMLebbb,sShDUKTO,YyhOOwnA,aoYQjEAA,FpNgnZGS,21203,58610,50430,72034,49092,55497
pTrPPQUw,UamZMiZP,HbwTBHTJ,rjkGhVAk,RVaCEdUo,YQkYGQXV,15160,31684,88500,10978,64553,60804
XGClPOXp,IlNrWVQA,RvlbbGnC,ZUnqBxGM,ukugCYSF,ksuTJmss,26751,396,37359,5876,65717,1716
zzKfDvBl,QXcmmniP,EMmnTCUI,GkUTXpVL,KiqkycBd,GMSPInvg,96579,18004,53560,80278,55666,50157
PcMpqCLY,OjTWzZqM,QILwTxXZ,xXdNgWDz,wfTCvAee,fGQVvifW,6855,4539,55777,73045,9340,11725
njHADUfb,jjHQPLzX,zUBaGJAj,mGXYcGdF,btBNalRh,jLpSeGqI,50785,87957,42291,81106,2893,92831
AigjRlVv,zHKYxEas,LKLUbZsd,FBdYFxSX,bRWLOfAA,pDrOFsuI,61113,91635,40388,28747,9155,37568
vogesoyn,wRiIDMkv,MYHosPSi,rojhCzIx,OxJClTll,jlkfcuwm,83286,49405,80963,58367,86525,26414
uhdgcTRs,UkTVLdIO,CjQTFVCS,StaxkBlP,VbDaPJOu,WFCRlHPf,83903,33563,25678,83796,60624,44115
MBSqktqD,ZZErYUkU,SDWbrCke,lCRznAHg,gXkUWFdk,HXwTTGtL,52083,21373,29973,35504,69969,67553
mLGYeILT,AaxLyNfk,FlNCvXbx,DeyqlWef,syNnTiNf,nbiVQqny,22361,29673,3426,80344,11774,72928
DgiYWtJe,ZqWXsEex,EqLYnfYD,mrgdNfTz,TlubFKXG,mcqQVlcP,90335,60264,83323,84144,31461,91129
mUlxxElZ,vMkycEZR,UgrzUKmz,xvmGScby,UkbtGFnJ,BdIbjVdp,92131,34937,5922,6964,84014,5199
KoHVxjms,UcSYGSYn,BkcXEtQJ,zbqsQUlF,iDJoBJnb,IfprVwsc,27983,79283,3737,82950,73418,21535
LgMwJexb,mHDreBAO,xLwTdxlM,tDilUFlu,deaUuJpO,IBYqPAFS,11090,77288,35098,70695,56135,35883
DTJJRxKQ,xfmjilUG,dEQxgCTo,nRyTSdYP,QLxaiFfK,XgQnQEnn,6713,42114,99716,6269,42457,53313
ltEXecSO,mMcMcBOJ,erhtrrQG,krpmDblM,bPAnxGJi,GbTYyNzf,26130,25832,64866,82528,48296,91066
EhMKPbhR,orPOcuoy,gkhQQDaB,eHRUsLel,ffXEqAab,ddIJaAWT,54226,63137,45769,72969,75848,4699
luBlhGZm,zwYjhOkt,mlBsMbzV,ijdkiOcj,bhAsomFM,RhgHXhyN,22227,32918,72867,38487,97530,46511
UpvjvSPZ,HcaKXplK,jwZaHzSN,kPrVGLjp,cpqSJCRc,VLgivkdV,73659,73838,76283,3445,5260,45670
zOTZpdjI,mZhLhrdY,tmxXVkQB,WtgEmNRv,EblxUSSc,QpZLfjFB,83187,37384,83017,34541,19026,33926
XRuEWqtt,obnrLkQJ,ACsKiIOU,hAFYbrlR,dHhjlfRy,xpfVwouS,28080,60287,21683,31790,66137,29874
qcBSKJUN,nngKIWna,ybvnxehd,qMKdcxuu,tuqNAlPU,nRANVuTU,58257,33669,79650,5543,39296,45472
vAZDeRTS,sOUSAzLT,gBiSLsQt,vOLpGVbW,RyGgAPSS,LbknzzrG,36256,83048,83590,1293,82409,74881
BnCMaBFq,WYsRxcQL,zkIDMgRA,rPcJpXcA,oBqUVOjK,zhIJQOgw,21776,16938,6549,45825,25736,31276
EgfeTmHr,TgraVmIE,NaurIunr,EWSZUgcS,siCEuQdv,OfaWlfxv,25891,37991,69750,80123,99724,11184
FpVAVuGZ,EUoRDIya,SvzWLJDS,yqLOmszW,SclYMOqz,LiihqPhD,63534,66144,26621,10650,88601,87791
TLDnDaPA,oHiNQKrs,KnicmAev,ZgYCMKOY,SIJSgsrt,QaRhrDZN,52435,16124,84129,62705,51519,99309
iWbsBHlI,jrPEVymy,xUMbpyiQ,PrnKVbBg,aZqHANuZ,zalVBZFU,40780,14441,60837,36388,1979,67125
kXDdgbQN,nGZvynUd,hwmBRaxp,QlnfaeqW,aXupSmRJ,JnSSctBc,12614,744,22259,76657,51077,98547
twkOLwST,ngOUJviB,LgFTWQSz,OfRRhoXM,qDGPPMfI,PFCGDYLR,21883,67661,54194,91302,81457,66102
JPcMZqpY,NvniPQWw,txisciNp,dVMRjgIx,iekCOIHB,MgmUqFbH,57437,44816,28268,58205,69790,3411
eqwmYaFu,zBOEDxlA,xkCrkTCb,BcWIDGKI,UtMaMXYf,QvhTDuCk,78121,2382,8505,8434,6527,48871
YJOCeakx,PINrETVy,jCmxEEYc,ahiGmiza,QAHRiWyS,blycFsEy,79128,63840,65909,10873,75171,49748
blBfJlTS,zOMGSnSC,YcLdLVHc,OkcqrZOh,nnzIcwnL,HBcRKFEK,28242,54161,9835,69098,92794,76474
jrYONLUG,htwwkvju,EbSimBbu,FWkwGMXu,tobyYpit,VgQghPzB,59676,34541,98101,36571,60151,95908
uuvHLvIs,pilYwisb,IDutHNPK,DzdaOOSO,nVMpHCXm,SXEwasST,88339,20582,45142,35011,99486,44008
FOhJVlgS,wtPnOcvP,dshStLVU,TpRpQHqH,peTQKbAm,lqtvJjoF,49024,51343,74070,855,1097,84958
nJstTLGv,yWLJtKGV,mGtpyHDH,tzdvQcqY,nNdhWcxZ,pTMyTCkK,33813,3011,50602,53144,33215,38938
KdGFgyQD,UjzKUXtt,xOLGrJEK,HEBMxNrb,JuRgdiEF,FogChlQV,9580,53391,81674,86836,5347,34735
YNWwDAMN,aprgtksw,zGOKEsqB,uFCPepjl,agLmfUEm,munSFlvG,98257,56681,69894,91797,78972,75601
QAAlnRCw,SbTqPpYs,frWbIFvK,WEkXpnAQ,uHglbhCP,suSvrKFz,74912,24088,22355,87790,96821,67705
aYKQkqvr,PbFTkLKl,GbQihGOe,aUqFhnvE,HkeUPoFP,lSobZBql,87325,96870,13456,74116,11555,4224
dirXjGNq,wLgqyaKs,mIUSrQQk,aLlYcnQl,vejqbgKf,NwcxLrew,63925,32232,42250,30381,47565,53068
DdPEDDsa,eKNKxvyU,dXVbWVvD,xyWrFxfS,eWVGoseF,ncVoxYkZ,41391,96266,11237,24398,52105,27474
RMmCOoYz,CTnmvBFI,ZDtBxYUC,bWVeFwDI,RQdgLVvU,fFmXUpDl,92256,55351,98310,53045,84954,19811
iUnOmbUc,vLbRzsyt,ZQbaKgIh,AyVjcvRn,idNrWZkk,NqSBnRaI,38826,74807,67904,39122,69928,69384
uefmZPwq,yxJsXpBf,jwNCiJqX,UYLBAIAS,iyUlLYTD,DtQNeMdl,74926,1760,49912,31763,1795,24424
UVSKtjlD,QBZRgErR,dmbjewnU,AgtZEaaM,myThWUWC,wEOZUJoB,3193,69800,33536,69989,4294,87536
qhINriTe,fnLxNFVK,TDEctNtP,ClBVOgaD,YFUjSuvM,gPBbjJON,82578,53560,7920,76317,43161,13260
yOmGLdIj,hjOGTeRn,CUNpjLzL,kjgaJVil,FQnIElWL,ZevAtYvB,32193,40931,12339,64108,17061,80952
hreJSZEA,rACdflnE,KtbTupPm,DfYeETVT,gYUToJlx,kDxyPIhX,50504,18623,54846,14148,88305,71180
JFolGegr,MoFUgVSI,RRGrYtAO,TuDgTEId,AHPWpmhN,dCkXYMGh,45182,52559,81854,86467,83405,58357
zEipfHHT,EmYjfNfu,ZehwcyPd,rKwRgwJq,mStUCKiB,cmvvjPCR,44975,32877,17248,8335,60979,56676
mWuKMcKQ,AlTtGqtG,PBAOiDpC,NCyEiagX,HCQUTQor,jtKoKXUr,87726,30465,23550,91191,89980,60024
guzXtJja,pHtGuopm,RENWKPwV,wAGsNCid,CCKzYRwY,XagzuDQO,56231,72436,27621,59097,97100,52997
wcCjBgDK,ARQoCvlq,fxibNaUs,KCQiSWIx,ljLahaDX,CjUaRSVz,12384,4633,52571,989,135,56889
NTBqSVJU,JzdOiRmb,MOIRsawv,JjuosMDt,plDCEltY,vuqQJnHy,34886,18223,70789,49851,70151,18896
GyKiBXDo,EVCkaTGm,stLXfRZv,NYDCAQaq,VbYeyrDL,axLXgURs,2098,34790,65006,84765,75495,97786
DfoXrWjs,DzAtiovF,RlcoWMsJ,MrzJPDZC,gUaQWvnF,WhVmhBxT,82028,616,31009,53468,84663,4386
PDWNcjqo,mHBnvaJv,rPMusmPB,kHdLhsIF,NfRfOXxP,pDEiBDKe,74923,2139,81675,90384,25555,23399
qkermNDc,jRsvnziW,iufcArkJ,TPFxtGxC,TjeYqNhO,AZFczxbV,19993,28983,15728,35467,41733,28638
kVAsAJWd,RXkTgkLj,UoVaBnTg,uYqpnNNZ,aXBjfdOb,sBrHKbxr,558,98971,14711,98875,63812,45022
MmFyQhmp,ZIEJgXRm,VXgnBXYt,DmpSkKpW,nvCcabhc,blbpbVzj,37996,20064,70284,32386,51734,88333
QOUggWAV,LGdKaDuJ,ZnsUcbBz,eentRmLl,DTtYXAcM,qJGgHYdj,82473,26857,78994,5016,31598,37005
nwGFhbnl,cdPeYeuu,GeGsDryv,XiLZoNMP,JpGXRlRK,UdpcmUHt,57859,46491,11623,24922,56490,95912
cIGmcCfx,FcZsZssv,FuoJBrOB,gWEPiwSe,zaYOBxVY,MGUbaXbC,27549,74494,63502,21024,82266,14184
tgFHeRcQ,rTHkPsTF,TKYvKiwW,KqWAKXfw,nZodMebv,GLnuRuvX,28434,20171,78108,24498,73476,98666
kXsinKDj,jFamyHYl,EhjBpWax,OEYksmwd,rWCKvVLO,GtbIgLEv,82272,54822,46979,42258,81213,94100
dAFXZNrN,MzUHWnCV,ttWlJEDj,ChbvYjcM,QBSgswYk,hVwZLpGL,31644,90943,88762,8766,16911,87651
YyeGWljX,cVqpuARn,qppedDqq,yCeoUKtF,luYsiwHa,ptMBVkfU,96128,6551,89604,32836,67802,71261
seEcewvN,gVEDWYeY,SwqViPAw,CglRILYP,xJjcXmAk,rkUerzZR,96463,81331,32686,65052,733,5097
JvweuEca,WuYFixIP,aXfWhENK,SlxMihFC,HzNAvrkm,hZjOnGbE,98115,77884,86778,38095,97366,52161
JgKWBeqR,DlMYOpXf,SwqWJYbw,LeiPmIxQ,RIFeRTFU,CBdELgrS,16341,24746,51772,47628,88095,5470
mpNBuzwU,FyjkVrTe,aUAmiJBq,ulICeIJC,SfjaSWpM,FqwTZQVU,951,99705,88304,62750,14813,6484
iFmunpbi,THzZHjiU,cflQmUHF,mOORPmxp,XVCqIEUf,RBcgwJoF,38821,40185,25350,13019,66053,15324
OlkoLkKb,SFFZKGxh,reMDIGLl,DVUNOFca,VGOIrIrA,zbDZkaDh,77576,52937,91218,32713,29348,83873
NhACZmec,eTMljtxc,MGwuOecM,uyFGvpiq,kNhDqGLi,IBsUtgmL,61383,27005,24166,98156,44313,65039
XIJDFowD,MfxmsYWY,ABXkWUaA,ztQRIbKg,omYOnAxn,LhVlxaua,15370,96961,31334,6375,6389,57991
rEchQvun,pCXwMgDn,CGJndGqf,vesNszrT,xZdyKmpc,DTIuPywp,66346,71731,57938,55518,79622,21734
wfjJfNGd,nzwkzHvj,vLcAmMwc,YYenQoJB,kywDjLqL,MPkVlczo,65119,66558,13667,24791,60032,69570
RbEGdrZP,RDTZbSKq,USujYIol,PPtpylhv,ltaJeJfR,UayqxJha,31561,92593,11135,49787,92252,66723
RbgcLfQZ,VeASWIyh,RAAfAaHo,sGwWTdKx,ZwvmivXv,ghCULGWG,30240,59937,76117,27738,14253,57661
QbApsiET,GYDmlRvM,cuvIiSRE,kpcMdpma,mlMWnrqf,UKJiwhPz,83629,98559,68352,13314,59513,33038
afeIlpOJ,vZjSoaBI,GbJANdQo,erXLDEnK,YNUxKNbt,zCsqPVfd,11285,9507,69853,19282,6849,44351
JMgortLw,rLaumkFL,rIxKlfUM,XiAjeRQv,WHGFJpDg,kdWftZWp,34459,53278,76414,10272,22946,40388
yiGnLQsf,NeTijAhv,gwOpvqrw,SQwXtEvW,gQWUydNf,HeeMVfnI,99045,93557,58888,57367,30310,44011
aBmVMkex,EIREsNpA,KpDEhZNv,FSCvfMJP,YgoRrneL,rqeyjuDB,31121,2150,41258,71437,42847,14979
EhqsPGDZ,TvieBEKV,sPWyhvqm,GmlzfQEX,Kwecsqde,nqtchPXE,98098,80931,74692,39450,51126,69821
UTPgAVwf,ayXaEhxY,ZTajfDeE,VHjDqujm,zWTgCdVO,AAitkaFw,43605,89872,88589,49886,28688,87680
koxPsjix,SjVFaBZb,mNaSxtay,FaCMfgca,qzUkOSmm,ZvwdgGhM,69763,29063,16859,79423,61140,29920
xilRTssv,yufBHbBT,XgXkMkxA,LNPsTcVa,DAFtEhuz,NPMiTNrZ,13045,12891,2253,50598,61032,32449
uBSwOWTr,KDuxHKch,eSQDKKpX,kKyCGwmq,fdzsFERg,MtPztAsC,83026,24125,66491,92578,2764,4419
rvivNrtj,oCKYFqNg,kJlPCiQD,TGwZLYHO,rwbFKIJf,GphhTZfm,10084,1236,80181,58655,97679,77506
QxDWRKyj,xvvXGFYX,ZURPwxir,IhEYgUXa,wXvQavPt,NeeJbHqE,18089,25756,54613,20033,40413,58928
pEepIFGP,FrafEzlH,aNbVOZPk,JVyavNpt,BIsRfxcH,cSWJrjqe,99627,38484,74706,57797,21063,33556
mhbFEKCy,xPGlJLbZ,HCyOzvdc,iaXbztfF,zNCbSviz,JCgDZFqv,74327,46142,26212,12039,24853,52724
ZxWMJspy,EODKUtgc,ZVfibZpS,YWvsUAtj,veHPBZXD,iqOmtkfk,92278,31925,28919,38175,34401,13072
jlTxemQC,VqfgTCOZ,AvPmXquK,iuVKQGXq,hOiGjCXR,bbzsNyIP,76126,2523,47030,86587,62499,25381
dScLDQUq,WyDwYMIQ,fLmopHPC,YZHduByE,knzkjfnl,tDHKCown,65845,28812,15924,48775,53015,76379
mihVXdvf,GdjDITqE,VMNNHegd,uKrvaQYD,MFmlpPzN,MwVdUWRm,54620,95067,84946,45075,78745,5857
AjtRaFMX,MmPpFxGk,YcPWapRn,NjVkXuee,BKSCuykY,uzewRMuq,75575,30490,74839,4056,54468,74943
HXpFUQIU,fehRzzms,DsVusFKU,WRmdfKJy,ZhhcNDkr,WzRrIfBC,4642,95181,85187,75042,43825,61060
rPGziyLF,pQNsOWPG,dMZHelyP,IHGbESar,NYuMtMLw,ySrmAvmT,98393,23836,77879,75971,26436,8654
EuSXHxtL,OuXiVCeN,RNXucCha,YigiDZpJ,HWtAEUcZ,EUgnSQBP,75733,59570,6893,89934,90331,66149
idTnbVui,OAkBoEpS,SWjMaROx,vlUWAOtB,oFvORMik,CAgUXXTa,54845,61828,48187,21104,42693,30825
kaIrXbkG,kHehMEWx,CfqIPTTf,HfIgTAoy,XhoQDSds,ucasMTLe,3206,66527,64948,1754,68123,20348
gPzYUYkO,XKhzCVsK,ROSdUcGi,MPWqzhVb,ukjcuDUP,wHafzInp,67272,61568,42888,56330,27465,36124
RkqhOEJx,TQRdeWYp,fceuuWRj,GWZFkmwc,RgGrBPXd,uofdrAmo,76758,82009,34850,7154,58014,36953
seuSEjAJ,WvxdKasi,lImxLmyz,JuKqmcSh,wsVnvtOd,IyDvSGBG,14709,89001,82910,63694,54831,60040
yWoDRAwL,bNkMftTC,LJpFktgl,hZlAfbUT,HKAltqpg,XbuOFqxD,79572,63794,28709,80291,36970,31142
dItsQkmX,GKTrsZVr,fIYPqCfA,pTkrPoWS,sRCVQYdh,oMpFqjaV,32891,76404,25568,63442,46010,66063
HlcjfNrI,JziQWspT,cImExFka,CNJkVqrT,uXZuALMG,RWLpuGir,20515,70588,20963,75486,88990,57297
JDCCIpDd,yRSVwbcR,LwMreGOt,nnHSiSmK,VcSWfuLV,mKccBSqg,72594,9248,87261,59661,77597,56736
zEsyHGsh,UVlGzXqK,wkMaGDyP,tmVucsNw,IvqseMGL,jCqdlhJT,214,40541,85011,93139,91645,71009
cDQWmqEj,itoNyvsU,nrQABcNY,UoSeLPiJ,DJwXNhko,rMzLGnfT,45631,15871,82846,24328,56156,54656
kPITVgtw,BpYMTcJo,DcNWWjLf,UGycpnJP,oxmTlUui,xFBtIgOS,98511,4943,92333,57604,85943,68447
JEWQZXvo,inJjAItH,xfmVpgSL,WCMSYBSg,QSejywZB,eefCqErd,75592,67295,1784,53996,9645,46149
whIxuTkV,CbrZIkUn,EfSzPFDx,omxJmevv,lDPItXkj,onYcafxe,99866,12799,69269,30686,68634,6781
UrvABkNN,PafcebQF,fJONfyxz,RdJHQqKi,NiIYVYUP,tyqnKnjF,54996,26416,70559,41929,42994,61252
QumpAPnk,QVVuKIgu,tJZjIrtw,BwCXAhTl,VLfLvZFq,LuxxbYIa,11738,76016,50477,67872,77603,38663
axPWvXnY,KaVnUaED,pdAikrsG,LIuYhDgV,rXJlZcyZ,gHCyfNyf,86192,1035,44471,57648,55135,27193
euSBaTxG,HitUmWit,AufjYiub,NjXvkLlW,GawQhWKG,UlIWdYij,85838,58858,30963,80127,11933,65053
qBPFcGch,frtBQrnu,nostwimi,PdErGpLf,rnTCieNe,jxOyOupS,94175,88684,19887,56870,87900,59007
zVbXOCaz,dLIRoeFO,mHDPNMGk,sYEwQGWk,kokthBxp,WGPLtstm,42940,3417,79922,81260,46848,48313
ZCwbUoXv,dlcYpSYy,hRWpafdt,BbnjpXMA,eXefKAKy,BRKEqela,68270,93241,19725,75856,22021,19352
QGDzXRyG,oMvonQWP,IOTVndhE,MFFfDVQy,lryuJvpf,yZPzzUEQ,67929,74552,98766,68954,48493,8446
WhmvcGmH,pkdmTRHh,eorQECSt,VbVXtAjO,DkIOjlTj,RkdapGSv,45538,7921,5492,66189,66987,97093
chcPSyqc,ADXheGEN,JhEwJXas,BrkVCGYr,eeDcOiOY,wCuGIiOX,82995,62019,95781,5132,40962,46399
RjNvUGNB,VvYzOYmy,SqfCjAtL,HTPKgxBh,qElwiFia,YZBRNVDx,38863,59165,3506,27460,98192,79740
kvdkvuoV,QxvPqEWi,eIjfgWes,GXosyCeY,MpmjkvcL,kXTEsLDR,27946,44915,14998,89587,19021,70541
JYVYOldo,dHkdEscn,kWJHVlld,bZhFejqU,raOUhBGo,GeMeSglX,77040,74169,38229,82368,71595,84802
XloQGYYi,lKOztKDB,zCTHTmWi,SNIxMaLH,nfQRrsfD,VwYKXhUA,43378,40752,92044,27265,76268,77717
PoyIyPAz,uFgDteqU,YEWfjpvU,zxcbEQce,uwszOnTk,xaTejkgw,73684,37916,57361,81243,28328,17006
MeWCiFoO,SCiTdJnK,vypsvOoM,hCSjnHAT,sGFPGGvi,lhXwCncI,87028,84710,9859,89748,33890,73782
WRHytsiZ,BPYIGten,vdVpfVKB,QPQZSdoq,faHTAIaH,auQMhitI,59891,17443,57465,20649,52327,77505
PSGhuTdF,cOuppVgD,OyuuXUyW,thSJLSjh,waWisGUP,uEKnQnnG,47195,83576,47309,3299,58151,76800
zQKJvTgR,tZkUtfdt,EeDBiycn,VxJmGiCY,NEvsgAta,bEIpIbcB,57123,32456,45394,73355,70315,35871
UqBqrPct,vomwBVCZ,FSxkZlmC,OXohnmcy,fkbOFnJe,DtTMhmAj,45358,27433,61714,36050,93512,87417
LsUawpNp,jBbieCwd,nkReyFsk,plrAIszw,Wpwpdnez,lLvdfluU,63921,39612,36404,72959,36877,46628
FdnbmxUn,HZXQpNab,wvbJvqfo,TdYLRBuX,otvwpjdI,xnSseRuU,44985,13736,81664,62917,40628,81062
xaYcxsmw,kehJIKTo,nXzOKmiJ,GmYtyDJc,AXnuyaVK,RNLtwsIZ,38336,32979,34541,35567,3022,35731
VBnRQFPi,orYvSXlm,SIKnWGRx,rqCUckBg,mXOTDisO,nCRSPdby,49532,12642,5810,13468,19347,70100
EMBFlgal,QMLgMYSn,tLAYsJIq,YTOYSjPk,xZYbaZqQ,PCzbxwwL,41755,24336,67389,67928,40614,42188
FImXWOtK,WEBaxWVm,RuIhPCIZ,kDPEFhDf,OQAoSwji,FhKsCchx,34929,66956,33454,96099,39996,73586
xcOxsbba,btjFxIEH,bnWdpPzR,ZitdrINR,PIulLGAI,ehZfDSFI,69967,46543,36183,46744,61649,78177
YammbtVa,MxtdDsIL,izPJuPnW,tnJZlPEF,JXeBXJnK,oUMwsUfz,63148,57098,78344,75968,35077,5885
jJSFrGMG,CJqzbNbN,VICThLQq,XlHqnZVH,kDGJohSQ,rCSwyeRu,64812,55514,86085,62657,43030,57799
iNPazWmG,hmEboqKf,zkKUDWUh,fjIdmeCC,EVtFBGNe,rXswjyco,97488,36483,15663,69055,81629,2963
ZWgrqKdD,rrKNhrFJ,UXtfzNWu,gRIQUFWW,NolrKPBm,fMeGpAlU,81755,54676,94021,22425,68211,23568
DDyBXDlX,pXZOeaei,keUApOWZ,EkDSIoWf,yrTuRlOt,xHAQDplx,37151,92539,20996,56102,22287,95565
kAZxpZIb,nEmuTyDj,wWdPXXmA,jXpksGzs,MWiNCqQL,OITpoMiE,81129,46677,87989,90219,56000,19277
bKzgQRib,hxMUOybN,zleGKwwK,EvEtBLhQ,SMNjoqQr,iTVFGFUN,5207,53306,57527,25527,53555,89712
IbwJiTOt,ZYBhleUk,PpGpitem,eYfPFfAU,CHqyHrJq,TrzmPMhC,41323,41674,61666,46876,71955,61743
PLEZpqhe,vfyhWQuy,pmHzeaCb,YpvCQgTS,BeZSWwsN,wSZbPood,19507,840,97878,40205,21903,79370
rnXmwXyb,tQugjrhM,rtCFNokP,hbDitzOS,KQfDPPsL,CYdLMiNu,22001,68028,87084,59538,85528,67048
bOmWVoxI,mdSUDSOd,sUzzRFBd,aSnDGDPJ,RRYeXcCn,eHjwaiHc,50101,6149,43545,74715,25388,24384
yEqJzDMn,jeAWbvIJ,LBvPABgQ,iWZmpJec,VVIFQpPk,oFTQPWqE,73606,64282,16122,45887,80081,76796
Omgrnxtx,fNuKSCWK,JyIvnHpX,mhAlJwDu,AZFQkNdN,DRYVdeUj,53068,98163,70574,45204,44223,13509
GZMagjzV,nkUTloLz,KfqPCLpX,OXEWleFZ,EUqAgnpX,SVZWQdLs,1301,88164,70489,11984,80308,92997
JVvlOVkO,MURPgOOR,xrzgfVKw,cRyCqvUq,euDlPdHk,RQyvfwHB,73688,17747,80331,70082,51708,41393
CtEHwEyG,LlzzJqIS,HIGFKgpg,QAMOuWST,nQtCPpEA,iXaKJCev,48504,12390,63785,23727,22382,85992
qAXFAmwc,EHHuUDSa,ugjZmqsu,zbVvWzFk,oUemfxjx,GBvWYBYC,22894,53413,56791,61190,50939,58720
pURWOnmT,UitFuqXE,VZeEFAyy,IHpnqukR,ljbhUodT,NAzJxqgm,12590,52698,66440,44086,17297,8697
ozZBrGVd,aTzVHqIk,pPCzsDyA,fUGjhPwT,gUNogceZ,UXmkYHgq,26111,68659,74430,2176,21021,59115
PgAKeSiu,iTnDWRoj,StCrbqeJ,HlUfonHj,eUNdmguM,IPhuyPHc,82683,2025,29331,28693,40538,10254
mYmlvGpL,XvFgtZPB,gkjaNumi,HZINvehM,eZcgnFgS,jdFwJJqG,54957,54923,95096,7092,69774,33857
uorhQioB,QqLlFJvA,asdQNQwa,JFLtHOfq,hDgldAqO,abBkfqnv,644,47179,8304,17694,48555,76383
GNUtNHUF,LhyUaEDA,iNqrAXhz,uqIFjjTG,udQgPmAg,eQUORRaH,60868,70709,30472,26541,83842,78761
johpKwzQ,hSTEsvJM,cFCreQyo,FVijStxu,dVAYZAwu,AKPOqGeH,9257,41659,63226,19213,97218,15986
WuioHqTY,XNObubkW,ASqXMMRc,rKOHMQnR,AIrBCWYL,sjqhgufy,4356,16525,25704,88955,69891,98958
tBkCnjoq,SsWcrXaL,hxjSiQla,ybqKCiph,fIwbekcH,gKvQGJin,22506,64210,56687,40396,25815,52813
zJbMktQy,vxqDSuRW,vGXAEUnf,jETgPckW,YerfIREZ,wOTxtjIk,22555,423,83626,50419,25551,9684
pfxcqpaj,nDFCNjgW,gtUHvuXM,noYxHIxq,MHMFtXWD,srgyGcST,13220,33899,80307,26763,51287,29497
hKfrPYRV,RRhubIcw,odBmORjt,ioUGbJiy,LxXwiecH,KPNQfQxB,6254,94527,2076,33849,71163,53455
EEddcFCN,UuDCjlOe,TDAvgUfn,yKDPSNgd,tMCavwsG,rhybghfb,97293,13641,22295,13238,89339,35350
OVrmTebB,SdieXOMp,fJDbtWkx,VipgXvoi,ggWyZVjj,NapXisIm,74876,33036,2056,25647,96067,84650
MVTtMust,wtkEnYEm,GFbpbiZl,VDNMgCFq,gAhUbfxg,cZjHWskN,77830,25082,41068,26739,82371,48306
WefRwxUq,GkSfKjwK,JbIamIqi,xQMjJWqY,FudLvvLS,tEBgeLmi,32091,43625,90192,54804,20314,1332
IqiBdzHR,VFnuHxPB,zlmENjeM,gcKwSAwq,CZdEWAqx,YcbQsmaL,12128,35845,40295,51708,58199,3195
gQvVKbBI,zXbVuRIn,CJbkkpJV,epIPGrDF,absAHaDj,RcsLKTgO,96258,60770,79945,35921,98314,98130
triwjZUV,BaFREvlR,Jcrxzqlz,QaHhMCfF,jFFgJBFO,lTRmjumS,66937,22270,74663,24067,27491,80083
UbXtDwOm,tAOQapLl,HqNMmQbR,lOFiQTki,IzdbvTXb,hMzZewoD,83000,98193,86375,59659,23021,55273
oxPyiPQV,UulJmHZv,BxhVuDUl,xRWHtUPY,uZBznDlH,npDypMvW,65353,82961,70514,39944,52884,64630
OKKSCZOv,glpwVXce,gOxYFbYa,rktfWUOn,XIehVXMO,kFKWEjYu,96099,55532,2692,91329,85927,3206
oPoqxEyl,qiNAsJss,MrbUWqQl,LrHXCVRT,MceXbWVf,srNfHxBp,39677,3479,44260,97280,31151,77706
xJcoHNEH,CIrszwoH,UlRbKQKG,jUkOfsEa,KnCYhUuE,IAnERHhG,58306,81524,59352,43177,16770,19948
QikmOzqJ,cjspodng,AvLJYPXV,oaClnlOL,bySrhuER,xtKsExte,69011,88382,2145,21843,70889,78099
hpZLxYOG,tmHcHqGT,vPmzXyaM,hqLcwcpv,HNBHTnmM,qzYYKPro,90026,9021,40274,37547,41382,36675
QHbELWKl,LUfbXeEq,QthHdNlq,DSZNDojl,dFiZisRh,NKNuYStB,85853,74797,79412,24698,98651,37906
hnZHgqRS,mlMxTVqD,USQbZSGl,KkxrvZLu,FyoVJCeR,CFVzkQgw,67541,79906,37497,57162,80253,293
dhhtyMEZ,CViYHxdn,MzvOhWwJ,HZjBzzbr,aSxbqZNN,tXJfMXio,88510,87719,76243,19133,25139,95196
cdPHioEU,wNjMfXRI,RoJSmBpJ,cIFVSrot,EYCQtpUp,ovEublBY,99050,30749,56844,75045,50420,28892
FsSbXxHO,uxTODSHD,jhvxnJCK,ohZkPjtR,hXiYKcEM,MkYBdIPd,78796,27527,32785,88576,50947,997
fCQDiErB,kDVudyWh,oaKinRrN,HJTvmlSB,XzkKUKFQ,HecLMQOd,94705,79163,83561,8139,74059,86136
HCqltHFz,TKXFlXGN,GGbRjMOu,QOkTZMCQ,gGlgRpvw,kssWxOte,4367,81022,428,92189,60387,80650
sewIFPAO,IbFhLJbc,UismhIah,JSbnuAvu,NcSDiycj,sBsHtBJY,63326,3116,67955,25722,57116,77169
HAEJtWcl,qLQCTtNG,viIRacgR,ZcnCvYmP,ugLAJZEA,KgRPJrXO,42410,85230,63672,45081,13371,56850
TQQdWpNh,wcqcTgoR,bgrtwghb,xqSokjpr,hSGbYSID,FsMhoNBI,3398,31740,94133,55351,98446,36581
QkdYKHkq,VvpHEXOT,TwGLWSsj,lrUIsGIQ,rIUpImVZ,nladfOqz,32251,89747,77879,29742,19877,78768
XHybZMLW,HRaGBfXi,dUAJtwLb,ZqPBvXBA,UEqITqrm,IAfLPMJg,60045,85857,49244,97941,42482,69136
UkfnIPdv,OKgQuoaK,hPSUZiuQ,DLyaDVvW,CjozUUyY,eGpjVEVK,74359,67549,70153,67974,47149,10984
ZaCLGRBv,KpXyAUiV,XqzYVPke,oMRafMmP,OpnipwNs,qvPZqoRd,17160,62523,48585,24150,21969,52117
tnfmAjIf,OllHWiUe,mMdewrrm,UOjxGHFd,aVMBwUjV,HvdRyFZU,21614,61737,91021,94602,29376,43244
hzXysIiz,peAKnEgq,cremnfZy,NzOivrAx,yRjoCwsU,cqVOFDkX,17294,33527,45366,68376,3361,12334
RMbXwTGZ,lYSvdTmk,kIzudPRc,MFjvUfdx,FZJVpcAy,lHSqLrIA,43644,14306,51481,81379,9707,27508
VsydFxNE,LPwNjaSL,JjfkaTPn,hbifxhmg,KkZbrMlH,LFsFgYoL,8210,22120,27999,76805,71782,2361
BcAEGAuE,cuVbTqpl,SyDKGtWe,ioPlByBs,YNEnsNcC,fQDNUhqK,81372,10702,84107,96183,1637,59069
NUcvsIQb,lZcXlzZg,OQjxRSFW,PCOIHEMq,zjWgZbHP,iuEShnpj,86804,12905,97489,55057,38079,94476
OWyNfuLh,BWIWqzob,wmRkcDay,MuiEYgzr,VfxFPjCU,JiziqeZV,75357,496,1059,38767,29869,65591
joqHxvEs,OUbJMRAS,qPSgnQhs,DstEdMpF,gmypHTxU,ErZYOWPu,11601,17234,50116,45654,59449,50068
JUNwdkko,fyxzycYA,tqNaxLyF,wbsKGZFJ,IkdsFyWP,PyIwQJmG,55752,56528,41831,99612,31558,11483
jbmxOklp,apNfIKzy,MGEqCNIC,aBwEjLcD,dAJtuBHy,cPnDXMEu,16009,63454,95403,91200,14788,39118
TYrQwPun,lhHTGkGA,ppIjNdJn,zgeXmgsC,meymyCUP,kuDzMIZx,74773,52701,18319,63236,15554,59341
rGpPIShA,GsBATOtv,porTqDeQ,wUKtppsQ,xovSEnji,eksEvPhv,25625,75484,60515,12977,19357,85517
BiFwyQFu,AMGkUBpF,PrKiRwcj,VvTjMyXR,terguJlG,ihEeQMcG,61536,22322,56781,72357,45889,72764
rPXFSfwt,CAKtMSNo,CEdddbZu,TQyhJkfM,FfApmpGX,pqwnQuNQ,81080,85995,29158,82305,50401,78053
AhMNcaZA,OSFXhDsK,ofynAvxg,zokKzpqA,WEiniEIG,EtIGGXQy,26207,78168,2250,40107,20681,98312
BKHpotTM,wbgyBgXh,uunPouRb,TnKgCOXG,UpfYXNcd,QjkflJTP,11631,65133,66270,16076,79884,79150
wtXHMFHq,KeNseSjW,oOOEmaPn,JKQktIoP,khNyUikJ,vcFMIEYz,13457,85370,18734,57372,34617,63220
FMaGcIiN,nFlSuBYa,poZndghw,TLZbfhLp,QZOOANlq,GzrlmDWl,83918,73554,44852,11280,78008,38183
ZGdVnDuL,osafGXQs,QxOHRSAD,JQbtDMNQ,IktUDSbh,uCSozBIb,32625,82283,44528,79154,91469,22356
IqzSydUT,eQzUugpl,fumHWJtv,ooSDmdJP,ZlFpKAvU,EwASGQdC,89808,29718,10103,32727,31669,21535
kyCBkeco,qGmLrUjK,iGHqUsMJ,ybYqxzTz,shUHaDpE,tpiRhHDa,15748,39367,23150,22971,13453,50423
mceWNycX,tFJNfUUr,NaWXoGUm,PXEfxQwH,CeBKCiCJ,quFiXocQ,54906,93153,76584,69565,27803,92518
rAQghwcW,wyGOQJaJ,MaOGecHb,AzUHPdWZ,XrVvpwZk,TakVpdfZ,73611,48860,40104,87682,17024,3115
YwUywmrI,HibjePUH,vKRpgbcM,cXZlkgKU,bagQLsZV,VBMfNFgg,73463,90921,18106,94930,84828,48837
lgCBMotr,xCmJXSrh,tOIBoFbt,wesiAyjs,sOEcyMHf,itxNfbNN,25306,82927,32544,3527,48632,91547
sJazeUqY,BhPqDHdN,buqmNKKn,OHUBMqja,uCqtlfYW,EqkrnEzd,70531,68905,47352,82903,77577,7735
ckykTHfq,eBTXFheE,PWcatVJm,GyxRLJkQ,KIbJchyR,gDscEkrM,20079,1256,34212,94859,61422,56633
QyWVtkJJ,EiHWNHjj,PARSUsKl,WzlBFfwk,hqQHLeUQ,UuhLrsUD,1227,59068,56467,18920,14722,78259
mckbUUQo,iYvKOSXZ,tepACrzT,WowIbnrg,ZSGcgUKZ,eTqCniSq,47711,784,47052,29298,9149,84537
rkfYDkXN,WlreETNg,fIaUBcPg,uWWzNKiI,oSWCNpHf,MoRJZrlm,51087,85470,29044,23915,7232,81240
ZxVJNmJN,CYYiWoRn,kTzpGMWy,YUvcpnEL,zFFHpoOd,YsmuwZOx,94958,29360,27232,69235,4098,92141
SAmsuBBo,nQwLUXrT,xTrQWzsS,hmmcGoyJ,cJCQPzCg,MfieNmyt,88290,28052,82492,63289,51260,88304
FvYCwlZw,rUxzKStn,JdWiDWux,HcuwpXaV,NsUpXHYs,dpgNeJhx,95729,34979,1153,1266,65127,66973
LWlhbjMb,eugidVdl,QdbZsarj,OYTlqIOD,dKHbXUXZ,VflIScrR,18512,43147,33540,84122,46708,60672
FNGxMEhQ,BGNDZyNv,pzDSieTF,XgZFTHLL,ameAmnTI,SHpKjMyr,44492,97064,43458,73835,47633,97702
kCHmSkRx,SYNDSlcW,slieyPhB,RLQdTebM,mrBIbCJC,fdhTOlzt,84703,1448,10476,98970,86167,14
uRxFbQPd,MeBKeawr,hhALaJjO,MGPHUeHA,MGZyIuIJ,UKkpyjRv,4828,50313,66032,83907,1570,60445
gKpassPo,IXcTtuNM,ItKoZCGt,SBihLWjG,tNdDXsOK,tspJcdft,5056,21114,67029,9060,4443,47937
eAhwXRRq,VJeGGLfg,zfbtgysV,ipapVqEO,AjAVPotO,jepmreWE,50190,57277,46221,55417,23708,60767
AgACYMPR,ROwrxmfc,mkDfVzUJ,EuKebLkr,njgyLPcQ,IzXzrDhM,5362,61395,97229,29221,33553,26410
mdQbpYey,auABhhfe,zifwPgjw,TDiQOdwr,DcOhMzoR,EpBQfdwM,70982,74216,61222,24495,21941,62341
pyCCXeVS,eqLEVegs,ojaDYRea,wDrUFJCG,XQDXVYwx,HRpoxEVz,20511,74274,78697,32834,89440,52412
SgGqTYCG,CxZQVwmM,enXZZypd,SEuDqrSx,GOZxjKVZ,oYhwiigk,71727,70100,20388,60358,5259,88956
RsBCVJXX,sVadmQzI,bUqseEuL,OpjkJaqv,SSFqvKxW,TiiBNmQC,77043,30565,95400,24817,43440,58788
veJNORCd,yABuxdbh,UqeQARJy,ukqqYMnJ,REhrglqs,eiOKdwoq,64723,82961,23292,76368,24444,16006
LKICTTAR,HgrNidUY,LxDeBWvH,vZQofPJL,zoDCuEIb,NtDqrFkW,19312,36266,93320,38385,82621,82351
QCYkRCwp,mvWcqOSI,laVvALHM,FFlxfTmr,xBUVjJGC,keWbHdgG,31137,17071,36103,31795,50238,40969
WdVwKKOp,tJmcBkiS,OvBJToym,DDgmeWfr,dKTOvTaM,eRSiaBcW,26071,53000,44487,63394,84993,96534
CRUORRRz,SWZvBMnH,rgZjuLUF,leyCdidX,xqkkMmvp,OJVGvqyo,1806,23808,59643,97936,62555,69758
GjFHEWNJ,usFulKOK,eIeAmCxg,OYMiFDal,mEKVjRhc,wJwGSvIX,7896,64616,68969,60535,25439,48025
HxrfXMFE,pnaovpNn,OLNlzpGV,EhyJnELU,nnJANyLw,VPuUSAtR,10396,56679,55906,4739,74544,5806
ZXmoCYny,QGSuqstm,rPNFFanN,XnHwgCMc,cmOFLfKP,OXhfMczz,97944,17694,77863,96355,74980,19896
MzBgYqcL,HUaLIyOp,PUiKUtMY,kYsnQMbt,irzJIDyu,WdGIVdTt,86454,67499,1650,21262,7299,12656
oQAbpkGM,odJZkiMA,tAaMJHzA,ncQdKFTW,RYeqBoEg,jeklZxHr,71544,30323,48972,33165,69997,3929
dlabiEqi,JqyqFvIk,VjGQTZIm,qhPJarka,hdHwyJwM,WXkwiIHG,86936,54577,41943,36094,83386,28440
qHaPGEes,uxbNQSWr,wcbVDLvj,TCjpoCdI,zkOiPILC,ogCXozNx,58205,4935,13213,89648,35845,96643
wzOOsZpU,oxAyGjcV,asqJftDc,iUJvUhVU,WnNjXgNf,lFwUJDGX,57576,32311,69629,6529,42837,78074
zVeUlwZD,JMnvPfSG,AFTIvFxv,YuZyMXzT,obXjDRKd,YowNgYGD,10897,33347,9105,18525,12317,97894
xbSpQseV,IKMtgpLX,KucJiNHY,jRUawJXd,YosfzbUE,bpudGsun,32811,50827,85984,89245,11579,95684
gupwLlRg,cZgCVwyn,ypKRnzzU,NDNWbToj,vTRUyQFn,mcAAGVof,28350,91263,9992,27591,26143,58142
kCSOyqAU,nHkDzvkM,YXKURmWH,pmDIKgcV,WlKxQOjK,uGVeICsV,80514,91289,23823,54060,69194,81941
PpiLDQIa,syTVqTwF,cpmvLTxD,JxQWuxHO,pDUewCwz,MKzYTFiw,76166,14594,49515,40704,64898,91660
BfiTFqmE,eluLXRmr,GIZIOPvy,lnBzETgF,MdYPkAMv,OnDeicXj,29300,22517,85709,53088,89782,54360
gfMGwkTt,PMkSAFqJ,aZWxKkWi,rlBZdAhT,oRZYSRAU,NowrnVJE,3352,82604,41793,11699,98335,49345
AVjPrlgM,lViFcTZo,lvNfqNgc,OVNErZwg,NJOBPZPW,eyRMkqWS,14727,69139,47729,686,47728,46016
xWKGSOnz,vqLXLuMk,RHFToCHa,FFMwEwCz,CRRXVtMo,DfZUSzaj,27940,28586,51564,92048,88467,97708
lBywufXh,hSmOoycv,jaTwpbLO,heFYugKB,pmyeumLD,HRCYxLbs,88491,63376,55357,7184,45390,19803
BJOIlPmG,ovZXfJob,xwNLcWGt,lkNtHBCz,ZtJDzJkH,AGsRHrBw,31030,67976,46965,9807,57711,79015
kBhqTHoL,FgFEjBqq,EufUNumi,GuIcUiEn,LGJEFFTG,CTiIrWpS,17645,77760,73946,77615,18088,18772
xKJQPZsy,fRrtgFSw,SYXxOzZg,LPzMEyRB,YdpnDKsr,HyQbCcsO,87941,32371,32502,50000,4414,64518
jzwaNSeK,LEHqRGIy,lnaEZVpH,brnvwAek,mAnvLZEd,ZWyvmzIx,45279,52319,46426,9220,53619,37787
uJodnzZS,oYEASJvr,HTPGDolu,NGtLBjOU,QwRvaWKp,LKxHKloy,53674,81339,43949,89359,2962,27101
tsTxQxNf,PfooIbun,tSfLKQJG,gQXaIalz,PaTmeTET,OZydMqVh,72694,84582,73577,37936,7348,19783
BSsMFDxM,VoTZjExk,MezJlQRB,TqAJEurx,MunJwuMt,jFLYZUjl,72708,62523,71394,95400,17076,30442
tpBJcrvq,qvQbpcir,aXLSoEQL,qaMOlYWI,OMNVbBQH,nlUtztTA,65558,97159,11320,2917,93872,42239
edVxZdHC,pVeUujvg,SQhTmHZl,MFWPLEsg,JvrWwbZd,rhBTspDP,93634,9661,56174,26206,43642,89006
ZaHvbEVx,OQsitvKf,XHhwbtmU,mlSyLIQu,bOQyafRE,TZwjVlrP,90609,96176,55391,45122,68160,97097
wzkJDLHm,gIYbQegq,PQKIPsrF,xegmxVnA,szotbHrE,gEvYaKDn,59527,15450,6728,37860,64840,43314
bkbBiVxc,LNswugYC,IcWHQBmh,FAQvjjzB,ZlGJyoNC,ycnEoROz,94748,16899,17222,94609,48426,92852
hfsztXwx,tVvDNkYC,CSOjmqqo,CthJbWMH,mrtSBvYd,qhFBELqB,98115,70469,72185,21662,81255,9235
FYwBLfeo,uJWfATMr,TcwiODGK,lDxaCYPS,HfBsllcC,VFSHHNKo,38160,41680,41969,20461,84639,18298
YjUWDzkZ,vWewsBbH,PZwIeMLW,CbUVKJRU,YpnmTAro,HrTZqIwr,17130,56525,49634,1612,37988,39225
jRqvRIGL,ibCFIHxm,zYDnkjch,jSdkxbfo,JjybtIRf,oZVjVhrT,94722,94460,83590,24178,18822,25559
SNRxryJK,USalONGp,uNzWjSgx,hrdbrgfh,BrjirOkV,NaHyPOOb,62206,85170,95895,15655,57266,45915
rOnGYeAr,OEWQYKjL,dWtsMnyM,AAJrSjSu,syesPOnh,MZJNipvd,29146,18554,75658,74139,7293,33692
IyvgfyCl,rQVkkxYP,TWKrqwKB,wzxMCOZn,aqzzCkyT,VKcOqIRT,41514,71942,32984,58292,20650,83378
ZXQOFGhb,aejSLNtK,gzbpAeNC,bgyYMdnH,xJnnlZtI,HJNcqlpP,75687,57121,35165,92198,8079,750
DDCnPfyc,mjiDelwI,RQLFuceu,FtyFldNG,UJOVMYuY,VCnHSaSA,11015,58473,34817,17772,54483,86387
VhkdhXcy,nOieXCzw,QSEfToua,xwfMLcES,hocDxhIo,crPPZQzk,95062,81458,79215,5740,10926,13059
rBxkgTiG,FcGEpFha,WhWubPEf,JDQBmMKE,HtBxNIFX,snjYdcfb,97006,52004,54039,40048,56404,85551
bLbPjVZv,HrqZPefS,frppGgIH,ZpUaBMjk,WDAvatgP,sAumTlLn,56760,21379,33423,61093,99458,11092
mTCvybjH,ubWyqxcK,dFHEGrMz,bXOgyPPR,HKYrLzRz,ZqXdBbzz,32281,76943,89631,48665,9342,44751
qRStmTJF,dLIEaUnA,uDZbhPWW,McfvRRvL,xAQfyMXk,zfvJtPeF,10754,64244,36956,89605,19104,81572
oytccYzq,JeWAbtFO,GyXtZClk,GkZcyWuo,DqKmOAjC,FstuENmw,5656,24624,38924,46229,23951,26623
jmaBWuoG,ykmAFXtk,akHsmynY,vEyPCDbe,FwBJjpfO,zzJuJKdd,41556,41887,16148,28089,13873,10672
GCWZwpzC,GYzEUdzO,tnyDctfN,sYqZwKJk,jTEadRgb,vspnDWbw,85102,28379,52753,63350,3317,9753
CunUWRoC,jvzLMaZH,UTOYZJmI,mmZsGCfs,jCVckysN,xOSCVxNl,68143,59541,66117,38189,74575,6973
hAsvVzKI,FmDyLqVF,XgxuYTNl,TWMVklcY,foVGzzig,sCCrhvHS,42081,664,44755,5122,18404,83326
csMsSSwj,OgUbJofc,KhaNAyZU,sKxWwQZf,KryHfxxm,VoYdcmpp,44877,27608,5823,9855,87359,47508
BRlHKQxB,QCoiXZKb,WgNWaOOV,PCYOMZLy,LrAxzbTj,QITeRQut,40107,37117,74118,39304,30110,9318
FThihThM,KOIZnFSg,ZEmGtDjc,TOXPoEgr,PJgfEPNs,qHvMqkne,27779,94969,50244,66701,57128,97968
sfIQpbrT,VZxaxfhd,tPALDFsW,DwBZfhQX,wUeGmdvx,qMspvzpW,26898,71840,49049,67996,10887,59691
VAcLyqKB,KwVXCCFE,RdOtdbsV,bnfwItfE,lCUvZphg,ftcEjdeb,50169,14553,99159,75974,56861,7909
pHSWWZMV,YCBwPdvk,ybBTsfCe,pZzRnRnh,lEXMQRtt,PTnCECVI,59204,418,65267,85732,5429,87821
HziefURl,rsLvDfbb,HWwtneEk,owmYTyzw,TRdizQFN,sFwmxamV,59669,37461,3284,73092,81178,72093
APCYNIZJ,pFNVrmXt,yJzMWlRg,sQWwWUlb,ZAtyFRvU,fURRDnSs,2150,4204,53405,79949,65102,66385
GaKrXrcW,ZPWVCuXd,ObcSGvxD,XkSBRgFo,cxcVMWkY,gHVsfYnU,79159,84328,2099,51927,70976,5390
QrLSXNuu,KpaSyDQR,AFvaSMve,cuYtHlvC,Iipslkrp,BGpcBYSh,83087,71976,28641,53037,7157,12140
YuqvnmHk,EnoGpOxz,CmNMYetX,sQetlJex,CgsNxHvo,ckAcIgDc,19702,80221,80501,79138,90345,20569
VmzCrssy,ymFstwuz,swunwplI,NPCthjxu,yYvDdVlU,kzKQiVIm,58222,82976,32215,5706,34908,27929
WEygtrDE,nLGvIati,NrcpAvzs,BRkssGWc,IDnPDAMe,WlFJRuJB,19836,83352,15847,65641,73418,86880
ObTMzZXP,nHPsLaBX,TqTsCixb,naRBacsV,YdweZyVe,ebldzpzq,40526,75057,65226,11400,391,48874
AEZeezZt,qsgMonwn,anFVNPIZ,sNQKSGHz,XQKWLmjH,PmVXFeSB,76590,10233,83278,76725,42178,69265
dRhAzbBQ,qvgYEosT,eKRSnqNI,bQrvZItU,WRuqprhG,skdWoSaq,47878,17828,75284,96393,53949,11196
XOiaeOha,lGYRKRYE,lyvagfNQ,UMIrfYny,ozVLryDI,VWYQIhnK,12796,31666,60373,9875,75045,68600
xhqljSVh,TqKPBkfP,HGiFyWOs,uWrzNChI,heseoobg,sJezQroV,643,93563,12798,69778,37807,47909
NnKpFMvl,aoKYAOdM,OpeooAgD,zloHTISC,uqKVYCTf,PauPtOfj,16056,80794,45820,14185,21770,16995
FVWfKIhD,nJtTVIab,RnLfDOCY,cLjjsQEr,ADBFaUpx,oybbbUBX,36880,305,13448,48605,5081,60212
trZaVZMz,PUHjGiLT,NmUZQzQN,gZlNjliI,sPcNVecA,VtCmnbTa,15381,1440,48937,17036,48830,13895
MPxTRxJd,ykYPmjCr,nfzJCMTm,BhNKlltp,pFIvHYzI,HrgsNoBh,75746,32910,32695,77374,12221,66071
nHirlqxE,FYnsebAJ,LvZkDCva,CwXeoyal,ckBwoJBC,HLisnqZg,39136,76387,49985,41160,14176,1127
mUithHeR,rBttHoSM,VtxSYBAg,XNBriwWb,IDblqwGj,JNFbLniX,19230,6666,2361,75297,20270,82756
tnWhkaMQ,ucDHzGhF,NjlJkYaj,jRzXchZN,cDqaTENo,JrMAiytv,55234,36324,77296,61821,45917,72862
WXYrQeeI,tSKcZAKZ,FKtigUQH,aOiYQmWe,lrfxonXZ,qogfgRQI,2580,48320,86474,60153,93497,92163
mlxGvJSX,NAborevi,WVufaGmo,tPLVBuzt,UynLaqKP,JSphXGMR,15162,26421,73163,75631,55076,9227
RgvkImyG,nTEGVIlE,jKnUIJiK,HPZfSgGM,GzYEqxvh,BfTENodq,35796,50500,69317,60261,79781,48162
IphQEfdc,tsQIZocV,CAnbIhwj,KvfAVags,hougzbTv,MLfqwjfs,25102,31648,18053,13071,40390,60136
afnfrYTI,BrLuBnqz,fgNSqMdA,ykFmneNX,YFwZGcaS,FThENGiY,79698,47023,38798,61205,52066,19900
TDvHRgqU,cUNfMRqX,DAKjJTnA,WOCSYvlL,QytuSTgi,pfxBKmWY,541,93839,4858,58116,10909,76851
YOzUkmbS,OZJIsNKq,fBXsGPWd,ysuWCTYf,HDipHWnc,uOnIsXwn,3450,11089,97016,42769,10371,85725
gyZSigsV,oLsGeNiT,TOOHpnta,yTDKpdpr,bCiZnruW,xAuSZeaA,41426,1879,53596,24043,4574,29788
yqjeCeIZ,jzpKgtpy,vqOHteOp,sPxlzYFs,aaDetRHy,kKlAdlro,48633,88941,31205,5419,90363,6235
YhIqqydy,ocVIJESz,RpdmrrGq,SubxAbrX,ftLYGANo,LJapbvVR,91888,44677,83915,7892,69484,97900
dsbCccSW,YDIMpYET,nVLpwVan,WqEKrrjh,xGorZVGz,VxfYCBPG,1446,45120,90771,69864,17762,36845
FFcIxjQD,xXLupZJr,jfRKPjwH,wTLCKlwr,gDinDJsa,BXQMsMCl,46150,60007,47259,38158,76067,59355
pCTYNlxn,OySUeEzw,tTdLcJOh,wBinRPxJ,vYJahxAl,SrbojOop,97838,76311,82210,20817,78945,38253
GuOtXIJR,VkwzdADD,ipDQfMgq,VYIHvPvH,LxShaUju,grfudcIs,38097,73163,27332,33382,23510,52744
eCUyhyao,fgtOAixV,cyfwWhVg,utbYLjdn,VxuQZlLc,CgZZFpwY,19558,46203,13685,71810,7931,73739
dIcJUsNr,SdGXpAwM,WVtZpIgg,TzfXTiUi,VWXLYIPG,MQudhSoe,96728,96128,3020,84076,46948,47765
lnJYWKMi,LdbWwUBd,kwCchTmZ,pvsQZggX,wjzZXHAx,UcwbNPPv,52609,99173,17007,28913,18742,56398
yfDjKzah,NDyLVDrB,NYVJoxbe,FbhqIQsB,tSJcJjYI,lzJxzSiG,85226,15818,67395,27835,52888,82568
fZiYKdZd,lTEgchdp,DWUYLtig,geowTdmC,qBDQvyVl,BdRcaZwG,87546,95448,69460,11514,98184,41934
jJdMxncM,rBfRFuSy,SddKAWUB,URUdtwhu,MkvgDngI,bjTtsLin,54232,31712,69351,32495,2147,50747
epMGVXhe,hbPtWljA,RgjHkYNO,fdztfuld,mhvBzZGC,MrkznkRu,55833,77358,92435,45487,8156,17875
kIawjCqe,wvwDyHhg,WylmVHzA,paEpAMfw,PyhMzSqJ,BOnQTFXg,44744,22180,69290,28104,76867,49589
VXRVLmWH,LqHRYwDV,cSIsglSu,ciHGQaaH,NcFwSYYX,slymkgVJ,31498,50829,57598,39365,74552,71401
ZERunYRp,gKDhQBdQ,IvIgTJsR,BDIxEfbi,iAMJaKgU,BFzVIIok,24134,44240,42125,25256,72321,76558
tOQtcgiO,IRPjvUkh,JTrbgGNO,VBmEYpqd,CgZLPYhL,vjrjXgZt,589,90847,25258,32937,31968,19338
RndxLZAA,okayjdRA,pJiiPDlq,KAXBePpi,FBPvmuYW,cdSiYGND,22154,56787,3480,94149,37469,45358
ujLdNmzY,ISmnpRoF,aJhHODQP,hRaFfYwk,XSLIzvxT,WNTTLoIq,67514,63665,57911,56192,29285,54828
lYxpfukq,avMttrPJ,ugWJsWor,jsPPjfvr,voJcTqSy,jSSpnuwS,46133,4934,48089,6576,21940,21045
dZHaNqri,DusuHmnr,YGxuGLYJ,qGiOuviY,psLUCQfk,ukIFxWdy,3778,12230,71165,72155,39834,26605
CSUZxMjX,fixKZApv,KsbIGdIc,DPodsTUm,MbbMaigZ,jlVqcgRw,50568,81764,42899,81619,90640,25113
hGqSfBzA,jCLsgdKo,cHaVBNuu,ioBNuOYO,LcPdfQCX,ZAqEixqQ,44860,91436,36159,55507,16752,9280
sjrwaeSo,vSpVlDIb,oUGaFKde,UTcDHNML,OiFEwbYT,ydhNMIag,64223,99222,80142,60142,25326,78346
CRkkqrCf,yuDqjWQq,eRYFjOiX,cJOvESLt,PykSXjqv,gesBCAHO,11035,61162,98098,55318,41041,30176
RWjrfqlK,eWVyWnlN,BtOnMAwG,VZRzUYKA,KpucPoaB,arpPkBnU,23965,45840,63812,33866,88896,12387
JKLQajWj,mDhpyGhB,HHQMgxDC,eLBwNijX,ueuosUDb,irObxsSd,81851,7681,82295,95312,10578,71741
kFgWaOir,JeoeuNcP,YzFQuppj,CnWsqSrj,bTTqVOFN,nTmFlwwz,92257,98874,25782,36789,98432,54610
qCOvXvCW,qiVYgGca,LHLyGRhB,wPPQGNWC,ZyhIVCir,tKiqfQDG,54575,8714,40715,60931,75762,84395
XlJEqjEH,muVXwOtH,RnHqGgKv,GAYFLLlr,pTdgAxWy,bJZPLaDb,56716,28866,54278,17527,9782,63740
ndttDWMC,zwgwBokn,zdCTDXRo,ZrQKQIgc,JyQLvGYo,KDTHgJzg,26912,29228,37613,80269,39058,64716
lyJzeFjN,GADHsTFr,azFXkwUC,serRvMeg,edIVCZMn,qJWUOVzW,15160,5571,23786,65026,85422,29707
ChlahmVw,KIrakWdq,jTygXlle,IfxJCFMk,zlwGmZgY,hZLBSVoa,54390,78001,34478,27220,86099,99607
gTikpsGr,ASbVmQhj,MdIwqJZj,VnJeIeYh,lSZMWcXy,LxQQrSyq,16706,5429,43969,37038,16710,333
oNSreAde,guZOczSr,QisHeIhP,paLYNpdb,eKGMVgPq,DtkSrMRK,11004,61297,77338,69221,50515,26804
CYwTTTrC,fKgAojgZ,QTqELSXN,zMXUexNt,jRqmHzQh,DzwpkpTU,38498,83499,33774,76291,90913,98819
jpmllCms,uGpOiHHQ,anahqNRn,ABNVUOlH,dyWmqQuo,yFaPcwOh,38656,57102,76255,79708,29582,3729
VmbFXzwK,RMvozHzu,PRKhOLiw,OqZOCZIZ,XtwSrnPr,ivmbERft,69864,14577,55,73882,32580,83997
eHVFyvvm,JvsBhahD,gLQvySNK,jYkEutxr,KUzNNkFd,zuDtIjvO,32171,73302,31641,27869,98096,82077
vEHYIASU,pzPhfGTZ,ixuDHECB,wldRxeIk,cYGxGvWM,WWSRikSK,48157,13042,95075,42398,68804,72244
XBIWEOGR,BmNbKvEH,DCKtEAVF,nwuLPChI,lginQNxX,BZcUjNeB,83803,39925,90336,50277,10049,74011
bpWbpWRp,SnEaeDCg,MMULNlwz,uTeRIBDd,TXrYRqAp,aAGvGtdp,6801,70540,26481,31677,27384,46441
iVQDbDfi,BPwYBfKh,uhbvMrmr,sybedcwE,IAuSSJfd,EtNyBtWJ,3900,51537,43594,44716,72462,43709
pIJTwTXR,rxhSkMid,hkEohJuZ,YIECEzzd,LKxLqwob,ZXoWBPsd,97868,94663,67629,48526,99606,43927
USEXLQaD,KFzTcSrc,oFtAgmBf,gHVHzZFf,DfqXrARm,qeUMmZcd,69833,19236,15035,62899,95322,28548
AWltJIQk,thBSUwhR,seSdOUbY,JtsOKYrR,kIdtwkqb,iJPqMRpZ,49102,44394,49541,58047,15283,5258
ZLZELktD,mEjHtCDP,jTnQvKcg,ZwSvSMRg,UvvBGGQj,NfLsiSKK,18374,10328,32409,93568,98922,5518
RmAXghKf,tRvGxeUy,mPLbyoRV,UBebzyga,LTFbMhVa,sAuOUnjd,68076,80112,87503,68252,19585,30206
AptiwKAg,MCyqONeO,JpGBQWmw,GvHUPmUt,QVjBykyQ,zLDBqiQn,60458,81488,99974,50931,61361,91126
GSPHgODa,BlWVjhTf,ZFqkpFdc,yYiIyoCB,TfqmDrtf,oEGohKEG,80947,81715,5244,2192,23352,63230
raGTMVMy,uJMzhino,dkrRWZzP,LNyMkLCs,RIHfNWPh,kTsbMFLJ,92985,50098,12274,59855,42372,22134
vWSCLhwH,WxscrsCK,OGPxSdRQ,uRmmfxsx,yuWcmFhf,ABPCSbxq,41001,79533,1742,81938,58555,78376
QJXXFANN,QsTmZisr,sxdZAYfy,NAhBBDpW,BJTaluAn,NnUvNETG,63498,61848,15722,62622,79701,60006
LZzPpPmh,CcfMOLKh,JYPWoTFy,fyFvIyRW,IzqMFdlM,REJwSUDG,53351,13814,36061,17963,55325,8305
jqjczLyo,QvCdoLCr,XRYyCOaK,zbJdnZLY,lKdOPkwL,dpPiXczE,34920,96826,65997,43904,35405,63395
xZrJcSre,FPZKcaSi,wpvxIUWW,qLkRgqWB,NhwMFOTq,yawtSLvP,28681,14833,28656,61506,77589,19106
opxDvMyf,DuSWKmTp,DHYzEPlO,ofzVBMWa,mSBHBlTj,BHCGrLZX,93507,47489,78648,74546,99966,83256
heNBotbf,kbAELbZl,IFvkKNqO,gGkETdZZ,eYxZdVJU,oyDNaiUJ,36632,10105,19532,82851,71302,84704
jCNKEQYP,AfIxeTJe,KTIoPoWs,WZxVTCEa,YjEdTNWN,kdhcqyzE,79624,63033,10817,900,79865,28441
dWWeyFOJ,FjrsAnVH,mXrSJFAl,IuAntKld,CogAbfEX,OCQmrOBM,4697,16889,11259,53723,69408,55108
hIillljQ,nweHsJwz,exjwoVGj,xZJkBnYO,TGTskCPm,wYVSVzsb,14084,81173,53891,11501,81341,57870
FgARuhgT,YxOwdQQP,OwcqKGfy,JBUPbONa,VzzMXqhB,laHzJVNL,75814,90471,30485,32337,20412,91879
TrVCSgkn,thZYFQCp,oSIXOIQv,MwvDpHQP,bUaKFPzL,EGXPwjcn,89974,75190,13276,88692,71570,82148
IGirmGso,ceXrhNsX,cKprUwkm,vdfWyKQR,tExTuEff,WsaogqRH,10608,46231,6372,96186,48754,82978
kCuGhiSJ,NZnnXYxW,HtgTAiZk,AfxhmlrA,gIoclAOI,lPgqgPDc,24214,69054,29092,42379,22937,44984
AStOyeDN,sGZQSHHo,xSmTpINX,nCgWjTmk,KCypNLFK,tJaDWgUK,69284,23294,38226,3111,44450,1196
hDpIBESa,ndQDwsiK,YZJqGLfR,IpsZquwb,SrZOfSap,TuSYKkCr,52110,1108,49459,80843,1800,79121
FDnQGlEa,GFPGXLop,XAcGVtlk,hzNIrXcu,KaOmZJUo,jeBxCgFD,52018,99351,89413,35338,83123,25698
gONLRciM,lFyfFqrQ,NmtVONFM,vBtAmlgh,cSIRmoLr,XqOZJwmX,97885,71197,49739,76727,50439,60411
DZGzMzqa,PVlErmPv,zDnnoLwi,SbThSLIB,nwDlkWWq,zIwrIuZY,28683,48664,70772,64424,70241,54591
DGZuTKyr,vRmVKymv,UdMLNrss,UYngFvGW,khBUpbyC,oRrVmtlT,51887,81961,3695,91294,57037,96911
WnaPbhxS,EszrSpoC,GlsujuvL,wBQwAFUi,WQhkkkGr,VEzVcfyt,6970,49283,55749,8025,21521,34095
MREdDLGJ,YNbCPUzB,ygnBHBHA,aHRzXwho,BYLyYvdC,sGcRmKHb,88310,99142,58544,50852,93576,69583
WwsUxsqM,vmQyKsxu,HkPIadmQ,ASxhWSaO,PGjyIqns,eAngBfUg,75989,52685,96732,86295,21417,38444
uYkwBcnk,FeiTuxTF,kioEGCIx,sejRAdTn,WoFZTFOq,smvHDiUd,55387,91848,38254,68727,54330,43688
gPLguXAl,ILBwpBdT,ClNmlYJb,oIvhBLAy,OhFOxJvp,XJgXRKLH,74730,34573,5060,6041,6174,43190
ibZSSFNU,CjrIlnMQ,XmJuZYPt,VSiakVyA,HbRNfZae,jBXnaHWm,32329,7414,12138,69160,46467,8059
VoYbjHUL,DfYgRuaT,xLolguQk,wVOpxgLT,KhZqvnNq,wYHvznGJ,44013,41268,54083,32244,96998,4569
IPjLnpIY,LfcUWtRg,lPvvhWob,GVKiwBHU,sRuyaKGh,ZpdPyDzy,49335,84125,38851,35516,82602,70828
LUKCaOGA,VOCiwbjj,qctDaZwk,FeIqCFjj,SLuJDEec,dyNLqCgL,85555,47730,5667,41505,40345,6352
bSnxKBnQ,fIvZLtiK,ydcPeZLn,EmVfDwPH,rFzKgeUB,MpCwxGel,48002,29915,16944,72974,26138,88485
wnIllXeL,LwGfSMeD,BhcBAsoV,HuhEaPvk,kadPUmcL,GLGiEZDS,27199,36134,11430,67601,72913,99044
EnpryGBO,dumIYNzB,TCphswqv,ONhyrAiU,TScdVBnK,ZWZjgTeh,67017,67458,2571,12850,86965,18629
vBnHyCdu,erFqXSpH,deUajfJw,zXZcoxcT,OkSOBBFv,XVjejyEA,13267,27511,82824,24056,79436,20079
fLHWyGxx,hAHBiLjY,aZenGlQn,BTvYzjZo,IULaSTTp,MzXnapNL,36180,34631,8822,5037,46891,89953
qJhshrsI,mRXOqvCP,LJceByal,UOGitJsb,WZZQzKCW,IbqbpttF,59335,11686,32690,21853,16992,81446
QPgVYTyu,VJPSYqTO,yzfhfVcN,EksELsdn,iiyhKrlK,OmxYaPtH,32402,29134,6594,21110,3733,35116
APyefhKv,cgrHKGAY,EBmoJTLD,BYaBKPyG,PprDmFUB,QXmfKRZa,52036,65282,95835,93614,38714,43658
toErxCwG,pwjDJaMg,hImFXUkE,yTZuZVgN,dvupOTIB,LkxJlpER,55452,12214,9226,57355,43051,48673
ZAgbMNXw,xXjVfeoP,eWXlsGvO,wLpWCTxm,ijuSQsFI,xKfIXVFh,73279,88122,8360,68233,28746,38175
WopjKvWb,uuNKQSbz,TKrJEbWo,GsFarhTH,ubnrSODI,XEpSRrWZ,79941,89861,49914,92304,16331,45777
yyalewSH,iVVdGWyt,NabTjTHA,eUSkapwK,lmhicEcm,PbMFMMWN,53668,24696,6710,49805,24356,55611
HyZqqoIL,ULprJbpC,ECgODCPi,SAwpvYYW,qFiEdOBL,pjCAzLaX,4010,57504,58391,49784,65360,29423
LUMorMMI,OQMoSMZn,IqbDEnlz,TxTMXQYM,tHEMEXhc,OEfvXbvS,3191,37998,29944,2310,9213,83025
LWsMCjvn,OCYVZVcy,YOyVNbHx,tDUdTyLX,hBZylKya,OuSNqmjt,51901,46767,30811,41750,88462,50637
PnqSBEuM,BeZuNaVe,woiYLcjG,lHqblPGJ,ZbjbwkjB,xiVvPDUN,62270,97406,33608,77350,65091,12548
qGWniwzK,TQxyGvec,DUNuCfPS,PxPoTlHn,QSetxcct,NfRdfGTm,2986,27451,54010,68104,49129,23503
TUQnuuDs,DXivCNIc,sJXdWLUm,HWdKCxgE,UUCVaozO,bafkHPZK,15790,80421,53163,26140,30733,38699
QkHUFVGT,IvQsVBUy,kdmsasQc,isCyCpCa,MfDbGqGV,WYnNICrp,23783,99788,32379,64884,21941,45755
VfqrggwY,TfhEGrmn,SHbGYeRY,YSUVuUoR,zuOnmQvW,yFwhdsTf,45842,79427,74379,80740,71347,84310
QYzXDSQg,okTCzGvz,TVvwYacC,uTIHDfWo,slGVkkHK,ZsIPqraD,66142,64824,13631,8832,85845,24225
CBDPRJFh,gYgEFDaY,HnAXslaW,trLdUvPk,mYJlHWIP,moLiuYsb,7126,74027,90822,62999,3986,53685
TpPfkcGC,gTxlEJgi,otcBnQhi,CgYjneZs,KTKPqquX,ToFXiHWA,14968,27792,55250,88229,2213,46421
iWcJXFhO,WEpoQkKk,ffZdeeUn,TUuUUYon,guznqxrC,trxFXeKw,14652,92990,88204,20846,57561,28179
CvawcCjs,WWJpvxxZ,FqELysgp,KVeuvmHE,BhIZlsFN,wwuDiSMe,81138,79828,75141,80924,44056,4271
DHPczjyU,tCykYFLR,qhwiPEcn,scfTqvJA,lrShyOuH,eYObhSeS,45263,50777,11825,47687,64551,18111
WWsHLCHQ,mXaKdgIM,zcKpNvTq,EGKYEeoy,oISdpAfg,kGNgZmWp,97163,89751,25531,40118,88640,20877
qMXoYlFV,UNFvIwgp,fjrEROAv,TVLJPiBw,AruNXHek,DdAnlFxn,15476,77746,89865,7896,67114,22238
lDHxorgY,NRHLXryP,yvvzXSYs,nASFRKyJ,tsprYRpK,LRotoesL,93870,99001,68381,87997,59091,16313
sjaMtjMT,ncvzjQjZ,OWiewkwz,tCkFmbRk,XxGYfQNx,BaZNByeZ,881,45857,65686,60517,88779,2545
sRKzDecf,sjwhEZOn,TDuktoJr,hhjwUZVs,ojjEozXc,MjzrvuPW,8076,71011,1582,12954,99374,70588
RIZKFnok,VTNRZsqF,JnAqEeFv,tnqbMxCI,wbEAWZzG,PiONFxUJ,18686,91941,93256,56834,77910,47164
rSbIVPBU,xyeQqThr,raAboHAl,btoDNoBi,BFVzVJqo,YICsyuxk,89753,32841,38859,69931,75200,52602
VdyKqujc,MyrqADSm,fJwSKpFF,zsDDdBty,dITVDsCt,xuZFgnuA,96798,85670,15942,63056,11191,74204
BVduBGiv,sOtGJIgk,OGYQnURy,yGcWBonU,NtsysPrR,oaMKWDZE,35869,92268,6939,83419,60408,16722
iYyjewdf,oASJgnZA,SAsoRpEN,SsAvTioA,UBfgkHcK,kzPSbHMq,42755,62215,43222,35897,64743,29947
EVMFZSaG,rDUcYDNo,ObSKLxaq,rBNAHluF,CtOhvYml,NhLafPdK,10748,26134,34727,88754,15382,90165
zyGWkTiu,LodJaczl,ZrWXAqWX,epCjTNiV,sWUNnzFY,idluXqyl,24658,38299,56656,69692,2670,95566
RZVaKUvd,CcdugZPs,McJDIqzZ,acfuDqyK,OECyFfAn,pIaIRoIu,83414,58155,17839,97117,31746,19567
FZjrfbPx,MtqLbkyh,FSrPOdWy,jKCqEljB,cvRxhehA,xqTUhEGm,53901,77433,60516,63716,4737,53358
kOpTxGKV,qLMLCwNw,ATOFEoLe,kDhRJtqy,GFkTcgjY,adbUBHWC,92739,8302,61524,41230,70330,13489
yAQHoCgY,JAbkCJzN,vAYZvGyn,CPhnaPng,QOATPaKD,ROJYjKIe,79226,98040,54313,13012,41591,45913
zReayBZB,jdkxkUDT,kAoXzMCR,coVZMHxp,qlUBORla,rVwyAocV,19962,62229,30311,41982,86698,93046
qaSikASN,YewDLeeT,TQkFAVlu,VmQmFXBC,NPAjfsBw,ZtsATdhW,8200,73045,90618,33961,56778,93985
ZRqgXEQY,dVzLWuaz,IwnAmdPF,OMGeKGUD,UaRpOfNk,ndtpxVPu,97291,69147,54808,93159,99579,96256
nwVHYsVc,FzuIpldr,yAFzwWqf,DPyUjpJm,ICWBkjSc,RzqnMYBq,23389,35932,93322,41794,3414,85654
qNZmNduC,rfMRtBup,gzKzYBla,cVtEupxY,ujqcxTWX,taogGUfo,57993,38626,81511,72295,78218,83574
qetdPQsu,yvOnADab,eaOVtknW,JtnrLnrk,GdkywuiG,nCdJuWjl,97883,19612,87128,25952,81536,93136
TgwWZPQW,NhWRgFdm,RXFuqNVP,ZbwLsYXN,mMLVfJty,EpOTbLVM,42667,1390,71820,2933,63990,67383
DNiHFCNf,fwbOWPKS,IWMsfOlT,oXHBWNkf,CHIleogu,glxRIjDX,78599,34459,59445,1223,84074,65756
LBoQVXbn,AFarSoZS,DzCEwFOx,ArgCMQdY,TaRtAviz,rlLBOLhr,34146,18342,19756,87922,30284,24650
GkJMLjal,xFKEAHyy,StfqFQOq,yvuqMwit,INsRDkAx,gEoOrwpZ,83869,46964,97746,54042,96444,38446
XIaIVSNT,SSaUBMAt,AzVqkpJA,msCQsyyH,dCjCMPYM,zGtlLvVj,10303,89885,83829,59004,98706,19682
YEzxBCrQ,fiWeJAFh,mvuwJcKf,TfrEVKJN,mKZMJney,qkMlcEmx,91138,8887,91879,26053,40401,95897
ypEVazMl,cXkpEUqw,DpEXNfef,GTahAOot,ealwFuEP,WmJrQZKg,90451,38118,17870,62594,11728,15792
IJcIpIPs,lCFpYssH,JjOJOjIT,KeApXveX,tAbwCGyk,apYGmYrv,62172,6796,35734,2968,40473,83508
znvQThwQ,rNFwScDM,CNJvEspi,hRkFoGQg,nSoAYLEr,UhtuLaqg,66388,10726,5373,34218,84203,58782
ELgbuadA,YbIgttUs,ginnmJbK,MoHWEwJA,vxHgmwkq,GVISEOLp,98474,74789,53616,48865,66837,48835
FWoCkXgq,hNWQCrSy,gruIrBzW,PRhdExFU,wNgrHtgN,wFuUvzqd,32605,51831,7602,73712,32424,854
BnNFbHpE,nfADgMjI,huILFEeJ,sGJAwJGd,aKDpXqdN,NoiKoUyW,86725,75255,11291,54335,94681,41335
kpJLLNAk,HgEUlvaV,aoNfbpJi,MnGiHbWs,HCrAIiEn,WFHkVDeQ,36015,69507,28946,57183,11947,38042
sosKfMiD,GsCOPRsd,pqeOSAEE,CBHmHxKt,sOBguyWs,LQyhaXES,29878,35577,51934,28021,11035,1678
KjwdQEtY,yYahokIM,uixqRnzA,RrlOwyBn,MVWLhmId,mOkXiNbT,99192,96627,71928,14873,6789,69183
KkOzOzuy,LnGStiAB,LzfbHhRi,XSkGGtaF,XSNKRbFn,rSxKHPfI,55989,11876,80223,53931,14032,32291
BttmzKGk,JrjeSkvf,TApWvsrq,WcFlQsnV,RsfysSZF,YYFPzVCo,20302,52022,27078,95902,42726,12493
XvsrXfNG,feNSkEzQ,NfAJbZRB,cCMcWsDr,FuSXzLZS,BfqSpKdO,39051,2151,69923,87217,6133,79804
BrSCMUgi,MRkZVpKb,wYWilqia,Ehbilkyx,BJGpwkMc,IFKjpCUc,70410,359,39829,18550,76862,50998
kIzOHxpJ,YnHPFZag,dnyUGkEu,WlcrRDcy,FPTgPCbm,YKTSWblP,13442,1223,40244,16045,2553,40258
KwEfZjVR,vnxFotIK,ZOtIQAeu,IJZfkJAQ,udqFVfVX,pYjGPGYp,33542,42570,5679,82609,52841,2095
jtWGudjW,QJneJRAn,DpRNrnDr,pJGoVlMu,QZaQdYai,sRdOHvKt,93709,36916,40629,79976,4122,80614
xVmvEVso,NKHVSnXa,yQymLWQk,BFPdJLrM,oWGBLMTX,vnCvxSgs,76393,70663,82722,69853,88719,31222
MVVbtwrj,FrvuVqyQ,IbsfEtbi,NdlcPowF,jonLasoq,NQfAeNhE,49530,51191,78552,64040,26347,70297
ndlcaBdT,ctPVoVvZ,lubxQSgn,IsYvVUwi,HFcabZbP,homCIEjY,28254,70717,54352,67824,21769,19909
AglqNmMg,SIJyvbhw,inMrgtLV,BrocoWgq,epxpZSGV,AzpLTFqH,1521,78929,62919,77183,53848,25226
pKPVdjFr,yCtgONlb,hibIsnbt,MLyJzDMn,FiJtqpaD,YHUwtTnC,23630,70173,27563,8712,77906,6446
dKunUccF,XCagzUHH,IpOLNfgS,dkgcVLor,icqzddMQ,nmJHowPl,10052,7595,32978,99624,1708,52088
WqTYzbPY,DGENpgXT,CSrszgtA,bVNJyyVn,EoayzVUV,NLzKiyWd,94790,14294,85397,78299,50855,11622
RJQvXocn,EbJnRdBl,AEqTCnSc,vCXMLkoG,xkSHkcQK,JWItXegi,3026,17576,42318,6325,41956,37677
qVGaIFaC,ASVRqkaz,UvnSQmNy,wkDANKGa,oOxTlNib,KQytxdDj,1274,48489,11297,52366,50299,32073
fNYmvgvr,LFbrjkij,nWpsbwxQ,mtCiNJrs,fadMghCC,zEFlOQas,93358,23787,64078,31782,54961,56962
dkiypfUj,cruSNYJo,leJnWZXz,GofrWLhj,esXWhawM,KSLTnvtv,7886,64983,15555,18984,57669,30420
tsUhJCKm,TdDigQMb,hvjtdATJ,UeStiLpU,UOCZjjww,PLbIvabZ,6278,81353,28886,91278,17651,90365
xRnCuEoz,FOnoFCMh,PMpydJvs,wrREHsSz,MOdfCGJZ,cbbirrPV,78116,97147,65576,8084,57286,77134
DzTQsHCm,ZmlpjRWA,RdvEOEek,LaTsfPmb,KHrRTxvX,UIqqgrZE,75002,9182,45441,66631,3071,1219
iXxeVlAD,zZuOWsgu,KwIKFrIs,bnltrzAX,xiTFhHRo,OMasTrrD,52787,42146,64816,30210,14190,71801
CjbZUqGv,IaERncAZ,zmoXFJfS,OemyQYch,zmWClEju,csuTubTc,24820,10579,43386,5182,25403,3738
HxYvcUmD,vsejziMt,owOKAMGS,cMFXEipv,PLCULXlG,uhCigMAB,48960,43762,22065,35143,40709,62970
ClZvdhKU,yqdhZAkD,nGQFMiLP,eBeAMYMj,clrNZkue,kHosNceN,95928,2815,4319,90702,39767,16729
DEkmxXLS,fEdaSQzb,LtNCxyaC,MXVKSyBP,vXGmNrCK,YXHFhrZE,10441,47968,52642,12762,52649,35310
pkETxaVR,daiGEJrY,BxvpLzKX,DFANidKQ,lsniLUQH,rsCcminh,75604,40714,74853,1983,79825,20998
WZvLfLTW,amaOmiNz,ZPEqzOvp,UqqMWEfn,HrQXrgWw,TSNbMdab,42795,61788,95256,59294,41184,72146
NYbffziY,EpvxrsJG,GIHpTaUB,XkjMjxkX,uMnsKMfQ,cXzLKMTM,77725,48635,69102,24014,8319,94775
DQQTEocs,hZVBUdAP,PsmBQjli,YRimLOtY,sBAYbOYT,BJmZRSeG,74344,66067,28800,41850,47288,89564
sOALZShQ,GXtrVtUO,FZruLarx,GvQaEAAZ,eQXqXkQT,zdtdXsEN,12737,8234,42251,66995,71792,18227
BlPuDWwA,CcMqReZt,lGqcMrUV,gzAbpTMU,OKRKDBvn,mGqRxppN,91254,57824,80216,32611,47690,14173
ZoSDyyNP,HlDtJCwJ,anBGjYEq,vWRQeAKG,GhPxITlg,nwggprFK,40901,77162,63294,68664,32334,46950
cyHMBXGM,FLeJemQM,ydsxyijA,UfbxOVGf,XokQCtDa,JhBsnhPD,38599,21154,67989,8389,54165,13697
LqvuERzm,kYGAxTkz,ndtzWBdf,oseUyFGl,ciLdsTFY,tnEifkBx,86569,40797,768,22653,18585,74798
hvJlBNKi,HTXiHJcR,BniTPvVE,qlSKmKqr,rFFhOdaf,IQlLnAcE,92474,69138,36002,8260,35808,14001
iAcGkqPN,HjluLcIB,NFdrbRaG,RYdVxfHt,oTnYXrNN,GBDrMsuN,37607,8138,53399,22769,77473,99345
iqljxIRm,YzZTYzqf,hYkqFIvn,tVOWclcn,ldtRNwKV,QUgjYAzx,19491,72534,73282,95983,34815,84026
nwcTVNyq,rLXPabdb,KKcdzCvp,oDpjQmSv,RFmlqUjl,WiVTTiqn,43696,69715,49432,99530,750,85968
SjoYkHyZ,JWUbJiLr,pZyDrNwB,KLbxdTgT,uZfRxZqu,SCLBhWFB,79374,72844,79893,30766,85703,49480
DVlfcbqA,bioiLTmE,JhtDwvNt,qEGTGTeT,sMJrvYYZ,sxCBxpwU,38534,77609,38334,95952,9238,64740
jmwRWDWQ,jytNwnKL,ySTOYvTv,ZzDQTMpN,sSEILSqd,bJKCvggF,69690,44716,54291,17107,89196,56224
DDDpicHk,jmusEAZE,IrCyEPpy,lNzAJNnc,keizwFDI,YJnsiGaO,4443,50263,80307,90455,49265,83405
BJGIXKBR,nRYEPwTe,BHTdgyfe,flzCrMXb,sOVuPEFt,NrUGzJet,75457,51181,80839,59590,63169,30011
twKXALXi,BqGpLdvx,PNyCXrhY,VGtVArtB,gIUgdyqU,TiCpKjDw,8264,36442,72949,75612,95021,43930
dJoMHQWc,kcPYGXvN,jIDoGICc,gWoIRbqZ,KnHmezYJ,XrrdpVob,98314,22895,46303,20551,85041,42609
pSBStVDU,PtvWLsIs,AMLhSwyq,YUijKFPT,QnJIcSdW,cpOJvLiB,16511,32465,35937,61610,42024,19418
bYmyjsRc,ryGOnAUY,hSljlZTZ,GcJzcUKp,lVErFuIg,ZkkAeGZS,3624,45654,90028,56489,52573,9139
fEZmDbRL,earhoEeo,XhCyWbZu,EXxzdQMO,wndBAnpq,pnwmUTjU,57371,40588,61793,94521,39468,72977
dRJxtPQL,KykznVJS,neDjlrtM,ruxrFkyr,lqYkAIAe,petYpaHx,58985,83851,51878,36348,62470,76969
BcgtWwcS,OovCjsku,ulkEkzYZ,OupIWcUG,lieXSOXA,MiGvMote,75928,6029,25849,21150,76209,76454
AZywJSYk,pibpXWnJ,omYfZWgU,UbItfUVh,ItWadAKc,iOmBZsol,85004,87085,4173,24291,14573,31161
UGGbpxTn,dkuWpXZu,HZlksKdm,vDvsgvhc,nQHnrWyw,ziIUcAlQ,68865,77213,66263,32728,92580,4920
sVguFxnZ,CjgItPVs,IhtLojLR,bNrFtriC,gDhihGEM,mXzpiUnb,51213,35572,42213,16469,25861,15901
ikDrRMgq,EzrWrlsI,ZWNHHEIy,arkHzhHt,qXvnxZER,NzTuXczN,87007,23225,16344,73917,76452,74406
yrsQqkjC,ywbBtlYr,yIvZYylv,EVbUINPL,nOSzwBZq,ssImGfkH,74265,2272,95263,28900,24631,22507
MNxDjaWk,ClQKKQzp,TkSZsxTH,NLxhgHwm,XCdhEydk,fyBZyqVg,76046,30166,1215,96053,65199,9691
ALCGQRML,xeCvjOeL,mAkBioPT,OBMbBSua,XQDjprFW,GsLDSJKc,6143,58906,39250,80193,62125,75593
agEabnRk,JXKRSyjM,LrqyeLMA,UINKSjPL,FIbaQmJT,RLhtfHeu,22037,29165,53871,6810,41988,86017
DUqnOuCY,iNWTYeHV,FoFyqbaA,XNtbhgPo,rvoshYIi,JKdYvXie,92468,35743,89806,62940,10297,98801
DVFSYdQq,ztaTTEXQ,fMycEWFz,GvNbAPqw,RARdHqaj,lNqCHfGO,65369,73437,27946,88098,57530,74300
LdyKMjiU,JwXTHJcV,LXTzRfJV,odozJEHS,xvcewfPw,EaNmGUkU,4372,76102,19000,5843,99344,71455
TUaYeMcx,XNknOqiW,FxguNmkH,GHyhDyTJ,HxduMhFO,KPdNMZfD,65977,21,4753,69222,48576,47863
rkroOWQL,fruHHSjx,yJJPXOef,lIHQRAOs,KVtRjydc,mDRIvIcQ,7076,62072,14550,88333,13791,82805
SeQOxukP,rFnGuMdA,RlWYKUbO,jiRbaaTD,zQxMIulc,BpVAQruj,331,14633,75203,2272,67564,12556
VrVeDmRF,fPDBZDnw,PrWBFBxs,VCtGGPrI,iFeeAnfM,JJvyLGCB,30639,19915,88897,52661,75834,58629
ISOhBjOy,hcaqKDSP,JRyqjfSd,XYyyccEP,raQBUmhv,cneqgxsg,46892,47580,73537,85648,45904,77421
dtXqeNoA,cgxUOaDX,ItLtRiVm,PYBQxkfN,iSFKuEwv,MtHcgUQm,61388,11265,91174,79660,74555,31344
VWvADuCm,ehQaSguj,CeLrksJm,NuCjfMKk,euQAdFoZ,ojSUDIHG,71077,47601,31307,71868,90483,87723
jMpgpMlh,QXDrrTrd,NGDzUNQf,YALzgyfn,AfRqwNVO,jlnQXJLF,58520,488,5780,71257,2021,55597
yDPwaHOq,VIesemUv,iLMeNBjd,fOIPyMGa,tZkyChDH,VFMNIpjW,43401,70880,29201,36362,17418,1730
WKxzJiHx,MfwFLdmH,ClKOsGJv,gfleGpuK,zmFzmGRZ,OVjbavsp,69526,33932,31972,90727,88837,6032
EFyOfSXa,QPKOwewU,eHNezWwL,nBuzxKwj,ITSRJshM,BajBQBLM,86511,37113,34825,22903,41642,35637
elGgTLLp,WDnBfrIQ,iepxhVeW,FTSZeAiH,sZiOeMss,MjTsBRQP,14659,10539,20811,75908,99975,42077
CcHwmpJj,WisGjgaq,APRIZTOM,NjknjOuZ,Duoofubh,mmONmWCn,22208,30961,76094,50411,42604,53074
vCQOrCui,sYqqmjue,GquCuCOw,hYUqZjAw,kTXgdTNG,uvODTQME,69636,33744,84129,87696,79042,51130
LDxCHMwa,ijyEwbfw,aQfmskpN,ERBtfvsQ,tPNOKUZb,ejzZiock,19354,56194,93470,71399,1631,30062
rsZSuAar,YfjlVkNl,LRbwTPUN,TAzuuTme,GJJknuMx,IEvLisDK,32733,78889,17506,51983,4955,66460
VmObmCUX,bhAuLXQc,syQJbxTF,ZHYwzbAW,NSJvkVcZ,iMkagehb,5636,53587,54387,24266,95049,85739
OjuybeKW,YkDJZCRz,xyfEHdhL,xNgIEoKr,gvXquuDX,GeulnBFf,92724,89687,55046,40841,82152,74581
VNKQnOyp,sbnWvnQD,EyjYNxyp,pVSgZhge,JqWEMxVg,uAcqOYjl,18358,36944,97152,48448,96553,57035
boUfVGzb,ZoutYpeE,cvddBlxp,BbIDkqmU,hIrQAYVz,cWrSiYtx,44266,45863,4838,11609,33315,8142
EMXYnekj,QOOJqfZB,CrppbNug,dDsyKvnl,zOVDmZMf,TmxqBcdx,15945,8823,50318,85277,91700,46195
rrEhFiOW,zICJvzNb,mQzWNHvX,vRtaZmVD,IarUOdBT,ALKcFDGB,15928,28036,72663,2272,77694,82376
OAsHqzMs,XdlUxIgL,FxjMmZDv,HohGlyBd,XjFtLzgc,SYJHfIbb,94340,98744,82320,16484,28427,52617
PcgmIRLD,IhbOvowN,iBKCNsEe,IwrEIHVi,lMBxjbvr,JSKwUMeY,35954,25838,85368,26715,12671,39584
kugsSbwK,YTHOoUsr,tLdnddEM,BeOIlVhC,EGTygZMr,kMgefPwi,67452,38202,68925,96094,79202,64665
vhODchzo,mRtoTPDG,gfkQmsXu,ZyiZMrSf,FxzMhddO,NZoERFnr,45727,67898,89631,86984,16273,54968
AOhRUczE,LGntYqym,gOJFuzDW,TwgzgTsL,bhnnEnYg,shjDMpmp,19710,89139,86416,52721,50327,66778
YYKaKTdy,GdfjfeNE,ouIfkoMs,IDLklLpS,mizBtjez,AvCzEQmt,73738,62370,60868,17733,25764,73212
qEtsoyzb,kOQZPxtI,LbbPdofv,lhSdoVKF,UclkTGzY,PkLiDVfm,82073,74044,49867,4258,73885,23404
GGZxkOtq,TcpqfPlD,alfuZazB,IVHtIOhJ,xEtvKUfw,JOroDldW,98204,66526,36777,13293,67367,42710
ZDenXAYp,bVvYpbKS,KzMTPBpx,zLmKMCGJ,YATPrMyq,gyKaUlEq,5042,34731,9325,12743,68177,35032
TxdDUKtO,dLEwnAIY,YHBLyxPq,kIRwsagC,fjrrHMAw,JQriqIKp,88987,23021,11761,3234,62454,1376
BpBRWTKX,TPxiBQro,KpNuryNV,EHUFiVDu,TUmBBiEZ,pOscUTUE,56863,23299,37848,86746,33650,91100
GFUjvLhO,nOhpFGox,GlwEciDv,JcAToZpW,cVVPVDet,nCpIliUn,2177,46809,48298,66826,12520,27937
dZcMIJGm,lUDcRfYf,kJhKKHfD,VzGMtuhJ,CaZNVPVS,nPXQWMvD,16214,9745,76641,57687,11583,26412
XFDhDune,iGTdGHFo,eRLxgERF,duWURNcG,FWCRlJVP,kLfhNOKO,70915,34499,23858,41977,44509,64723
SpazcRlH,qZlZGCAf,vDICDTkI,BJRGaMlo,ZLUivKDa,yfPvdfzr,88258,89160,69979,13139,59013,9386
bLxrOTVY,cdjlNaEy,GVMUlzjf,BKzvCxsy,UISWnnLx,WOeLsruY,57805,31705,70890,80392,83255,42200
JBvhryTg,jZdQjfmv,XfpvzaBt,EnRGlvfV,CjZpCZpx,EVMOIUZH,94613,18695,85830,76102,28642,7903
PFsrrWvQ,HFwhlRPj,wcPdAaWq,gNiOZIot,SGJSdvoH,WaVwwosY,10305,52724,40953,12007,66903,99692
SoNnNRvw,kDleNTCu,JjGXneqH,pqVTgFbg,JZghuGxw,hvLkWkUO,79977,18960,85672,44948,20007,99315
NEWEJytK,HyoMcbCY,ljvxhAAj,TSuJtigp,BHqMQjIT,KZAPzfJP,32443,55652,62095,14335,92300,60747
DFdlirLZ,ceJdjeKA,QQAyFNHg,AEZZiPGJ,NUIosWaE,ckyUpiMp,20712,52672,13820,88982,7066,91159
aDwEYJub,wkTPbrHj,SspIkTmZ,gDfheYEP,tfDFHFTr,pTHNvRDw,4529,2961,70675,33048,279,91987
gBaHQNAK,jhRNWILI,CWTHqAuz,yXnuNkPC,HSOHSdov,TnvXQoOZ,29632,57653,18306,23553,92485,36885
gTBjuCuF,fxHkJlTh,BSuThJTP,RpurDiCv,xUuAzPYY,jHJNulph,77656,66009,63420,18563,82377,50389
KAaHgbcj,RKiJOvro,WeRTmewq,vfDnDguc,WhwobOQy,rawpFijg,24629,33459,53526,7336,32050,67354
kpXwDsWU,AOKFFCtQ,hrTINRmr,rsoxSbxl,wLmMIHYE,JZksEuNF,52523,97158,51517,89299,96567,18925
hwDqmHbT,TzroLimr,BgrgbXXh,lVDYvhoS,OkhqWFZh,IfOmjzNo,17181,49416,46395,13422,41314,22344
opAdXEZR,drbAEGbr,WYqfzEnn,sLLLIzux,pQQnhMaa,DSkPaHTH,91496,24433,10496,96898,71142,80496
hkFzlWGx,XLYxoVIz,TbQPbNty,jCKnriZl,aFzZjTwY,lmGanMyN,42986,47063,60469,81437,85039,58909
cGLYLieT,ehMAYNOQ,QqJeOGqg,YSkSkooj,uMNbEWSm,TxlLyzmG,25868,95798,27249,62724,3762,62698
OKQvwjdX,BSMCQkVF,PPROVftN,GSeERzLM,NjCgYsxi,AmIkQwph,76491,56771,54579,60582,45892,8490
KCIvoRha,tlgMzogC,RoNOsxap,fxZwqksZ,MNFQEmbS,AProElLW,54415,97171,59152,98791,14054,49156
XViuvOVY,TxgxAcYl,hNwthjkn,oACluOJq,iNqPQWvA,vlZjutlu,86164,82115,49985,90645,84894,30282
iiaQfxPP,BBGasZPg,CvYERReb,btPORlhm,oKqPDTJB,ZiNyTaMW,12127,11993,73726,32961,87359,26894
EZidQQWB,SiUfIyVe,lDLUSmtJ,sPvYrHBn,tvRjbqTu,DHIBPVZo,41535,91032,922,28929,70521,12831
QWmMUpaH,AjzOuIma,gKIIvukd,epTJIlGs,nSNznJIk,mlLsujTC,780,37664,51736,90947,58808,95464
GqtXBoOk,pNBVasbN,QAovcnaF,pSnInJci,LLyhzqcR,brpvMVSU,64350,52592,31753,89637,55100,65983
WyhfXIFI,ygVNucIN,vQiToCby,woQgdhIR,WOxJxhnl,TAfppKYV,66489,14783,97404,41325,86994,15712
zCLoYqZf,rCnUunlj,rYwnqqKL,wmUFiQBI,ahATNZTj,XgblxBiK,11931,66600,18829,16512,57164,5862
nwRwtEXt,ROKgFtZB,pmHsgxJD,fZYkBMON,wsqyHWMN,zxXSLIlu,95205,1581,45696,12506,37788,42399
YLgTPmpU,AtJfcHsS,eoOakxod,wnRaSzFN,vEWnzRsP,UjfHWgEv,19585,40489,1605,10924,89642,56931
NUTWuTGo,xwCViYxN,CxqQbsNq,jyudeJSy,YOiJevuz,lGJfvJks,68693,63325,29294,21952,19257,81582
ibjEbsWf,JnYyZGaZ,TBdeuskn,RKJQBhMu,AWOqBnNZ,JVrVqtHh,48253,92137,70783,79586,28516,52074
VIWPqFpY,JEvLkeiX,cAYXxswX,FmsnxCbv,dFfRZgiy,LfDJKbJb,90369,38771,73749,52638,68226,96001
CzoWUOPN,PpvLhwTS,petAbwZy,WTKrVuMJ,IAKemIUM,ItOmSSZg,48025,99462,68576,98855,1469,2202
wXjkHtVN,xMoVCkbX,EQOybkeI,SJumxnDs,fGjQZNBx,UnDyOCUP,27955,17871,11809,43640,39962,70454
ezTpyDRH,bPuSvdWt,nsndyUxJ,lvBXLASg,LTFclaLX,FGAOMsNR,4654,55057,28238,13981,58994,35406
SvNYMggE,QbFuOOsP,ItbANSav,svsKDMNE,pnaNlbTx,VbFahyul,61575,90834,51003,92923,83613,45823
TmpvfoLr,kznBjPTg,QNtAimGQ,FcVJebvR,lkSnWeCl,yhdLLLif,76430,19,57110,28534,32730,98410
pduzepgY,AerXrarQ,dpgWGNvB,rhTgRlix,IGpIpWpu,QEOQBfKO,75257,96480,50578,38572,21012,34221
byOuIMoD,zhaSitlz,SnPVtHKP,pBBhnQkp,LeqBdCTb,IJRYfGGL,79191,30399,48967,77858,83518,72597
cSYcaFyM,AnhYvulZ,ygnhixFJ,GMrGrIdv,tMcaTSut,ldcDHfUR,47131,70615,34055,62203,74980,32923
OWdMXKmM,RLLNVYnW,GVDipTpv,vGvcNFHO,vYwKGPgC,hDNilFbt,9967,19137,88071,68720,78997,41103
yrSEAVxI,EkMlQNhD,qwSTBjMq,FCGnBoPs,tncykJvx,CyYVJEeC,51836,4028,55135,77855,80753,69980
IFHGvaQz,JzPyVaCJ,CgTMcTCx,sAGCDyaH,HQTKhzWe,QhaLYMdl,73459,98233,70288,75884,92086,69033
JfXsDLbo,jnVNNclo,vFdtuesW,zHIxptvx,pVajfHxD,RmZdzRTX,99329,11472,61114,3664,34661,1351
AAocbHHd,xwbMQemR,tKTqsarH,xQmHSvsc,vbpOddlh,UlJjHknL,30782,92365,95007,72157,32108,84775
XMJkhSpM,gzjSsBmm,xsLSWilN,pQmOSjaY,GFoXJyXA,HlcrMqum,13146,9295,17020,75169,25302,81225
FvhMvatH,uMXMvZSK,exkwlGeF,vwWdsJaV,OHRlQvbL,UkcOltCS,47804,97398,83771,26561,16546,17842
JvEeVCgH,mkzIEmBd,aNRJdoNu,hlsBeYcg,JGrSodIW,OiwGFqVp,81450,97312,6869,85790,68471,62805
dgrLNCjg,qYXGsLSC,QwwDOurX,GmIjpcsr,QLlGbUHW,tdqbDcpL,16759,62626,13803,15420,94197,20947
TmRKtQMz,KxLBiiRq,tpDSfzrj,koUtCbRY,OoNcHBsK,cBIFgJSR,53038,66435,15542,45582,19190,56214
FYRfuEAT,GukornBG,IuBSspFu,iyMnkNtu,MDnqlsQI,tIAaFYSB,8192,99522,44228,49285,3867,67888
ttLVqKBv,eUkHTPjY,pJwznHkL,tGSYCOpV,KcXplTjW,emizqccp,90373,61952,8937,97398,64262,83469
WDaUXrjM,HipfTyJz,HGyEnbks,mCMreAYa,zLTWrJxh,TejfXwUz,53870,63675,82716,99259,95736,65451
VdLAveEm,pyZXyreT,WQyEcUUK,jfAOkqLQ,DOsujNSp,mJIVqzbT,10434,69586,98210,49723,64474,98895
EiXtoydx,MTHBVpmb,IPlbHnAH,IgMvRUqD,UMtnbHqe,adSsHPyk,15746,8246,72688,14005,2266,47687
lAoOMfzF,LGuYFtKC,QtbLlQfx,ihFmndlh,WsTBzdDc,dtqgBAht,25433,48153,87903,40684,82652,51282
xjUGIXpN,jNEgxcpN,YCQZUabT,pkbAYACG,kGUUnvrH,WrooAiyO,67778,53058,7733,24232,17715,92950
kKqVvMjB,oEgzHlWB,MAegFnnR,jrnneVUV,iUSRIunJ,MFyNYxbS,49866,80069,24977,34555,87544,64102
VCPSWiar,flKkwsAv,kSKRKjZX,gJnllXaV,xzKmbwXQ,unRglNLO,74834,98436,64119,3702,25896,90133
tHMHyMbG,VetKWVlx,ZPoSiOfj,zAJbABik,NqxQiInE,BvheIBVC,82661,10190,24464,4247,79610,52790
BcLKpUFl,IQMGzJta,BcjEaleP,FrIPXEdh,zcQFoVmF,lhpyQOTL,57283,19064,92334,19085,26368,65490
EjjEqOWY,xPWZrOtp,ZIMLemKU,MGVhsmTf,dikyiinQ,ObdjQCbg,65452,36418,747,55477,97689,15254
KauhfclH,vOAdDTXv,iYxvlQDY,fJddnyNW,YsWEslGT,tyHrHhjj,53320,54736,43341,25743,52782,25322
HXkNlxID,eYXBZawQ,IRUPsSgX,KMBxCwUc,jAmrfGaD,cTYqawre,65011,61377,270,50414,47742,54050
GljjwloL,FkuWanco,NICbvhnH,QExFDcJc,HbLQESiL,yVYlvWqp,79260,82260,48322,44850,22211,10484
UWOPAXWr,MZUiVUkj,LjyFKCQQ,PXUSGdBO,SXbqbIvA,vQvLLToi,42880,40663,57084,4597,63134,32192
jraMNTnC,dRLOfHBa,lUMQvjKL,wgvwYPlr,hPfGahjW,OegOAqBh,98804,78886,34301,90308,22109,43354
OyFiqWpp,cssTcgNp,LxRjIwKX,abzHQHCZ,WWQsoACU,CemAKMsJ,80599,36676,49195,37331,59258,92676
XgRHsKdw,TKiPpqAl,erQECcVP,JpuDyLLU,bxCaAAdy,SCsPDlEK,47440,44991,26578,3612,42585,33164
NELUerXu,UaUNhHqn,xBReDBlH,mffbamxl,QzRCfaBd,qIvZIXmT,61896,57340,38162,18467,49852,92715
QjXbxMPj,pIHzjzPn,CuSasArQ,DBORViaL,jdOsOsdD,GhHqpyQe,41888,36214,4306,98824,65947,86773
gFcyOxBd,luSJzmEV,xezbFvaU,lBzsvcgy,tcezySeM,niKREMSt,1025,71019,32873,74792,47944,13367
JLHFRHcm,xeAIcyos,gOmYOeIN,rXboQTzg,jKZMagzh,zMwBQhcC,36634,31379,22482,27903,3480,70045
NbsnIAyA,uFEeyzZC,ohjwSesd,sGLbberK,ONmhnvxo,AMmRmRKi,10978,89695,1050,63781,93756,16969
xqwfsgXh,XaIwkCFQ,xfqbjWFd,KPQFstUM,fnJmfVJZ,dfzyWFAc,1917,31425,48558,40626,95740,57841
KCKWwSRG,etHnLanU,GiButvTs,qRtEfCGR,nmOepixc,PxTMJpai,74232,18621,60133,97403,98530,44639
vlJrQrfR,NeBgBLLf,aFtCOBnS,eqlRdtFT,FpqkpWMu,FpNDeSrr,39620,84774,29237,60753,49870,76225
lrFiTgzm,MIBlYzNB,RrSQDxIN,lSQlGLoA,khJZBrPR,frrWVUiM,63750,15951,3509,6341,9832,2549
WIXIxwXJ,fGJCfzUG,vSLjyCmw,VFYcxtrg,oFLVMPCc,lWSpgLiq,80087,93416,26528,92686,57566,28835
gOUBDciV,ZhvoWRoG,qYAkyWOi,PrwKuzyX,TUkwQDSg,yWCFtoop,54490,77132,10937,40353,20369,15729
VkybVKJq,UeTzAGLK,jHbFQEgU,hInJVDkc,BleNWBtg,zsLBOZna,40951,55526,22817,51042,2196,86277
ytwPloEe,tqcOhCPh,dbPntzHH,OIyvKnSc,UTDPWJaF,kOonvVma,12076,58806,65198,28990,89718,37727
rzwbMiBP,sietmzKo,BOuuNxeS,POTYFqor,NYBWnCra,BGBmdRmv,18975,11669,67223,86381,25306,57914
KVFPlxSS,xvOwvixX,JgFRhFop,XjZHVFsZ,AIeFQvhb,KrwnNgsk,76632,12514,84585,15056,44448,12321
mURbsULa,DOzOvngt,YQYorxSl,bareCjtS,vveASRFf,BqMVAagm,65323,72863,69365,87869,5232,56756
LgrmaQKK,kJQuELyI,wvwbnIud,zVAgYrbL,cKuSWdCj,rbGHQGEU,66724,78341,78092,20537,66355,59012
pPBlrjyO,ZuwUHnju,wthVJFAb,CAjlvjKi,zWLeSyPJ,RgJKRKrp,18940,26660,2463,61953,1476,48503
mCTEsOwZ,nACRcJjS,RDhDkqeq,wqyHRsds,ShjBorXR,wBKrpmwd,86104,98175,39328,5614,86368,30078
gFqTLdOg,JcDyRzOs,rhqcFrvo,ruwTrENK,noMjMQPm,BNZeqHnq,43291,88513,64023,11140,27885,677
YGEzySoD,FhrJmLlJ,imBONOSj,dZumMDaU,OytIrroV,ENgjizNO,10729,33932,61876,40499,53752,14668
qwoJIpJN,rfWKcolk,YkobBYVW,CjjGdEHi,CUEnWyIr,XXzSIWaY,8356,86989,3131,29284,95329,43705
WAAkeDpC,XMqXAlEp,ztFoKaep,IWvADzry,WUhiqqEH,mcPOSsiX,86015,21573,19207,14098,73214,53507
AqnJjCht,yslxyYTK,AyxpdCkw,IiQrgRKY,fkHDgphi,SomjOruE,68581,87543,38191,91005,18903,91994
oiWXjQcG,BfzHgOiA,xYsYMsMb,zySwBltQ,FaJOxPxX,syzrSJCP,54870,53304,54974,68920,3679,24718
LBldBNjm,CwIfiBeQ,xBEoDowr,tyoQiyPp,pLxcSkbL,IjAlJSkW,21006,85962,49581,85829,77745,56399
FJbxMjDN,KajaAUtd,faCILWEd,NZXNdacn,HZjZkgPd,zNYbAXct,2511,91349,29519,59295,30558,97217
RrxLDAhn,AWXkTsWL,AFkDWLbr,mrshYSTw,qonAesSM,FFuZGDbq,78405,39981,87020,5203,79126,91410
wtyceaXu,EOlqpvok,rKyPjfhU,JxqgYmkA,fzerhZip,caXGBjGq,68389,3990,69308,71750,70442,6802
YQBOYwoY,UdRyPDRR,LytXzYNy,QLlTGpCV,lGRLSgbX,tbjQimhq,87171,47843,54648,91378,46498,72620
WBWyFtKE,bGRMmgua,lLbDDCWk,aetzWFoS,WUlyizNe,XIwtixrA,44012,73140,99648,44083,79989,36040
YpUvCWSR,qCgGxKMQ,smVJEKZV,mhIgrDMr,zhJYpTwE,cEPRVXWn,26431,90977,52926,15695,8086,47796
COwiQujz,ynpxAqkS,GIwgvdpk,iVJNGbVR,yUNMZukv,hKzbtReL,76191,45850,89005,91867,74716,87433
wbkZBwCN,DiBvvxkd,vIPvUBxH,JzZayUdJ,bFmMuXzT,OkIJfodV,28294,7472,54511,89782,48786,95016
qfZCAmsI,jvxAPHvB,JccbOGkW,TeHxXLeC,VnTeFHEx,FzvrZlsy,94794,21653,98820,73942,95260,63408
qwmWnBda,ZcpQhRWF,OdBMgxoq,sJWrXlAG,tVldIrQy,ZrkzSPsg,3358,7124,85364,15088,37586,67606
VlBYAWOH,eiypkooW,mkdYVBfb,tnkqRozj,lkwkruHB,kiLlBXnx,11369,72907,7715,58633,45596,77345
sAbsFTWq,ztRRZrXo,FCTASqmO,VUyIJWiq,jjcjPeQT,xTbIPOIm,51713,44162,42944,51325,78517,13860
NktUSXdA,saYSIWao,AigrPrlF,HbVLciIR,FLfzkCSG,gwJCVGIa,58983,45053,14238,12038,56325,92562
VjvFMzMl,XkmvTcPX,ULQUsDkC,iKXzOtEU,NYOMqFek,BUhSxjtE,76659,71095,21336,34975,56393,38559
VhujpmvM,EBrdAEFs,XBVqRmye,GHQOIHTl,efAcOOav,dpLfnezv,42960,50382,1166,77614,53793,52741
WbIrikSz,IKeXZlfn,ImTHUrFs,PcZRCHaX,QAYHhjQt,OnrvvzWZ,63985,39091,78330,32667,34878,53225
cWcYVLJj,LZUBYMKS,pIHEYiox,gnNBmEbK,DUvJzZer,VxrHBMTR,87062,84570,56843,88468,44843,94310
GVVJPbOC,IZJxtSsR,KXiGqRTV,cxcYsNOB,rVAhmiSs,nhrPgYBV,13070,53157,2306,89798,32454,28768
oWjGaVmJ,JzGVIpAQ,OKxiPKIb,mMXLjDqa,JoJjalpF,EMcyyMme,5741,90952,12276,56868,33050,23091
IzdvFzQe,UagJiOzQ,JVYXLgXt,WgJHToKf,DrLlcyAI,tzMdShMB,69234,11580,99873,25153,92613,22708
AqyyDSik,wCCOlnCc,ciMHhNBs,xXMmLnFk,QfcbHkRv,NqYpYmTZ,23249,43976,51544,72604,95109,37076
gLCVymdQ,mEwfCFmg,FSKIqBie,PatNBcpl,qertthzZ,ggFlyEjL,32458,40344,60733,43130,74167,19281
OgbWjJSS,SDbpXzjN,aVcDMEDF,bZuCGXbZ,mqSEBjfK,bdibFDNw,67230,77540,20550,13872,40540,30172
LLXVCJVr,mVvActvB,PXInHXKJ,icxTJftx,PnIpNUUk,KUliETGh,74666,25185,98385,3396,19439,10658
BMNbUTvP,CFNlWtRh,cqgrxjhg,WbVIWLNc,TtgMPlXv,NEcQLxeQ,7135,21933,49996,94332,79344,21814
GMkacUgf,CATjupkc,RvgZZtuK,gBusBuvN,nRtWuJcS,mXBuBuZw,27280,50615,55975,40065,79631,15576
WUlyWPrY,JoHZmzCE,YbgWqEIE,LKsZHlkN,PudlxiTq,wtppDvvA,87678,54590,87360,71507,33074,75647
GpDllBmJ,riBAaBYh,LpGlMMIw,DRUfoZpT,cexstgGz,KzHqpFid,75332,88925,79983,78764,53287,66361
naBJcekU,VOqlpLkj,pGDaquwe,bzkZtbEr,JgzJmaRr,dlPPfMOp,49397,10207,57668,11697,45394,82160
ilTuaNKu,YedcbmhD,aglRtRNC,HeQAZfuV,gtWURPzy,qMpjJLmN,97588,53816,3084,82248,66893,12442
xDaOMuVA,nxVGeloZ,xAGDDTqn,peKuXDPL,OQhNjUPr,nQoXUOUe,32886,62134,82891,51018,75942,89891
HqgUIaWv,NBhnFOcl,ExhOSqFV,YmZEpwyC,GBCFGFwp,ggNyGIVD,64062,11898,42454,61011,3169,65125
zTFHqgOb,KGOLfQlY,WIRKUOCb,fmfDZPMN,LGZVWZLc,HFKXPGzB,64664,89652,52032,30614,31601,19217
PDECgVwW,fNGRUOxM,XKmiEBLu,aTERKbUz,rgMvHeyw,FPVGPGVq,52701,77235,31166,39047,13223,9233
pRejljJU,prrNsivW,vSYQPoOS,fTxfHjed,KUtCuhVl,ACuOpCng,18666,64962,12513,74229,3581,56853
mFKTdqZI,vUbyogLG,hIMRwpGC,vDmIRVkP,HgBkqqlm,WgfGwZbL,85440,51967,38917,9017,10256,98176
TQAakzWC,ajpYJAbi,jVHkfuck,rBGcanhS,ErKFLAIU,DwEefQIH,30238,70550,8341,8160,5017,39219
AsbJpLlm,CTxPtSmk,srqvWOjY,xHSUqanu,PSoSXTgu,sXJbBcZK,31342,94245,71443,19319,85978,21814
QqhvCwuc,ApCODLSZ,MUTIvsua,oslUbgMY,YiAHKWqr,UXdUnSGv,88450,71398,74906,38592,72767,9049
mSCkWBua,LKGRAqqD,THFXsHBY,lvsKeQdU,GTWFoXeE,IKEZhAdd,78065,60056,90814,31639,17053,19331
MVxDUpJt,UnISPtWQ,rYgvbhlI,NsPgQhuG,yWwqPLOc,hyZcjYjE,44236,58468,74012,8774,73508,17478
csQkIYmg,OqKpcaTT,MgtatrIh,hzpDaQtu,VdcmhCiA,CFgqOAaG,54916,72707,36838,5349,97856,23455
zsnHKlsR,nImUcBgU,szXJjueJ,RnHZaILp,bFFvqOuU,qNahojbN,5885,94288,85162,44629,94263,29467
DwwlMADd,opOIOkxz,BhNPDNZV,vgvRsUUl,NvNcXHEX,iIMakpwW,99435,38187,21858,38565,98258,33645
OtDsfJRv,vmLxzsar,MkVDMhpy,FQwQKNAy,WURqbuEG,KLonvFVD,14364,50705,5232,11341,11009,10196
UspykxCQ,IbylEiTv,jwLLCAaD,ZjEGCBPN,fVhMgbuk,uKtDLygR,49784,38107,53014,75835,63437,6790
gaOLdpjQ,GiukAsdl,wiiVDoLl,qcyCbSnm,uezxxDfT,vbQPZXVV,14361,24462,94588,26934,25235,98171
NOMJXtkE,ZUINWrpn,fIUHKHMk,PkIoMJoI,pzBSMwHP,nkXpnTqI,24629,33223,98360,30897,22348,7794
kWhMGYEz,zKBkIThM,hxjanrtk,DkMgYJah,tJvGoayS,OhmiYcEt,6827,66407,24804,12404,86497,73153
YmTmzcZO,tpUthVTT,RocIipaK,uYFmySPF,sVkjPHDq,xXeZoUZZ,911,17692,4961,72261,25579,20318
bblpilnY,jAuwqFUX,UhKoVfdM,qBEeAwyH,OprfYzqL,NsHJmIGL,92250,57760,83940,80947,83362,62567
ZrTNdWCU,mjWatdGY,VhPwtSoA,HpwLLZOk,JVyckfZO,ztMLnids,21842,36428,28246,32445,46,19040
qLBkuCAo,GhSbYWPn,ToLewRhi,zOejBCGh,hRzxarSV,qrZvGvNr,75652,9674,45296,94041,58309,57328
vaRRKcbE,myODHvxj,KyqkNPHC,dAKaReRE,IDnUbqBY,dpwzcJba,93234,2089,61726,41362,45388,53518
yxGIWhSr,HFveSXEd,CvJNlfsR,XmAXxbau,vWmRdvQF,DjQqFbnV,35992,4374,9036,12385,67452,75324
ojzXOUSp,sEJTpCvj,ESbXfTgs,MiciYzID,BqleuAad,gtoAkkiD,35960,69935,49732,45908,49782,15868
psicVUnS,CAtmfVsK,orcxdwhu,WuAMrSck,iBMFUCbQ,ceYTOrYj,38690,37965,89374,87326,61706,3553
prvhoSct,MlwDLgtE,FNpelGrV,izSwdGlt,gwyKYLTj,BHBiOuRw,38613,4868,65094,50688,45171,40245
uXlzIQqY,KMUstUhi,FMcBXXSW,wrIHoRYH,ScAbonNK,sUHUxHbb,31512,50744,24788,58486,74380,37425
gRbFqtEJ,pNWzRTsv,sPvmZkUr,AEMQWruH,sFhLZvlh,vFwvGyuv,86898,13757,62552,27873,77538,56571
dCYgphsF,iiiirLeu,YPmcCenZ,PFVeWSsJ,SCHvTZjr,YOTmfGzs,72909,84492,72693,48332,44053,73713
XPmuBUeG,kwvcftiD,oRGowCLj,BGcIBMqJ,PabHnyBm,ElAyEiCa,40448,6802,3692,73482,66014,7876
sRaVcyPW,fgsaZzuh,fiEjIOtS,bvHyOeOx,jtaWFWHy,GKYzJmIM,64524,70843,41966,31783,85692,84800
lGrIxFmb,bDRtUXCx,ZjzSqoGh,ajEeZSmp,jsaFHgEv,eWMLPQGM,50395,89642,4716,58880,36513,16633
urEMwIdb,XVOzdYpl,SXEaORrK,sYvATQRq,szoyZTrg,MRaYBzXv,36435,71426,87341,91142,24799,82675
jNyQqrup,EZxBSAGS,OxzTxfjB,ZzvuQYrm,JAapidrZ,KOPALmaZ,88017,18616,12294,12582,81792,51953
zhkBKhqO,qTBkYVCm,yfdbtVLP,KCNwJVKJ,uoHBwbmj,EjuUPsTj,14961,70447,99594,31969,11091,96306
nFSfSJiZ,xzBytUcI,waPtshxN,Dhfyinga,XVWNtyrj,kdMdWDht,56544,19992,61084,97744,96411,2863
yrNFWnuk,RRBxEwtm,PDLsKRqI,oPbZkila,WtBITAtp,CTBCgjsS,62460,75152,5790,30730,30255,24712
GZPIwVXq,JLdMOpCP,pmOpcecP,zDMKljvO,UrIkXzEy,SRHWkEZx,41369,72923,19405,66172,2579,36492
GJJLCbyq,hmAxyEtR,bNHypMVm,ThDeBmyK,bAzFAkve,UMmCsCvx,46056,2873,75920,39157,22792,17699
oWSUWOog,skuuyhzu,TqwmdYyV,lfSIfZyu,YBxwVDPM,MPDEAuNW,95348,61892,64767,11551,56595,5054
hmamUigt,IMjmCCwc,TMdvFZfW,oRpCMfnZ,kjKINVNL,jnHiXoyI,5435,61665,65783,16454,67499,63293
RafEKoui,VsozdxPz,nFguAOtG,GPreUIzy,SvfilmkN,YVhePczZ,81767,78820,26322,24093,39882,30604
LNjeCmvQ,nrZpOGNg,LLWaoEcp,lKQRHSYE,qSXBaKTQ,TiaSQlId,62943,96148,41086,91656,89655,34604
sBaORUBx,YyacjEIZ,uxwzIBrY,eYUNkOOR,HtvOtoFC,eIUDjGwV,95771,59944,53163,11773,70111,26867
ZRXEsTSP,FUwYtGbj,UhYzBHMm,pdhkGnsJ,eHgNNwGO,WYVDYDbQ,55423,74800,6566,74101,75078,9703
nBurSqUb,jvVCQRYk,QtPKtPoQ,kJBNNgAv,cmNQxAWM,RNFvfGmn,99170,7880,53914,95229,31435,91610
jsKwyzfY,neOIdMAl,ULCuBpNQ,npHRrETU,ZOfceNgV,UfkNqMWU,21050,95699,3186,40444,8662,76846
BxnYJJKP,EqZdOldr,oAUIwrzq,KqroAqfA,GdOhqEvO,tmeflzoL,82620,57670,36326,1621,46576,38131
qKMNbzhx,zgYhehez,isctiaVe,FdWvIYNT,ndyMecEi,VgwedgsH,33194,64060,67228,25552,19133,55556
SWLmtCTO,XDSrMAdw,ekrXWkrQ,HWeksJau,SUVEefyn,VVLOIiuy,41428,46614,6983,47955,59460,55243
TRxJOqRu,kPJwDUmZ,bpAqUvnG,ZUEJMARj,TnqXvReG,xqlvrjwS,60175,3868,39089,11811,14423,39165
ZjwSPtCS,VmNCaMDG,RaBxQnWT,NRbOLGPW,MbXINJll,sTIsaoEJ,13078,22890,458,96713,88656,63100
CngAnxYm,TWmftxVI,FBEPqIAZ,KxSIraLe,aSiOetsd,HqBmDsfi,62787,82460,5075,43183,55426,3851
QUNamLuc,kEtlljWQ,enMoZiWE,syIHumyR,ICYKnXRR,AmDoWtjZ,45249,95067,19344,28895,44313,74569
KpeLflrT,CZmIMcaq,pFjJcpFq,VnHTfWcl,vZxTevkh,dMHOMwhS,324,54992,55202,9155,97481,49216
qNkHTTMz,ixNfymwK,wxLsnmDD,jDFDSXHk,xPQMDGKV,PiFDNEAH,35059,36854,63057,4054,13350,48844
evqcczRa,mncFYqgd,TfCfcBXP,IfkAlTZE,MOabgOHZ,xgNsWbiD,89330,35866,54913,28835,9018,99824
lusuCqjD,JIyYNuUf,yXbgZUxi,sXohXEJQ,YerzvYTb,MmBfRhEo,99645,15287,62120,71028,79966,86719
EqtrsYGy,oMMrGyHX,hMnCcWxW,HMBJWzqO,EonNEzVf,eaQeWIMk,80987,97625,65417,18084,57102,19023
QsUOoAeY,IHmKLuVD,pVgBwiwS,RojFMPbe,GgivimcM,OyJTBVlJ,39013,19158,74266,78898,11550,90752
cMOiQFUG,bVTeKyel,SnKVlZRT,SHndKDLQ,RyJTDhnO,qYgwnyHz,83490,7540,49373,29033,47543,47681
prsdKVLP,agJoKIeI,XIGypJdC,jWpEmmlK,kXbpqkth,LoqItPte,18140,29979,58083,35206,95121,43481
ihWfENVS,wKQMJTZp,JtscGcBX,GoNScYYR,bgCedOAP,OxCQguyT,90590,89733,2995,95822,77231,34382
rBVUpJSD,aVgWEwRu,rPSgtWeN,wndaLSHx,PXyAIyXn,iaGWvPeT,12209,23305,8852,91137,29820,88018
OCgRZIBs,PhLlmiyy,gsnhlYbf,EOoEajYQ,bYuLePdu,wPGyURoi,8425,26015,87447,18633,97691,98039
phbgNpmK,fgdphJMO,eUbxBgWb,sWfxnZwP,bOUyGZBQ,vLjgWMLI,89302,31757,81927,7273,79403,44181
yXoFrAcY,VQHLwfsy,xCnKiYbb,kXOymzOJ,qazRIYVP,JLiAvzUS,91927,71267,24882,86273,89898,75074
FHBTkVNx,TbwTjAEH,CYERYBsu,XiRIXKXn,JXOTjNCW,kRpdAzXV,54022,29389,47960,39039,10149,92685
mwzYvIVd,KLQuGPyh,CWSZFJsw,IBShUicu,EFltjtUP,SDeZxLzS,81972,43782,87174,22299,58465,78214
UGadckUu,QvpFQFdz,ehXBhKPu,yNcTTUnp,TdZiytDQ,TaNugxBz,44801,16513,51473,54096,42872,14119
gbeVWjyf,jIXvUONn,DLlnwUTu,CJxpnrjl,PzgzEeaC,NqTgzbqd,48288,55890,39446,51525,33455,91801
FGpEbgIW,WAOedTOJ,VaMVpzML,lcxObcKR,uAKOTOBu,UtanMgaj,77650,88363,17469,38077,22639,28506
UuucDhQT,GCcWGgft,SDsLIUpe,QtlchZwC,uMswrUmP,iXZWvdCH,87725,58919,44254,23276,19935,23962
tEKNaduc,jxVmVtjA,WEVjgdRK,nInmfvPT,QWGKApHi,TRSWIRSv,57388,76553,84612,6865,48415,28663
VsbUxMnU,CIpMGQef,tYgXCHGz,fMOvjNUU,tyPZmAZv,ovHMBlRm,86368,55999,64623,71616,60185,98030
CYubLvIo,vIsZIleV,pvjYfjip,rraRsqlY,fyDwqvSg,IPJLNwab,2866,15861,50823,90714,45902,12854
BhnAtEVw,eITNUSwS,dLMiEiBY,DShkEtyN,prmXWrSB,YoyWcwas,13863,966,75800,15833,27011,85221
WtZPRbvW,mMbSGOYm,qnvOGSKn,TdXUQEsd,edFyLfdP,vRPDIWwK,13655,27310,79372,18419,670,10623
ouQVuSJm,SfutDZbh,TUHSsUBS,HkmpSDTh,IdzfPCTf,hioUTMKr,74081,94078,63091,84267,47393,68437
gitOYpBZ,iEuVZCZh,TLcEtgtD,HauNbhcb,CwJLNCwy,PCaHADBg,10167,31988,85823,28258,98864,1643
tdvfUXmQ,LlsJCsbc,NBgqlxPe,WvlRjoli,hLlIVsaB,GXnFFccy,84206,28572,82983,87330,80048,9590
nhZdBpkL,XbwFwmHQ,WcIjVUxZ,dLDOqgsO,gQsWHZce,CLIrbbAh,15093,33831,89762,21238,97130,35868
EmCZiUdk,dtiWrzXL,YvcWyuQv,mSHNgqwu,BHhsZYUw,zgEDnySL,24650,55855,40637,59049,89840,55370
DItCaEqG,wUyMviRb,JvEfAbjC,HsTtvYBZ,uICSOPqI,NmkwEFrh,12724,11903,59350,28158,74656,82235
kwFDgatp,YHzGdvYU,UfqkKUFI,nvlVrRUP,uQGbHILC,emhsvENd,91414,30981,79833,6396,73071,78795
sWWQzoic,YnitZlVr,EPdVtMEb,wemJIQSM,EOvENvzO,AJOIBmcP,4697,36105,85163,47911,71455,85684
KiLqFCqj,KiCMSoKp,gDsQTzMq,NzOBYHBr,pcHMIdON,MUQQVgKL,54013,36908,26515,98530,7843,14811
qcDDSJDr,VfaMRNQA,DMOoIIjC,NYcAFsHq,blwRFGoT,pdRQxwFz,81466,75133,20324,9784,58500,23862
DYMJODHq,HLYXzyPh,yKXOOkVk,fUoMOgZs,gqHHlDNj,ZhzrxgJd,88228,47404,84862,44788,38160,39035
eroFIubY,ydTWTqjr,VICdwwwF,GmUxHHtF,wxiObuTb,pXwjmUJN,74203,31427,2557,77428,37887,71955
ANNQHidq,tSRvUgCs,CIBMHEjT,LIDsJofn,kMzWXVBy,MDWdFCls,74294,37546,52187,35973,82167,50314
ejGKwore,MevUQFbv,iFAAThYT,JScLKclc,ruOurDvM,ZJtYjLiW,76773,39931,59634,2095,35311,81090
zNnLRcVf,xUfeRMyC,ytUzwduH,JbPJdZrw,vYXopjTw,TMCbkNUm,35090,44259,96886,12684,19412,76377
TLaybkPy,OjmMCGCA,RqQqLzXU,NozgSVRx,VdeUwOFX,HNUoLomd,52174,40816,6655,9253,34104,30757
imJwSjaI,McduqeyQ,BOaIuOog,DSSHfuIK,UcKxaAPj,iTnNlgbb,62422,88372,69530,45413,23615,74817
DBdDooXC,AWhxvfIm,thkJwlKB,IAnZPnqh,oIDuZWPD,amSVJLxw,22074,70399,71397,55428,77944,98895
XdJuCOWo,NKnstwzq,DyuUouYv,VoHxfKWG,gAJEanHH,sZjcAmKI,23850,96249,48031,21357,92073,29071
uJhsyXhm,trvfUZHT,fqLrYHWw,IjYlySna,SdywqHNi,AgdXNGVS,48378,88677,76170,85652,55044,50887
SZkoKZSa,oxeFoahK,FjvcPIOt,bSBKVoFr,ChNAfMxx,UrtzsVfR,50415,36835,57184,62382,69918,97559
nxtgXyas,cKcAxYcb,CtZLdtIi,KiJerLrE,ulrNcTyi,AptWRTsh,54261,50898,88806,27673,43135,53292
JXcqwELg,BAsQlnBm,FpzgTpyh,OjLbDJQG,dztbrlFl,XiMTQreq,53082,17001,85272,43436,52310,80447
TOjSqFlZ,btJfMNYv,hGNxMDgt,xXuzkmsM,zqFYYotQ,DylmtcSs,56227,83177,24908,543,1325,96905
qaRnqYjN,KliCZEpB,XytJlgRc,EotDIuBG,ahHoyhjD,cIeTUSzl,83144,58065,37443,918,5633,66181
OxIGxcRs,mMmlyQow,ObVcXbDd,tZCHxgNU,CgACkRWS,ZRtMwxDI,43027,18244,85032,55877,61172,55099
GNXNxzlG,wvGEaOVE,njCFQMfa,PmfcwSdq,TJhTnukW,wTWQtZHL,45798,4477,68736,2275,98467,72767
advOnZND,cDgvXtrW,xuedOcIc,SOBAnFws,cgOQLKuu,UfTJgjOp,4746,57636,8334,5377,16757,55775
gHdHpvPn,GMQQkUKO,HddYPZdg,TzRDbfwD,DmwTcIsy,XvhhFFyZ,13177,33693,13286,12193,84968,59103
cuqATNWA,ohiNOdrt,ZNXhrVcI,yCANoKtD,vFiCuHbg,CbfBeIqN,9385,95704,6787,95022,10144,92741
YUHTxkoL,rNYwNYcO,xpDBNlGi,bvBNOuPE,tBMFOtOP,HmYLnWNy,78705,16633,938,93184,99949,54545
SKbgWCKZ,qJitwtCp,zbOTYNog,qSNkMEwD,ATYuDluZ,NMJsjfvy,76147,11638,47575,5417,68539,57894
KXxMqazZ,snHolXju,RxTRLoVY,PrmKFbna,qDpzQRZQ,RxQguUwQ,3186,19260,63215,36122,92475,1736
wLkSEtnJ,iFIpPxYM,BDhHwZID,kjJREknq,hOHfsIMh,mWyYMMul,84052,8722,81434,18267,69929,94964
LsKpJutl,SJYqeGpb,PihCGxpE,RUAsQNoX,JLyLVibB,ifRtdzFc,70161,64553,58065,87025,1003,99362
ZrisXFEW,DcqpXLDS,CQFzXQzU,VKmIyJnL,xZiQqeGk,AogcUQAb,49607,54169,70459,71756,50939,43592
QzTBLiRa,sHaPhkgq,GAETKmID,lAIqcMoC,AdkBjClH,foSFlsVK,19808,94264,19213,74452,66421,43775
jwmEfxRI,jQbIaMyP,WYMYKjOd,EaaAdUas,AqimOkJN,UiUmnsrK,30879,19037,44261,3037,24989,11917
pOVZauTZ,hxfTrgWr,OXMpHhwY,eXbNqiTN,DbFNoqxY,TygfbMXS,19941,41531,47948,82057,17828,1826
LaLdzCHa,mosMKfjg,IbozkkMy,cBSSAhuq,cbcUIrvG,BgfvVjkt,56944,4901,27680,28303,62995,30715
ICHznipX,BFXNiRdL,XWRlviGM,NySDmnYA,rMFljCUU,CVeMyfCy,93241,45098,52323,20072,18955,844
QiZUmoDq,rsuZSNus,uNIiCmoX,oDYynVKV,eKOjmBEh,jtKWIzCq,93103,23601,26834,92561,31868,92647
ORZqpGiw,WxkVkpXV,LlafTxBd,rZMzNBWj,QimtScaG,uNtIQLWZ,44169,68722,44731,56197,28274,65514
LfcURRXP,QIMxCMGW,PcaAZeDf,XemFMqvA,fKXhnndN,KZoiFlZr,30817,88267,84213,8582,12762,86040
oLwMdzIW,RxOlJbuY,irhQCCNh,VEOpgeSZ,cmobIufc,RfXgKnCH,92549,89136,90859,41391,25819,75624
JgofdIoU,YzNdouBc,fiKSCkVK,UnVfFKNZ,ngsTvzCM,DUnRItVC,59157,18052,22054,79780,65125,632
EWcfUcaG,AEMnzwEW,bqSvyJHf,rIcEhEXO,CdsfBsgf,tbxolVIo,87156,67275,43070,54066,17984,82058
MCfPnThU,LKiPwYgx,rURsdbkv,ysEPloIl,fpsjTTDT,XhXDSSDG,23042,17410,83528,25414,6154,41614
uvPRtqgE,yakIOqWO,SZGLGZuJ,yJEuJSZZ,qGtwvGBL,QzbfHVgj,3368,54250,16424,60971,16611,58767
NWwbPJpW,UUugFWpn,CsnEItEq,sFeUujsF,oszcOvqY,FhYzsRyW,48716,59933,33532,6868,2557,279
xGDMQaXQ,CCbJZEax,JyWNfHSW,OgKbwAaq,qFoRZYnL,iQWLvWBy,60980,86996,54871,98843,10684,72086
CbrCiaQn,KelKydlF,LqJjWENS,IRGdONED,UHMsWKnY,ChShAjjL,33594,32069,87794,83995,87986,5350
QbZKiKhu,TIuyGmdk,EwbpQTkX,qTUkREPF,IDIAdJPW,xrEnSSOH,67065,28851,61244,13369,95668,8417
JAtshOox,vpEflSxI,rCDFnJoJ,pYnWdgpf,TbltwWBp,hlmYacQn,29409,56114,36218,91146,15791,39859
Ywppveya,sPObzlIp,dxEabCTU,cWKEGnnO,hLFUswvC,iqheIqPd,67979,14665,16461,39594,30041,45727
oRjzBQct,rSYymuen,RRBuCYhw,hDWnKFgs,dYiuyThB,uatyxQOl,38388,28445,4435,96190,37265,52215
BLgaLffy,nJaYJfLe,aXwFkoxz,AWKRlOre,yoOtfYrT,uALQxHaV,88392,86493,90241,17312,80475,86402
NHRybukA,sSsMVsBB,XNoWCPqa,qwAgukxv,NIZHpOJn,oqJYRLKJ,62678,79057,27890,22149,69414,94894
YbhVtXli,PeHhoykM,UJZSCRbN,fdsnRefB,XVwkZHex,FSJXYVwp,71634,90141,28524,54120,44730,93675
TVriziOr,hbfcapqu,hcVDOltH,WChJPeAT,UaCiLpcJ,NpYMZdwH,11451,26041,28563,97399,29974,70183
SazMEiup,eEcJBJZV,qDoCMhda,bfzpjQGp,yglJOUMN,guHHaMTu,60160,28034,1207,8233,19010,20562
IiVxCfJI,gVlZqLte,FqpinmBY,DTkycLcw,EEYkKNbE,aPpbUoff,74270,57854,37681,62568,17926,36703
OhrTzrDg,YqpwMEex,OGbDJfgT,fqVzLnjX,HZdXZXmK,gYCJSfto,98286,66946,91409,11513,2028,60997
YuxlxxDi,AcOPYJOA,UusMZxPi,keLDpyMp,sOnZmjoU,vsBiAaIq,40812,87679,90931,8011,9940,79946
UVSLLgKR,PDxPSbFA,tBbseLUI,huGTLPGi,CRDQHXog,gfzKmXpV,69817,77434,16319,51811,3917,87622
QYuedPWz,lhmIQzWp,KbFUByEs,SYlpjWTE,hGFrRaBb,qVrcnAst,40093,6620,89894,5807,30623,24557
BviCQGmj,SHBgkQiU,CKxWioHd,sfTGyagn,WnGJbwhF,bWkuyGGC,47851,8190,25223,63228,294,99939
forvOgfr,YsSfyYZa,xuGmYJzc,InzGwjMu,HpQMGuhx,BHJnxIIf,7773,78196,25642,13206,88526,49498
FeKvCLRJ,jqFzLWcR,jZyGHpVm,PLWXlEPq,SkYUBLUV,eYwIJavd,62756,36674,61856,45080,86732,7173
TvhlXiZt,upqtmhNz,LWQMNPLH,kMAShtYe,UbVsEkYO,LqhrKNrD,1299,92834,72676,89187,45443,6830
LhZeOYwy,dywZOCCI,qTVsSliW,OYLsPmHX,GgtjcRsC,EibYxtfL,73612,69347,85912,76642,26775,72717
cFQsBEQr,RwYJbcsS,vKGwSXAV,kOwBCBOB,TTHhattK,PuvIKnZH,3898,65278,35823,75038,66787,42886
YgYQaZtP,WZQjGGZL,UNqsdksN,VDsYawfe,oGJhuSoQ,aHuSzEHK,36446,97934,74725,81272,22151,51409
jsJcyPHv,YEwfyelo,VZHdhIkt,yHuehBHJ,VoudAQNi,ZyGIaEtM,55769,7870,29309,23491,61356,95617
MAhnTtvX,IQZVmcwj,PByJBBYF,WZwTmyzt,MOcuppzi,ijQDwlJj,77083,93417,87281,67346,64558,72501
UPnMLWPa,ZHVbHMdd,NSlAFHEJ,rZbevZzo,hYGwUAhe,qYpehipP,50384,95221,8119,5406,43184,63721
hcjpShvn,CxGDmKyJ,vaLHiMLM,NZSvADag,hzgFiojA,NtXxyxEe,54522,43671,43498,55224,81582,4874
sYiUuRCs,roHcaBbW,CAeAdLgo,bBhsnOzD,DdGmKStd,bWETDscz,60143,24084,56075,78757,45,49663
LZkRAXNw,VtsyojIf,yYbUSEIY,nWgpLPcB,JAnRWEzc,siEhPXkm,7348,99120,12009,28240,8461,58006
QuRbrHPO,pMNULFLH,jplVJlrq,qpRmRPJq,rHTMWXGe,tISJkpeT,11037,26695,35102,34124,56000,68866
pddmgoma,gFQWPdVE,SwwjPywd,GsUlaqgO,JREPTQzF,XlQwPVAK,42451,24923,13780,8745,84693,42384
aVrHywLx,wYoqLILJ,UDWlNgmC,RLBVvHZj,VWnTlqcX,mtajkLTr,16665,26235,5628,63020,35425,76161
fmZuwClE,MyKuHWoe,cDzSWZtb,IGgctKrH,ZKucZQpw,nFxjKShI,55077,55036,61131,12872,44904,28242
tbrLyIjk,wNKzRMzd,jLLVYWFH,sPYQEuOu,SEoZMrDJ,graHEMHp,34551,50559,12144,32992,63499,3251
YQqweijy,hpZYJePO,oNHKxzwA,GkeqXznj,fzmXCHrr,GSOFyMJk,20937,61712,90377,85663,64753,67852
LBFTLcjT,wPZVDJsL,FrMIktaA,YqrIQKHG,qiZAjlfx,FWsBngOs,27967,83337,65799,33985,50769,68392
gVaPxfIX,DKWicCDy,MEiGQwbP,zzFTrTxV,mYCKaBDp,vIkToYHw,81277,78691,84311,17209,82490,51358
CDuMxrbf,MyZjrbVk,jwIuDdCB,JlQaRELi,YTrlFQUf,FvXpoTBv,16330,22523,16096,89509,30943,91402
yYTpqzCH,KUfjkYJZ,VXtjpZSF,AXOfFtuG,wnOglcSi,JsVRwrCO,12901,29489,35398,26590,63792,25771
ujsfibrd,haToGWzC,JuvSyvfC,kHXtIVax,DuimsaFE,HftvcuuJ,96486,16379,82528,8590,75323,91373
dOETqxqr,sCyxALlP,ytfNmPrH,JPrkrXtG,jAAkYpkN,sGnjyitL,47964,34523,91206,45,66906,4024
KiiCyKkZ,ZkuiIgIg,ASpTVLIS,ousoAMkH,KleoKRec,tcTuqNZO,53542,41317,43521,61359,4506,34119
ieezlPlo,KITRngbG,sOxkFcJU,OYaAJLAi,iWLXJjyb,MYsNbhVE,99045,82531,46753,18597,64078,47355
LRUCgBWK,BTPgbSCQ,cEQlwtSL,avlaymvC,gAMluwtk,PwDrjEsj,35861,18209,83154,20254,17881,87193
jscitoGg,TEnNGaja,SgnEcyep,SwYHRKXV,RfqXLEIA,kFbNvErb,31899,12458,6953,60634,57936,46091
WiROOtcB,WNtmWTWw,CnUHoPWq,QoOpZYwB,WYcMcaZZ,CHiBRJKx,79749,37101,31586,97283,94310,88103
vGKDUjCk,kzoSOjXI,vsjHNRTt,DsjYJWPN,BqYeSGPp,eIZuhHAy,91159,64160,25820,59335,86195,11780
MivhltCn,YtNmTVoz,PxQtGMPq,eYBNyijF,jSbTYMza,hArckLDn,99627,58208,1835,17643,73455,78731
XwpWGKDv,KEJdJynT,zIwrVMdG,xlzkryBg,UPyNChjR,CCcDYjOw,37809,85549,48239,23915,77699,5911
AFIuqnvb,GKfkuOJo,tTaIgijz,rnzelYyX,SKsEwnnf,fHGCgnAx,65484,75700,85067,75220,86251,26530
eWdmyoYu,yMhLIMif,QvJLtvLE,sMaHrCdd,HUlUHdYg,mPvvSrdG,93313,98791,76394,31016,84670,4399
voeDJLWT,DwiFkwVF,RyBdhmRl,HqzgtBzl,tIWLpoAD,DdeGkZCE,31869,78938,83405,8030,53823,21704
PEpKbVQy,LDeSNilt,WLpAwwKf,RmpLDYry,poxHpRXM,dcZJeWNZ,50922,3423,41081,8422,90077,92762
YnVcxCwl,QZRAdzoK,XVlFKqDZ,RMpfHoMr,hyJfyyTO,RiDPXiaE,16291,91230,17965,96788,88856,94718
xvpAUMJR,ETFAAtKa,viwPsbQP,zgnZQYeL,TYmrHavN,odjmOnYn,8054,22992,32610,73017,78579,57468
ZdZOymBd,gGhLnRqv,CVROXeqK,XvbNZyGZ,YipfqFFJ,JIupKlDD,69236,56168,38818,86822,49876,84292
HPiVYNFj,ZGlTllAN,OUJgQGXk,RAkDhCJY,xMxzLyCw,yObFFPnf,36683,71574,83682,6999,26817,59573
sreNEkcB,IvKpoLhB,QxAMHYOk,mKgqECyz,URIxfByO,DeqUsFdb,87200,23390,83380,4674,33811,46215
YmTStvMY,TxdDMhWy,JPUxMVZD,cbizEDzU,OgmuMLKP,gOyXjemQ,94880,70310,44421,91208,6769,92560
WjCAWnBU,gRyrKZCa,watRrZEY,EIurXRsl,SQMjZybW,AhsqfPtk,51773,83911,92224,15017,25900,59401
upsdgmMd,QxLFOEWQ,gWuPLbin,APOjWWeb,gWpOdBAy,mRyHlhYz,86201,62712,67160,60354,56905,48150
ujremzpj,mrWMPEDg,GSbhlJoS,ACiKGveB,CtmjWVzt,mLGVhKVb,53772,98091,23560,90478,76380,39624
pySRDaLK,vLKkVmsj,CeuqrHEp,aJxXIYrl,AwtOFpJj,QniAFbOt,10309,97573,68605,22486,47588,88187
HuPEsoRU,OnrWGdfl,BQikxaEF,NLdSFKuE,ijmgnJoh,PhynqCLw,49313,69391,25454,53506,2856,41099
jGFUYysi,ULTPpCUW,mXGAkiwA,UeCcsuZx,QUvhTdRR,oqygAKrq,65871,2146,71157,65899,21624,5478
uVccWaVi,AWkWhzUR,reycadHw,YDxLCuML,fISnAYhp,BvYfgekS,13727,37595,59954,26019,25553,91910
bjPQfHmv,PYhEsWJc,MXRKflpE,cJjKQJcv,PDzKlUgq,LxCiSCYq,35324,74446,35666,32646,29497,81570
XugjWJfX,JpcZbNzw,MWiqJqvQ,HtTxpgzX,azmvDEOM,zrWKTyEB,72677,86553,88578,7507,97800,17716
tLerPFKz,XBMpwYFD,SqjDLsue,moznaAnO,CVUfkuPG,kKDUqhxF,2422,72371,7734,85680,13172,94604
kQXteDYl,rjfRktKI,VUSPrnoM,TQzMUVIg,ZEZRQqYT,GOrnUPbE,14472,58464,51627,94301,36839,90966
KfREyIaE,VFVzioaT,GjiDNOoB,kudIQTly,XLQdKSfI,dDMsdXCG,61802,55706,70258,26736,94618,20387
jWGOSfZE,GTzQGeXY,IgakopAw,ZICTEpGr,hxpcUBiS,UUCvRnVk,88019,67813,76106,46032,56653,79850
VdNzmgvE,SowXxtCz,MnKgNutv,svXDhGRY,WXDHHGGp,yKBioLTs,76268,7088,28767,82359,39179,23009
cxvqtdku,hRdBAwkH,rCxPniFQ,MavbSfLw,QQJdcmpJ,rNTngVLh,40951,16942,59416,21789,60462,25421
aIqHBofh,NloeWcNH,IoYWFKHE,ryZuXcpy,ezqDKuWK,fZujJVsQ,90184,87272,54298,80752,51200,73483
ELMwxyyD,YvAJfrka,ICZGKriC,rETUrUVQ,qeKzeChR,TfKDRCpG,62583,2238,85349,83302,49095,29710
BFNwQUvT,MyfWAZEE,fdaKWDYL,qeGGmSKG,bNSgelyV,cTzCMCpW,32124,28430,18049,64934,48734,39526
EPYiIahf,ugqIqcNQ,bWSVgwVJ,KfnWcVZS,JelxWFqw,GhXycqoe,31892,36958,18498,2598,81597,25842
vZlzbUem,sopjjAfP,vLqorfPq,GXLWykJM,nkzzxMHA,RhTcvGlb,84701,32037,50632,16271,43300,72418
mLiaekWG,zaLbIDNh,HvcztncO,FkSOORIy,pahJHIjM,RyviQYsL,60284,97809,28883,9208,34196,28442
kyFfoeIS,SAUfsTgb,JcKiHmKs,TLBuuwlA,NVWdoqSR,XQptVKUt,50353,58621,8873,59646,39647,56020
efoWjSkQ,EoVxPeOY,NFyFThhT,GhcilwkR,cuGgqNqM,PlwjcLES,64458,9989,20350,33446,2726,89173
ZYVfyaAN,TxjDZdnz,trfrHkUU,xSDIcADz,CIlfQJOJ,FHWAiekW,16944,63677,2425,32995,84118,18952
ZUGRiAfT,BpVRSanz,xifsTgnl,oqBjiGAj,ewcOUyOL,IbZCjiwf,65329,26476,30770,67712,36099,35042
DzRQklGQ,iBWOhMTB,ytRRxIic,nqevBSpe,LPVftgrk,NYxfwwmn,1071,66049,78005,5696,1398,68519
fvBDlnzM,XKMpeEzE,WHaueces,nnMifWCt,XskGfFLC,hllRBPNz,60537,59826,47527,61400,59326,14271
SKGufgip,PZgLQMPa,fLYsVJSX,ZIfuDaox,hJowHRza,uDiRPJUv,85399,39517,38778,58807,11827,45547
xHQHXWOo,lOdItJbI,URIlYBKX,xCInlvwY,CmxyoCTU,dwNBNcYi,28139,13046,69112,36851,2144,93238
jusaaPrd,TUejdaGO,ljxYpFHo,zYxBkpLr,ZbVwVcUi,aYMdxNOX,53769,18286,83319,52898,25051,78817
XzOygJTQ,wdhCrawg,XFqMLIBP,pWHYhxYw,KQygcmDQ,QyCPAHmP,65973,95864,97170,77824,81348,28321
mKXNUimu,oQlRxtzy,Juhanvdo,FxJKSOyz,eMlQgSFX,dQlXOhMK,52952,34196,21723,37428,27021,25108
RgeYIdWu,DefBSEGd,cTYtDTbK,BtpJwidr,PvtFwpaT,KbDdQRAV,45996,73510,44075,56502,99481,19260
vVibAhTE,KpxSfChj,SpAmXmwa,QrEEvdXn,GlierTpK,kzbmMmKH,81729,42488,58087,85168,48126,13114
bufmZIVK,INixIbef,TSqsENAk,QJaDmHDT,PlBWTZSm,lHxTHViv,41988,314,7302,9696,79888,27034
JnNmwNIx,TuNRbBZO,qlCAjnCn,KjqokPyh,oTioBCLI,VYMKOYmK,40303,77704,27437,4896,47870,63199
PzxynBya,fUVvcGSm,JvztKRzQ,uqQxqJSV,kDcmyiOv,fKIWOwYN,10900,53380,21862,9203,46069,16593
TFKzlkGA,MLvmnPyF,sSvfbUcj,dWupZhtL,fKmvuZRC,bABpTYvX,82185,79708,36534,2295,8939,69149
asCDjVso,yvUiPQmj,bXXjpCmi,IXugfJge,TOBQHzCW,PqxreJgO,56413,51600,14079,49616,87928,36334
bdyBiiVw,ubBptaLI,vJhvecIR,gCfdmxLK,HYJyBLCb,tNMZEMZz,48865,34548,45854,90780,18614,96347
rFNBUrkh,WHjGDdSa,qRrZnEvR,qgswFqzR,dvcnudUc,uOnHbQaw,42112,81542,43423,72539,30575,48536
gvgWwOlF,islxaLYy,lpFBuxcr,VGlRguhJ,HpiYQmtn,WvQiOJRO,98107,58230,49784,46351,47787,12767
ZyZaxzsz,GZjMdXEr,RnTTHJFx,hfLXcvWU,MwNWWaEj,Cenqslnk,74674,12076,95015,16901,67066,84752
gIONEtsW,hvIHcOdV,jsbtOBaI,pmSkrTYO,cZmEwCFY,BVqGdAER,13863,72005,46475,3059,38000,43868
fmPbRegy,mcpDNeiP,CLbiaRqP,HKCcAMIl,TPwqqsbs,ljPMixOF,36629,53967,19560,26780,53123,5835
tTMYhlZi,QCkCJjdN,OPOzcuEV,mFZdupsX,yoCDWCON,VQKtpzAt,53849,68743,53516,96031,81362,49281
JKmdTORz,LnVtOIjs,cVAtTLjS,ALBKLkBz,RzvWqayj,XIUpkaEa,32780,667,14411,248,69509,5721
FNnXkWfG,drQCXSRN,BIwfNyIw,vkxUgmxO,xzGUEOzC,SEavRWFp,74501,80865,15742,37569,71550,35128
AVAPvfdb,DcJoBEIv,PZADpPMW,zSnCVwGe,RxXbQPqa,OQkzVkOU,46756,5092,36380,27723,52890,21826
fQDCsBGC,GsHeeDCk,HuTHSJvk,jJCetfbJ,ZDLzLiXE,FxBgWPxt,4732,65549,29784,37781,23445,10316
CZQmMMsg,DviRBISh,jdMWgGpU,XnlvYktN,waffGWYo,iDchqRMi,9237,43505,27365,51759,5414,60739
yDpOGYyF,CUciLzhn,uIJzobAt,oaLuSYGC,fBnshvrg,cXRBNvis,38221,1251,92494,46511,75986,62310
WaWSMpuU,tDnacZfy,NAMrUXfR,TtOqxEzv,hCiWkkiu,tKFKTjvI,65007,94474,29022,19175,32324,25342
cERedXSH,xsIARyIS,VsemdwlD,mZYaObfA,wijTtLuP,kyKvrAPA,53475,36703,95494,38528,35885,7923
RePRWyWC,DXyiTwLM,fHnCytsb,rHRWBxQf,bgqUJzNY,vWuIvVUQ,67019,65762,72973,88407,67528,49991
ltAFnpPT,EKCPsjRO,MxBjJLKq,ZBnYLsOa,BWYZcDSf,nKjClgDO,48805,41365,20738,17714,57637,84501
EkHGzkWg,tpszAySl,ufoAPguU,ASdoctVL,kEqkYFYD,xZIawWBF,19822,39238,95465,91489,97305,28239
KxjdGjVR,LVHUTddu,MngyQHlo,atOdkVWd,suPdxYpy,XmsGlNTh,69199,78929,36351,74412,26516,14953
UBPMtRqx,BKLsKOlG,EjvhiUWG,aPNwfPUM,mPeXvdmo,IGAgTDYO,73765,97717,33478,49121,99038,70579
vQMMyQRU,WTgVXVYi,rGPCnEOv,OrWZvhLF,oGGhjRJW,LFokrNlM,31555,80190,10643,19341,63041,42567
vZyQvcqw,gYimjVqC,sNVVrkDw,ZtRsZOxr,sVOYSRAz,TamZlxGU,46151,47322,74906,88281,18357,79138
tAlyDnPB,IkVswJvv,VAowhulu,USFdhjur,zxFfOVDm,xiORxTib,53435,55613,58204,70013,35282,70792
NRnRvHSf,oIolElnH,rfxkxgla,XAYZsXCc,hMNgxgIS,bZDcmQup,25032,90920,96562,43174,96825,91990
tcEcFtSX,wYpsSNvB,ODJVWyyG,FwfSYXdk,BnDyElhn,FmJjLrzP,97161,33948,60015,87792,5328,95342
eztkwxCH,EeplVNLm,cJgzqoDm,EnXMKfYD,FoFJWXyd,DCKrHLxC,51101,54854,84754,63742,91915,38510
nPYQvizq,ScBAXYWA,yFssNetQ,grXnnDMP,oyrRPgBv,jkoGjoJE,25070,99076,24651,1144,71959,37519
ZzgzpoCo,dNPUvpNL,pDvHdgSk,xEsDUCsj,eqGbHRik,iZldgGhX,73347,77191,36289,26422,25345,51113
mFBXbIzW,pEVWdSLS,LsxqEUxL,ZLtbygXd,MTMiyvec,MWHAITMn,30681,20079,75560,42020,50052,71506
udRECvdo,IWvbLuLU,jXPzPqeN,lEoMAziQ,zdyoFhEJ,xAdQYffb,50524,91909,81196,65457,77194,11766
jgvEWCcj,pyMhBARh,JjtCUJoZ,bBUSjcMT,bOfRtjYL,NlxeqJpV,66714,22489,42359,63411,41574,1684
lisCbcBT,EnkNmHel,skWEQOsS,HQHScGTw,RkbJeTgr,BUOlAcmx,20996,47919,75934,21778,16292,56945
UvAovYEX,cBzcQymD,ErqiXZlB,JwNWGLdh,hHpaKnJl,eFLkFVnk,29193,44813,67121,4403,28391,36822
hcLKCQzo,CqrDRMgY,WUcqRgnj,VDhDGPNu,XojPRZJH,VsmhmXOJ,74857,35375,19250,77909,60394,60338
hbDRhxFI,acEcIyJf,bXhoqCXn,JpPnDNWT,GGYVNgJj,kRwmoSjq,25094,3578,98308,20598,16731,82292
nDVULmUL,iKimVCsf,hhLCVsRZ,VtKmUsqc,sGixsGTh,ntkBxWXx,90522,46004,63057,9094,78084,27787
GBKCTiaV,wIRsnybA,NkgMHQHE,BQVrSHDa,wLFZeNbl,oQUXFvCf,25185,58345,66118,15850,27943,49574
mknFSvAh,DzDDaWDd,GgEfKkwu,tImwHIKU,QjCulgRE,xSMsZWDJ,19351,85713,3698,85877,78308,22584
cAXQLrHB,BZIKSfOz,PEmUaRHR,BqkMOuPZ,rLDFjXkS,LSEOadJb,1500,5099,77706,23296,96500,15408
qUscOzCM,sEIhRFTs,KPvKSiFF,QJOnfocN,FaWglcPt,DOGIrJub,73963,48634,30349,21802,76325,4696
zSSXjayX,teVzAtsB,kdrkvIRn,NgGDZhoK,rpHoqDVm,VeqpnhsQ,91536,38911,58205,33786,3434,91189
wCwPGdbB,ScogxYHe,pbzDZdHq,PAvEVgal,ntDeAQaN,ViozPDfT,38328,9110,17614,90008,30462,32570
vcYOesfD,MWyHghyT,YaqRwuch,yqLnJvBN,tJbWXDgd,NiBAofea,60245,79741,39376,58817,12339,55767
uUiVFTif,HsNCgMvm,wTQcazVz,HZHTXmNN,xzOZZfcU,nNxpbiXb,58702,47326,57269,18165,91605,76484
LyLwkqoC,EhNxgNeR,itjzrtNe,CoNRCwsr,vHwbqHKp,kJnAInki,91671,16921,80250,65560,87698,59230
CGZeUuAj,sxUDyYPq,tpKaAQMp,sdQmAVcF,JAbYJbUr,eCdwuCew,35546,49163,25201,74995,82415,47578
WQMMCLeK,LtHtocsW,DXlTHugd,RxrLJhTX,XaSxGZHj,BNBXLHBe,15102,5745,16423,92945,75863,66743
PJBOQcyO,cEYMsEbM,RduPVEiS,oUIrfmMu,PxGBQFMQ,UICUFpGz,21070,84648,8660,45634,171,63153
EKNznsYp,ZTKyQUjf,pcfyAHos,hwjQuiWF,AdDeSMHq,UUXOuBRK,22921,40133,93582,815,61521,53774
GXGHpdqE,bUTaiZqV,thqMjuvd,ntQCpAlv,VUYIYVKi,QkBBHYsK,49083,46102,61199,12093,33172,10625
PIajhriM,AiEHzIyc,vrPODldY,siaOtcig,CyOProcR,BLrncVUQ,45113,92333,49467,83686,76186,38858
UuUIVIUe,ouYhIkpI,jgtDHBrf,xAUXpYkx,SpHDtsLp,KRIYTWRe,46509,55666,8543,34189,7236,13785
iALLBevt,ZIYOnIMC,gNbxVqnC,KzveydvL,hZTdbftr,uyimKpzp,33234,45577,19548,46825,83661,85109
JdQgpwBp,YVFMfYtx,AlRlJPkE,HEfoEyuz,xkYVaJIk,UYJlBIVe,256,47847,65849,33572,83130,14341
WEmJdIEx,hllrvOij,vlWFqMze,bNQgPuzK,MpqybBpz,kwmkflWN,66651,20906,41869,78459,51416,5810
HSKRcdyw,FChcnmaG,MchKhyiz,bARJWFBs,MBvcbyMo,nQuYtRHd,53255,55681,3903,26163,17437,74530
IXnxdAHN,lWbRXGFG,aWkFNJKQ,jrLaQFfb,FYkecmTz,TpEQbQSR,4285,34984,42270,34735,32054,75443
OveejlJM,GpHrFXSQ,rQdwJCiR,WItEhplO,TKEXuaWQ,kTUOcmLN,13773,54169,67450,81654,96392,38711
HwQMzfIY,sPbiIGOo,EtgcILQU,MlvhZQxH,wIMsYCgY,PymBipce,96632,29203,61630,59404,4587,16312
HOfhqsLk,IthFmZyB,BIZGaMon,CcNTCvmT,JGsCKjRK,nQDwipSb,69332,38361,68105,70610,15915,37290
NnAeQMqM,RLXDWzUQ,YIIJbXRU,EzRdCnjr,PvXeCmgj,uCPTAFdG,43166,30221,45393,32617,23832,49595
kyrgSXRN,QhGlfARP,RWPhFzXi,UgaoTZMz,TORwdQjX,LeuZhtja,62180,18881,86854,84385,71713,41306
ZAyWQfje,EgwnVEyO,IJeqRweA,ubKZkQax,aEDlIhqj,frQltrLa,49122,80430,65112,6835,89550,80982
LnmTkhpi,aivqiTBi,jpDbuEcL,rObPixjg,FohRxOrl,kQpOxUAD,98714,80565,21598,34664,84611,25848
mCIBoaSE,ndZOeqLZ,tzhtLNyz,cBIRXDqV,UsmoLylp,eybEgoWW,56181,84926,6220,56255,27692,43632
uDTmiywM,tCQCXMdh,Tyzsoidc,iubNzQZv,PdAAilVj,bCgdAARG,79243,40779,49062,93960,1818,22097
OQXIWVQv,ryYeYqAr,VWXrYPdA,cAIRJjYk,UolfANbF,WDNVXkls,45383,53006,40877,14064,25548,22387
cJndSxbi,gKmVorTy,dmLVTYDk,pduFhhDF,DykwlIbq,kAWYTKJZ,81984,31753,74008,78374,7131,42946
hgZsnNgK,iZafeIjX,HWOPJSoe,gecHyluI,sXbxpgxQ,AntjsNDQ,72021,85627,28019,51417,45859,31273
njeFTeDt,mffFVwrd,spIzxUjl,wamDUnYQ,kCJBWIIl,JYYlMhdy,48374,53515,6735,35733,28015,49564
AAkDpCyO,okLeXEGL,AJNXgias,gpplqgGX,DmOGvBNN,VZHgWeeX,22252,18934,91085,6324,59710,24980
yCZyNGpa,GLsnipHC,lufgMGec,MJTzynQF,DAQcpjSl,hlnMYqXY,44850,21157,35513,3872,39508,77043
EnfmTrcT,ohtXzDHd,QpAUtXeN,MOHBDibF,eYUaeLaF,qTrLHKUf,29668,46781,94382,30275,79772,46190
XcxZCQrj,JfWsUvap,GkJYjZUR,kRWpWipc,okpUAeNn,RksDoAlo,76537,99072,34660,68481,66536,10930
tbzRRlgW,XaouVonl,uudPtxtL,mVhLkCIO,JKZAYbpP,CzgVFmsK,32536,52186,17331,95705,32717,11997
VBpykXqs,YHeCsQcK,AYhMcoGT,SwhKeWZd,KCGYNNmM,ngDwuEoT,62283,88033,98187,70080,19942,74232
uUJVeCQz,vjJGRWBm,sFzsRxeF,RRSUhIDm,FQkgpTPq,njHAuEdY,65172,57579,5267,80550,5350,91843
NjocMNzM,OEaSyMXb,BoAZyfiA,jgqRgXsR,FrtdRdyV,UvGtyGZc,36315,45723,63129,81145,77449,45592
ElOpajtj,RVtHiIZk,gsKcxRbI,QdJrExKe,aKEKPOnQ,ZqNSctBO,54839,10585,63458,31695,90169,47621
hsTKGhzf,xwXGZnno,nGUiemwm,yLiDlQmc,NoBqCOwG,jlnjVFGP,35983,57913,63946,52531,23989,94808
zJUPnSdr,JHOfEKGl,vwPAjMID,YkbdmIwO,aWGnZTRU,LsmItuzf,97990,12241,60670,50950,60205,71477
bPooZtAU,MnjNwqnM,miBSYLrO,oVsQBkdz,KbcNDtZv,sTfplmWV,13326,42006,75479,48667,75080,29756
kDoxkrXz,rUnHcjcT,gNaWMUiT,ylbEkSgk,TjHkfhyQ,dYrWUgby,42717,42858,93446,80381,40601,35572
XkFOYilM,PZlndIhz,sCQmJBor,kwmtsrNW,qmWbPWxy,lSZLcPOI,92346,29927,8656,65054,22493,2288
CmYqqpYX,JthBMlqf,fgagJjjy,stmPVJFp,dazIcBfu,IsAaTfbl,14720,21949,43898,12452,49462,59078
FohPRnEp,pYhyTnFu,vJFEXfUz,NcnPRuvk,QFLbNyLS,AVdAKRUM,33051,90367,74367,31794,78285,65359
NtywUCwR,zRJJVQmk,uriyIGCj,KJHUbTWr,nfaUceYZ,QMupNazl,1220,76622,771,46854,46919,30751
LivoImJl,KCPHGwhj,gHuTxJWT,LFKDuRyK,qeoVpHKS,THFqRkfC,73827,16241,94046,92067,51960,98346
XhnCgORz,GlelhjMk,hnHWJroB,EGakVggw,mPnQIdBA,ofRHzIne,20806,45094,73609,79824,42051,91681
mezyUwxN,dfBLhGKE,MZDSeEVP,UNUNPDUu,FUzjHmVf,NVETdCeD,75839,76418,13683,74782,88014,56265
YVLQFomb,bneZZtVw,nVnZyPDW,fmQhNycf,SoDMbEnR,NkbTyeJp,67077,36234,44777,34584,13136,98016
grGXdNyg,bGulHYEi,lRQZNiyv,iVyZOrcE,eqVIJAzs,FTqAYXjO,59844,67646,72401,58994,84247,72103
BfYQMjzY,ooYWrJEf,pMnNokOK,LlGvPvhN,mmQjxqFO,YLSwkIhJ,58753,46728,82216,87629,97055,71527
RyWpiPSj,dGTLUwvY,NNfUEaWn,gOTuSqWr,eeWCnLBz,SrCteXht,22426,98108,95692,78892,26088,81543
OcNexFUD,kUpgwEey,bKXVDIYL,mJYGwNfG,dEDPdjsS,tyLzmeaT,17823,99633,94629,48867,10084,10137
rCxyYNOV,pOciJlGh,qTEafNdr,LTVaROIj,OztQQMBC,ReQwddgZ,4379,67804,29352,15553,92990,64487
fgEAzkvC,wiNPDrJG,SbcQlbXx,dvoEQquR,BLEsEDwa,triVtbnR,70599,22982,95650,98665,86488,28514
CVBuGgQI,qKhkHZmY,jaPQBhcj,KmERgeiJ,FJEawwgy,zQgCQugc,48437,36588,1102,99078,93952,78301
xKBxcNFu,hASvmStL,HkNNUXje,VZmBFVTN,llclgIZV,uBiFvmxy,20298,77862,80594,50275,56404,50625
cIbWeWnQ,hEGCreRL,KRPrOGZN,ZTeyPtXN,XhSrJXZt,VzlGNaaD,47539,72471,50136,37315,43598,10231
pitvUYFE,HGAnPHda,DwLJCXEF,nGJQfmJg,hAUKHjCk,HYVUANWS,56346,53320,68732,33785,69459,8917
gkHjuDhS,nLuWFRcP,CiKVNsKH,uAycpTEC,gxkwKctm,VhvblaTm,68868,80216,74175,58940,28340,66400
JKIkXfGT,PaFzCWnd,yPeMkYWM,yQPyqsFA,PKZcBOpc,CfVvWCdB,91881,59440,67113,35191,4179,67852
uxBpbWdS,nUhvQLek,eoLUTMYW,xLPcYIOp,dbdFkxHZ,xwXBKHZk,37805,51368,298,89352,75304,55915
NBOQJYuP,xTxomgEy,dOqQcjVh,bDKdVGft,oQtTAktY,UBFinMVH,60351,49943,15779,97595,96916,55633
GhRuYrpY,GBXyfnsw,TxscyFDv,TpbXwyJe,otrQNpEN,aofYFLqa,6190,98522,83302,61272,22640,1581
qAyanjAq,lShcyGPl,XoCWaBti,zwCkjGuu,NRWgwqWC,OflhLRrs,68340,63065,74458,31006,58867,88560
bsGkoyPn,yhMjXtKU,bsuFPtuw,jRvpVkTU,LiPDZNgq,dcxrStNw,31263,26335,54238,8,69675,45616
jNCryIeT,YOGmmQom,rkepWbqa,BxudSnoI,veXkwGmv,TudVSXZa,45321,64358,61396,36319,57125,46980
mKxxmxaq,xvrGiqzI,LJdXfOnh,hLpBVRJL,npcjrYjC,weETghXn,34436,8319,35626,46081,13236,83832
ciOaYUtU,IuRVToco,RylXcujF,kkgAgYpA,wdHLhiKt,dgEPXFUn,47748,18415,25719,70954,8376,3114
CLXjnadT,NKxdRxKl,nUQcMVKv,teNSoJma,ibchmhdq,QYjNILYn,15577,26057,52265,80036,27550,12515
QrPiPxpX,jiKIDWAR,KBCjtdUX,eZFducKa,PdEPzgEV,RzwBHtTO,23178,47629,61368,27374,57216,68554
avDlkGUz,ScxvdMSc,WeYZTrOL,oZYMBMau,dGruvSWj,YdDXWaCS,45721,10415,72782,15825,7040,67815
uhxfoDPO,SLbAqeeU,uROmgyBe,xTAkYTrY,kEfWnrLo,xLsBPAIE,78955,51510,90333,51147,40451,82256
rawgiAxI,FBxaLMJl,pzgoOXyu,HJgLsTOP,xJaOUnHS,pTBEOBvO,92873,30610,58432,96092,39671,83479
icrzTZKK,YZEyZOsC,allDkSuC,ECbohgpI,LfYDdLeA,lWPIFpiK,73946,49181,52662,45161,73331,92300
FPrZKOUl,ldQnvsmC,UOhQUMNf,AFoRYJlO,QJqqqqlS,lYMkstjy,33337,92931,67132,2391,82870,43236
fUpeCfxf,nhhUBmLx,FVHoCcHD,MYNUYrSz,VIGFFPlK,ImotHeIx,81152,68697,19289,49110,19447,57072
UKSIsCts,QaPjcZzt,arpHjuMc,owbQCxaG,UgHPxFhK,qieMlKtP,5365,96441,73999,28262,38368,4900
wdWzZlEv,PkKkfMUn,UwSCRCkd,VSqFlzFU,mpoSzlAw,aZFAkTkh,71915,1569,16538,85027,14259,25371
NUHaoTfn,qKWmVmCG,WITtitYp,RYHnBdWW,xEZnloCQ,IAsJIffd,32344,12453,96878,47347,61079,81784
VNNPRIAp,CRBRHZAH,iSzJOwjO,HdQyaWiv,RskWBdiI,HXVXeOIU,12821,92496,4531,61992,59078,67447
spWrWaGt,oGXpiVVE,LeWSDiUf,voxtjDnb,SNEWzZOy,rkYzrTsl,4051,94752,35341,28472,21545,54890
HCUcTlGw,RPyJTpHa,kZEwZviW,BiACHXnx,rCLeryxX,FiCibbtM,52959,4399,83571,33771,45163,31950
OKzPAzzm,OVwkMrbR,dlTDiOAd,fNMwJPRR,XhLJiSXJ,ELaHGwpq,55053,96740,30977,30799,41293,26389
cyCmnBGA,oJsdARxd,aHfKrpdr,CYKLTPvK,ZzMRcfiH,RDytrwBF,45143,83226,6115,7948,97103,1615
AzsWnOdf,nxURpZsz,bcdYDTbY,govrgCNN,PhyCAFTs,BvmgQHJd,97178,97712,5162,97745,26945,31096
gMnFsWbk,mylhNOOB,EacGWpcE,MbykPzmI,vEykHXeC,CCYZCFJR,32993,92440,66604,42371,59603,51080
EpJChsIz,bYkykEjs,YkZtUsWr,XlVjNOwD,wRXAsLvL,dLxTgPNp,38775,63376,70501,86695,43847,18554
UFyHOhYK,dJswvKsL,lYndJdqf,xpDLyznA,nNVqUvFq,dXEBioug,64468,78879,37880,9965,28050,1945
drFGSuZU,bWyaxdTg,kADEpwYW,YDnqacCn,ZZmHWxkR,eFyiTfOm,2331,8387,2149,65221,99199,98085
ZQdLYGmX,FvbQcqNs,FoiqyRlm,jhJKiYXL,OXXkAWDy,zvUTiREP,66821,27506,46129,65073,270,25602
VQBguFGt,BlXwJCnh,jWvOkRtq,nhanWQVs,WMHSZGYy,aDYCwuDT,24756,58963,57840,19073,63104,93397
AWoovaWU,AGbpgoQX,VyiQRygX,HkVawdQI,lstGFddh,Hkemwsia,76942,53401,22951,12031,26641,97884
tSUzcOad,ClaFqDHq,SmDWVtwq,rfIQxInw,wspqdLZu,mtrdrdTi,31919,266,15068,30914,15833,68202
RrSTZcdE,IKtsJUva,AySgXBxH,XGqoIwaw,probhIBA,GqclLxuy,19346,30512,3330,21575,15820,65584
vYvqpiAK,pnQvqORV,AZCGHsnD,hgSRjEXA,lwUeJpoH,eDnZzHoT,56704,21326,41124,85465,1910,80035
BOCIpjyd,qttdXiul,gunnTfmD,VBViZXnE,hbfAeHwS,ZBceJpyB,47864,63233,99919,21459,96431,53137
BJeFTOqP,lJiYWYHO,AmSHVtvM,McayWMGS,JFPRKCdK,cGTrRlTr,54832,76024,55059,43447,6088,83679
FJuhfTpf,PDXCVhCT,vhEaliAe,qBCcIHVv,ZGIFbcZf,tmtgaZFM,44579,54278,5901,37870,51770,62726
qqMKjkbS,avMDJAqb,NXBFqeuL,ukSAjFxi,ZuElymPd,NNaMRIon,95012,48308,13818,20980,29423,22149
PlCXVaSP,RPqexLQY,mijuoArC,HHCxmHER,yEayzjoV,daozCCpN,98452,35995,69416,95251,12479,21028
jjIdWvfI,edhsZKhN,lpHgbzBq,elyEpcPg,exniatmK,RaGSDBtk,25448,12045,92540,6893,67617,84910
zeThhumJ,IWGZJdsk,uVbrolzX,SswrcGNQ,ryZsFhhb,wAoopyAy,83270,65020,47890,1848,51981,10518
wAveFFkx,NsmWgbwb,zsNgMZEQ,UEiXSPQG,QQxxJcbu,pGWrHpWQ,62641,86943,74779,4376,1854,89042
MeMoOsYd,rOBLYktL,oVTbljyp,gqjLGFSO,yuCthXhj,bCuYmIyT,99646,8149,26357,81155,62101,72023
DqoLVULD,UbbQlHun,kyrbVIfi,UAgJZSfU,YQPnNaBE,ZBabKDnp,13248,5155,20621,8436,22189,45717
rLsFaDrm,TYYrdlyn,YIwWMOzU,oLQGLxCj,CIxIDrAa,uUklBeIR,27240,11260,74149,59045,31235,3642
rAldzQdn,bnIArwEL,ppKwKkwu,zJrUIZhV,UqkvmerE,YASCOzYi,65949,54487,57522,46203,77574,21745
GSLkWzee,DouYUYGR,oZFFQhEM,QDPjERub,UDyLpQHg,vfHZXrfx,48796,42184,74022,22774,92513,96116
GJAawOQc,TDRdYKwI,ojxtcVPV,vJJkGJJA,EDKISmfv,cWmrhjQv,40955,52245,9290,6779,9359,17181
jJGhYUwU,uZfSNgpN,NRWxNeye,hNSnQroD,TlRWLyTp,fstonReP,29861,79618,9579,92166,26197,53782
gVkdePrK,jKvZyVuC,voQwNpkH,JOzZTYuU,vNZormxZ,wpKlrEty,67606,88427,15840,56172,20234,95845
nzygTmCH,aKPGQoxy,PQIVgpbt,cyOucpFg,FvSeEvfo,nDvNROlr,18106,83135,99670,15278,63555,13445
RAoZQBkn,mZUdjKCR,ogCoRIqp,tpHrYNre,UCfdqPpM,PXESDxCF,66523,8259,39039,55917,93997,30718
XnBiYDMa,CrueDOdn,qfedVnvY,HUdPJIug,UtfZtVvJ,crcRvtiN,91683,57754,76938,37553,21555,25637
QhNSRImS,jApHcWWb,AtIQmKJQ,CHoVeIDd,pXvcXfCV,PSMtPhcM,73315,60229,15504,38266,21311,67557
wqmtaixr,vPgiYadD,jsHPSAAw,jwNQyQZI,inLIAnVf,udUQBSLq,94441,97320,7284,20847,23861,96196
CSxAlecW,ARLdMBVM,KBktPedG,glaaOQLk,FnrCiaLz,VtMpBdXq,83756,93013,30597,17595,21364,71356
QRQEgNxX,ezRRnBcX,SRyhLUJX,fWWeNxiv,edzLvhnb,drwxBoOe,47790,53753,28907,86154,49933,55243
wMLPFPyC,YxIzYoRX,kveJrvyO,uFmVqWwj,PJIzPEqz,wAUhuGfL,93419,63766,97871,63653,15049,42449
mxtqGTyF,xTvhOTum,VGIyWClZ,FrwWuTbY,LmnNDRUx,RtkdUQJM,39440,94405,35781,27713,59615,15336
scsNCkLn,nsWPLRtk,GEDJYaYC,VqamyjVn,fnkknbQU,DsFRkwaE,85220,66599,67032,96980,30805,45831
xOeHOqtX,Gsqyldry,YsoamrUb,esGpzpMM,iciRoTqN,TqxJEzKV,39671,61828,74442,34761,89893,40376
kpjjDBBl,WdymDwej,fMHJIRgm,XfTuGFay,SRiPtjXz,LHHwxGsN,50804,69420,76946,35429,60120,45665
ZWfaqLep,iKwoCBMt,dJdinQVo,krFOqUZW,TvrdTGJs,zHDZRWmH,70122,23448,54769,6852,95874,18439
OmaTCwQo,koztRYkv,UxJtVPHx,wsIXdSim,xuHWiPuJ,czhjpCtK,78386,40502,52916,46439,17438,77328
sSalzcoF,qSTuwnpv,hkkpTuQu,rMkXSlcb,VWxUMDZg,zftIigmG,6592,75154,81383,85715,31901,4125
dAXfsMvv,DgyGyNIt,XRVWwJlM,WGkwjDHB,OyDPpNHv,CKUIAXuY,84899,73317,7150,98758,56182,3610
vkXbUEUz,LaWTvuxS,RzPeVosI,aumbeAvH,LiDEMavu,EqcXevTf,86345,12465,14039,58723,6328,43045
nITGJRvn,mGxbKTkr,zvRSWelE,XfqJhUty,CBnfwtqZ,TQfplXga,15146,90644,54930,41562,63576,99962
jYxBbwhy,kCOvoFAh,HikXzxhx,DXJHKJPz,ZyHffpEx,xNMjBArt,88158,88807,11067,7251,88301,81618
LaNzKIDF,llnQiUCF,lISCKvHj,dzooovDj,YKZfGHYZ,tzzxHfaF,11256,18658,82658,38543,34803,769
yifJFexx,JbuFeGPk,KZawBigL,ycgWkxtH,PAnQgGcn,WZnKwLUc,13032,37285,26804,44617,83311,43232
hbYFYfDP,ObrqHZmr,dUozpvUs,DPNvFPiJ,FODSXiSz,KXRjBjCc,3740,94510,51967,91868,84662,36543
LWgeQvYI,wwtosswq,yFHdLWnD,NPUdbVza,ghsNUncl,WZpOuTni,54830,52865,27590,73168,48007,34524
TymtvdCK,saYTZYul,zBHNunlH,lNSTqHOi,uQyXgVOn,kUCdCaIJ,38517,15956,75577,22724,43902,2446
XHlmWexu,bFloVjDf,uDupelNi,cvdWEBAy,wMHukzWQ,GiubydSY,51036,13227,47233,66748,30623,73681
pUWhBMrI,nkXlaGES,Fetxyuob,KusXhTvT,JFEHrktT,OSmVTCAz,70036,62401,42070,48155,80025,41603
UlNHlGKy,lDmVMaJu,aOlGLSIL,ZQqJVEot,GVsJhahO,sKnKoreB,53171,62365,99639,49083,4454,15251
ywuswWxc,LFiKFqfW,TKtKRSSx,KrziXVHf,CXTRqwXT,xXTxQuHp,66843,99915,95463,18885,53748,67661
MMFkaUdV,Qonbhiei,onvKyQrc,sXbbSjLu,DPWNEWkd,vcQQmhSK,13719,14052,75131,58094,99082,72910
NhPnCnte,FDSwhROb,nWVmPZTG,HNmZhmDc,rwRZzWhw,FOvCXgFJ,48526,23884,64347,99486,65854,44422
CsqBvmzR,iLTVQLlN,kNzleqvi,zssBvyBd,YpRKsSIF,AhckZYmL,29916,10869,67762,10760,50428,30888
xYrPfBQQ,RazEKmYZ,HnLSRfMx,ZTXKOCJo,IxpQgcAs,zJdMQwbt,43916,54608,69011,61711,23305,60568
JTFuYySh,YAmKTBtZ,bLuryiYs,ajNztWtE,lRolVIXQ,RoPaoVpC,22064,54402,68221,20115,84320,359
UDvXQjxO,VfaUyJoH,esUdQbcu,YIeiDhRn,ZbGEqjdX,obGmkFiH,66979,23569,99659,95936,56699,8399
MaFPlfhY,smHyxIFM,dwhrcRrz,OXMURcOd,yuYLTUnH,fUOWEjdb,23747,17299,5541,924,86738,84136
gslCzHIa,UYfobVed,UmErjLGA,KcdapvGZ,BqpvAKgD,zNKEgCRX,1173,14634,36531,19778,82316,41720
nNeNxbNd,YOcalSgF,CIBerbtE,UfTyvmjv,qozFmjqy,snLvrnTv,66254,61205,88041,78961,99867,1430
ltGZVyji,PpLxtXfT,yOJRsMsI,YWMeCPuU,blfuZsUs,XbFOiCaA,35004,84430,26584,86774,35135,48632
SdgkHXVq,ROVmvEDC,ErvKEmQp,dSCclPGb,bTLOkfTI,ebbdcqmw,80585,42420,76017,45275,39563,31256
oDsIsAsx,OLqaFYRm,KKgWvZri,jRbuSwIk,AhKFaEVx,EGlxZLGs,50528,12791,51614,52849,45515,77990
knnjPUDq,jCMVipjk,AbRWubJK,kfTrYHvN,laOxKqPh,diDDBrKa,11656,74093,69192,60454,48873,30982
BCdygKfk,CaWDiFRt,gaxFXTgj,fzRFDPWc,vPxtzBsM,eiZhqvGF,45955,63816,27182,3480,62092,2004
AQieIOUW,IVKYUSQg,nmqRtdna,UYlzpYff,WnscvBeE,keJidEzO,52733,70535,45015,37603,21959,37958
nGEBXATK,yRFqWJrQ,irNtQrel,Rmcqsror,nxDLJLSU,WbZYPGBb,38632,19033,93215,1356,69928,80946
PVIdLeYV,xMZQKfGN,SNSrRMwO,iPPGekna,otczVrAr,gpNTFnkE,83579,12569,76288,57524,63472,1393
TLtXrqaC,QlmkUKUN,GXXCYEcB,ZEaCzFSR,wPBAduCl,LLehKTUp,63222,52297,63559,41211,99247,45142
EawmstXX,DBJDfBkZ,KiExEQix,vasnzQiv,wVwwtoOL,RtacWdfq,75115,33471,94511,23269,49920,42440
ZPxYvUdo,ZgiAdAky,sbwZLQOd,UIdxtrzq,PnfHaowp,YcSSUKmV,25542,81058,11220,58042,60770,37950
BMDoywet,AzbxaQsE,flADzrsF,mcPykpTL,FILXdVvL,qVmPBhqT,34864,32712,67892,61260,27815,25540
WNcdFbGw,kdwFLJOg,hIfwaXHF,rqszmzYZ,YVpvhkyR,qIwwEzat,49962,18174,67678,57636,1915,95840
mjraeZuD,bEzmhgLa,FJSexDYN,IuLrpgqf,fMADeSto,aIfzsNdN,20806,11789,93880,39117,81511,71153
uvCEwRJb,xbNLhccc,fjbcsapG,ScFHFBMU,VCcwgdbn,GyiNCkBU,671,1537,13461,45492,33026,46547
aCIOuOSF,BZvraoTG,cnGGIeXS,DISESRzB,JztUIjde,PnlSMXTG,44111,2276,14429,55641,40662,17150
MFMVnuhc,gegYitgG,EFmJkWNS,nnvSqfNv,pCAXcLex,ZfMQeZZc,55986,33497,14391,82984,14657,96853
DkfayLCU,xQKNYxCC,scCFHGAH,YImXouii,ucHsCkml,YStlLTNy,75796,25883,90140,3943,30372,46255
rmXvkITx,USRcbzhH,BpXLRANC,gBLjskTA,dTDPQBlT,sYcZckDr,33522,35970,8328,99749,30849,56241
YpnhjOQC,AyXoJhuW,psMLDpfT,ymBODvty,JJRvTApC,uARqrXdf,12075,99782,80867,94308,35761,91048
MQgfIhOx,gSFdMyKz,oeYgJgAP,sfwiOUDc,PhStLRRT,InIQIzGN,61624,86604,57341,12727,2763,38193
pkmTiodZ,rgguKivW,nbocnHRk,yMvtQCwS,rrXiMuiy,YdJxiamI,82811,27160,66276,38911,53017,56208
BJyvrepW,ZiaGZjdW,nayPKkFh,ssZxKZtR,TqitcJSR,IonGBrek,38540,92731,65011,91384,31880,59770
DnOWIdoo,enNKxMyn,rulibxwP,vZvuKUlA,eByeRhXX,QCYIBwFx,67323,39115,64539,84062,11532,62577
nxZFcumn,TaqYaCbj,zqIcxcri,zmTulndp,GjDUHuDG,SIzOfJIv,57437,50203,54156,69477,86889,13550
crdxfVeH,udSKBdmB,JHkGNIlP,bBHTeywN,zaqWCABR,KUlevYev,32775,31533,18561,48202,33244,99911
tNmmdZET,JESPKBes,PcCmJtxY,vujrDJja,iqOecpqX,PpAGcNsv,47583,94733,55823,15429,15928,29932
PjnXFAzg,jHRznCgg,bDVhzYAK,UBuuDwZA,WGBOFgJK,lnCIkmcM,77945,40427,3038,26883,77226,39331
pvFWFKnI,ypbHJLRW,vHMzkTFP,KcWlhkUN,uOITHTcP,oNfLCjgH,91287,50520,6498,31322,35390,36478
PkTdBbUu,nmTxRsRw,LQlCLKAg,JoGlrWKO,FgJTjpkt,savJeOMa,99124,13898,24794,5679,32625,39206
nBSbZkLL,DHAzFrRY,jAIlpcNs,IfyafJiv,srwpBpWl,DIGOJmax,95230,15430,25632,33564,40637,48393
NGvPAtHe,UTbyzSqu,KvBtUsNJ,bvqfSGzK,cJSDPZUC,RrGdgtCQ,69060,48659,40779,13030,50898,16753
URKRXEyV,xRJsOuAg,xdsYCcIc,YtmhWXmB,hLryqIHt,FONdFKYs,45307,48644,77049,51091,90962,48803
uhIytHtx,rTZbuLRW,aKIzKBhv,VFhSDABK,IERSsKZL,KpHyGfJV,74122,26262,60042,67977,54318,88623
YEfEOUvp,nzZyeRUn,dLcoIndt,oYpHCFAM,vWduHCPp,fSCBuiDD,32130,33956,75396,2245,51862,14550
joamjSQD,MjCveNVl,FPkjrvzo,zXapnqBf,UYEqrZJH,ltFsfoUO,2354,48088,48357,39021,94443,29025
ciODCzJx,xCkDxMaM,syJcngIx,RJzjMnfU,muBsgJLR,teeQpYzz,51806,38678,55079,98740,76712,95243
vloZiKyg,eauampyY,udNGZFAU,vgIohOEd,iHqjVWrh,PHOnslcO,80250,39063,77078,66255,70949,41293
ryyFOiRp,AWRiBWVJ,ZxllmFUY,uEGbRMas,KvgvNIfW,ckzdZhTM,38707,81958,43799,58422,556,3604
LPFqrAfd,vlaRHpMm,fHcOHjhu,aogVbUFQ,nuCbBzaD,uaHyNpll,43705,55015,78287,4875,64515,39018
DXLYoLcL,yFZOaUME,LucjgNqo,opcBUBTk,swLXSoQr,tCiaobea,15910,44037,1516,7136,19583,50412
sdgizNLZ,NyhlzJFn,RZblOLTp,sGjfPdsL,xrHLjeat,crenACFc,60083,75117,60891,39175,62882,27787
TiJbgqHi,IyNQjfNw,MDNzqcYx,gnIYLxSP,LuUWzsdt,gDmcGXHn,86130,35349,77734,80296,5693,92013
ZdIYQEwO,AzMYJtAc,WDqsqvui,zEYutePA,qKjxLMNH,fkEaERBZ,81968,88716,82333,94888,81756,44017
LRQuPDmc,REJKlOum,qFYSbsnH,qUYIWDSP,UoVlpsst,ELvjziZK,53239,57241,78363,6178,69036,57542
pzseyQOA,XNjGOfrf,FwFfoqLB,KzBaeXAw,xhdPomrW,VLvqpxNe,74884,33726,85058,76110,14410,96779
WTXToass,nqdZzbEm,jCoXdyXO,JJoaXiZD,hMborMez,CgBXTpMp,92604,59988,13404,21343,55152,50520
hoWsvvBp,DDCkivVd,fiBfPhpI,gfBECZZU,jzghnqjX,FgSHWBwH,92646,81776,36753,35640,9063,47368
jSIqXNPO,LhjQLorv,qnvhJeTL,jhKhIqXU,NVcuxwiH,trQUBJnS,28189,87932,56588,95194,26367,47264
Czjsbesx,crFWTlWo,iInVYYsR,fqMbGBuO,eEpamtdu,ohiwSaKl,52975,57117,47263,25701,48699,43407
QjbooNfN,tlPpmtFW,eQKQUZIo,MQSWaEKx,LtFOMzUH,AgPPSima,49606,80857,68708,77520,69498,698
kUlShtbV,POcfZElA,RWWDaWDR,SWtZzyUb,vKYBMbdK,Owiitxgc,2557,57435,23939,15458,35842,49702
iIVhyqWb,hfrXMxlP,MCzoddrL,mRTIoQLB,SCvvCGVg,CFPdIZsR,76931,45065,70971,187,19227,63386
KnXFBcUs,sqGLvKZy,gpNRqWYF,OBbOOmJa,bKbJHoEn,FSJDEVVm,50600,2585,64091,57171,28775,48602
oHpotDtk,ZLDNrgnD,eMMoPzKw,uBgumKlz,AKpdJhHy,Xdnpxloz,19813,68112,88583,58069,70590,7780
zcmHFlLn,QlpDRsWE,XmUFvCxu,VovwOVtw,wuXIqPWz,znQXZxdb,73607,80229,91250,14371,31592,86239
IzYLWWos,jzyDxzXq,fbvtddsn,CwoxEsko,NoddtSVg,QisSQMgl,90491,73418,27602,61039,77105,65788
GbiXHjeP,PzScRopd,TVEVUtuN,mGXxUbJC,iKdpMWVF,XwBvTeXn,25970,21967,10006,25065,82379,46946
cQdjzIfX,CWRvqdxM,puSAdBtN,lasfEpSB,FXBdiFXC,yUzjIhsb,73043,75431,58278,91833,53556,11340
aMQfhdod,FfdLgzQc,WltCltMa,HMJYvhgG,HvJiJEbC,OcZbsgCc,30708,46981,4226,86717,49480,34826
kpGOxRxD,sXcElpln,QkpJXEeq,FvcZmPla,pKNECXIi,RDwfjiuO,52592,79614,30080,10104,19055,98640
FRqbFZRZ,milDmHPt,sAGdUUKO,pJKludts,dVtYwlFX,ezgQoAvf,65420,36593,74280,52396,81241,81374
lMWcUeyb,rziemHUe,ZwKMvbAz,jXlcObFD,bEykWQov,YciZTBfa,6850,38505,72754,32297,4076,57394
miWsFNhV,JUhbkARG,SMWcRRFm,vQjmeUKN,Krzhbbls,RwjNiSyd,67559,94384,23091,42004,75099,36349
DCQKALkb,uaywguCz,NqyvUKWb,bbDlyRiT,ndtOtDyn,eEJCzgsN,95515,44282,40042,63397,96044,68108
wXykrhxm,hXrTIvuY,HarJguhv,BmMHilgO,lNkslDub,ziaPWweM,29860,16119,46578,13375,80756,20337
hvynCVbu,WkEvRckp,hjrMcSEE,CGQYCRjD,DAejAFFY,aXFdExxp,78184,96437,48475,89543,17746,85743
uRKfhLHD,rbYjoLfF,rVBsieTb,QNEucILO,HNkonXBy,OdqGOvlU,69534,20697,3699,49242,78016,54407
ZQIHsfoO,nTuKMmaR,NskLqeMx,wEYBlKRl,sorUqvgL,HWYzfFrG,46194,36348,32606,57187,79712,42316
EBuCVhHB,vPpkJUXV,aLRpFOaN,ujYTTuaN,IjTpmXsr,uepIJRqh,37738,90855,98892,63559,58321,34741
QfkGSKPI,PECtxGHO,LgatovxN,QtQoaQEZ,bkLGXExj,glnGZOmt,20459,88694,29635,26868,95851,39562
IVHNDWOz,CntKyAfb,SsbBUxCW,MrejwUER,QcjTBNyW,dTmsvBbZ,75424,97141,36442,44854,2468,96733
kNkOYPkf,gDIitERL,VcKvpdNf,CRVpawiZ,mQTamrUG,gtCsGVVL,3255,36480,30108,81722,74306,44153
zHzetavf,ndaauPEc,IxfWBeKm,wtdtWoyP,LzWWLwhz,KSYmctKd,76117,52053,87089,73809,23392,83833
qDvthEnv,ECXvzUUj,yroldrLU,IJUgTQTM,ilmcDGrU,oXXgRMhu,58904,24795,94881,20645,98560,62780
cIMkitiL,wmGGpLkK,ZgnphuIU,QkeKsyQR,RnuAnlcL,hpyxKoCu,71792,21917,69054,70150,67196,46969
pKPOjYyA,xXcLrorg,wEpVFDxE,ByDdzdVY,QxujTEBc,WFfJgMfu,11496,15847,72523,53475,54701,87906
ytylRoii,IYqwYCAT,wORyMZri,XZzfUthW,AcXiHAoa,doXNMfAS,43451,99481,29680,6712,90826,74287
EUpquYCS,IYyOyNjE,bYPbOUmF,RKnEgaFL,ssfxmTgC,uLrvuaci,90240,37195,17008,58137,50395,74651
uHAiCWyT,ziMCHdrh,VMEGbXiF,rdBmlfdR,lzlXBcgc,zqYfDaOl,23565,39219,38719,79806,99786,6659
HiWikVrU,AZyRbaGt,SvBLgAoT,jMxFDLbn,ILoTDrQa,SMXXcUrd,91372,62624,70575,4566,99693,11128
tZGpGuKM,CnDfpzOK,YbXncNcL,BKROZnxC,AmIUOiQD,WWqRdsXT,27944,61173,93869,6132,41939,74200
vSjaUPOu,gYOmupIm,BRFNjdna,AICTdyhL,JwYFBtsU,siASuDwl,77471,39414,17927,78233,28671,39411
wuUxtsON,bLbbrrvq,EHfSNjWV,wXmJMPVO,fzOjfEPH,dlqnrDqg,73886,90689,90521,13073,61400,59873
sGmxeWob,ZRPGlbTn,jzmWuVDK,rlzrELQD,GqgZjaiR,tJCsEfzl,30569,54470,27481,89317,93286,2459
WNixUBLh,qOXQIBKK,cAuTlpzd,zuvtiSeH,GhaFHsSb,InDtsYTG,60066,8539,87406,3866,57882,89481
NwbuXsfx,ZhmszXYz,uArWSiXQ,ftuwTeFb,LqnswlJv,GnvvbXlF,44997,31172,62440,40495,55579,77808
cVsgRAhN,QPlXJDIi,rtvwhmTC,ONQjFERA,qOhJaxbK,PFXPwYSi,84334,53333,37575,47080,91971,1604
CpOPxcYp,LNOepvec,PPJcPgpU,YXvFXSmB,QScjJYMq,tvcufNkv,81159,25627,20618,56015,22015,67079
mBSbIzfd,trfHefTa,KByuCYGM,bKmsxzCB,VpqqIYzj,VSbljpQy,94861,17802,64979,31342,69390,68750
SoJFSYJa,vAHCAZmH,SuEumBYo,WJubTZYk,ExcrHfrh,VjqWymOG,18373,56017,96340,64959,9838,93428
ekrNyMyh,QRdjStEa,THfCTvUX,dLCRYBRT,RUDNovtE,qvKKpJNr,38220,21961,80809,60447,56580,95926
QHeqqWch,pHhcCsDF,EzPkBfAA,fEBbRjtE,odIQwVFM,GpxoQTHb,64655,45984,96485,16197,94633,94783
xywKZgWz,EkDQgtJu,QsWVRath,lgvGmAOY,ZcwwNXrE,qNZguBIq,80532,99617,28625,35196,77718,51402
TWXUdtLI,hOIucyZA,jfjiopgX,abnwZsUF,HLAfcWpU,RXDYckhL,63637,95169,48426,67640,10791,62813
HhIXjXLZ,kAFEFGfk,FOQnkkUp,gCSfAZAH,wYZvprte,CapbseQW,31802,41542,20349,51157,28987,68399
HnLTUdLy,jmAnCUJC,BEfIpqQp,lGAFfNEx,AQUFFQNw,dOenFhnT,70653,13693,78742,15192,965,42230
sfHYezmO,ycBtEZrc,RjdUxQDY,mqXVUawN,Fapfbtnu,HPToLqWO,99298,24137,16945,93700,32473,98843
lQuwVWRH,zoxZkNaK,OBgbwfcd,czpXouIQ,TmMruDZV,YRleiYSq,40763,17419,36931,77265,53714,73754
XSFChNFb,auNJeqdf,biCVyQZg,AnEdUXXd,zUFmWRJK,AHvTrqcy,92692,10802,13568,79527,25145,1828
EnkTpMyv,vZcDfzMH,auuuEinw,hkYZTjsk,FcaWoqCp,XgQdPcVa,79674,55377,37091,48834,66322,70542
FooQNWiU,UtzPuKbu,pCkOTXXP,CwQnQmuZ,SjqUyPWr,HbQthyJx,95901,36179,46187,33438,70761,8466
TpboWYDg,yrNaZFrx,XoGMhiKy,wZsQWSJy,atcJCYeZ,wZHKAWCr,57644,67305,56561,47322,94920,1102
tToqQBwS,dCXlNrIi,nJfxNcjA,YsRdtqFV,KrbtJQgm,RSObSpxO,26014,31860,44130,25205,62170,82836
XECdLGje,CorDYZJW,pyQcLdeC,zqOZFVWS,dWSqWTvv,wTWrVxzc,37966,89107,39908,42331,90691,5780
MjzCFvxF,EvXKEYIS,HVMEcQVM,uNIYTSFv,wTlEvOva,RRTnrzUu,19045,99782,63645,44949,79291,28113
IZrdfgUA,QKdFYKwU,GLhMioRv,SPmkjjMS,JvncCyOY,EyooglrG,8311,35019,4104,70398,82683,70934
FDAFENjB,BcJIcMJl,iXzmlKdy,UdLpGbyi,qUbceeoJ,JPmHwhDY,47346,40048,17074,86267,68354,60964
WaELXaYS,kRZPLjWx,WfgWwoxm,ENOXtIBg,pbSjhoBE,wqHXPbIw,63241,80426,98075,94796,93708,28557
YEziVvUK,EKtZbYKn,qEkIlfmP,MuZiOAsk,bhcxkqOZ,RjDVHbBP,25988,69898,27676,53098,11580,63101
rhRvSEjQ,FnfhkJim,joVhSwVg,HLnTPfqz,UEbNwqLg,cRmtdXoY,22470,82538,82954,22797,18471,16588
Gohczhdm,VjzOjECq,qiArklQm,GsmYSkSf,DhkyOKgW,VouCIyIR,90116,64579,54410,81341,70238,75516
YGkFVsNJ,AVcRfBCM,uMyCcpWg,HXWYMLAf,JPEiGDZM,CxmZdFZz,18184,75270,81096,30525,7577,84877
atLlMZeR,VAiLrUNF,hIkARGOE,iKHjwdVe,QHQBIEut,ZAjTULsi,6304,95433,37258,8523,76663,81981
pAfMDABS,tDPQwYmj,kwhSNMkV,VRHAuFXZ,XZHGZItA,aBpEKMBE,88172,52204,92790,26843,56459,64834
aYkrFoFy,HWiDYbWW,kmnEYLxA,UWoSsBUO,cZBdDKwR,MVTDclgV,15218,61160,1308,11203,83947,75829
oumGtFHR,ZLIntVwq,FvkOYPVt,mwXrjfsZ,qYDOaClL,obZqkzjN,24410,54830,49630,91411,92699,28022
HNUOXJhu,sBFgULBv,pPZDPujJ,qtzojbwv,xWbZexfp,qpxHssZU,85928,84743,94747,99054,86082,42915
oGFLycYs,DuCiOKLU,gKDGKkzN,yEUxznCT,kEZMDxbB,TtEpeZbR,10507,13494,18777,44348,35312,17287
xEmcCmFn,dEtbSZgT,IwZDLWeK,voAhHCec,AUedPxLi,yRWNnWay,39946,70942,53552,62135,85285,57451
skNkEvfE,gWhxJaXZ,vpJeDjmf,rXuUafMG,RbKsYuEs,coMHrvxF,40702,2952,65079,23101,9739,89533
xLKfKfDl,rgbZVOhC,RDLBaHei,WIrxzTBu,OWgDdqgF,ToVCdkwW,11117,12817,98936,27351,11518,83849
nHlqSihg,RMrntlVt,jrEGaJQG,jHFHWCAu,AZjZijDi,nRWQjIrb,70833,58775,40202,40431,26550,18484
jNbMsDhE,DFSkdkZB,LWBpwkTB,NgOYGhQJ,SjyvsVfH,blWKKgXt,96442,37407,91463,47145,27950,2446
EiXmLjNA,jByEjTAV,SOJcKEKd,hIrIqOjN,DajMakEC,gvlbBGjM,48771,3422,49615,29758,37215,19659
WoKhQDMq,VMGCvZYN,msKrxNcV,GhvVETfe,RPFfBKTP,vNGRvKFd,24453,46069,21181,95663,37751,72766
JpRMhrnp,CrAYjiYH,vvAtmdvu,LbNTDDuu,QJPKKiwr,MBscvqfO,54418,56308,20318,35361,96741,74964
uDlVBvvY,eIkHzlrI,rqJCaYtN,fcvvcTLq,aQEqBaDj,OgbEgkNw,79305,3889,95750,4566,24373,84152
wpfocXVM,UxQXxiJb,CsRaVkRA,wtuZRAGV,ThmKUbxX,iTLfCymS,82864,27000,32223,34224,98589,69497
pvzsWLkK,sISvDppb,zywaczUu,tNAlJrHB,SKeobTgA,oLbpAfyW,60499,19446,10404,17405,45695,16496
rRzKLAGc,KlKexVVF,WpYWcbQa,JbDeXkXa,BXBIOIYJ,qONZYalX,53810,46584,59987,29438,27766,53349
yNXWJvSr,RrftKlUj,nDQaerFK,IrGhPFfT,SUUdWWtr,buiDVLbp,25899,7498,80728,95866,54366,30107
sQJYzlDc,hvwpcMTz,XrDJQMXz,ZeNzqznh,yufGRtuM,mWgsLAdo,54013,55368,80338,92663,73361,48103
eqnJcCNj,FFIVQyOB,lqTJcsvy,aYZnfVDS,oUdNcxKO,Potsxrzx,51502,89106,75425,46760,91564,10743
GvbCfXqe,pexSwgsX,zZovRkbl,UdwjUIfn,bErfAhSf,TxRzCSkC,8054,60950,44084,28230,65514,97600
SAMVWhul,pKZsRauj,EacATrJm,EkUeAIKP,VKCczvil,LFpynsof,40922,97972,14948,94280,9434,56599
NFNxWeBV,FFYdcQsO,dAPBBoow,PiRXSRDO,rCBCcKrT,AwHVGkfJ,22911,21769,46337,64887,25595,8478
TutpprjO,QssNCwDu,SRlWiFyz,FnhgXoBP,GIkYBDEn,etYloUdZ,86726,82755,76208,31966,49021,42105
YdVYHFcp,HflcsjCt,inkRPVsH,dWyHrCxG,MHaGizGF,oGFVMrIq,38707,8744,77662,36360,94545,78599
EBNUGYhy,BTMwwDBR,PyyjyhDz,LIJjZeSX,gGFxzQbB,tAtmmkdo,9331,62311,27445,30239,80841,4707
zAAQlWoE,VMgEydgV,cgvoWUNc,fBSiMBUe,kCxTSRDG,KocmeOUO,61294,52196,63663,72314,67339,96980
GaSIbbAy,jcDjwxFz,xTnLVMQZ,bwsbzpvZ,KVhPPXSl,PgCMAhqL,43889,70205,79084,75452,27312,17558
SbEkMyqr,tDhUsSsR,yGPUscaf,hcJNawUA,NVlaPCma,GjAJMimT,66887,97870,63822,3731,43250,58680
YieAjGqV,IubHWMrm,cOUFFZJJ,fHKFIppG,LeeUkCex,vONiGsCx,43338,7221,28762,19677,96512,20653
JMfXduGK,HKAzNVcx,oFamrKQc,tMKcOMbo,CUDOFAUQ,ZWOIXFVX,9214,37706,39906,96837,78876,40988
sWovlKkq,VAHTHXRg,nwIsfHrP,liyTMOuh,PFqQDNBv,BOOicprp,94806,80395,74215,51188,16572,45376
jlrdmbai,ezlmpYHC,linTQPBP,KcVaOHpX,zYBtVtOX,zrPeFKlQ,83199,60074,10225,76283,37122,78250
yHMNwOhV,FSzWaKXW,SnBoZilm,qJMdvsiG,EaQvrTiD,YaDbolot,66752,71729,37156,58315,97106,26076
oXXRUqnX,pcxKdXrQ,mnGnlFzj,CwamLffc,IaFKUyUP,uXBuxPzn,3877,13267,89381,94978,79822,54012
ZgxExdta,leLZcWxa,zsSeHaOL,SmtBnLfW,NNMitEzj,jYpgOWgZ,74856,250,29866,32656,99993,40028
rzobBIDp,WmjNyBmB,dnkUtgVH,AZTEihsY,SvgWuubJ,JDZhTkBB,96646,3524,9505,33854,36582,72206
zaNQcAVt,AerVaLge,MXGopvdi,JPpkcmpW,hzOmESUd,SocEuKhj,23453,65755,53081,29765,43662,86681
moQWLDAO,OpkKIQJE,MqxniSde,FuGZIUKJ,MYiDYsuj,UpPgFEBG,87758,95806,83557,83374,78909,67306
AuvRKCQM,lJQKSejn,PoSFZwnZ,bDAwcSSG,GEqEmJwW,OirtHYRS,23122,732,72207,62802,85330,82150
sSQvSViG,nEZfSoFM,WoYxHkZa,EprhnhJF,IotqfMWr,ZFswwWRy,11477,56144,56519,98024,16714,43059
QWDMixWl,mWbUytrH,nLJxIvOi,CqefZnYI,SzMbApEO,jyccPJiM,54612,22448,47650,37457,4798,76666
anpumshv,WZHaKDrX,KGjBfvVR,MeBFwpSX,DfBvJJpZ,dYEVAlSZ,48834,98295,5709,65293,91962,59712
VbcKPxPf,YBEXvuia,akvUKfTz,hkdtUeLy,XxrVmCrL,cwqtXYgI,33355,21272,51045,14148,72730,10038
XeMFnLXB,nHReiWDo,tpjYbSFx,KxQkEefc,DFBPhNPw,MJuFhFCL,34985,18394,51545,31100,7142,64562
vzJzqVee,NrWbFxcu,MjudQFpe,GyXjcDql,TgriyUPB,UDLxnGKp,79734,53326,20526,83213,96785,54162
QNehDbXr,CraXtGcr,eUycubYX,HSLMydeV,KZISRTRd,blPIXEkB,8459,74270,1573,29012,532,45285
BzeFtaFj,IiViBXDy,PmwXJyCR,tWiyCONX,jZMIvKBr,BdhdJXVm,93301,40640,19609,17682,63340,83021
qTDrvYUf,JtEWhIGq,eULjfmgM,mPIGvXAh,DtqHqrSu,CYuRUZOR,90556,69960,89212,80824,79960,49554
KPfzGfiO,rdXkAOEs,bGqqudog,VYRsMcIP,pHCUCIxU,SUiRKmOd,63523,26801,15586,27571,96066,59957
IejhvKDV,FJkWsFrT,VyUhPrUg,OvVpvHfp,Nrhzuudb,pBaDMpzv,11039,13922,17846,97439,84566,45845
BAMjeTlR,AzQaAGkU,ChhABEzU,jpGnydJm,ZdXZCqea,QiIsJwCX,36838,88846,39146,76639,99232,82623
uuDbyYXB,JmjMhXxc,FGLdUMnV,QwuUfAdC,eEbJwcSk,MUCIIOAL,75460,26953,21428,14424,4069,9148
BSbbiszk,iDVJivtC,HHyTammx,mufUxqzY,LGruRKbb,lisfLCjr,86943,62750,35752,95649,51417,45116
raKKyKVs,VzLYjcxx,TnjHplhr,nkWuHgBi,ogekyyJH,CFHooTrA,18773,6117,54972,83940,7096,40636
PCeHoLIv,GsJIFbLf,qwREavxs,pzODEarV,TxxnnedK,KfOaNPAq,25819,90523,90176,43180,97186,33183
IHZmfgvZ,nmdlaHYX,XcrPuDIR,oNBrLyWo,chvmvWGo,gpUqCwZa,59612,66648,43585,99213,57494,9215
tBfVluoB,wnJWqath,ClvYtnrT,MYKeCuXF,kvlYMUnP,SeUACzYY,13665,53698,78647,13971,40289,38096
ZHWeYnit,mmLxFfFX,gIvktyAr,sQesIzZK,zSgyQzSk,OHtNfiYM,555,35481,10405,45422,27514,74892
byybosaU,rWERNddo,ThyOVjQP,RThiNlJV,TGKnGpAm,EsJfIMgF,47303,74824,18609,39690,42801,37998
dvEpOWfr,ShSNYzlr,NTQbRnWl,wRvITOqd,nCQNDzzM,XyubFiHO,27006,48651,61828,96971,98116,26605
WuIFLCSn,RQXlsKtk,kErcVqBl,xTfUREOJ,vALPCdvX,BvqIDRlB,55662,8875,57325,27391,80838,5062
XnahqhcY,OCHjCCRc,gboiMayf,MDUwdlFi,XufKfpNz,AfdhLNbe,52892,42615,27711,89272,72442,77880
dlnHxylE,tJVRTqOZ,SJewumOh,SfDZicOa,XENlbBDr,FJiZOqJI,60630,58857,39029,48175,94007,43440
FMJbCbdj,zchyfuyG,mywwWPJu,azXGmNTD,YtrDnXIe,yQTwBAvm,587,26558,63483,74417,10536,22799
DRFuHcff,ORlOXcWZ,LkRmYaqJ,kZCMtoWc,oxPxlHzd,kTxweJFs,22912,74668,77638,54060,41714,67198
XwsFbUvs,iWYMHrVj,PCagwFyX,AzWoqOSo,eWMMlSDg,AcCvhOMz,56624,5426,97738,14574,76252,81487
gEkCOKzT,EVJtBPaU,SaSgNlcP,GtRMUDlP,OOchhQve,ZTROujfO,75290,60891,19379,28019,72450,38402
yIUdLqRa,DeHwaBWN,kNSFwaJl,pLvlXFjl,uuklAlRl,oKGkeOYC,85232,62378,36942,92994,36322,32367
UhaIdYXV,PWnUoiTg,KpPxiKwK,PsDBqwDk,ADnUwqHY,JzBGgKZu,69470,36589,19156,71964,7867,60401
rdGueSEK,IHggqvoI,ANQeyGYO,aiAJsYgB,AWubYakI,aoiVjUUD,77263,38618,10490,17379,54321,98690
EooQOOzv,hOtjFEGK,ClMVKnQd,hOuhuRtm,SZXzgSxy,JIskcnPP,58477,23308,40795,53869,15848,67442
whOZfPnV,EaijHMML,uyxPCoNa,QwgYAPxY,dtHcGHqa,PWVFpJGB,70556,55413,74774,9534,5986,71242
hVCnfjbm,ddhPcMjc,OLTMJomp,LAoDNUqP,Uhzlnvgb,HlKsarwT,5457,64865,33506,74180,74483,39252
bfYZUdIZ,kSnuBkkp,akmWnthl,PqqGPnQZ,RUQMsyLX,zkGAlwUr,12209,23702,19069,17143,61200,12560
usxfVWtj,eXkvwzIW,AWyBKXsU,aMicQbOK,KCTWmtqT,ehHusVkF,50256,37990,26737,14081,19313,61946
byuqaaDi,zpGouFgw,unSAYYIK,HnZlqLPc,kLgQEUnH,hqVVEpkZ,55917,45840,12561,95620,50174,4858
LtzXVCKz,ubRvbOrH,trPUfrCc,frdEQXCF,KWvjJQJW,uEgSaegO,50178,81065,78136,10896,21751,6455
CrsxxkTa,kSmZYbhf,eiduHvoy,yVNHBLdL,VgCtiqcZ,yKPCegAr,79781,91125,90067,67163,55412,59195
ledAYlgB,RAjkNfFY,NZMpbwdK,zDjSZOfg,dmaKPPmq,xcqjtHVg,46140,45964,94114,13801,17462,26587
vXtwYVBu,xAcCPKWH,oUfnNdZI,GcorNioZ,AbSRVSFM,TZhPtXLG,829,82714,22080,761,2733,12580
DGipoLNj,ncDSLOUx,hockBfhE,LNFqwoqa,wlUUOVxx,iicjFDyi,68356,89816,97972,65662,76787,9402
KXMPRFZG,hsJIQarT,drjExCEc,xMmxHQZb,qdaHzvjV,ulegoiEP,68451,32664,76181,57851,58495,95011
dIIUVeZg,mHdaXQzR,bAVeIKJW,qDttfgqU,ppDKeLxo,CkkGJObG,20003,96928,9379,76848,62963,20281
bFulPULi,JTtCYfgo,iFCGFral,SUJIRxqP,cmhMkkTn,OzhGaKWz,47635,57444,9623,85808,57851,85160
iblPScop,ADUZBYJL,wdAVIDxN,AWuZLsHD,RbWqWlmp,XQNaMqGm,95164,39130,74105,7955,57900,92433
UCifaNmr,qpgtvnIE,CAXkCcWc,lLVaLkpw,ylbcNwrS,KXaSARxg,1940,88447,34546,95037,48125,3951
pScYCuLm,YfpIJMPa,NJNLPBli,OXvvoXrC,SoHZDaQT,womWOlUK,76779,35651,11221,67428,51706,73255
GzjgDeFf,DzTJgFVK,wsqhzSgk,ExmLwYWr,KjfMyEEe,kFUxfChm,52734,96070,21712,6603,75455,49676
ieorEDXF,tjJXwrFb,kCFKIdrf,HVXaPLQf,ESGiFxKo,bLWOHcMb,9733,61993,74941,90623,61108,20057
nnvEXOWt,SoCyrIXl,jKCHJayo,UQHFiaZU,PkNjztYl,IQXEbicz,30344,94681,52389,48610,12522,77096
XDewkQut,vPzsYTZi,DkVqQQgw,QnVkOshr,TNeKWmVe,FKcBHJMn,13112,17903,66790,19961,50533,93246
jeeUilcF,awVmEpTY,ZtOBoKld,wLWMtFKj,ccidbUwS,llCerRol,48588,26138,54718,83432,38023,16289
YiXXgQXY,EgNCCvZQ,sBUCGGDw,OdKxLaAX,njshIEYN,hgARbSzO,32039,4934,57287,18189,45440,75341
tLzAJIVM,RkglRWHF,PMtmKqHQ,DdZqMWnq,bojraVUH,itvqNPbR,94919,30969,51703,2757,86140,96974
nmHsHBrj,QMHzdMTD,IwHMfCYz,VAlKDMoK,lDWPfJxv,BuTDYZBL,36338,99503,68670,64395,39208,78087
HwXNvZid,yIrPDjFO,pqsqmFOa,FgkrHqNO,awPbMLFH,UkdtVEux,74704,22684,43842,17173,47301,38317
iTmmaUDN,QbbqLriw,snIXvZDN,qizHtRSj,qSRSLzpo,TnrBlNMk,25559,17496,99556,19542,96642,92263
LchIVkXP,voHHJwgo,YhiBiRHv,LaubFRSS,vkyIeuIM,RncYRGKP,5886,23715,22528,16083,89831,89244
WsXmRkTD,EqyFGEVU,weewzlKo,bbZflsgh,nDlQVokq,EZAlhQVM,96765,75690,91471,53652,44520,64381
IFSMzNZw,TTTWasnE,bRbWdRYg,PJhFaUEa,vWNsJplo,BiGFffdG,12219,44394,98599,9030,80168,13115
dZmrtnvg,DFostNiJ,YeaBGGzv,pTkKFTlx,NTmJuVox,VBjlSQIe,34026,14196,65769,33004,34328,12641
jPlcFxiy,HCUBDHMZ,lCUmiInB,hgCEOdCE,pNBvstPg,ZsoTzWLg,33020,32780,59392,79963,41733,10067
ztdeqfKZ,BjKlWFaf,lVvJrXON,GKbSKMAj,FILlKQiZ,DVQlOPrz,11492,57925,55706,71799,55078,37545
IuonZDed,LxKQdGRR,dUZHksNP,tvxeKWbe,sQSzBvgl,DvwsZGoU,38821,92433,50798,32842,92890,27884
kMvMTQEt,YUEZmXuD,AgDEYjTQ,cowAgYgz,ZHCzETkc,NUZYLiiA,27109,10866,40150,59467,73050,39194
kVAExnQH,nJzgVAHW,iBBkfGYs,ezQBSmRq,ehFeyqZv,DbgiIDCq,25930,9944,89098,2191,12890,66431
EqmNnPxG,cZmmTlph,fzJSoRdI,wyweLXzQ,gfzFOhdi,wLKePzWk,94464,95832,94172,3776,46856,29229
bRyGinNt,KPCSLexl,BzdlsRji,bRFIlpXF,JrlZoaiw,zkupIWWe,57396,91527,15888,82270,69974,15486
JvYmOTnS,oXoNpMiD,rLouMpgP,TsbiZIOQ,EUWjthAE,wAXluhnV,7159,8638,63546,96240,77854,85581
yAUQxJei,FWqdoMWQ,SLRDDFtS,zPxaCvRv,oRpaAvka,irdOFFWL,2565,69569,12167,50625,26896,17275
nKHiJJHG,QJlYzpzd,NEhAyywz,ixqjEZHL,uBkENIAl,yjGgHJjn,79738,81127,97413,43621,82028,4170
tTnEKgYn,CdLLSlRd,LUSabPbC,NKCMWbtR,SQxCDzfl,kcQRYTjw,98537,19562,95437,23294,57719,52849
EcBqiVpT,idxFqYsC,GmIWjwte,IwnJPGgA,zkuxBdHX,OWprnLzx,59458,30883,91000,687,68674,5630
YfHCmSbx,wBmMeoAo,gaxeQCYO,GiJDgmpA,uzBMTHSJ,TLDgGYKt,41216,21851,60338,31774,12703,1219
LrYcKJAk,rnoROrvs,ZAloKtno,gjCnqgPU,xxWvJamW,oHlbUJdq,49493,20799,66696,17027,17219,12366
tRUPMflI,hczKnDvz,ROKuQEgG,pUgfCbdA,XnBKqjFQ,hCIiabgz,65175,45815,13546,21008,33577,99792
EQCDrIdf,XLRTMNPm,nNzFbISd,AbkNBRjn,yqrTkORx,rGSaqGiT,75719,10339,16923,89495,7277,93098
LOmplBQw,gEXjqfof,AQIvCCty,GDapupfv,woQjvhQc,XMwApdjQ,18566,43105,8041,95753,18195,51940
CJdQEdzc,lPsYTZdu,PbTDKEUN,VDiyAioV,uNFGCrAI,sJouHQCQ,85763,56717,88830,12430,45206,91754
sdXkXbmc,HpPstuDm,nxsUUObQ,HScEBaIo,PZdSdszF,vxoaEMca,39878,86323,28055,74523,94303,85264
IBuUTyMe,ADleawRS,ijWqYjAP,IMSrQBur,qKGikJWW,sjmiZHzn,35166,96228,66854,17489,25909,79792
bYuDZiBU,yMvtOKWR,kOjZeAhk,oHoHirtG,IfYXTrfK,csaHIPNW,13101,63480,9307,19493,80215,81201
oFuvNzzf,SakeFVkL,zXrjwZRu,WjXjLCgD,IMiiFgdS,OtcbDWZX,53316,34232,44296,52561,19215,42756
UZfYUTon,GWfGkyTR,EtbjSSGX,ouCnCqHn,YlIhadGq,gmEEDSfA,92376,92765,21963,90600,85387,69960
wFPFpRRh,LYQTxqkk,JEqtpVWq,ohXBkscW,ubdUpFHS,MNFEXanP,24459,346,45660,12749,64454,47497
nxgixeWX,ZxOEugDc,PwDfrxpK,OSAKnklB,EvQNnBuJ,gbNntizY,77784,50320,28096,37260,77052,12163
iTmElNZb,LJRvSGde,pUaeMCOX,TrSLErOV,MuWnNeFc,ylpbGxFh,46823,39177,87518,64121,68276,29495
dYbeFOFy,ptYtKOms,nCcLZEfd,uVHdaSYx,cnJfPSHJ,qlumlSVI,55712,35879,91593,85887,35294,89571
aIKEasQE,OflLIfaY,apIuIIHP,lXwfJCSt,LVBsCJAa,JjFowoVN,33675,54290,63713,5368,39952,8410
DcOkChQt,ItIQvfHT,NWLHBnaV,jOmicyTs,RSRuWGcr,ZSRqLbrV,63140,47372,48860,83564,35910,53074
eXvgLKfY,LBPZSDhW,nHHGvLME,yogZJVlQ,BTMCbpfx,PlEhHXsP,21971,16839,32864,57812,5426,61840
XEWGaoag,noRYwnJp,VZjQVDUQ,IQvabprv,otYXYmla,vXDXfMVb,30052,81620,35369,11976,11160,5461
eFBWEnlC,NVpHmYFc,PEpXQCbT,ETrmXoRH,TMsFEdej,UYycgyhM,2355,81480,91050,95187,76635,15465
DnpGeRqE,DZMNiUnE,idDBNkAq,PGDmcKnh,TVdbIHCa,HzUilTeH,89687,79638,17216,10320,47758,95253
wemSoxKY,xgAljbuJ,OPwzmfFf,GyFfTBvD,amLQPlSa,rGdFevBU,6063,15653,50131,15218,69733,82219
GxCvQWFO,IIdleoRl,HKmxKAzP,UbYwpLoO,uQpjTyqY,cTdRfITq,94169,36613,89623,59094,9530,10225
tTZQqpyX,QybBbaTW,XJhEMeAc,uEXYlvLn,JyJsuXrX,wEsMcJEm,27246,77111,83829,45247,47726,55393
IxGtdOKc,DFuzBwzO,CGsMQVqw,BssCIgIn,IpCjEJLp,tlSxeTxN,67074,74351,11212,38108,23517,99356
moOxdltl,iKzsKViz,ilAOAGvv,BDASdulT,AXscnQvs,LAXsOHIF,59315,34457,7683,84033,20368,24399
HptiHJBH,aASrgNQQ,ZAJOXHbI,LTmazWyB,GlXPqcfQ,GqOMMdIS,50938,79480,5652,34210,5376,45722
IBgBkFYq,UVwDjxuL,HvvyaIfm,LzVvUSnt,rEQadwxl,stfuVTma,33538,12235,79670,71073,31537,2668
kfckQbLf,REzfAnfa,SzBcNtXo,cdUmszWQ,YDvqYcov,sHwwLDLu,45920,93443,8630,6852,59369,40112
vpmSVvAv,UpyJvJQm,CXzbAYjf,xaRjUrrd,MKwmZpSQ,PouWNeIX,89871,90920,58633,55164,31608,56184
kMhMauVj,PrYLPSsi,zKfEgzmV,szCZtjqZ,dSujmgVy,LZLwvfFy,42290,42082,20660,23869,55899,47705
HRLxsgar,LSZcniUA,UZXUeBiF,wtNGIsmi,earyoaCm,uLBxhsip,27483,87843,65388,56225,8984,28588
yuwEJfGM,mpWaNRib,yqXJCndp,acnwlULM,YuVjNPHx,APeRyMpA,80212,65767,44299,22433,72208,5817
iPmHMCJg,LbxmMXbh,gpzRPRsz,uSfqsWZF,hWfgrDgu,SwOFVkrv,13216,57653,28480,41040,52211,39227
XNqYMgyV,HqaaPQWB,fQsvJvuW,vMztTSgO,kwmhBLKc,fLRhiHlm,65703,51202,34796,92588,1768,12494
VLCwVSuQ,TTjgCWKA,OfXWYdSx,GwfcAynr,cBoyLMkq,PaBGxQVn,67670,90465,65025,69309,38266,81022
AUNMHwyx,lbaurDNd,tsBNyEjq,NFNYrifH,IRDmLlTL,gxzsgrMM,6290,7861,54715,91022,61481,98972
gJhrUoUP,vUndQNBg,CqIrMzHc,JTsMOZsb,CMtXlsFl,mqLMoUYD,21075,36386,21234,65146,13696,90359
AeLXeoCc,KVORFlIr,rdMhdXNZ,WfzidJRd,pHMWbqhc,PRroknal,50676,72296,4621,33732,47651,9848
QcqgORjc,PMzqooNl,EIedSHIb,qDBUxlYf,rSuhesGI,TfugfckS,72972,60832,39229,49581,96592,51623
IhZnZShN,wceSsdLD,KeuMsjpi,ixBaVODx,LjqOIzXT,XqRuxEyq,88923,45910,29093,87577,53816,32774
oPcunEFh,DMvgHymt,cqYYRzrS,gLHMIxnn,ZBONLWLt,XIoyNCtW,69754,47140,92586,4694,51882,35976
UWhKYyEq,OEvxSQsA,qEDfNKTO,cADiqLRu,ThMhdZiv,vuRXAPrT,74785,8426,1881,85124,94204,87510
KumNYjrH,DVsTAwZd,ubzzeujV,VDswwSEd,wolXPAdz,IAsiwUbS,43421,73731,71925,14662,65905,67961
xOnqwqvG,RPbZiMjk,azaKGmkG,hclkMVBx,HEiupEsk,AZupAcmP,75269,20566,88271,95335,50053,84766
iZFURATp,zZiTnFRs,UjZwdvfi,IYVviXZc,bZIWVBib,CASsKcam,40506,96323,37440,91788,67490,34965
eflymIUZ,evcHWToy,SsJYrNzy,lrKTvQKb,jQaoIaBj,CGYXGuxf,55115,82076,42312,88194,40303,78745
EygAsOGj,wGcnpmgE,FMiANxnx,OrYBKtsW,fVqneWxQ,GcZUweaU,23732,26929,11125,12354,9372,91252
sItlfHiM,QAZGNMLl,OLPDPqcs,XrlksDHh,wbXCfCDO,CNrSIQPQ,49929,18815,49975,72465,80395,64716
vxPNWzcf,CtONJhvI,rvMopzIo,IzwWUIeH,LgPYreUx,EMBXPfiY,31572,4419,30672,93435,75483,12378
nWAJwrhp,BapMkAGQ,jrTJnXnt,DdDnfTKM,QjZDewOu,tsAmMPho,31940,65815,41210,69115,60428,52163
xjGoKiun,FZTcEDyx,XWcbwnIs,nBltjRnB,jzTPOsPG,lugqPhdY,62897,42516,86754,75335,10098,70218
VIshlITx,YtsPfZwt,jiUqdYZL,xHZtDhpa,wRNZoEqG,cgpSciqc,50950,88878,85143,10538,39866,54551
fODhboOX,kXxgBiXJ,JDcpOeMX,aLjVXzBX,BiHDYQts,EPufoSBo,86605,2703,95872,90957,1582,75676
IdQUbOPe,ewwTJcBl,nQrfqWAL,eAadIjYS,tqEZAOFp,VTIbIPtj,28059,12716,9016,26599,28631,55032
XHYRndfv,ltCvqYgg,duOYFFsy,bfgUDKmf,LCHFKgSF,SYhlACxt,55547,84355,6668,74102,18574,60284
JlHpJrAN,ieVgAyEy,BrSRwwQU,eAvGnyNe,QRCOQHpR,ODsanavf,76942,16761,9514,1539,75806,37695
AAcWKtkA,SXFurjHN,gmewHVep,RjIPjGuF,uLLncNyP,jPzArnnt,96802,70931,15285,84957,97098,82654
jMHnkGzC,npTrVPCz,NmEHkHXv,ZalUcWcm,KaAocyBc,hKDQoyZo,58560,45264,30852,40911,50402,65026
pMlleuAb,uGhKbcqy,gvitqRWw,PPFNRecm,kVyEagLS,vRKzYGAb,65679,43136,44878,3671,40782,87478
AKXwSMwK,JZFcTOwb,ZiBfLDFj,prCANsqX,mTYkJwNw,PNUjPoYs,50814,5232,70527,89606,98099,27926
itAoHhuM,HwZipgVa,jVVKoJfl,XhYyVASP,FIOqdNUE,YPHLBdVc,32534,57952,1742,24164,53172,82595
oNPOJRIs,FzSxuIaF,tcmNWIEE,CZodhBGx,nDseARZK,xwzeNgqV,48233,49830,10357,7729,46057,90321
UnbSxpRD,rVpWAPuL,hbaCeVwy,EImlttIK,maJwnhgC,mhCxtaOw,57516,52518,12500,39337,83379,78581
jWVSuMbj,RsSVYTQI,efZjaaUW,YjKgnafC,PWvofnki,pexEkszz,46470,38933,20356,2646,58272,45487
xuFWCHal,fPeuUOHb,WSXDHmmY,NlqVKCJH,AaxFfOUi,OgZPaCAZ,96648,6757,46423,53452,52886,17065
QbAEsVoR,byMzXEGe,tfmyXHYu,pVSGTTJS,vAhmMkhC,oJnassli,92590,12660,89312,20603,81467,2359
OsEBaRWc,azYMXJUm,HNkHHFiZ,nYREWUbb,TBxfVQuH,BHSnoPkl,15248,63877,48341,28731,82801,20494
wbzcIleM,HICMXhUQ,gVrRqOrT,yRgQzDUU,zphdMerF,rQfxWBkL,45183,48697,29387,37511,23347,42642
SjjQJZkK,RqKyyJAR,RfpBCyNr,odYfSuNm,qodVSUuq,rBwHeTGO,62682,71375,92345,37650,7602,35507
LJOJzAMp,lBLykEhv,GjOFIVUe,zkgELMnu,eyRZUSys,OxNULjRh,226,40979,42764,55701,38058,63922
fNjArqvF,SkoVQBRz,moOjfOHR,EGRJyiAr,aQPtugEA,basaCubB,63555,89923,50319,53490,12452,39357
cWkeLJSz,smimnrYd,yspwYWWW,NFWIRPTb,RWgDKWRD,rzpSgJZh,39643,84428,90214,70463,89798,2098
iTNSsMmC,Sqqfducv,qCeqYWED,RPiRURHL,fYXPguXu,MemVsmiW,77019,40731,71439,13,7229,51207
sokaYAXJ,czEmxDcv,XlzyCJhy,SEiUNNJm,nJnMlyOH,SoJnLKhy,69963,12486,53935,53463,1178,59914
bJogZPLj,hJmeOUzt,tAAkCSHq,ecKuvslX,wjBydGan,fPmQzAJa,83625,11609,62745,83208,88730,53059
XWZbfTZg,nenrbHHX,ivJIEluP,NGiVUcHJ,cVSlWGNA,PieoWHtj,83201,35270,453,52447,36266,42
deWSgNDh,QkenNPvm,atXFfRhR,GKXJhrkw,lSOZMbxF,xLRYnBoJ,8499,41173,79302,77784,16980,50546
zntGzghm,BzkZsBPr,EophKxnm,HAwBwhWY,bltMuRNJ,MALRzEsM,64838,18995,95582,51608,78287,79170
boIqKjmE,YdJnNHFi,ioBLikcz,WLiWCHQU,YCdnLWPC,lwIcwNim,52708,91450,19525,2648,1297,12174
qgulropZ,MUnQgjrK,KbGKOcqc,beGCguLN,QiJFGEsG,bosblmEk,52664,56419,29675,53538,4043,38326
yVjHjpdg,hVleoKzG,HWSfixHB,AeEhgmKF,LRexJCeA,hjOSxKUl,56530,28482,49886,68545,84106,89106
EEoAqNfq,DNOWywbV,VscazZEd,auadcCpQ,nVhIltXc,PWLbenjW,50437,69661,31064,25524,14304,48654
VvLjCQzt,YhPbiKQV,DnQazkpV,AuqiushY,AhWXlEWK,LaYVxvaX,39464,72763,80348,37943,21757,2614
FNZBjXrH,yMLzpdYn,PZJoNYZn,fufTVxzI,BzzUSSvF,fpAlWwQW,41551,37822,87207,8695,92459,13292
aOlDIPdA,FWIFvklw,XcVRwQko,OTgZvtda,HiitYvLI,PeArypVO,76082,68702,53044,96791,58713,83924
OdgUtPpZ,PmqylIjO,HwcsZWcG,VnnhcxLP,Ekardhby,euipTuvZ,4609,78949,24621,29684,20807,74496
GcskvYfZ,cCWjQtGx,uEHxEsXZ,cxKnvkKr,XDFqXwTC,fHlNULYr,34323,70008,5167,20619,1873,94290
cTZAjmIO,RXatKWGO,WbKRZcJp,frqAQisV,jiJYfEfV,fgCcDjyM,36442,85334,98194,44782,47085,62722
vHmWyxgr,DcVXNASW,qMUEXevp,VRHisBSH,nkOvFnOu,SSNHGiJU,58326,18721,99772,25425,27680,60288
SJUxLBZN,DHZEanYU,QOgTTdUh,cIfLfQQX,vAFHHDsr,GVpNHcCM,14515,39132,69326,42679,62152,4256
ahfDAgjT,AkIeuzve,QcImGhXh,HQlerlil,XgAidWav,dYgafyXn,95168,87252,34434,63551,16538,20653
rXdoScPo,vbYiAbWb,gDdYaeoh,MTZPUZZq,tUdleXhc,ikstgSlI,84372,66492,40571,64301,65759,48872
mgtdTJBr,dpgYtmaq,MxjMDsNq,rqFgPpgt,LTvUemDw,ZfUdzrTD,18109,59612,32639,23672,59346,54328
kCvKiXAI,FxaKFaDo,oasvfqTe,HEHRJzEO,JqarWgJK,YyaXRYhJ,60334,28001,28865,10037,64594,62696
AEXdDOZk,iyJJlkVH,bzFpBTDK,QwaWYzZO,AkCMzjJs,geaqIVrx,72718,76412,69650,60604,89349,3998
wPptnHNG,PJiVddiX,MFAmQvIs,UPcKjKtO,YitenJdQ,bUZCtLTO,74554,68957,94096,31240,76036,60750
iGwdAwQk,hcSjtSxJ,ovFqfHnQ,ltMLivpV,hzxIwQBD,TNRcKhRZ,97765,33727,90331,34528,51361,19742
biLqfksD,ozicNgUT,YcJuCYit,UlQnQvhB,lARVGNZE,llzFWmCE,74350,40797,67471,27054,52595,99066
BanHpkyl,YNnQzJvG,sbkFjOgB,nxfuXNLl,UDhvQFQu,oPhgsypI,96356,73606,52330,29191,68910,30247
NTCqYzOf,UvZKvXQo,VUUMFoAL,GBIewLSy,lfukOfjJ,vYotIhPF,47744,81819,43896,35742,29188,64759
LWRVRxko,seNaAGNY,SemLieCZ,WyVwrNIs,YckauvcK,aqECwNKe,61771,69187,12110,70389,61143,27475
vJyWoQkO,szbbrTcH,cRdbBqOm,euqXzhbt,MMfsXgYc,pGusRqOp,72656,54801,82544,9562,34448,73253
kEqdcCuE,jCNAsozs,lftJOfud,NXdYHOCb,yIxSwjcF,CiPAZdJw,24817,63298,87543,36830,41757,68953
PbDNooZD,CTEVjCRP,DoiBBWfE,QPNazepW,oFRAsLCc,KrCciiQG,44155,91240,6930,68166,28510,58612
HrPsammT,HNHYVkGA,xbXXASrI,mNuRLsWy,AgpZrerG,FhhVPFCE,43653,43429,36846,27979,26473,97442
xNrFoOTo,WvdVAzxw,iOoXrFvJ,DdGpvtPR,LxtuaXTM,FVzqxdKT,6630,51861,20374,79976,72186,47712
UCRRFcKl,LdxTDQfG,eVXfuyms,RMEWbwQc,ihHIQXBx,Wychqbap,94152,31106,34645,25410,27650,88252
HfXnemot,RMLKjcQr,gjpHYeIo,zSYycWdo,FYmxFqKq,fQpYyHLK,27196,59994,56166,73248,1498,84576
rPyfBRai,pJJSDwDK,QEABpGwD,YPPgbeiB,KdLUTvSa,AAunrInj,21937,37213,94143,4058,25382,43695
alPCqjko,CSKUYHfQ,EdYaMojv,bLYSpYgO,HdSXvheQ,QIQhxlBt,19242,28247,96736,1396,17323,77126
kYCOmCDQ,CXMmdAqw,JHjvhHvA,nIKYoicE,jtjPIwIm,KGxsHXXz,67432,6798,47678,95970,7302,66488
QWAdpuaU,PoFKGzYW,yDwkmjGx,NTzNahCP,pPEpSsEk,QuruGptT,2401,62216,19628,40503,17634,59378
xwLmZwRQ,nNSLgSGX,CEdeCdRO,JlILihNe,TzhbaDHH,KDcFtstm,44160,20579,91561,14925,43548,40639
GqCYHUPU,tUSrEDpb,cGfqzXUo,fxsBNskJ,QyMzZHGD,MteHShWp,73607,354,26560,64809,53334,97627
etyLbjUi,qubKJLPe,tqfIGmYN,FOzZmkkS,DUBxubDQ,YhDmujpg,6721,72523,2571,73629,63789,35817
FdSUSxDu,ceLQEghR,tXlZjxxq,bmyixqcI,twCNyCYW,BwfJpdqU,65617,73498,25934,75424,69272,21766
DqeEIKOX,kYMcACUl,KQOGSCzw,wtKqJYGY,UKPRuMeC,foCxufQG,40009,2719,98221,62820,219,70522
UUriamrV,QGiFODiK,fTpEdoFV,yQZURwFA,vFtaJBtA,RrVlswWq,5252,63915,28408,79031,13233,57677
zhuoGaDH,iqeQTLVB,zuGMNvxH,MMgyqdgn,cHGQgjCt,ndxVwlvS,29464,28013,44638,19976,24165,89542
PkuxzTKd,TQIWQSMA,iLWqobfH,CHTVMdTQ,KjEgpksY,AfglImdz,78742,55208,16823,6688,21001,41614
pPAqfmnf,ihLlzkVm,OrrIhdOw,nWFIzsLS,ULqmvnZy,PtaeMrSA,26785,96973,39396,29305,57332,88233
dScxFsSZ,LsQansRu,ciMDdrve,ETXUZdCg,uuICOUAT,YGzwqJup,36842,90335,10709,53127,52111,72895
aWUPVlny,XelDePem,SWCKSrsZ,tsKqmHUL,YeFwwqsZ,bjwYsViX,2281,5665,34938,12832,92474,10833
puycVmOV,aYsQjWLJ,LlebVlFr,laAxrwBu,phiQlcuw,SJkrfoBF,24059,45919,1999,36919,14879,85241
ENwzjtan,wEBwuqyl,UzIklvJU,aZoOguft,GnxiZfWw,NGDIqXcX,60225,32106,18487,65039,14884,41855
osuPzeYn,DOIMpdea,jErCjVkO,TwYlxCsV,AVeSMYCL,rVeLTrHF,49191,19953,51475,73655,33619,76305
DmzVBvOk,nAzzEWEa,tTVRMovK,rSIrDfMx,XkHobqzM,JisWxPrJ,58321,96758,40529,66426,18078,40921
tEnCbdFb,yljTGTRc,wqiPeMjC,YdSxiiiu,zRcEsiKG,axNGNFET,29875,97604,39727,14036,41579,5669
wTBGoaBP,frqaraTh,SKdDDJoT,HtTFkdiU,nGwQkVfy,PzozSAPM,15695,61351,75674,11039,93858,63809
wFSGPrcD,lgeMCDYq,naZSDbpS,mtDOoBLT,ndHTTshT,uSQaHnAd,71411,78821,16066,71958,58456,55600
TchgDHYa,bRNzsrGP,WlXiaYJY,gOPDIlpo,FsNLQrQD,WcERtiJW,48000,18756,70701,7804,44057,25349
MjFcuZjD,xEdwgxAz,pBXKZMdp,BhfYatvR,byllzquY,coyGSDTo,44996,56190,80557,41634,70259,72497
RfSCdAeG,FTULOuZJ,voyWuxyE,bVaEWpZM,rbnhRrZJ,KURIOVMZ,76590,11332,52322,33392,21011,20408
qTTvOfiS,ftHyZBkC,ncoigHbm,shRZhiuc,ZLyhVdLv,boCNLtaN,59793,18130,38694,97136,4584,1276
mcoBljgm,qyDWurBs,LhYeDkpO,OOTMmymK,PGHhcxEo,zcFIMGdK,3345,94890,59572,12721,7790,79490
YIwwIQoE,xqydbOUy,buyiowKV,sbCxTLMu,OJWEUbOx,PnwdEdtr,49975,89032,34019,96221,78853,14745
staMBNhz,AzmtgFAF,UCmwtFeq,TmMhDcbG,lSYALuty,TDUhtApC,39294,94546,51357,45069,38758,37643
rFffrjtJ,TltxXtlN,usWoiyNC,ZTnMplns,vxeWyRwl,GVIKpcDI,42330,48779,72187,49375,7648,3282
GHuHdpTc,rpokfaws,pjyDuUPO,IVMCHgqp,pBePfYKf,PSYMTyFb,48671,6282,73463,55348,7568,28517
QdSbgHsy,JhBlDfSY,ieFmRzmI,OMccBBkr,niQkzFXg,pDFsPMZI,85761,49973,80693,9083,55960,79303
bDWnMwZR,vobVEZXL,JBoaFOVz,klyrTKqE,UfqvrnfV,ZHulnCYk,76322,78002,51328,44516,52540,83074
lfhiwcBf,TzETFAYI,wtrAjAAB,dTcufQJw,EXDutvUT,tqBMulkG,30489,7087,65356,81977,29822,15909
eoVwFumO,SyzbLDiV,mhDquyTQ,uGWyJYfX,QPeeWLXF,AxdBWNgm,16923,77669,17630,38220,44028,48899
zbUwxaLR,lgorFSDf,xtCfhpzO,xwkkItou,FhjCHmre,tXvKTzmo,40187,98069,22209,40666,26864,55394
BgZfPTfD,hhahYDFc,SWhSjMih,NkVoGzDO,bFSLAHqC,WHBiZuiX,69214,6457,14110,31306,46102,19017
ViEUkXDa,pYZHVJnQ,IGtvZPAR,AsqObbEd,tCkUEVtm,LnQOdRzk,17787,36698,91192,64314,7511,73933
mAbPNDsj,gLUSCHpC,WqLbXjaI,nFKedOou,hrNuRjdB,EEeJePMB,70310,27252,5273,33087,60084,75065
RRrjzSzY,XhtVNnAG,mnjQBUoM,PqxtLCur,fhEnyKbQ,EULMOUid,50245,11989,58296,14443,19058,18243
KAnFctwl,uDXbmUig,QfpIwXQK,GGXclTDI,fmUvKRyE,TQydrxLr,8485,71844,6399,64625,65279,13394
vZlPuenh,rqRqWqBN,xvjvlxeM,RprtPTzs,vqNvTLkG,xVcKHYkE,9013,37033,2092,40352,84344,49210
UnVuBIos,WWFygijB,pLyiBNif,OYlHOVrc,kWaNTUid,hJCeVZri,21630,93895,90308,10641,51462,45577
KPcKeiqT,OLOuKiFh,xlKAXgiN,gjrIVZfe,kjdxrPLL,ERXKmAVt,31735,5545,42415,70773,11235,87683
fNFTecmT,pKSryuSX,HGzhaCcd,jpngoVbg,NDFoXwFX,SbkNTtba,99358,68723,62227,17497,39948,34622
VbCyUwFG,LrrzTxPG,SGJIYQmF,wWjWMdEz,KBSiYdSi,lSNVvmLo,875,8686,51329,13506,13276,84297
NlWjSaLH,KyxwdFPd,yhBUtkFQ,aqHCyEYB,EPOhNAmX,lZZPPTie,60041,67583,37799,76083,71062,53782
oXZtbhtF,sHTcHHzQ,FEKZRdjJ,NwDCukcy,ooCJUcEn,wHCJluji,8001,75591,8448,38996,80757,40127
tKHPdAXs,jKLOnHgP,iouKezGm,YehMNAbM,PUcmPLjp,fTVZVvbW,67572,36714,79571,85065,41678,53989
ciRuYHTZ,ctVuRBhw,fIYFrYvc,DlIbpMLd,sQqmjyOu,cZWnuwSV,59696,95694,52998,5997,3088,46389
HoXLeMHq,JQGMyqaD,FXGWjZwN,rPLgLSGH,nIjTueud,TdxApbbH,29254,22654,58635,93507,82192,54281
LUWvDvUv,lqDWqvQF,XYbdWYAg,mKfaNZkh,rghERyCf,OlClRmCs,31218,82276,41508,33282,60818,25328
mYWlFaVA,NcaBZbWZ,cKDBeOpG,bzmYFQnr,DHocZZiU,vaGrBKTT,11998,81889,42239,50412,43243,37511
bUacftKC,AiKPVRqL,wKNUjCHK,BMKaGKlR,VmTMRxDG,eMoWFKDH,42172,40073,15800,35865,96062,29145
RYaRAFXH,wZevEbOg,sBwCiblS,OeMHMgxv,iIBmYDQe,PaaszpGm,42527,18951,36173,59230,87241,66427
huivQnSy,MJsoVpfy,OUgOErYY,QOuJjsvj,sqabipNV,UzZLOGeX,73053,99204,20451,60569,87588,42307
koggmuMJ,zlfULJqh,NyuStOBs,BAxNprEY,YGBQErCW,vvbefZlA,70101,22023,44606,32818,34482,9750
bKsISSCB,unQJkIEJ,VWNoOJzB,bDnXLJwc,rHhmlypK,TTWCDQbb,98139,23025,85178,8817,96918,78567
OyAaFpxl,BqTcifkr,VoUKHSbx,bnDAUgks,SOVxHNHy,SuDpTkjt,77458,97975,70956,94680,24021,47625
hBZUtMgB,FXgPWcLs,VUVRywNj,sZIVlwlm,DvFxHWCl,GGIjpTFp,87201,25750,36268,44942,83647,40038
WbCQqMEC,qsxMcHoz,PqHFVrwR,tKpHEkUZ,PUJFyFdu,EGzImyhw,54497,70537,69040,9222,22265,96982
PikbSBql,lNzXlQzY,PxzDWOAu,ylUkeAIZ,tMhMPYiM,bUcKJvFt,94322,67386,51662,36481,21620,14336
TGSXvXvW,baqWIUAP,YiZAtITk,bicOhpTh,JKTJvvgl,OOcGfpvQ,45456,67927,83630,33543,32083,15202
DXBMdaGk,oLESjuqx,oaajpEdw,LVNXelAW,XDlwSKtN,KqgxXctI,75091,79393,65585,68647,80496,69651
KvYSNrWx,gioiyUro,AdevzotK,iJUqHRCH,KEPyFJui,BFefyKrE,35712,81088,9239,31503,34104,70031
fCPvZcjP,jMONThFi,omHDRGhQ,YffpPSNc,MzMqNqAT,ltARyWgN,90196,89651,19728,69861,89908,14238
jEsVhhWm,yAfvzzOg,uPmfLnrX,ILnYqAHY,ctLLCvmi,dHzgwDpn,72918,19011,55459,4470,60023,39750
vosOGrRc,HonNxTsi,VrkzaeBx,CKpIzIje,pqnnTDmF,QSeZHPvj,70805,35813,27468,86431,50564,62399
THqLHbjy,VlWArBfz,TTkzvlEj,lXXWdQqh,bElrGrZL,tsjQlUNV,74069,71940,80462,36413,24102,21305
RKuKGUQv,oyFvarLq,TgZAIljm,YXlBnwJR,tPVdFfTz,FmEojLzy,37364,72006,15009,49576,76833,52665
sRIVzrwE,KdXTGAuS,oGDUhzMY,QpurCtLx,srpGHOjN,UaHdzSNx,73309,36150,67733,56472,96755,35963
kqAZOhXv,EeBLQmcD,GLGQEtQS,lQPdRTbK,ZZrqXuyY,wpQGvQEt,53246,87313,91884,18625,69197,66074
VjkzJeQc,PbIIlVKS,ZxkFVglA,oeSguReN,RJjIiehh,iivcshjt,42046,38,41742,56747,27135,33232
VczPRfiJ,sSiudbjl,jmukMgTB,haRqGVSd,mbOKHfVS,ZtYmaoUO,40904,20841,2142,70064,75503,45481
pkQALUBR,DeXnnKlp,LtsfIvSm,xvPItkqR,XdIAmyCH,QWXEWSAv,28805,50781,77776,81335,45325,43779
DyArhaAk,ZsooWxVU,clGjZeRG,duXLDZNC,OTHbNidz,WYVAbNmY,82128,18958,80516,30659,85936,62397
OKVXCSah,UTXRnWtA,sGlznqHp,pYEaVrlH,VbAXdxpe,NNMlZwNS,19571,79475,11836,49925,99517,675
OAUKkJdk,BIexyejA,MTAxcOIy,NgVLlsfN,iJrHkREl,hJqJhfmp,85614,97212,40580,96537,41529,52679
gxnqjqVx,gXUrkImH,AjwTOvSk,COWkgcsp,SEFvdpOl,cheIpDoA,40093,30543,85826,7696,48243,59999
WPkzOTgX,tKswPWqn,mPtgVEqh,SVKmNNbe,euKQKLDh,BtgIbvfO,94011,85987,76932,28211,33560,69035
HpYBRqKc,nTnKZZmI,GcRVEWWM,ryTnErFK,vklxsnEn,PXwJmIOp,15760,78013,14800,61535,23011,63226
ZtQjhLTJ,iOweGwGr,MLzXYiTr,JVyIiiYN,ZsJJBOnF,zRYTqJDJ,36999,34662,33948,94285,91797,36686
nMcDtgEp,XCkwcMDb,CUeLXRRO,MyEhNGgx,QPhhzCjD,uTGpVrEo,21300,61508,18207,98078,99774,56339
ScazKkaX,XvyfoJul,HBqFSdRE,qDaupTPF,NdvOYkvk,zVTqYqRi,67361,20701,86339,66716,42194,77018
psGwOjlo,XMlqQafs,ZOUiKIyS,TcBSWHYL,ABfULwlC,YGjvifyB,12561,60992,18120,68993,16148,58191
ivNhGiMM,zCEwPOYA,liqeKruk,McKBwUDt,nNzLTIMs,yziBRgCG,57871,56523,2848,3601,30153,56189
GzRisqEb,TzIyslDY,EZFPxrnl,MfIkMeFP,YgeMELaO,hYnQxXEZ,85422,31178,89311,2877,43082,68897
tQXwVnWa,xJcRIEuq,RuSZoBpJ,uMcOMQdA,wshtlKQV,mVXfOjWv,51462,74116,69214,46583,14640,57518
uNfXiHKq,qfQKeQgN,EacWTNEZ,ZrYCmrVj,EfYiiaNJ,wRGIeYYy,75434,47850,73651,19299,86752,1093
LygoiRkf,pMKJACuy,XZJyHsWq,DAMZCKQY,IcihXmky,kdhAiVJJ,12046,85768,72009,43029,14246,42439
rIuvBAje,RfxvDCFO,bAQOMwmX,cgmPSXNh,WvSFGkjG,qzcprJCj,40907,34037,22230,47298,82833,63847
wdnkYGIg,hJNnJiyO,wRzBfRvY,BJidJJqg,zhqoGyCO,cNtnsHZF,51650,16592,80817,97016,7579,45376
NpmYMIIH,FABtzUsy,EvIzKHgo,PnhFSUft,qWGCpomM,uBibssxv,82540,34677,87084,75440,48752,56072
rDfSXlPx,XfprUPfn,sJGqDibJ,KTtMbiXm,puOQBtjl,jPxcTEvH,60003,87636,63664,97370,33823,65443
lBgUHWVz,DbLXXQZx,WCzcseSV,ztpaXMOl,cQcGhAUN,dvAfkyuS,43976,12727,77447,89943,65545,47671
eXLWiMXK,ZLxQZbnJ,WlMPJzIj,WGkwKLDO,yyfEEIIh,wFNeAJKh,53864,89658,45596,42241,19809,92804
kTorHlSX,HNuGFyaK,WZbgEQYJ,dFqrmeTq,bspLOGDh,FybhFNet,12090,9898,95061,21911,73208,22691
LcYBcKeY,mEHaNTIf,VxisyraF,LSNIgeqA,YAEtQUZI,IewREeBr,82309,81868,39574,8557,50107,89513
UCPyLfcz,SwMdJhkk,iRjphXgf,NGjnTtMD,eIksMXOy,BgwKxqgS,15660,85729,90558,76204,9713,74865
NwfBhXJl,eimPpNPh,ZxLxOITf,MPsiTtNH,npYPsgpz,LTbfwSxY,19109,65978,88637,64925,35266,88720
hOATTMPg,YOnXwYvd,clAHzWPP,iyiLESAU,xBJqiPlh,CDqcPexm,96050,41595,13388,57661,83673,7065
BYyIdOfh,oDjuToUb,YyMvSRTf,TYxgXrWU,jhiKmTRf,GrnUbxKd,83690,27619,54918,41677,98229,41135
VtwhIDbJ,UGVVTsik,aCcEUeYm,rQfddcGi,oYDVIhfr,QtGslUUM,84659,90724,62639,62140,6724,5338
jPxfckqx,KomuubBg,KTzXvKnS,gXYXtTvF,UfqvqYsD,UPkbMBMH,70224,1886,13877,58273,91194,9113
hnGdoMIc,dZjGPpqx,UvAytjuh,xtbFqwzB,xYzntzrU,bivmdHvM,30181,44341,61498,42824,96163,32153
LCnktpIA,CmbdxXWD,bZcXyYsK,IlGXslkI,juqLLCYz,eAHuVyaB,91344,2072,73414,33508,80798,16156
BbEWJsBP,bLBHUdfL,NjhgSMJb,fPropZqv,baTVDUmo,sBqZMvID,20033,48029,13615,16741,33518,34015
GNxkguBA,gxNLWQur,FUsbrgTJ,XOosTJwP,gphDkGlz,EgTJjUfc,87093,17290,132,49649,4995,83866
fSszawiT,tUXkftPl,ureMOXWJ,qvkEtQkh,mnrCnfdN,TQJymrWt,9150,50141,54151,74524,60481,64546
SbOrENsL,cloLlEXp,eTnEJPci,JszRJrKA,tIHSFpOt,cYWHLlUm,99867,71698,95937,58883,14320,59956
jbbVcOlJ,HpURvHLY,psjGqUaA,MooyKuYL,sZxRTdoX,uEmpePKm,41791,21902,7291,17160,78647,32925
XiqUPWbM,fTyWHskL,PgPexHcG,IcFZxLUs,tZLRchAY,LEpLjGRF,77690,31859,51300,25241,53400,88792
HWZxqjAz,MBqXJWsP,OSQPLRCb,fvRTLWyd,CgAfnGRm,BRoKWhEP,15364,51465,92725,79319,25656,77191
ROVIozHd,nrcarByV,XqvnbzBE,FqSkpWKy,XGtjVXMY,GgkHyLcS,13675,14917,65828,38004,80239,91814
rkOAyVsF,grXaVSYa,fkNlGEMe,YAvVYbOO,xKXFnrxy,zCjEXZzC,62577,5215,50617,60762,66151,82289
CDqGokjK,XOgSeZoc,lkwlMlNO,MDhziJky,LsCuHvxh,kNqayqVA,83370,44670,19480,65260,90275,42915
tCFmzXpg,dazlpLBb,JnkhwceS,hpTVglJA,rPxVUavN,SRPOnBRO,92255,55838,67206,49813,94401,92015
CyguDkyK,XbwqeQRy,LdksLnKM,nCBIAeEO,jqpuopKf,aPmhwGcd,94940,24977,26484,44839,65700,79284
uZUfLnQS,pVmakHRY,qzwlBglp,MzHjwxrk,fcTedHrY,ZjZMbKAW,92408,28669,51226,40482,33882,72575
JqSQLWlD,pNjOrrIp,pyEFDsUY,amZSYsFB,MzftWhnB,NoGcrXKB,39214,80527,23165,11864,57344,1091
OtezAOtn,KlKpmKvI,tvkrPrxg,JJnXlrql,cTDugidy,uMylzQXK,59563,15286,83183,50988,59394,8486
xrBbNXHv,aUHcXEKJ,AgWxmQJr,emxpKCLC,vDnCpCSY,jUCPGEOv,13847,65082,54563,43447,11340,94732
MRzOkLca,ZLbtEJpL,EgvTBbDB,uxGUhBnN,KLtzGOja,dCXonuvD,18168,58208,95406,91187,86115,27291
hKJdFUmn,fdNYEhyM,XLnrYwZW,dNegoaZh,uYcpSzXj,HTpjlIja,60280,8885,58912,55659,46120,43297
GemijuPP,VbzHSfQH,XjdMJjPk,EtzyciQg,zwfaouag,jVkxusYs,51766,12183,32704,43310,57706,14988
XpOPrazT,uKXvxfHQ,mDJhyOtR,uADzRFfH,UutKWePJ,FgRiAMTw,7808,26033,52855,31671,33110,33353
otCcNtqQ,FFVslGlR,flCRKAxz,muWcGIPB,MuMGIJWr,aHkSfPcs,44229,91309,74796,17755,52967,32550
ZVIcUQfF,NpUvxCQX,ixKszvnQ,LBaugnqP,NOiBZDaT,nWzYhkix,16762,23438,61124,53453,65251,52642
hGlrkMjI,ZgCrbitP,YOdSSkLS,GJRskyad,KIdKVLHZ,yvmFFyRU,12345,22003,65226,40299,17872,45506
RYaEgmVF,tOYmDDMF,DsItFTwu,GdKHZRhf,yyJVIFdf,AKVUHLVR,79886,86153,40354,93115,19020,25231
yajmGGoi,SGiHWGBm,IZmkfzhe,cYeCXHcV,ByKGSLpo,VWJcMZWf,7972,50540,5801,62813,93831,82915
qdxucsvL,xGQWQGnf,RWcQhUMA,GTAwBavm,hdTCJjOM,bcxNNJiD,11620,28216,63944,71109,71382,2457
SebZEHUj,chfTLOaJ,tQhOeFtb,qrfxyqEw,PalNkXhK,aDbBftWw,49241,14584,56647,4118,51848,64536
SpRYNqMv,mFgnYACo,YzTDLuhe,yCXhHXOm,XiTnaUzQ,NGMlCZAp,36667,1134,48399,51989,78699,87055
HeyYkwkv,xHOxlhWV,qzlPqGfW,NgWlWSQk,PTSuXtRr,fGZAFhtV,95536,11576,40246,44366,81026,69658
xGErgikp,gRvWEChC,jNTNEiJN,NhVuYjlN,msRwxcnH,qKRNWJTo,7943,15056,81322,49681,34112,18629
zaixINTL,cZWjuqsE,HltKVtnc,RhlFUxFr,UPdrCmKz,DUubHKAY,27546,70110,51045,26310,28895,62468
NkXSDEfR,bTRewrBX,umvEbGsg,uEQIWbhA,eSuAjxMu,PykdUsCK,5750,75412,6184,34355,97746,90496
UVRUUffB,wFVJQonv,pEuwAhWU,bwgqwWrU,YXesPMFr,IXdDOdSn,86034,97585,71618,17103,16838,86291
wpnUCYDa,tuChvTHP,UjCCtmfh,oypSvQmW,IoROygDE,feepSMCq,90602,35736,33748,45052,77974,43710
OFIYcUzf,xzQiVMhy,KcvFnaBM,SevNcybg,qEPWglbv,RNyCXIgI,25177,52853,13419,72474,82150,80067
BlnidndW,xChnkjJp,fOLftXhh,LJlIZWin,pZnhHInw,yTqfYqLE,89306,65052,10151,43847,19102,57527
bUjZVOIv,ZPrJAnwN,OWEGFIcy,oHDpunkF,davamwbL,ItxhAfUC,47667,98340,30667,15324,56113,70137
palHZKkz,XpWCEeFc,VHMxlTnH,BneyRMjj,inlxVcPL,iyFGmiZm,18108,60495,76948,95997,79760,11969
sjklCHCY,mONxsuIm,DVcWmpkX,yUNveWCj,JinTOGuQ,ZMxDeYTo,25305,77202,89347,4571,36484,44779
JVrafnxT,KNERGjdl,NBqhTfFW,imilwNgJ,NUGZwTJT,WqatAbOS,93414,77954,13527,94523,86688,79586
MeuBmUAi,PkvKsplz,URXBMwMs,FOGchCje,qWjzqFkh,AfGlyKIH,82350,63999,22311,63316,68696,29562
oaBPfsGX,kVCIhUli,pPyDfdfM,rrsdjVdP,RqhbXuMD,JxHlyZih,59375,61764,24558,81160,63349,72407
MMkUTGni,CXLMMwpr,XIsfByfG,swCzbvaB,qRVmnJTl,PathxQXB,93338,64215,28107,96320,56254,15032
bOFdrSyI,TNUWoOTE,QCgPorWG,aHBFPyUm,kcdhiHtd,DLwDKTNK,94112,82741,30603,40210,63588,1366
dtpiRMGX,YaCfYRcA,rOciytkp,DREovoqd,FOwbmeZO,zCUKJLiK,66682,9904,8664,38476,85128,69367
fnoaLFIH,xwgWuDBb,TlCpPchG,efjSVbgL,TCiIOwuE,WsGorHyU,64788,93708,94784,91319,57553,35809
SepfuWSZ,KDaiJJFL,itAGgWuf,ZofmhwgS,xoODoung,WjhLvdmg,62556,5746,69221,66513,62727,13586
KLAgWvmq,EESWfnRC,YeWnecfY,rxjoJgwZ,oyFrmrYJ,xHhnlHJi,34035,81638,42461,92508,22588,11073
vbbnsdyg,mpQTaigP,DocuAeQo,BCfdDLBg,mpePZKPu,FxKDhzUM,19536,93897,76120,55995,19343,86303
mTgesFdH,jWSotWnV,ewzMLNNG,XHVCvRfo,qWfLhPue,vNhMZcCp,27884,81017,93045,26841,80227,80958
fhUNSlNR,GhfdUTZC,EcbGAQqX,MBoTxYfD,PnlZyIVv,vuJKKLke,7466,7346,71346,73704,48730,4610
GSngouWf,sypKexIO,gJuEiahB,phQzlZym,chYYrytB,PVVKWjrS,516,55660,44056,23654,83951,92881
rLMfqvyd,lTcgSHfp,tMQDzYNA,nKXVgSso,SdunLIMj,bVkVPpOy,33168,24928,91208,94618,49118,88583
AWvfLapK,PhpoLLpo,XRIBmBrg,uzLmZgVY,WjjQUivc,hDmcpKFu,62709,62343,79857,94150,27853,93484
gqcmyNUQ,vRveWkzV,inaunVrg,ilfeGyfD,mmXqwEpt,IytwmUuO,93538,32820,87154,99283,6468,3130
XXhkYVdS,rXMtrlxi,WdrIRxqX,afCoEKaN,JENjpKBx,tVIdcddJ,64040,87284,67562,44795,47864,48176
kNIrUOZf,QWMdEaXM,OvkvRgiq,RpjuJKDw,IIrgmqdT,rEaEyVer,22376,50183,65173,35934,59303,95272
VYSZQBLW,FlYWZNPp,SxCCkTlb,DeFlbYrr,zUVIkFZl,SdFjUCEW,28793,54138,51536,31536,6259,89594
hQbhAqsz,MqzhxExv,CIaLtVcr,TPgrltIQ,HrmPrGJp,ULYdjyas,10036,32590,16172,42937,60667,80927
RcQcUbcV,wyhtdaVT,IBOdghDe,TmGRUpyZ,FKXViHGD,haakRnQQ,22306,1628,60636,75249,62633,83625
nXSIAHsY,hybCmwKf,kbeGKnoJ,HxqhgdzQ,VyHCslvd,mwhPunIb,13129,94812,73191,23953,56674,46023
fngDXdmq,ABEXorOU,RsSkYZuG,FvvBKobe,xITPLKqY,YspUYDZi,87174,17439,36060,96822,97533,96298
hDPYhfom,WdBPUPeI,YeYIqMCJ,bjDrfEoO,CurBcZqA,ifKQtpaF,60193,28853,34539,58200,57296,64456
TYlBCRwc,CkEviexR,DSdLIKUy,ZmwkiYXf,xEgDdhnZ,hgbKbCtY,99837,30775,73707,82068,14133,58314
LSqqmDcK,mCZINuyM,IRypCfcU,UvwQPKsb,ncQAzSrV,aLNArOtr,60543,94340,5491,71572,77738,99433
LOOXeSer,FHueLqSK,mYnOpafo,nYwjggSa,riHuEatb,XBVOxYCW,37025,77049,52278,17521,39674,11149
NiWtTxxN,pdgqAUnd,rTSOJAkl,qiwdVCff,WlOrrfwY,hcDhlWmB,27338,71004,48895,69213,43765,48363
tnhscGZQ,lOKmsYJM,ORLCuCbi,NEfCwiUj,qjryvHoK,aFrOhYOx,10254,94545,34619,47108,86295,97588
eBvNfwli,pbziHzXH,mnQbaYby,hNvoAzgd,EGvjLpzN,PSgkQoha,25174,40191,13016,28744,17711,96573
uuSPyqjK,TyoVgrfT,ZGWedbEJ,hiqwnVtf,IgUWqHDe,FxUDuWpl,97789,71808,56075,80737,65816,15944
qucHdQpR,pPpLIDpN,wzwPSIgh,HxEoCPCu,llNyKJlj,wfkoVrpV,10183,8146,66492,85947,38614,77339
zoCHnWYO,tSUCUlNy,lURzabzN,mZxEDbwC,JcmlpmRG,zDhjWCrM,17407,79333,77612,67245,76846,15831
cEEWHirO,CVaolcfM,uIHugTWh,JcxXpAqV,meuscyGW,OoTrTVsk,73561,35671,79795,79108,51536,45114
rbYUMpHR,HyiHMJJZ,FsXqnCvn,rGBKHUnY,ivHueUxG,eMylkcIb,86428,54236,32646,92091,35590,22079
mRUttzjT,PxFsqdRh,AiAjacZg,exMlKLDK,CybgFwgn,TfHNtXyq,40777,84216,11196,92715,95163,29864
NSFiCHtm,PSQJpBzg,kZpohjhQ,UeMtldbk,pHZsbITU,ljyMHfXd,37198,24554,76965,34309,53342,28329
FiwQudxF,ZFmgECUR,YxjsUEZP,mbeLlvgL,XTjsRfXs,rquTWjhB,66698,44314,52494,65271,61260,39697
yCmTqCTp,olWxuOKY,fQPdmutx,gmBAbsgw,IgDBjLsH,XLyhFYcj,12423,96472,79691,90116,25349,93584
YYBcgIPo,HmGpLBpH,UCBfpgtD,bFMKJUdQ,MAclKGKq,VMBesZob,15507,50239,59561,92748,49593,86692
hwUeWmRY,VobLsFnU,YiiCyQNZ,IJsFRgzh,InWIKzTI,nRqmcnSc,96804,41941,66811,79726,42242,43161
jTavIULK,EzNdtUGJ,TzbIgngI,wCEBubJN,iJxlJunk,LxIJHQNO,59631,99429,28140,62153,68734,45452
sCTZFwbc,PFhGEKym,JNBlfpmh,alFGnJeM,aovsuJwI,jxdJHnIz,28843,88546,90566,2857,33786,46859
kILuvUHA,IGyJgJIL,DsXaxEWH,lmPHfgwM,EQdvpity,jcvQxBfM,65242,35306,78976,23150,3939,82081
lnbqQOUL,YhrpWeRJ,aSzCByxb,fHuJZKbK,ClobjjvQ,CIJfCYLd,51940,67444,34869,83927,61170,83630
CGVrVmpT,uykfpTZv,aYIQgabU,xKiREZIa,CcSzErNS,ZgxdrRuT,56476,28690,28050,65871,13340,44168
TudjgscZ,JicoDqGd,ySDRiGxJ,ZOvyUrsA,mZnjClCv,xUJEtitO,47316,74819,22730,21997,49024,95165
zjkwvwLo,MWeQlHXo,RCwlSyQG,pmNMyiQF,XMNmSJZT,mBDhLLTQ,24179,40019,99362,71065,11265,96472
gpygUXDi,UrZCYhOP,Gjaqzzks,KTIIjPDM,POgJPIMe,bnwzpQhQ,36153,10748,32075,22578,59092,89477
ZCmSyTPJ,MCkyVBJB,dxzEHMXr,yCsjJrxl,cMNjluCP,pvmPfyMt,15490,36352,25371,73418,50867,78150
GRfHgqqT,sItAYeRD,CERGiqIT,tzIXsPUE,RpbeyMtQ,gdzLZyEd,60367,15692,20315,56058,53182,39790
nNTBQCgz,AqJhDdGH,ASEapgRA,CLpHZBYA,RItmWTcd,tByuAXmu,82925,10704,24779,28994,12814,85284
InyoukZe,lGCvmrqv,qwFfPupT,ONCjhHWQ,oQHQRapN,ADQblcnr,49395,50477,21571,31327,43783,67316
aPAYYkbv,jObdkkxy,oFcVqqCm,tAuTcoDD,MWFtWxAT,ElBaTgcy,89490,41314,28446,21425,90118,49427
gpzhqgvF,VZRgwFAP,srEWwBlR,EKsDximB,ZdBWArCb,ZDIpjDDz,49188,61001,51221,58188,51478,81161
EbbPzfma,KkwOdZnU,REXdNvIO,yRMDkMIA,IyhPoMqt,fFmvILgq,83329,68587,10318,23175,4219,43759
sMfRrVlA,yMpJLMxr,JgzsUvgP,uBkYudSa,isRTGLWR,FYWQaKxn,36607,34370,40995,50740,95363,93586
zPPxxQBv,zTGYimFg,AZGpngdf,qUqGTVrV,aQeguKhd,iYxKtqDk,37730,7382,49420,49422,79232,10640
hxkpbrrR,LXHBVqfK,lPIytAxp,uICIQfdi,OpVAvKLn,kXymsKjR,55317,85535,44989,94399,75771,6966
HYLqEiJZ,fpjoRosL,iXKRpfka,Otzvmgdf,aPikyHfy,DyoLmRpw,88562,3152,87984,33224,91579,53280
ypCVWAnn,mDqJhuRq,LJRnCcuu,hutrovHm,euIwkJJk,rLoArWCB,47998,74883,77050,13675,83332,33837
DiKxTLPv,SfjQKwpG,TEcxhATT,VBuslTcn,uECYUBmT,xYwXpZvz,93089,86974,86942,57362,16517,81347
hMNhxSFj,fiXcTewg,OKWGzHDQ,LwMbbnBF,DiVYPsdm,uJSxZMGp,8882,65532,52903,13174,30671,58496
lSeDSAdT,RwDuvSdc,pdggTxwl,wiRvaxXV,izsZSaTU,jcdBiZgb,29486,89943,36112,15008,70455,79085
ztRdUDXa,TGnGhLgf,nkmkFgao,CFLPidps,lAaXNFTd,lTipOTcK,46242,28311,35916,79594,96964,35597
OhRjkBkv,bZJVXVGD,NXxjihCH,yZFkpWAK,btQMmCnT,cHhMInmF,11147,11720,25106,87705,95587,76055
YHMwOMAY,BUiCAjMt,FEsXTaPi,waNVeTph,CcrWSEOT,vXUHnCvh,48043,43906,49524,95772,51062,16358
kzxYqZzP,KmkRGVnE,SlDayYiO,UCHOHefL,qYojnDqX,lNiJfdQa,16051,36588,9087,44361,96532,96384
DrBNUPTv,jDtfLGMP,shzInMVD,pjvhoKLS,EvlMCKfQ,ioERYDaB,1956,63813,82980,97380,91940,70818
EMRDmpas,lXtcDDfd,VsyIVxqH,KjddLJIT,HjjaSDqm,UjvIStby,22269,65195,72243,84089,71325,77023
gRetUwkC,dmJOgsva,eVsjBsSo,iHmlnQGW,rveaxtsv,qEznSpit,75771,26528,30621,18326,88905,90247
dOipegkr,eWYKGRKQ,QyIroPji,pyanrOMP,vQgYSIFK,GEimvUaS,17516,24794,91185,19771,51309,27556
mzKDUFLS,fRbebfYs,HguFntyv,MKjfDWNk,XrrRbXco,QFiWJhHS,51341,43167,26929,14626,12512,57418
WJpwAVTe,xPQVfpBn,kzwQRhuv,DwKMLXoc,OuOnzMBl,iexJvrcK,42354,19544,22684,73834,90132,33554
MBcExKVp,mZFPlXeO,eIZqDLsc,qMPDOfZE,wAyhoZom,jnChfnFW,31707,6527,19332,95086,69296,59401
yiXYLQuE,tAvftpGc,erwCXYol,OAJrYCKw,ZADmerEF,wcuokqeN,75735,28412,69231,97266,94558,57909
kRJXJrTk,MdTkrhdW,jhuGoDwq,smhnYbBG,DMjWxeaf,cDCyHTYg,73673,3836,51191,944,33079,91644
UEIeulnI,oGFdcowd,ROcuCKjM,ExBFFfqz,iQhmhzVL,angVjLMb,98077,94564,39369,96906,68102,81340
jJEWcyDH,uprsnsdG,VpbVYFTj,lRQwMuDN,HFGkYeTM,ZrtSyMPN,41999,26977,16800,6077,57074,78065
HqlXEmef,lPMVpusC,YRDnAINB,CDPvboBz,ubjmvKhH,mKRrIhQU,43491,78784,83098,96792,95755,38799
KEPQVatM,AnNDweYd,bQKrJYlR,GtydSJjg,DyDjDjyH,EQhpCNiq,41332,34488,28608,27433,2865,85961
XpOSlRly,whfRchIz,MpBhzuua,NlbZKghs,lpMdaook,mxqBRfLq,84475,43079,26160,47629,27156,79159
PWqRRFwt,rhvsUBIa,uToWSDQh,amEFyUNR,KmrEyoDM,tYYIMhyW,69711,61478,36265,52127,6009,57490
yeEDLyAR,wRwhssRq,WJNNNYSC,xKtcoJLt,vIpwzfNx,GcxHfvCq,36377,85805,75748,58766,43961,95077
ayqLMEls,txjWkNzt,SFphVuCc,SAWnLWFg,vSbhkgua,MbrFgDxf,25193,64265,95789,5198,33729,70130
nJFrKuTq,FvLwQUEk,envXKevm,HPFFyxjU,WDjpehbc,FwynnsTJ,66308,99352,73264,42071,47205,24374
fAlWWMJs,mcaEJkCH,SJzXBUqC,CHUDVnbZ,aUSUuOHN,mZXPlCYq,86888,2712,18814,88667,54821,32944
nPItzkPm,duBGOjIg,rsDzDjvr,VdqJcnGc,FDXOFYOZ,nsLMmUMH,9238,36288,27650,72647,92401,94681
GzsoMbrD,iTACQhiA,MwhRoPGL,AtRBcCaN,dGMJthiO,nAbosImM,68926,32265,89016,95741,30699,92121
pGgBSfIF,FordpbFB,SikqieXq,dClNOkkw,TUaYOmTg,HgmIAdUk,4937,73335,53930,57386,7844,97558
rnTGaJQT,imzhynuT,TVqiMxrK,abxuquzG,WubSFdcP,yTDTVxHH,51311,30186,93449,71712,97043,9469
QCDIzTqE,xumHYTEv,TKFUcoRw,pKuQrjUR,EhbziwAV,iEjmbnIj,21975,76452,90336,42915,82006,83268
BFwLDQBr,WEldfZAJ,DNhTfBnP,KqElUMMd,CdYHJRKY,UOFXDyuh,36422,81093,5698,38607,9250,15774
ylcyneUV,cCVEmGLM,JNwaCoeu,AsYvqxcu,nnzcqXyQ,KwhAZVlu,4405,21145,43361,84930,17205,68090
haMaVcUp,VVhjoYkZ,VFIkcKzq,jdQRwTBw,twlCfWbG,OEbAzhej,59007,2115,49199,95020,32319,95301
vkUvStTX,WSxfEgMA,mkobwQpN,QmbiiOXu,mZpMGLbU,ZTgTVuiJ,95039,58019,98826,66804,58715,5305
FtKGEsUE,HXNJVlxr,OVPEbgQj,SWBBFVxG,ruSHRGSO,saFhuVVB,47095,60993,38868,2534,82970,14498
ciQVUkCH,zNCymMDi,ipYDQsiR,tTzqGQdE,sdQiBhmz,hroCUXew,60281,40822,56789,67984,44729,77286
mNhNjXFY,rveXJSUJ,dHCrssrR,cGAEcvJG,EJwtTqdK,WecuTptU,87934,43501,27530,2185,9548,5194
IZfirSCY,wkzcSqUj,AVSpZMDS,DFbULIvS,nylraOpt,EkHftZnY,52073,19609,93883,70166,60149,43228
mfkwcHJR,AqlvaGSK,DpVzxPny,lcSeeayU,LLPThunl,pAxYrFWS,2129,27223,89121,89637,3838,72764
RVHegHKr,quTVxnAM,uWifdIUG,xJEGlgzt,XbRPxNlR,rtxdyBOU,25005,37969,27916,64093,70747,39681
PeubMjbW,TLzfWyGV,yYGbTtsU,qkEeatLz,QyRHcRZd,zUdcEwLu,82699,64617,48676,36604,94408,44425
xneqVPzZ,NkMkahKX,jabOvUHc,lRZVfRqA,rhMkrlcM,TdHDCXxS,16088,56401,58405,69022,22229,24269
jPixPQGZ,fwmZZHhe,kuyVgWhM,hLrCteKe,pEJUcNIq,ZUGLHRjg,8896,53938,81286,94478,93035,9397
bEzheOjf,zgDfzVHl,VhwklGFO,EgOVkZeH,DrGYNaoB,fXFEfQJq,62299,86708,14174,75433,93486,27648
ptWkkMYH,XfhwPBfu,gFWsUrxj,hwbedWjJ,xgiRuQvb,tRDVCiBV,4231,56190,31629,84002,85167,81263
mCFLqVEm,AmVmuEJq,XDfbDEiV,gQHanyVG,KmoZjgXQ,nvjnhsCb,35744,19765,26312,35418,49987,6882
AoSxoKAO,FrVWBwad,ulORRWwa,sdIuqxeO,wRkGpJRS,CamIyqNC,1035,47111,31442,74662,87610,20575
onjLcyCG,QlSnsbCx,AxKPgJtU,fHnDQikb,cxdgxxpD,hAYvosVC,53223,45514,66220,73293,83949,50958
iHIQhbxU,VASvpohQ,tMIYoMYS,NCCjaXAd,xtlxdkoz,HhBDfrrn,32992,42819,77787,58863,68945,10229
jSkZwXFl,nhaVeXiD,vDHYpvgK,AZRoXUui,GdLFcqQr,cULIgERJ,84282,92558,14599,21752,1225,6407
lUhNDCnm,bPhTmHds,sFTUDRPr,ywAdKflX,GWoBrjcB,qexCULCU,97820,27743,19852,55471,96402,9795
quZDGgJa,pdTNbofr,siXTuvoK,uLWYHLBW,seVFAiBk,wbvNJGGe,98537,50157,68464,92881,48184,9876
wWyxWSEY,trNVCWBM,DPbggsRE,hXJWYBlK,xzHjQwVe,nUwsNwvt,9858,66439,42542,79441,37445,48510
QmgqRFcX,idejngge,nTTfZEep,eAJWiFKQ,JVIKwWEX,juusEOzj,11152,86168,67035,72880,11931,51463
MchKcEHO,mvLVZRSG,wAzTQKkT,mLBIgvoZ,uJaQhLcG,idlxTKdy,44364,12523,13289,20638,96211,44083
KCJucnSG,XiOnhyuQ,DwzTwBjf,bHGXkxdl,mMIgtqGy,gCcCFFhL,80600,42338,24644,94755,90174,28565
AxIaxjBT,qTocxwMr,ZNJGmDYf,PQiOTtkq,DZqOyBBQ,IWXjlgBT,31320,45253,52431,57773,72125,89837
zpfUmHlK,SVKBlwKQ,KZAYkplC,ScFiHHqn,dAmqgJDg,fVRoUrBG,96940,32992,52874,39621,23774,92403
qVUrLxEs,TnpTQwKQ,HxRXFHkq,EcneLSQp,FITofOtY,OtnCkcjj,66312,83205,27801,30661,28647,35658
CLFYGVpQ,nazyWrto,HcqriSkq,lHlDyXaM,eHRLCPZk,LEJHdvxF,98739,41237,32875,47096,2024,15683
fhygUzVo,YfVJUkkY,ncAOONxY,hgrDkGvx,wemxWpxl,vroBOBoy,97662,50587,63441,99105,30679,47705
JOFqHymJ,NqKyzOyK,NpHmCrFj,RgmMfESE,ianpgrGA,jWDGgOxY,64833,24375,56993,7824,80744,90763
JbiffGzX,XhEDRlNF,yKDJffCo,UvzkBTAV,ZwLmtHpW,lFjmCXdA,3057,75989,49388,53841,26237,72556
jRQzsZLB,sdpLvYZu,DXISbnlq,sIuWYfxZ,YpuWOguj,PfpBiRtZ,73696,55203,61085,82169,47439,20529
vOfVklyp,LcWPnTqw,HyCZjNfm,vrWHPPOc,zOWlxpyc,YjiKLgft,96708,74122,7109,54252,83085,45943
JkuqcUfL,jWAIZkCJ,wezvBvVx,ezwJeMDp,coFAjVUh,TmiypQSU,57852,838,96336,8356,83295,27343
aNcVbpbI,hreULRTt,pygGatip,ozVqsOlo,HrcfZLCu,lkfgCmvc,91883,47675,95008,99558,76441,10244
kDzxuJNy,WzoWgqre,DXjxTzkg,mNSDwPBB,GzryucFS,AMySZuHk,62211,89722,30920,69514,54932,9014
PfDVGRfp,OQYkWzYN,kDzQPRBA,qpbWjPSG,KXCWgBDF,BKjPmuam,26698,23504,11287,73132,51171,15361
jwnOeEjS,GJNeZVNK,AlfXciZk,OMddwBmY,ATygiHeC,xBaRRhGx,4051,64327,1161,51457,56019,10167
uUzlKPeX,SkNlfPZz,vSelEJzH,MMBnQVQl,nYsekyUj,EcTJJroY,53349,42805,19046,11532,60100,1599
QMgvbOEa,TEQZPwkP,UnNyPKre,CJIoZEXF,AQZuCrYL,ayumDabv,84069,66783,17596,15780,3584,30546
CJQKRgyc,oXunscxR,QTuVNYTV,UjQYmPmi,dTNfgepi,TqdOmrUu,78107,88920,81738,23577,56450,38924
WfJnRGhU,FUvbRLIg,OgajHulS,cxNLAuwB,fbRxHdOl,JJHpMSDP,47072,112,9461,47427,21199,57303
gXkKXDEo,dKzUsRcA,FXdpdIZU,SvAETtjL,LKNCMDzh,ALLnohek,47928,9247,31799,65368,85140,88987
yfqEiWAG,WuXmTHHM,QoUkweuR,AbZucpzp,eCaArtyo,kBrbgepo,51899,4393,95320,7647,42432,21167
OLygMcBy,YdArFzGn,CASsEYkq,zgRdLwir,jRjLppyk,xNkiyWaV,52762,26746,82631,39883,69727,65807
TZiKKrnv,cXdjaCiZ,jyriaIFY,QzIPZbKo,MGeKmqIr,uumvHAMZ,89012,32451,51742,58124,94200,98601
cYHSJuUk,CGDeQEsB,TrLbYwdf,NGhWVjrP,ccJCanab,EtgbFwGK,37708,4894,28843,40844,39613,94060
gbzQiefF,HyTRLIPU,pMzBCycd,sGMbcnpv,alPMDuzk,kgUdXFee,45377,56086,40242,58325,71086,73985
tEJpWcqc,DfcevkWR,xbrxOgzS,HLIiVrbB,vkeIbGnt,RNSmDqXT,25652,43235,63419,62731,89537,32466
svEwvrsU,iegtyotV,EFGgHXHx,ITvjGamg,apdxvdAw,kIboDwWc,79228,18689,9295,58685,33362,80740
cBzZZVLT,MECactPp,ZlcurEsk,SzDfQuto,eDnrEdLY,MmUDRhpc,6531,92469,76479,74218,28634,3082
fTRTaopR,jWLBJnmh,kYpqwpzg,doCqINqg,WZOfdboM,zTePpNEd,26454,57650,66870,89953,42139,67208
EYofkewi,CUlDcDWG,lhpBWjXH,NwTweVBs,omfcmxWz,KtRQjMxa,93821,49826,39449,33013,83849,17630
TgHWisBx,EwACxprx,hEcaKmfp,nIbliwSR,JPWVZxzb,LTkVNbUB,70312,60075,75095,93815,43021,92381
dVuYJtkJ,lNQlPJkz,IFSBWutG,lAIbXShU,gLIrMIuk,UgiBoGfm,9139,30104,19031,35210,98053,6300
ULzZJdua,MLnCMTqR,VsMpcTWd,wHFerWWz,udgUNbdZ,LNqoYAtn,46123,97247,45581,19043,60990,77034
adcMFQjK,gMvonSch,KQrnFYnO,JGUsTjIS,fvcdGwOP,POhtwAGt,96594,73282,96308,72233,55747,93523
xfnCAwOF,VINQUoPY,BnsXCbLc,xXeodDok,tVSHTjZs,PCkTSCxT,40538,85381,80651,15915,40857,65330
qdTgFhkg,VRJvyQhy,xIpteiVW,BMsKYnXy,nuxOnbdl,koIhLFvp,94208,46596,60386,98132,7053,62727
jiYtpOmF,GFYfKbfG,KcxMZHjD,XlqEtuSx,PXkwGIMG,xpbmMKHw,89458,33299,36594,75345,74584,23592
pnnYJniO,UkiqOwXh,GVaMfyFY,EUkXUDWR,VAvviIps,RzJcqzJq,52650,43852,18148,18495,18949,12950
nsFOoOei,WTGmIiYG,qmHutaJl,dEEeGEVm,KLOzRMeh,LEGWzQeg,47850,83206,57547,6338,71976,54126
zISYSpwx,EJUtQHml,ZkdkehVm,yYkKwHNx,xKFRrBjU,xcSjWXSp,86413,82981,26884,9230,20908,88548
RouEPqfl,UWCHzcVO,Rurdnxox,NFaCdKyU,jiSwTFgj,ynELJUnO,81757,89992,11187,27805,88475,67832
MoTFLJHC,JxsUTSkm,PdnfJkln,cmhxfVZc,gwQpxEGB,YOxrCjIK,63266,52060,35964,58535,74825,25321
GQpNqBQz,NxqImPHY,juCXBegk,LtUGggfq,kMYCqqvy,UhopZNDR,71592,98132,53636,6416,11916,7398
bucbaWSJ,yQUNEZFV,bihnoaMp,oaIswZgV,HuHtXaEd,GbhIHlTq,71337,42421,48636,41346,75063,19328
GFUsPxee,YfmolMMt,bBnxexsI,mOlFPFgZ,oFobfBpW,RkBWhHXF,30210,81425,49673,63121,27814,72445
LlKFfGYf,XoogECOu,PaKaINmv,VGnXCUHH,hyUaCpUn,peDrnEvH,69405,24178,1741,14904,64217,56310
ghAHeTjq,dVBPGdig,fvCqnVBS,qtkbbthW,oYCPizpM,lvfFuXOT,33920,1192,42251,58812,27949,42670
UgRcodaB,XCSfPyMH,cnOSZtBN,jOltFxfr,qpWQtxBd,CDEkHFvW,61023,20336,70925,69323,89321,83252
ZmtnOhvm,lqZVTCJv,IECDYVXG,sDqpdAuI,kzngifJz,VqotfATY,68044,81424,79956,3174,93369,97825
INcFnQut,euUBABjq,XbVbzDQu,kdXtjqru,gYcNwjQy,ZxwrZEWd,163,74664,17196,63571,36368,54051
TOokehxQ,NpcSAKQK,aemSgkIw,uYAPtyKl,mxvbOjLB,RIKdCZfo,56118,74205,67899,42809,67668,75649
isqsZJVa,EpUtrorL,FqRDWRuG,WAwIJmYr,ONmLoXcy,RNQvEamx,90403,55677,22051,12362,3033,71450
rzBwTGlN,LKVQqlNu,XPwRDTqQ,wDBGcHUN,VPgxioBL,BSGSDYTY,56240,70688,26882,60515,44967,22169
zASeYbwl,FINgGCsR,AzPtmukv,ikRcaHbZ,RwgnVvWR,bzcBjJTc,83318,64241,25314,17352,97642,58530
NHRWvZJC,bnBoaqwU,nlbcybWq,ezDkzHNz,afAAYmEm,XuOdrXdn,82247,58548,85010,25027,48973,23420
UBcFPZcz,DbfjTMrY,SYfMleaq,pZSZnnnC,VJeEIbeR,CLAdQtvv,58051,75972,33423,52345,35522,36165
QTExOVqr,DDXkLuKY,WWRMNSLL,zAAUVvNQ,YdOBPdDE,micLTWyS,16865,25358,10865,84889,27653,62420
SuFZjLdE,uJbnGeLf,rwSSYFCk,pkqtxdoo,TJPqKuFV,PSKBFRPF,83788,52355,97440,60974,19741,70504
rwObvyQc,bYAzxtZA,ZFsUsPLg,rJARWUXy,DTyOGRYF,RdDJXvca,19720,7799,18125,8252,23824,64079
EllUrYmB,UHWSafnk,CvRLEqMG,QyKmuzKE,tscBwwXW,LQUToybJ,65303,7695,62341,44188,88402,51271
SSadxbfT,KSzAGPUW,NDGnnNqy,sVmfyRon,wojMFnll,taxLjKpS,81544,85450,67798,84019,41312,21323
fSZRtfPI,JAwLkGhu,lBPCRzue,fQJmXFCR,tIVSxJOq,QqMuaNNI,5872,62974,49317,41966,25415,16980
kTNduAle,VWVmiwSn,CxxfRdqc,haxhUOle,TBmlRCxu,JcPrxHrD,70240,9685,9964,29125,57200,27077
xFSxLwtN,RpoKePUw,mNojKsjk,xKeZCBHJ,lyGWKoES,eZZheicD,11827,82139,50612,40855,80957,39481
DMWeDuKU,XsqEUrfU,CCABaBrZ,UgsOamzt,tNiQhBwD,DyMsGnCq,49193,71084,13220,34218,660,79099
UEkhZdFG,xBcmOEUE,HCwIQhPc,maMNdvgM,HxopGKsv,HWwHZsSA,82579,32378,60347,47155,83877,93888
AnjgnAay,sKomZjUf,TweQJJMz,OYPZYDSo,hyDBtDfh,bOuadniG,40651,58615,6296,68944,11594,55398
kmaMwtAd,aTEaYKvP,jhSauJzs,TBMBCkuB,WjWJuqhY,rYFahdxd,30314,46273,94985,6315,41942,82409
zWLgTxKO,HxcCHdGr,VziImFVk,bQDbWcdb,DXqaFuCI,YjWYwxcv,89923,99817,37864,23711,47019,10719
TghFNPcV,YzmLnJyd,EtAvJCpi,kOmZHKtQ,AClymSJk,LAgIfqdq,29277,55056,74892,29475,88523,8850
CIUwraBU,lcbLJNRg,oyBpNDWs,INOfYkXF,Brxnqjkr,GtFUNRDz,80705,37110,19539,29868,35728,84952
CyFpdOGl,jYZvCyuT,tyxNAJNw,yMNSUnOL,CKlzYOBf,vnIYRTqQ,17935,18351,67135,69992,71771,97812
WsLQaxEa,UJlhgzhX,pZNdRnHS,sxxVmYIv,sxXTCCTC,PeLbxdZu,58308,77031,24838,5490,7205,52685
yEJgpeZn,kEVbJieq,juHqUzXu,QrTFZVag,wihQypLm,dyXXbKDc,58565,90356,77684,41152,44656,65907
HanmakFT,YHxnjtGy,PTdXEIfo,frDQpUGY,OofMQruO,gqBUsqiG,30094,29591,52930,67798,71746,74670
OhGmeCMu,ClftQYkQ,cSDdOJPj,JKKvFyTx,opHCqsNl,nMGJHFLn,48847,32183,74522,62995,64572,39682
flePwVbp,QdiuCiDV,ULsmTGHY,zvDOFHks,bVrOHyKe,SHFxjrfq,99277,72460,53161,19040,14740,89879
MjnVcpFU,ZZpfkGzw,nsoXZuhG,SlUqAyXm,SYIIjJzk,gToxaSMz,51824,21553,73578,73884,68298,91745
zqriNgvB,fjMRbfbJ,KqKwqPyq,dbQrjTba,CdeprpZv,DPpGKikp,54167,37567,6570,79843,19528,72484
NecIrJFT,oggohPey,PekEGnsz,QBiltGzP,wdCwtKOO,IqEOupog,29488,67901,20986,45969,15758,48594
daPkpZJC,wDNPOaNT,lYClNzDs,lOohoDPY,tvfquCJX,urUnlgfT,35104,29417,10757,82388,3548,74125
cahSTqZs,CcnfzzXN,acLreaSI,BnPDWsJx,kPaBRxWG,AvPJoMEV,68615,89028,20729,90798,97167,31124
noYbvHPt,LksstdhP,qBgOIRZL,ECMbVoxq,CsDkGrqW,huCpjGHM,94127,79309,4606,5422,66230,59291
gsZKOmUf,fFbMIHmC,uySJnCiK,SpsrnCZB,nUKLMIlU,eFtQzofB,20104,34626,5482,78969,9523,7366
qSLXJdiQ,RxQKjDsN,KdODTrfv,xbyyjSCy,aSsAEiKY,LHCliWgP,20455,1474,33293,14832,46021,98795
NWYwMYEe,DTbtLILm,TPgHIpfu,VXvQWeQy,gweCUzAH,SuCJEAQn,49284,3515,73857,67249,23000,73288
wGqovwxQ,ElHyaatI,GabFHsAM,irZcVRkK,kwhSksuV,TnBEVMxJ,49994,82798,2512,42818,11936,23026
wXSfspef,MtJvsLMY,XuoWuHmp,MEhdjIZZ,catdrLyS,mlgEgJpZ,10151,17819,81042,19379,75253,42442
EfoBcxMs,fZPsIiLM,CsZgbKAM,RicCSMlk,oeFSoRFL,GNmqORlP,10420,80299,36647,35006,43862,67366
ImVLzbDc,CLohsDuO,cwGLfdXu,avpeQFup,dLsyKheI,XCqdOQuE,79367,58439,32543,20366,53628,81274
CnSSWxZN,SlJfWZEV,GiONOTam,Qoscbauz,SAonsTmw,skTbLiWb,32964,7978,35620,58812,9056,15230
ausxCQVt,fnCRPDTa,rpSsZObb,AlVnyBgs,JlXtadPT,HGDAtawn,59684,16297,62389,95232,19472,56836
JxtrKkAG,rvnHadoc,jzgQFiPJ,fMxxKbYV,SJhVwJYM,tCKrRxoK,33128,25342,61139,45804,30496,26585
fyNZjZqZ,RWswLOnn,OjnAlKKj,NTqSDuHc,lQJMxqhG,UisGeRYX,91690,18189,55668,90524,16105,30730
zbiXjyWI,RwnyzFmu,psYKpjcH,qXejdHYM,mKVGVKwo,kIpfbYXo,7609,49813,18789,95475,84590,94596
uVlnZPHa,hXedZKRt,rBfdOZaW,rzutnBOF,OjivFLKC,UOBASkHu,21062,15769,53032,37539,21372,40114
CsosZZzd,evnjkbzL,wICAoBfl,kBSVoSLT,hkfoYqyv,ejkfEzug,20641,52473,990,56623,48272,79383
gNCGlrmm,UJuzBbHy,lyTVyAGH,rLqjBmdP,UMSyxAmD,FIvgPhsG,88064,82058,96457,22721,63568,61469
KvgwEmFi,vGOjKkrf,IiLedUyv,wcPWNLOT,BxteMWPB,hmEZMFoi,81747,80745,24256,54988,28888,26582
jtRLgNGR,ZeIygnDa,RFebKRkj,VNZgSdVN,CxuiCvzK,NpdeWtML,76127,80578,60115,99507,12651,28911
hrMbsBug,AlynQGXB,doqPUYMs,KxvGZGCD,XLrnmMig,xegCtfJk,7155,99728,56212,71931,67931,96676
tPSSPYPW,plxvjbDw,SaaJNcLn,GJqLvRGz,zSVfnzMi,TcuNjWko,14571,53625,27418,80466,15541,48790
uhFyoVcM,XqZRCDrU,iyLnaztq,rnDskQpV,cojUjsis,evtHJTQi,75222,33720,22334,26120,85676,46883
MOxbomlH,pYmgNrBu,rXWnJJpP,IPLPPQwr,OGmhpOKW,QTXTYMTj,47858,87110,9247,4144,89432,14082
UImduKMx,iNxpmslf,PpsaXaTE,CsLrqyAm,oSFrrdCC,WQfiRvQo,66730,37786,9302,86524,11924,97162
bqqwewpi,sSYcsEkX,BONJjSBI,wblFoVaG,aAxEvGIU,kbKlvDSI,84280,2165,15807,54550,57660,50848
wxXMrXea,NHoxloHv,CzkToInr,BsWnbEYh,pXcAccoU,BIIptnsD,76402,82726,16147,3393,55877,28844
dBpmhsyv,bYdLeFLX,wJlOMWyv,ylopcAWa,zRVmZWOB,sbVJGtze,15387,30835,81559,44416,60964,57485
mYkqdVpS,HNNnyABr,gJpDDYQG,XNavIRCR,LaiQCpDC,rtKMVMPN,56992,71090,65871,72403,68776,25867
KTFzAWcv,cgAqoBLa,seMcgeyD,fkdzfjPt,BSHPOZRj,SqSECiVt,29014,43575,10993,68383,58284,27020
HbCEqsMh,VBtgQjGe,qcSkmzyj,gaYDCXjl,PeNTeYQX,txaRZFGs,14304,66634,55720,16788,60147,25146
CRuFHRNM,EAQODZzf,yknPAQkG,WWUovWbz,NXjKPgAL,JOEJPmpb,14207,16025,41651,49286,70139,38529
vkwjOwVc,TFKnOezk,aFSUJbeA,kztlKsMo,ksmUssZT,EmQgFgrM,50207,73770,32665,31581,51526,36824
gXMztHnn,EGAVdeaH,bIhuSIhj,dvWWYeQZ,HMjxCgAe,cokpCbSQ,45535,39880,35176,74321,91389,98187
LTSUbKzV,MMiyjcrK,TxOXVpam,jXAFdSlB,WRPNleDy,MGcyswEi,64824,5378,47851,97254,16696,54698
RnJkGYaE,wuBfIAkK,jPtuJBfE,zMSTQyXY,KMVyHqHi,roMXkcRv,45709,97610,57714,64988,94575,63305
jqrLaOFz,wYOGbBFy,DYyZbbIP,vdAmtmxg,cXqoPAyB,qVtLPimn,96345,42721,41968,83702,49129,18223
yLEJjUjf,MyyCRmLb,wzTDIuLL,bKulmNoV,mkaarRVy,EpzwjUJv,54938,52053,67387,58859,80184,23811
kUnZUDLp,XuOTIAkG,PjeaPFfe,YCrYftdk,AskXnYll,iztdpvdV,15658,96569,31327,24786,49915,49022
NdmLLqiv,NiJyIOHW,LQPZIdna,HmBBAaAg,oxUBAYOd,IgYmrgaI,78893,44297,27709,90007,9556,68005
gxknBjNm,bhsSGlNy,oWQMkRDl,ZeNaOMTy,lMSYcSkz,ybhRYYFU,3602,36754,37601,22485,97773,2273
xlvCdlvW,vGdSyHUx,sslGszWC,pcdrNVfp,DInfRLea,thkFfdoF,41037,47992,44584,20092,24546,97087
mahYZNsB,wvABsEUc,zjcXNPIf,wlENTllZ,bihmpIjm,WqbMWIdO,52414,18553,92595,46084,41033,72327
lhHqtwqZ,LwxAYAyi,LVzBlGfz,EpOyovly,OeyraMCv,OYkFbbyJ,64119,16755,4704,75632,18102,97172
GCmoELNh,jjUOUNZz,TZDWIIEg,aGiYivDi,zxeKRuZH,LEcZJZCA,60372,53919,89738,10093,82543,94475
JpjykuWD,vzFIkEUU,kDUsbSdT,GBPIGVUp,sBBTxvVK,tomyuXal,12434,28724,90828,33250,81837,99546
BWOQIEsP,lSAqzbuy,LIzHkVmG,dbteVRuI,srNnRaFc,xWfNuTqU,78203,66376,15721,31097,15383,55350
YSmhhAXr,scEiDAXh,JOABgcFs,rScJyPKT,QmdRfZud,LNExlVqo,80408,29919,48282,94499,49992,75193
xolqEdrn,AvibEoIr,zcJeKqIe,lPBAUksB,UqCnJVpV,LEZCCkJQ,69519,61777,95451,20610,59197,60280
QATkLvgx,BnpepGRb,ZkTGgJeA,ahXScwMm,KddoJbjP,EUmlooOs,82819,30170,34126,44109,11388,41722
UkWstwhh,qhedMNsC,aJIvWKmV,XFzNInHf,lKxdaIzz,lhzaTWWU,91492,60152,16986,57653,89023,40498
aOWJjahr,ftjzAWue,xiNcQpbk,oQUMoLkV,UYofTjYm,eTuFhqid,54901,65932,33507,4107,40814,14801
ikdfhxPF,ZiVClhxx,GIVuhTfa,YMsLHEaP,suArydAM,yIpbzcPM,68962,30567,55148,22231,96023,93864
LgqMDWoe,YYkXdduG,GSDiImhe,Xacnvxrv,PDsdqPoS,QunIQQhh,15790,84404,52019,81331,80566,76953
eMfwnSQB,trrLfidZ,sYhnoLmG,HUFJJAjd,xKGbDcFn,BvwwfUTy,62256,84574,74197,41717,61892,62498
oQZMFhRf,sNWKIpmm,WXxJaMTn,PDLRxjkE,GceeIUKi,mlFqSPJc,61305,7006,47295,15280,59087,30295
oHCFUczt,rdJcPfeD,yCYmgZta,eCdwJuBy,fTTgPzvj,MJTgQIud,14389,36005,99386,47169,49288,1356
vHrzSilC,GHOiztVT,ygkFSZfj,MtTvQTWw,YoNKytLj,nQRAVHhE,44691,80674,35494,61147,9912,40623
KWfdAqma,pWWGMire,YtwlSDNU,VtHzrxeg,GvMeMUBS,NuVOGgox,8778,11213,13187,83176,1167,89927
gbTuoASM,hrRAXKgY,KzDPytEG,qOqQfxux,pZRmKSay,IxrAAnVE,8601,11617,55546,1712,82181,26581
RSSplakq,aPxtyjaq,DPqnUKWq,AUIvaCei,ewYtkluq,fRtxvjZd,57786,41054,14115,93059,13092,22874
CJqmlPgL,xLLSLeYb,KyAMrtbm,dsHRGfIe,QijJpGmx,SNKgiljx,30309,20840,44851,44819,16003,35363
uOYmmVSz,ZhyOGcdw,NZRFcbMl,ynegzBhZ,wfhEjMmu,QigIFzCP,47775,31653,82865,29087,23643,6031
xNDQzsZs,IyzUjGgU,WZTyFxxA,gpSynjmA,EKwxhAAn,IDhOxGXu,36820,59448,30892,89315,26248,32316
epjFgxcl,WCfrBrQd,pSsOvMrI,FMnZhWIF,WQlwoqTu,rpHKNzOR,46731,92276,21374,16036,38123,75078
hcMmSPaf,QgDoGAuf,CCZhEtLW,AQCJfTew,moaqRpSr,oHwsfRRG,19993,43389,7698,50395,60083,15197
zNIXqoSV,inLRgwdG,DsieYWaB,yPPQfPpV,aVytzaWc,SmtqraCT,77244,61469,13489,12988,15464,52824
QLJfnzon,rXZxnJML,hLegofBI,GhDlQoUu,tDRAABbE,bmrHXNvh,5859,10966,81515,61322,5703,7869
asQdRgXV,yDlZYDKZ,xzzwQXFz,puGpjlmU,EHbvtTVh,ajarklQm,42460,65342,41195,50866,53163,55741
coeuqZsI,HAQdhaJl,tfGBKiam,JCngFZMu,PujrYOXG,Ovrmhjbw,24278,47993,71787,42242,17616,82907
UJRQTHZi,JIZlnyrM,DfeoQpXw,qEATXocB,qDsOPUKd,leIQtRbW,61497,28505,20309,61758,10380,53055
RREICOcw,uUgfWeug,KboRnrFS,efZYIfpm,lzIoUIiJ,fRnQAUsd,57182,53,93074,64551,84395,99887
dLnlvUdd,VNxXRlbY,bomQOKtB,JqWoihpw,FGEzQrWq,qALPaNmG,96703,71176,36597,52259,3138,5682
qYFypkMp,PATNlBGy,jKpOOkKa,AxSVFpna,HnburjZK,oLyBQZRl,67794,90262,9202,29657,95804,78171
KjOIddUx,wTDcNQyi,VxgwvWio,xrIxtscD,SMxggIzT,zwOfRRHh,35730,58207,32021,18559,40082,15190
YqSUwLRG,SXYevrmZ,KcDKuTGy,uHjoJhWl,SbJRwQwq,zukLwAvP,63385,80997,30754,48065,55134,86890
gEuNhXcr,bFimvCPQ,ZDJPFzui,jcSCHzsG,GaTkujie,AbsdHrUx,29201,66156,36295,78116,3106,70190
BflhEPki,sOHkDDdt,kYDROvAl,NYTFdCKq,IqvBESok,IvlMxjLL,59718,61167,5056,87714,21855,39535
kZpwNKzf,qKOXpqij,FxQeletG,ragpajXR,hmUOkHPq,HCoyVsnD,74941,60870,28442,65240,65555,61312
BSamcjVS,vJRCiEhN,dBHjOiHT,owTWyWTJ,MPHkVnAW,IcwJoZhz,78123,67481,68517,31476,67762,35470
sRncikhI,SYnitGcX,RmBEmRJB,zfgduEvA,HamrZkIS,IncwxtVM,82596,37995,28654,9675,43307,1233
WWPPRKQx,LpPEZsBw,WcYpbUQK,NfHqcmKh,QoDDNSQy,ilzKRdbL,9321,36378,60287,93099,13588,49908
ImmPLMXH,VUuTHycf,eKmywTgs,mWDfOfat,ydnMBrhS,BwTYBgJR,55438,16485,42623,45760,22865,16649
MKJWKEKO,rUDgmbXO,ZaTMQzbv,ySBdWBdN,RnZCMfel,DdfLTszF,20094,74212,92048,65476,58393,81376
QxQMoqoY,mpzpKIQH,DRcamAAR,isXTEdoe,edpOtqeS,EclZjsnO,53683,39696,54644,37554,9531,57193
MYTNoVLl,umeOrqmH,CoDlWTqK,GfztUPep,pXXbeBDI,LUkGWhtn,44567,34037,12120,68670,65002,15174
SyqZGYXb,glagsWlr,EdkWRSCm,OFfztWgj,DNrgUTbB,hnNYWolk,13210,37340,16099,20522,2693,26575
zVfFsiNq,VvhnTlsD,PPUCVqTW,dozTByfi,HsuVSwxa,tpIIvcng,14553,30029,87935,35242,9159,64159
hMkEiCWh,yvSyPwDB,lUriLSzf,PJUeRYUB,aCBdzHXw,dPVhgSet,23405,3508,50134,4437,17153,56474
FNzvFNPF,wbJUMwuM,jsaSNxpa,itclyieM,OpIpVrPm,AEZiMJSl,92959,48485,44092,72068,15904,62425
TSkPDpcQ,CoCPzmxm,LEIjNWTC,ejJwOvfD,RAXRSigi,pxStWYGy,29486,85351,63572,45110,8804,32858
sXZQKdMt,XUCJrsAR,cKjZzzss,UxfrZWxN,FnWNlCVz,pZXEIUze,80378,62031,42408,54015,81893,72798
EYCZLnLl,xJnpKpdD,YqfWtbPI,uqnrYNTe,kjejFiab,iPpiVJKf,82762,79511,25602,89393,48145,73360
YfRJQTBW,hazIIRpH,cSHTNsaF,iRbcdOVg,MljZvPUP,xwwKfUEh,55376,71940,72018,23961,97151,50421
JlakzlOZ,MkfruFJv,WYiBRTja,atgewniR,jPNvHJOi,EkrJccvq,64697,26788,31292,97754,28614,4210
wSeQWytN,hbdmAjeG,zfDPWBqP,wsGKrYgm,hpthOZPw,csQhBhqN,84859,20590,34595,19274,6126,77947
hqIOasRu,FTkBZGLl,ryJCIuwz,EiCrufOj,kioSSjat,wljeRfMv,7850,54238,9572,71696,82511,22931
mUJSeltb,tExYsKDC,kmArINcK,SMLgauCr,bxquESCD,oWaxlzWX,55673,62511,60842,64385,37648,98817
UcRqOlkt,diLETcXM,BpmgeXwj,whzUyBHa,xyMCnoZi,hlctlHoS,33583,78627,61782,17198,15203,2819
VkHKLpoK,coNaiyKM,odRhdmfh,OkFKYMAL,WsYmeKSc,rswXxhGW,88707,55249,16597,90199,50516,81295
kGWmUybp,vSdKaFdd,zBIqvIue,spzHycNu,svZrAnOi,ThoupiAQ,42806,10683,61306,73320,87765,91226
KmvkgeUO,FGtGFFXO,hdycVtcu,HTXOadpP,xlSomzYx,AhLKAZFX,59222,70933,23700,52038,55798,36604
dPwCOIqN,VBuUIUqo,ScLZhwbK,StDjtIoT,joVRSKNI,FjiqWnCP,55892,25454,16366,38981,44619,64312
FlITLHld,lrjDvCKJ,OGKXwySL,ylIltcvE,laoaidFW,LwfaFOdz,68341,22858,24932,43064,19776,84853
IqxECnQT,WerAwlXm,PLOjDvHl,MvdRzEti,vRXIyTOx,cmrWrthv,51964,62492,68557,72689,42448,44266
PHvVXrBt,bUEALUVi,LFbhdhrS,zXPRbdbK,wjlJSCsK,kMODIGcK,67141,4633,46924,46748,14648,70310
TmWEGlCk,vBpKGojw,JvpZgnwZ,pyfnXLUP,oDPxMZWp,UjfAfHNI,77145,13303,18417,34357,93756,47009
eEnzbWXj,ovcefxAS,fEDvpDUe,umfgdQCl,AQamgFOi,VFCFyaBB,2498,34637,88368,70832,15629,44497
rlRvKpnw,JNADyEZr,TbnUIxRR,HrWzbEyb,JQfFwEfS,jwYcbBla,82073,84552,18006,60211,7406,391
NuJXYUkP,ldlkFjZn,cldHbQWm,rNTAqWup,NtYffksQ,MmgxmMDn,60874,65841,4352,32876,3843,20364
RXsxPUpC,ZfjKDqom,CipjQRyk,RVPtqWiw,anXXoNWw,MUghxmnh,90480,66658,36012,27711,72301,71657
pvDehUQA,HtlZdVRy,eFYGIvpv,rABbrTKz,KDfGoHAZ,DOIKNnht,43452,64102,79037,84440,63539,95778
HmxjiWMW,xrWZGDXD,ZyNPSHau,UqpkrKwX,GZuoQoiH,QzhOOtwL,37543,75831,57757,59106,57633,25747
AVtJXGtK,OdUxzgJJ,DpVfUjXq,Bhkmimzm,WNjQgvMG,ujRQlwIe,93084,52424,7411,81214,34720,15998
rJLIXAlj,VgFpMBSE,UXcKZMeu,zaVGZCOr,SESjZYii,ZlQuIdws,43991,4503,3811,24949,78528,49332
khaaIofB,TVDVKwDh,BjvigdXk,ogqKMNKm,VxWfOvCo,UYHYXScW,79000,79577,63698,79078,49222,24080
QdRSoTru,smoOTTlZ,jPvQvQxg,Xapoyioo,hFqGDTWG,UEretbiI,884,49301,43686,58458,94917,96338
JnRxyHSG,hfhsUfZO,cfjqWHfj,kirflJeX,OoIQrwZf,hVEoYbTV,22078,2454,15661,33374,42458,37724
GNNpdASK,IUvAEfiK,sEMxXixF,AyKDpLky,YjzTNyyn,dGJXnuLN,74880,40916,91163,46184,35894,82446
ZQKzAFyf,VcUTldNW,gPKGnnRw,pCtcKJRN,kNBoQEPc,GlXWYMqy,46809,96764,28924,26879,55982,5079
tEnykcRr,IrgFTyGk,MQcBZRwb,rxvczGiI,kFOFYrrE,oMUULHwV,9317,74168,98249,61424,70611,24859
wtHgMjsS,hXIrazHB,hPREXAji,zcxDGssF,GZsNjxoy,GWJthJXl,90371,28459,65568,56284,82350,34846
aSZUzoWi,YxTWRPRD,HrOHPuUG,RFwhpFdE,mjMfKWne,GVQGCsnY,99196,39297,92541,13013,89221,25196
WYstWqLU,NTJROkOx,DGrspXnQ,zTXRdGUR,pfcNiDsj,QnKcTqmC,16746,42557,92556,38843,67923,74653
WpyeuCPd,yXPDvyoY,WWOzhHxX,rWbBOUiW,wBDrmYkf,jstOwHLd,63763,25237,48102,18295,26391,99424
ShmITodb,xsjxDMfK,BupNyspW,DhIGcDuX,rMThZXvS,bBEWHzlZ,69213,61316,68348,24795,91363,34044
RxzeTbSK,nmseoTWl,eySjezEA,sPMoCgMJ,kwUjBjvp,zgUItDae,50070,23146,5764,56460,15662,35056
uwBxlQho,HUmvzfoC,eAEeqrmT,wGTwYpjo,qdqTXNfI,QPCRxKKn,35012,95312,55329,42679,68104,70946
vMlvIrpp,ckmgidFL,OEspcOLq,yPEvksSt,QQsqFGrZ,ilNlbmow,12557,64229,47463,83493,36491,85005
rWjLENeh,chUwkDbT,MAyFzsZf,QjwGCbdk,YYvaWIrl,PZmIKzQH,10220,58590,37037,33704,76269,62955
wuegBaHj,etnBpvyw,izHwZxpj,mvkekTbS,HOPMrXiD,NiExPUpo,82345,95246,31970,83146,17416,87683
TpyUUbxg,KRJEeEuj,fRWvyqHf,IkrMLURe,RrmKDvNE,yzYrauSh,37335,63416,33519,38292,97678,65905
Ripplayl,KnHygiLz,xEZPwtWT,NAEYeqTP,NEVmDDFq,NaolJWhL,63300,67264,87950,53374,47770,64733
KgbERPYU,qfSILFTH,CixswiHm,LvzgylnJ,gPAaDKIk,wVSBckjq,10950,48941,13984,39042,48831,2860
TlTDcRJM,LzqNpQQn,qkhbMqFP,UWEffVVn,URyvMHtE,AVXZdBsc,284,10150,97292,39902,637,20158
uUtxYewO,PqvOJSpM,ijYAgOEZ,mAXbLexn,wDAOQcqx,JROzVIcr,63894,82671,16603,18092,17954,80027
GbUGKzjj,dCOCfCXF,ApJDXIJn,DzIIAafj,kgBdIvgl,OurLyGEu,97635,11106,35339,54419,25594,2832
GFirWbyW,czdpsvPD,yAaVLzEZ,YefAJkCb,rIhCfXNG,kvPpZvCD,8114,91389,81792,23726,19639,314
KXluPDux,CQxtqNEd,iNUfRQzw,aOqoGGji,tLVEMclO,qduLLIdz,5316,49405,57826,44913,98456,57261
ptQajNdB,GsErALnT,OukAUBxp,yAKIrvWJ,ftBWaTEu,FRfneRHT,40463,59043,8223,46389,65345,79385
qCsFqToP,vyBBnbdH,mNorcWnn,zJvQCWHd,kORLwhYG,cxRcFdNc,40649,50558,65884,27960,39071,90522
XmgYNSNL,wCyjPUAY,JtHdSHwW,JYZhthIe,AerGBzLJ,hPpdmGOe,26922,84051,16608,18061,19667,42406
sYZUQWHq,kZptcUEJ,gBhpEkvh,akAOZaNp,zDxnyYkA,QTDZTvaz,61772,77956,55244,14848,47809,84095
ZSqtwLUj,OheWTAoL,zsjWKpwo,mQBSGhVn,xYSnFPls,taUefopW,95329,77788,92784,45862,21987,46268
IcSTXecy,QxXUtaQQ,pjnMwwtd,liOpkRmF,IGNJcWAr,sSpIXPMw,50018,42722,73081,85999,64685,538
nHQcoeUs,dVaAObPz,OhnXGkHV,IHiPKxGN,SJIZoDEj,HpNPgCkf,78442,59541,99611,36614,18443,4628
VIXwuTIR,SVwOdbWQ,jgLKOIsZ,zBqrGCqg,BDTxYfkE,xKGaDHne,9441,93067,3793,80621,49964,80625
DpoAWCFh,pWNcDKup,QnhxIWbA,vcUFMaHV,ubjMTwhA,zQPNdJwq,14727,89480,52361,20326,91111,40099
lopkKcgr,ireVRpDH,bOLRVuWM,ucdBbWiQ,DCcdvaOn,hsgknCMz,12159,56496,43993,8970,18872,55324
xKdfTkDj,eYSHVLlC,olABZarT,fAsNFkEr,TyKAZOvD,xkgpHFkN,72275,32180,46058,33719,17576,69495
qDusFpgI,AAOmpqXt,RLhsGWwQ,JkQfSkPQ,oLKNieXC,JthasRrD,69429,66913,5472,77364,44050,95394
VEgdNhOb,ZZzutShG,MxfemSDe,lkokZlLn,bnpZfMQu,ivCBbSnO,69878,19710,67046,75647,71763,90974
VyMgcawP,ZfXUlFhz,hBmZXnTI,UaaRtiYg,kDProAyX,qkgtQvLN,87823,18637,9623,14036,81412,92096
SGcYZKLc,rhuKqysL,iyLHvkFJ,SHKnKPZb,UmZvCqYL,CgpmHRGl,47834,55581,53561,51100,26702,27328
mXxtKmNX,OiHHZOTo,kKBVsvUe,lZGvVzDZ,AttVzvcd,lsZhzQGM,98640,29922,50026,76097,32068,41338
dcViDoGw,uDUfFame,yGyWYush,JXfoEFRx,ZoyjBKZc,zfRurKpO,46326,38909,82519,23548,33577,12255
WPQFqPea,TdwBtGEf,rSHyujdO,BAYUtkiy,ZWdhdear,XfehpFNu,21847,56742,92075,95181,18187,41879
CbDPNNoB,WHplIRJz,ttHDXdXH,NsnAXEpb,jUzYcPjz,RrCwVdsr,56492,11797,17664,82117,28581,35395
kjHziPOL,UOUMbMJq,KbZELbHo,MrHqtsQj,pKDrUhLs,IVMFcHwp,12766,57049,55866,48820,23321,34390
RhGrCdJP,RXUzyjiS,rJZRRvxM,vCzrbsMA,xfPhaCNM,YstmHice,93876,36748,25245,17225,39324,40990
vqonhHOQ,PKNClDvb,KtYwAFVn,hDbZdKcB,pIOSKXHm,TspeMLyX,3728,15434,18724,13082,23692,22008
JyjwVvkN,MLDSwfNK,zjTOLRPT,ICGuDDRT,qlgYjzbM,NAgRbQvd,67958,14335,18814,97035,3223,66451
pAnwfQJg,oOdGDDPQ,kvzprica,woTKIKYC,sWYkRHHe,ksJznDZc,26938,8041,80515,67785,97472,82387
vTXIokcn,RcsVDxDZ,YYwMTvAX,dYdWyTGF,FmsMmriz,KSdzVlZY,13925,24633,43424,22326,92184,69970
mqgkOkUy,PhCJCVHv,qZgEoynP,BAlpaGdf,FEYwcWkm,YzSdHkAF,5369,1002,60307,94447,73834,58870
LxtQLwzU,WyHKgQVf,YpWyLxpH,kvuZThXc,PLWcOdrb,JWeIrGoI,61812,42598,87778,43627,72506,69101
fVRrtDFs,WIlUEsDW,WjDCLoKQ,qEigKdyi,mgcAUScZ,rYCOUGNJ,17526,26913,5628,3604,74793,30539
oAchJprq,lbZPekQS,IXizItEr,JpaounLH,ABYfWjNq,FdLAuYKY,4049,22413,98845,17640,15764,58871
wohsgVvf,wbWtURUW,yxmpbBvw,EFTWYfYc,gaoMwdBT,zbcSNYLT,59865,88990,62961,56789,69981,8571
bhXoxdHG,LDSQVYFW,iovnHjLc,vIJQzTKt,rEwwrfXW,WTGWgnJM,52090,34948,94499,13113,62457,65934
LwUHMjEw,oYQMFLDU,JUljQoNs,UAkybxKS,FMVhExbh,SlfFmhpr,31679,28484,78223,33243,51434,60687
cmRtHMPM,LOEpzScQ,ifIGXzII,LoEtpTJI,UmmaHgeI,eoVPcIOA,42781,94854,63635,87240,42132,86622
ObAsMzWT,uQJFeRXH,TpMpcyme,HfhwXJld,WSWWtyYE,ZKPaWCso,12561,93942,84332,84117,12058,37957
GwRIimij,SVpnQkQC,LdqPoBBS,SZDJonRX,CnrIehyQ,bOfgszlQ,93191,85259,64918,36206,18022,38461
VMoAXXVE,qEccMKUy,CaTpmnmZ,cQWRInZn,WdgonLed,EJeJINoZ,67642,55311,53130,36473,28239,79120
eWCtTECg,vtTprlJt,tHoSYUna,GLeocqho,AVFzloiU,rkUjiDdR,51885,82934,34092,52317,1495,81534
VOIyHTyG,eCnWOqbK,HEhVGfTE,pXNZYHEt,zlJfcqJQ,EuBfikdS,62113,45469,12554,8920,43170,65621
uUOluDdA,HnhIvPLl,pTlcFDsa,haPQWMQT,injsHVvn,BMunjANx,6691,6480,8061,71810,21664,20906
AOuTbTxI,eLSrqHkf,hkdjSkpU,XHRvfAqy,WUoSwwnr,ocGZNepG,36592,76047,72316,95049,4910,53452
xqpVAyor,XjSeUgvx,awGckZtb,tCCwSxBk,EYqHAdrv,GhqGGlKB,92985,99655,33730,78128,87060,61758
aeNaMXOX,kOupeSYW,YNcfXklg,MvySIxfG,egKzCQXD,wVbddKcU,23874,43659,93337,84633,40735,98810
kWHVbEMn,rYFtWMJm,fbaijmPo,MSCEBxgn,HhfCnQGt,fCkonLwx,89803,74598,76172,16094,75550,87892
bIhlIiZG,NAMwwxvZ,bxcwqilW,sYdiWchw,IfadtRhN,VQlyGjCo,46134,79555,29214,83310,16052,83199
GOQQYTau,LKHPFRBC,ZLBoQDsO,GXsMtsJy,oHSSClJq,opUFWjgO,95324,46171,56475,24122,36666,52348
awMyzCWF,MIgRjLuW,gZIMiNJH,DhhQDgDM,NjfYxrjY,dwbHGRuG,8252,4567,28654,20100,77937,66853
UFarXVoE,JRjFriaz,nnAbdkzh,AWVXstIp,xodDcegB,jGwdGlvq,53802,21256,96505,20723,90538,80529
LMLTZMDp,kwAunHln,WjnPeBzU,wgQxqiDk,ljcpmgQG,jYiofqxl,33123,77713,20042,81757,88890,73700
BbfzQiaE,KYxmVvji,OeCXBeuG,zOaDvgIl,LGavCJTX,gszehPUh,30803,91802,1650,16333,70332,20238
bReKDkfz,RAQOTlgY,poqwgDci,aJdYwCsi,sDCEzTdg,FsXzQDzI,80642,79705,60338,91895,14975,43972
vKjrxJCJ,IdabJfad,ZnAPDYbm,JDRsMcqJ,KurovkJn,nSdDGJmZ,54518,96868,22093,84310,81104,57458
rCnwliQv,GaEvutkT,WjAGbhWw,NgblsaMs,NBgpJMIZ,KIusCuVL,17533,819,69132,71112,66058,52715
yTUVZfVC,aEkdfHkZ,sWZtPYep,vrKBCSqA,ZolBVOao,IhtETvXO,62973,44859,7593,14594,6272,67911
Tmgbinvb,JAJNRRcC,MBktFVRm,XARJApxD,xSYtdVmB,DOaQGdrb,66128,97176,65413,21711,87775,8623
DygXhGnQ,mSfIEypp,tdswGviR,NugjHHxE,MjBUavyQ,CqzvvGHk,19881,10572,75540,65299,81695,52733
QJJeluBu,IjJRJvJR,FWuYwStG,ntvecIic,crEJZnAL,dYMYSQWq,55077,6785,94342,78863,22467,49485
SOXPxxvw,sLaUFdrM,BoErJVJa,xQprMVeV,LTglEiOe,UuQZLJSP,93475,26279,23013,79263,10882,79151
BpMlIGmH,jbVATOoD,jKYhKwqB,xJOMTkFe,OmyEXVsN,chsGkraO,75638,74761,12377,15305,77063,71151
KfIiVuNQ,PeGVIqde,zlfUbdvt,VYRVZJwv,INaVXWCe,ugGufICP,69882,96750,5002,74440,4463,27087
CiuuBqtd,KVXWWhmN,nnzdJQei,BfGSPNYj,leTfDKka,uDOWxwoE,85155,32812,58861,94586,73608,93516
SxSMnWRV,pMHRMXSB,bLKUaAHt,JshPolmk,dtHQGBCG,BcHipXLL,9323,76842,50328,77038,18189,95689
WBGjmafj,ieqaFnUz,ZgrEzCUu,cgePgYqb,cAyoyxIW,KOplMTfK,34889,8908,92291,54264,76965,93972
wKhIweoJ,qeaoCNiI,DvfuXyhf,vNDDBhJQ,gTiGXabE,XNOSbNmA,19960,11512,19890,80613,7796,76017
zTCCyPKb,jmvmVhQX,YvCPSNWI,UBhuNyXc,GzjETRpq,xwAaEiDC,19708,1605,58704,18232,37664,83868
mMXPdOZx,KTBlpsRa,ZlPmtUxn,ylMzPqoM,suuQUxxt,zfpNJhGh,13979,84679,7064,43165,54283,71686
zHjeSOYS,WJzSDSFr,YajTcRBi,weDWlAoh,rOVQcsEE,utCAdaXV,54143,17154,48051,32240,20471,50428
GZbmGBeD,SGdfvUWZ,bXdrtqlF,pAoGbXZr,EISfVONM,FNqntged,64506,30266,37197,4460,9343,82360
VBIpUshx,gAuIzREA,pCJdNinF,vVbikIeh,kWknnLge,TpGzbIju,95149,89068,5758,46410,41579,21457
CPNYgpGx,mmEhULzi,XYUMxrHm,NtTuTNsK,rIFfCZlO,GzApImZL,25539,86847,68817,24280,97378,88772
FRVXBfrO,XXnYynzg,tHHytrZs,HGqBktJu,fgKbCfFV,sgGobAfx,10938,12482,56869,37226,16022,18392
UbPLjXXq,nnJBfmqw,irjAsVHJ,fVlsRcTo,NkXQvDMx,KBSrdZew,70373,15330,24916,33188,91284,96067
kNxgjlAL,ThTkRRUb,ZEIAAirL,NQjkpcfV,wZYUexFO,YIFAZIWX,65979,36289,64203,53477,53523,41059
MBfjXHMW,vcRMaxoV,VRYXKkck,MOJHWBQA,XBQXEpDJ,AiEkRZPp,5316,14364,54784,78520,51176,51183
xNgQIaXj,YYSnhElw,BTAmemtM,mBKWkSwy,GZwfxQdv,zbfHwWlc,29635,85055,38722,6739,11696,72801
NkHcHJWW,reHFzqAa,xvXdgKNM,OjppYeEz,SOGGAxxK,qAamdNNA,47668,3622,64072,10982,74277,62931
RSoeBNnf,kdrdlhos,wAUskWrD,gIbYDZWb,vYLMzWmK,kZpYyTke,79417,54446,94608,58663,80177,87103
MbZvjwrZ,qPMLsHSA,rfbUlZrD,ITzkiERv,iONabpfw,rIckRpSI,40908,25835,23374,8767,53890,67494
RhaQmbSJ,dnUMLQct,KQXEpyls,mAbkWxtt,JdCOphiO,gkUCPXcf,16603,63457,20772,72140,24991,14395
aEqfjrMd,ZsUIdcsS,cZSAxzee,xJzITrMx,IOrdYpnq,HiabfrSb,95840,94902,43905,90081,81218,61253
BsXUWDVv,sCPFvSHO,NSCHaUQS,LOZdrWWW,OSyKCRPE,QNIzquoI,74790,74936,84375,14255,95143,77747
TNfPZGWw,hqiITjod,LrREjcEm,FpZeTZSI,jTSyUZAd,cYvpMVRb,46294,8798,16578,48058,5455,51782
dYJpCFkz,EKdZBEvy,smdqbYbq,sLnFHQvb,LlJkzkDI,glSEJhAC,10656,46496,90964,97436,32098,81916
QonGTRJc,BwlmbVxp,ItxuWKFb,UKYtSmKd,IXVfbiNb,hOAUJLlc,61706,94435,11640,83518,62621,27413
OXwnWOUy,uisoKwlx,vUHDMQrR,mBrsxery,OgIckdWZ,JuIZpRtR,79610,52191,71716,94901,56925,92382
lSLVrkEX,WAHXyUTw,yYOjjUbh,YQmsoQIs,GvXEgvhx,TygBFfQz,24722,47721,25677,77597,17193,36120
vTWjHsJF,yFleAlzo,VUmihHxW,isKiqWzv,vfmADMUr,tUVFmkSu,87789,1766,87406,89299,79094,2195
dZLxkIfm,BXeVtoqD,ryKeQakC,ZvjTmbfo,fqlFIeVT,jBeLIZZh,6858,18052,12431,26102,20145,51240
qHcZsMGw,TTtalXRo,KDaBoJDf,GcjrNRKS,JDjcwvuA,UEwYFLAI,86398,96596,92587,32015,78712,35864
kbsSwOEQ,moAmLNyO,tKBVuytv,NKoSiUhL,cAKeNkIg,rjzxcqaN,16366,52273,24244,52615,36698,71512
UhpzKjAP,dMWcepVj,QiTujMgN,kzPjyEXx,ekEnVdud,eCRGLJWH,55590,78239,45437,17130,22663,64808
IDRCKCJO,bmKjNMlo,wANwflRG,rjZyLdIx,MebtMkSr,VCAQjabJ,51717,45191,93650,54139,37448,70134
JRkzRoPP,UVXxymHI,RiMMISCj,ckFRtlBj,LJMVwELT,IQAaBASR,48328,90104,37830,54663,16291,72501
xjxPKxpr,gYPIwSLB,owBlMIir,qHyBRlLA,JKgToBpt,FjDveTMf,11772,86156,54225,54545,11364,88511
BEmcHcZp,roLLTKvM,ZZumXStO,dQwuVzWP,eweJZgFg,DMfJngAc,48559,15078,95556,34569,33703,32084
YAYyvSQh,OVtWboBz,geaPhPLI,HoIxBGVS,NrXWkkxQ,tlxEyROS,9642,69252,6380,45102,52032,75947
myuBKcrD,rWcwFMES,KWwCTLzf,zISIvRWf,AyHNBlgd,DtRsNGXG,51020,28297,16138,94242,63264,87722
nzPtyBRX,QIIkJOUQ,HDzxdwlq,WNtPrXon,nrMeGELl,aNpVRgCV,48100,77938,3329,58849,64382,68598
mrinQZFE,MMWhpXUD,cQjnljMv,gYsNqBAd,woqTQehR,HwmeVJLP,44393,69797,57578,83358,8785,49577
jDHzHIfa,aVxpSmIC,EYBdQIOu,mXHbAhqU,AxjVndvh,kcigGErD,69032,89386,10669,54137,84767,73175
bNaObTXS,tsEMXtkI,CxqFSlAc,AahLhnjQ,rgUgjual,gCurSYyJ,95271,52614,19371,82682,97977,67379
HbBRCawv,gaxlpXVf,ADEMWnEE,lLrdvcAX,ldlqhiXa,DKpHLQmF,62249,99871,11312,81273,49026,31633
yjTDDyuw,LHExMKlc,CISHYKoc,kHaXSujP,rQzWcFCt,HqBIAciE,66421,90840,77984,91626,48646,22474
BtnGSoHm,xlHQeluD,zUSSqVst,dSLflRnQ,mhQubhKz,suGCLYLj,71188,3773,44468,5857,21493,99691
SEwabXmV,CWJHllNr,qTcycxjF,kegHAfjK,uaDCXZzP,oflkCqfe,7314,87049,12202,36900,55704,19180
XBNmnQSM,rRagHjLY,OWJJWQtP,RyamoJio,ezvGZuzb,BLvGAvir,67154,86187,91801,32483,71037,12182
AMEWPPzi,hjlfFzIY,narqPLmF,sNMeKtWl,zNwEbHKH,RzpRnciR,85424,12088,16796,98448,22530,68673
OMRPzddx,jRNXJceN,muEVyqhu,IoFNKdOr,uDCsJgPq,UItwGQnZ,11107,28897,185,27099,2691,7031
TRQlfhFN,MCdImZEY,yWvJqGMi,cLOvVBaT,OyIzzmHE,XWMnRLNH,57747,53794,53082,92124,12502,17624
IzMIEzYv,dlBxgnLz,BnOkIiNo,kOclmtef,jWlZoUnF,GdqBuNPZ,358,16932,52613,30130,42967,99791
sJsSMdgl,UluvTdYz,XAqdgaub,EbACrAlA,GDBFtgdo,LbjIrsJS,99168,37136,65337,34313,34813,62735
MwnAitOL,kayKQrTT,SdVsqAMr,AzdDSikh,niaEFTsN,IeDfQwWZ,48725,8798,27591,46152,70368,46711
IdRRflLA,wnWnongd,UrlhOVRd,QolHbtbZ,OJVCQEpO,RcYIvwOQ,39183,44287,83622,74116,43418,16997
ujhNjaVL,pQkPzswj,zjhtRFVK,ucReKjlJ,yguzFAdZ,YIRhgysC,52267,2915,99514,92499,36678,60747
oMKILuaZ,MTrWCAkY,zbQTBmJJ,PmixfiXw,zfZWGJIC,yOGYCrPz,78986,77552,28417,42091,51252,9293
ILnjaCUB,LhMXDBkq,ArvWknut,NhoKFWTO,iahqcekq,sORblCfo,87630,12821,73203,31481,96705,37163
sgccQiJd,WSCPYVbQ,pXHUpihy,iVXYZzER,ewrGZyiC,MUyKYSxk,33263,40566,45754,41011,64819,67445
WYCPlOxH,CeKfRbQI,qrEfyNeu,xZCMKmbu,fUCwBzGp,QQtuORxm,86587,20485,37300,37696,7856,58072
qIcxmUoX,RIQxLdhK,YTFoNpth,OWPFDdGv,gvuoaLiq,yJgCtrLa,65632,41149,56715,50640,57565,42768
KYbinvgm,zZAPpXFW,TVulHsek,qHnOIWUg,tUROTeOT,bXKTBLaW,87995,65970,77838,75814,58526,24331
fEyJsgfT,encSvOza,YGMdSUAe,CEvEUjbr,aIBfULyR,tnEvYjyJ,13268,91107,32765,12061,10092,21949
osTWEdoK,QCcwbrEG,HMMQfzLy,TIlLUElf,gfdMMiYr,CddREhBl,47319,56102,25185,13752,39672,89554
lpmSGoNJ,btRSgJsw,HHrWmhtG,kWtBeBvI,gJgZyfZX,EORjTYUf,62412,86909,54666,70251,44385,88182
OGxfHLTh,GhVNVzhb,STNMqRbs,gNEcyjuM,axTOetng,PThmeitv,11362,26180,86622,27108,23361,19666
ITOSJDTQ,WfnJTFOE,iyFyoQXr,OWPGdGeZ,amFpzrtC,hcIavWCq,52277,75103,13777,18353,26433,56216
qNelYJEn,yAtRIecf,NiYKvjtp,lbErvEgu,eGhBgqxw,ZEXAZflk,3024,15495,30079,5325,41892,36393
xGkfQoIX,JYLSFJVZ,wEWhinvS,dVrBCtXb,feISHGkg,PTBzcjAm,30261,91238,47777,28342,1575,55674
gqZPJbNo,DhrWXuTk,pdRQDVSE,fduFUrjM,KEKiwBbI,UrIUAnvA,77767,80537,25879,38951,51733,16263
FSoBtSEg,HOHIlkmA,RnDZbwre,KgQoJNvp,PKGukrKP,BUFxziYL,38351,27028,35274,28627,25899,80003
kALctXpX,hwRErPiv,pDfpiTwD,tNJHVPrb,thwaYmLw,xmgjGucR,9281,40486,51128,41950,89225,78093
DRDvIsYU,UFWRoYrv,bUgxeBvM,DljIQSVr,PHsljhey,eMZNSRMx,28565,2345,21588,33444,95121,88092
TZHeKbIh,wDRcpQQX,YJQBLcKT,rweiBQFe,kXGDTlSt,MtZiokgi,34942,68570,72313,73169,9228,99141
ufuvdsAo,kckNIcdr,jxqvDOTH,WsBppvFH,mFwIhIGc,buRIHXrC,16118,94720,20967,50409,85072,69528
xOLbwZKa,QGYFeqgJ,wNDhHrWY,cqkbVBcb,CSmzniJo,JWEyrbcV,484,66399,77496,78082,32062,7601
MKxCNahg,QgiJuPsN,QDcpjJlw,aLEzRWTq,jJKGwOmB,eQbgpSuC,87551,38982,2206,14603,58767,64327
OqKVOPpM,sIWxAetO,BlsaNHwK,kqxJKvMW,OYodCJtE,waYrBylZ,8681,53935,5146,64326,17114,92906
WotdHWsk,szmMUwWJ,CiMFovHj,EULUQXKd,biLtVCCz,RuohAJPY,10657,59570,90842,8657,77736,97314
xGTUCqEl,TfijqHDN,eClymzHG,ymDhykfc,eahNBtSv,rMeaOTgX,51822,44123,10308,63105,26763,46829
WItvnZiC,KSjzjcGQ,wJJDlCWE,IaGTReQX,SurMwNBH,ffTrzHPa,57516,83068,67236,69127,22143,47337
NzhtlMNB,EXbjIdmT,JJbAilnL,TAXMPHtL,HQVQAMzW,cThBJSui,60454,84181,46933,75205,61493,27990
yyLAieWA,GDbsEbRX,xTFuaegQ,AYquKcYD,PtVzYlFh,rrKnRBoj,31985,26755,61173,56637,81954,1401
cccMmsfJ,oXJuVAoU,aUvcCkjr,RPslLzmg,onZLPWiD,VNDeOWRl,38833,69002,58566,7165,55553,23469
KnsZYaNR,QIDAbyCL,CqiUNAlB,oAIHJeHN,MvPyjGfh,fPrNuipV,35034,28084,4641,78234,45684,74211
lJdNIMbE,ZFAuneJs,RlTFAgEW,IcSTnrdH,OiuKpjJo,LInuNfEK,87045,77666,21230,98145,66920,54903
UWZcCVGs,KTBUKYPU,BJvFITQr,owkpuarm,sRbQalwO,UEpxgxDm,38991,51671,53891,26768,32093,90724
dUTSFBij,oKzDRVEh,mxgkvNjM,DjWkvpPj,DINxeqLR,FCOhQoon,92461,51952,91204,53969,84207,83959
pkFtgTrw,SYcDISZH,zhfywmgc,TODjFOVd,GTwVpifS,RembfUfx,83766,13584,6949,6640,58183,31436
iUZqVQev,ZXemvKlO,UQOUkryo,WntZRnll,PugNzLhx,IsEuBidz,90194,42577,25560,8196,69177,71254
zkpQjpnw,hUCMxqcI,ozzLGTEi,etNNUkMD,LKkLqUUY,VOcBYHwk,12605,52219,67795,14588,79018,31544
QcgUOxnv,RcwloULs,gHDGCoBd,xwMxmYPL,MEoaJUkr,rTjsygvT,89216,58589,93396,40801,23278,86870
ZtGQpuTd,fUFqxBeU,osFmOYDF,jyTclQbA,VCSstwHd,PFYwngcc,2900,62782,50009,75754,5447,50525
fAPpgvIy,wPJwUdYy,fSrfuwYf,AgMWdjia,ObIUWVLe,CoUSCytk,66904,70977,50770,21363,47544,23677
dvpqYByz,VXoGmFFw,HxRmknVg,xTYjNeOy,VUUcYSBS,bFKdWlMG,79913,91652,2573,95738,42927,70817
qPdqMlhP,PgnqCBKA,LuzJnVRA,NPQwsjKP,JbVelqJN,bwqduFoz,62474,87143,55735,71445,49469,59777
GMqvACBU,ZsXeMCtu,ukeMjwIO,unPXXWUe,zvDWZIRu,NFKtlneD,17757,2738,99984,96888,80121,27684
FlVsiaVG,CDXcxCsn,ozqrSrrv,sYYCFTce,asrpeDKk,trGsOgJP,73964,57924,2882,88014,17532,69235
JiDTZYya,WLqzAgDk,ktZAYzmv,nJXbUPVp,fGEhwNIA,RZsMZZDZ,35491,8237,60098,68111,53478,28489
cMEGdmvO,KEdtfnmU,spzgwAbO,SRNRPWPP,JfBXpQaj,MevxSyOq,99678,24226,89336,45498,63631,54985
SICANIql,qdrWDJQx,lOvhqhVP,uYhIdLLY,qoBEhJWb,fnZuwHDK,37823,35911,6273,69986,64498,62991
ecBgqBcj,nDbEZLoj,DFdBeZuB,wlikYasA,LJnPRbDO,KUPwrTSl,28529,78727,46833,96507,7449,42970
iyZbfEFC,PeukPAOt,iuTkdqjz,bUjkejAx,QKaKpvpJ,qNVczuuu,41926,91456,55486,53160,19529,11220
uEaIwdqL,BOgxZKaV,SbYebGgz,UvCuuwCC,gsRAjRyM,VwFQZgBq,29756,58334,58118,52973,54893,70933
hRjQzjrQ,xCNAwOGo,CKxwFHzB,eGQrEKUu,sVkKQQAG,tUWeyPwK,69426,38577,51186,18260,37913,788
dbbdOOVB,JURXDhhy,dweCHbkN,UAKFsxxu,wHzKRYJy,petxMOZB,44597,27865,56568,6718,58244,27619
jPEAyjFc,CmnssFDL,MuFJZlhE,wtjtoKAY,zgoNiceh,aGZNlNBO,28502,61889,71646,13585,9279,95523
DDobiMJd,nxnDlrsZ,fqBCDLMz,ObeqUkul,eiiImVde,GZBcdJhZ,80198,12766,18535,92831,21509,95433
suyEpAeX,WVlfQpML,ZsfrVSeh,MdLEJzqr,ykTYETMl,bvyUfeGs,23165,50863,17596,37699,49543,17797
kFBYYYOO,JlgpqcRQ,rVVFBtSf,OqmqBPFf,hyPHNbzR,QRdZhcwv,55596,70740,6039,19155,10375,39616
rVUugrvZ,KaRLkNFP,SuiDBGKt,BLljUEqW,kBERWSPO,muGqOHva,27894,57713,22634,84906,58215,49749
IZsLJebI,mDqYWWaF,NWahmSPs,mIoNZZzo,dMEDbfaU,fehaplWO,25931,81217,30773,58526,57169,43195
bANLVKjX,HUrEaskh,iWJsSzzN,VBHtRjmW,KQfoNPRH,GomjFUgc,38636,83944,98911,49496,77106,59953
PmSuBHER,fqcyBBJU,gDDdxaPn,tPXZjbQA,NmAjjKbq,wHeuDHbi,21852,46702,5737,66632,27672,34910
yOzjGvyr,kczpRXin,wCdmcpnP,ZfxfZhGn,iHTyQHFO,zINyJrYD,89840,45125,22386,70793,9892,21399
KNtZxxiI,ItnpfPzr,SxKsIWnW,UMccGkNy,MJhesyBl,eNxzasoZ,79944,50490,20019,95823,99730,60491
RdXfGQcF,VSzIvtEp,tdHAnBnV,Jrakvbun,LZxxsnwg,eJywjyob,4760,32145,12204,52762,99616,68255
kSIKvody,jnVRKFVQ,uzcbDuwM,PXnnWrtU,kvghHGdg,ZMNSMyXU,37819,11830,29904,36896,3612,51865
amkRahQJ,POLutHcO,hNtixler,KvmrnezB,teBBIuFY,NERGFBsi,49073,91770,97025,4762,6114,55394
bCLxZuQA,IXSbhFZC,avuWPYzE,FFlLdZDx,SCOlXPRe,XoHjNJqC,58229,64876,3758,15477,87171,59559
dAJniBuz,OOPDGuEs,kZWDQFRI,YfZXehbe,DqApdlWT,rCJxhjja,4261,25129,681,69816,34743,60442
fufMbZGC,QZKCFJBg,lwCxytiG,nvLIACiR,GUreamwa,GaZPLaUt,96803,71427,54761,53507,11105,95
RmRxwaCK,RjatFklf,ZbgtEWwZ,KZxvUrcf,jrrOBHXi,CpfWIKzb,30006,83815,85477,15401,85741,80377
rQOUquWR,IGQKysZf,YhmLeqmJ,RxdAWqdF,FKaJvwLX,abocbcRq,44379,70088,38462,44483,16088,9629
WfOPAnVb,oXwrjvlE,XFkDMXKt,kuBJdcPc,lzqSydiX,ECcbmvLk,94886,38166,65967,71034,51608,47508
dxANnbWS,uwzUTNYV,aWiAqXFe,uhTeGZFI,OkXIgCFZ,eOmPpuYi,28727,52298,6647,5833,5298,98679
lDXiiNkM,YkExhdZw,WRVDBMHP,EOaoHcDf,MRxqXUru,mXtNWJtI,31375,81678,73461,27993,59680,22153
IcUmIgCX,boTZpSYh,amDXyXqs,UTURXqog,MekCMfdx,MAYXfmFu,84053,93121,9190,56144,25005,37257
xyctJgAq,pFAssnLn,abaFvSaQ,KCroYDhk,LmvqwxJU,iNcsmbzc,2379,49685,41987,75167,92783,65539
rbGEHrUx,meNnndTk,epAoUYgW,fZKWmUnO,AlXEzAwc,JUpURPAR,14009,66072,34015,35206,60126,99397
yhRpYtTF,DLyOoviU,ircubtvg,HxVXBTiJ,UeyGehDK,BangrskA,33159,41039,49372,28678,24511,5812
NynfBZFn,oVkqTihn,fWjFAuuk,KYUHaCeN,uaViPsFL,bYGTUiMn,8898,58091,21059,97255,44802,37657
KXRKXxJu,iLptufYY,dKOjVVYW,PkituscH,YcVcIpJf,tbImTzvk,87962,13972,39401,90104,70762,81926
YCkUDeTy,fsbkmHTV,PlLYuFoJ,MFfEaBMn,VRHcnrHt,zmVoIMzK,41762,36601,99830,18345,10536,28343
JrSHrmKE,EDMikXzP,rOFlmbOY,vpbOWMSc,UZrRfraI,jTKmmliK,84710,85612,94761,70128,23700,25092
RElVfrDL,qLowywNq,vYsNIWBB,fmPUKyGx,CJPZzaBS,PELLgZqm,74577,78415,20682,13021,55044,83442
UwJaiGbJ,PZzUsBMN,MJhZeiKE,jOSYwhuP,KCDLKJhM,wKzQDnnu,91736,90236,53146,38763,38215,1875
BEpwdBxI,oqceiAEC,tzusBZfe,BAoVBjJY,APEYCvHR,hVaUclRg,82045,15588,72279,16356,49554,52771
Qumwwvug,npAYAqyt,oUMudfdP,ULuOsnro,vbWtfBfn,aIvTgPMD,65705,98934,50619,36915,75943,74652
tEGfqMsy,Zrjsdcix,WICWeIuQ,ruPGhvfI,VNllxkPU,CGcjIkDg,93349,19714,76277,83845,81343,95094
YEUTLkUo,MVosxzko,lsdvaGLC,hdlAAXmU,viIRxAgE,dzFOTrHI,77315,34703,42708,27458,63275,32597
TFRUvOHF,hbRBcwvL,kmxmAfaz,qMGeCQYW,rNEMuZXv,mMphpOXj,69529,51234,638,25637,3034,9133
kVKwEuxZ,IwmcpcTT,RWcVCMXN,MabfBWce,hRsIIwsT,aiwpVUhV,1874,9936,25083,62603,63851,19041
KdgvANnk,yLYMDvRN,WEvhFPtd,QliNzkuH,ZPBSpjyv,MekprizK,62072,36959,31410,96669,60002,45698
XzzxWpBW,GkkigeUk,sqosjCzJ,XwkgTDqs,sAMMTzhH,bGsgXaNa,78235,44347,58698,75060,87276,95199
FMMttWGn,sgWqhbld,zkJEwbQi,biVEZTKv,lotHCNKg,MHwHHspE,26095,7643,38547,98003,62188,32317
TJzGBDfx,wdULGZOq,ReApJlNp,nQcOGkwj,seAZAlnW,IvphcLrF,91487,1030,21129,6630,18245,15309
mcxXJmpj,yQmpLglc,zHyOIeHG,pVfzxnMK,uCTubZNK,vmVygQwF,82311,29652,88033,36164,78970,8974
piAnUsAP,kaxnVYDM,UqwKoepG,jjeZLzdI,LQRGKaTi,dsKGwoiL,56019,18159,32269,83650,7727,33528
gfXbKVrF,vZzFOKnE,uIZnxJuO,mqqhQBss,XKYeaFln,YHeYIuIG,99731,44008,96642,21252,35823,54458
lueHQTBK,yjMMUFCL,VCTUJAqk,lHtVpSxP,GtyzyIKV,lffFrUfr,49449,16199,79347,41619,86223,49203
RrixDtpU,VcZiOxBI,sdNaxkls,NrBXwVJo,ZjKDEqHb,BZqylRlj,22167,94014,54213,2909,16889,5020
vHqTkeVg,oqOUzNUc,sdphPadA,YoGCFCxw,tgQVYqOs,cigrVWOM,49297,81160,97149,69429,76106,54018
BsOcnfJV,NBDrTJmS,xMcYdbFJ,RFcqFQbC,ATTUKBEw,EOtdqSoD,36544,6155,27676,44919,33349,73027
xrwUrsNt,pRRHYcLC,TRzYrfWo,vTImpnXx,OhnYEeNK,XUOoNYiQ,32230,20915,35128,3680,20318,90173
aCGwtXaQ,WKcHviqb,QvXfiXbn,VPahLdfk,cyfptNVf,dDKeKKWX,59942,95528,83250,94822,63446,71497
pbMXyfaV,AMPLLQuj,VqroSrwj,UQjbefQX,GRnpmWEu,xwejSenu,8311,44866,61272,93047,85805,14836
cjyQdjjU,BVzXqZWk,GltsvXWs,lyzxZseC,kHxoMINf,WXFDxbSc,63056,55828,78947,27465,87001,485
oBFnVXAU,vvIGvndm,zNKYnfQW,fNuRkQZK,UIUSfnlR,wFRYGisH,15652,60422,7050,23200,6720,39707
TXtipayk,mesDwPAY,DeIRxuzn,VoDEXSoc,BzdXdIri,UmqXykqW,34345,43646,6543,32508,82229,26422
ASUhlYhS,aWwuAqBh,llluVxYn,dzRJQSPD,mfEivWVL,OSAGzgNF,20163,16296,77709,8196,95346,30681
RDfDoSFE,pCvlspav,dPSzhugf,nBMuKooG,LjmXFrPi,zmiHMJRf,20973,60245,92612,86468,77399,82107
WJKeTQmw,zXhTdtOz,aXbttXax,oICnHzLB,dhXFAWrx,oqpmSlXn,29989,7154,21176,69700,11935,41019
okftPqPl,FMMwQQCA,bemYBTIp,SLUYegWM,OZxyeNSt,SkcXApGG,86399,61025,92157,45347,98244,88775
bVnalSgY,wCjcyBAQ,ayYzytDR,yGqNLnlu,MwFtynUm,CtETjvxc,28338,85584,80322,6687,69390,73078
XSfPIeUn,XoVEzecs,eMckoZab,uBIUMWVk,oZxqLpam,EJwbDZHM,53594,43849,33164,81697,51971,31891
HIQafqyT,qnXmkBNH,XYLjyLqL,lxFpdusj,aJeIoXlA,gaRoWIOt,184,47880,70487,63665,74837,72905
pSvebYgO,LUNRJFDi,HhUnVUbH,tzLlfqHT,tdcIwXrD,miaCtzQH,67958,17111,60200,7025,90076,4832
WLGwjfnS,KltWaaIE,BfoIffpi,FCcIvYms,fztkGgVC,wCyAnXtm,36514,38510,29688,51075,32820,35806
vsuLlvfT,oJgWvjBk,KpOmQscL,blBOINdQ,vIvjVesg,lUFFfUYy,68625,97924,26260,16668,22934,48449
qsrGFUvn,XhRtfuYD,wZKbTBFu,DeADsWzX,BAqLklAs,oixwsYvp,899,89921,4131,37246,34801,87891
ugoeQSqe,HcYEQGSA,ntGEqkWy,FyHhllpT,ktLLQFvQ,pQQDuFTE,20709,3320,94657,52859,77856,31296
gEkqxBUn,fVTMlwRN,FiCiSkZz,ACeLjWIx,jxugXoyQ,teSNegOx,26770,11745,6729,37089,86312,15210
GtsNeEJI,GRoVGuas,tKeKZHbm,AvnZuxIc,WysiwyYe,rMABWEgo,19078,31723,49303,77318,69591,21798
fWFjzLbL,cTdlsXXD,LaTrBsYQ,GcnOJzDn,uvJDYvSx,jakRlVhZ,25149,68301,94730,44685,7039,25622
YdkYrEKp,iYsgtzph,JdUDmBAo,taQYzuEO,MNJfcqZl,GcqlSeCW,78760,17913,62845,14127,8383,80542
DBvxpWUm,YUEsGnTJ,jFXhunfW,UPnyBpAC,cbDijbAC,vpLpKOiT,54901,35973,53765,55589,35518,44382
XBCpBTFN,CZJgqJcB,sJzvBDBb,igpLhsZd,BshSBKYK,egeywxCM,86803,56110,43361,94962,14593,81712
MaeYTGtG,rwngvAfM,PdvQPZYY,LdKNdJjp,tXwPwjRX,VSTKlySg,58907,21192,20997,97374,71359,38272
dtFBuKoT,hXVHEBTt,sMbdyMgQ,SPftWqlK,YjnliCmo,dIBmUjNx,23646,79430,85373,43662,70664,15600
goPGKIoH,sWgSRbzu,DSgKGbNP,PxfKpGeu,sFqlMSXc,KzAjmajt,68337,51965,41227,17773,77924,8431
bmTOPiJJ,askJdHzc,CnmtXabR,cvfAPaeG,sXWSWGFX,rZjcKKQC,58282,86355,61790,48087,86743,79755
MwuHxzkc,pXSXQXrl,vYQYBJtL,zcMHyiWO,WBNDUUTl,GeiHiqHg,71652,97165,3771,63116,41974,90790
sVWCHuxR,iZQSWPwk,cqqMfQKU,HgQRHtVj,JJObisbp,LAvGvctW,9648,53951,51233,13751,66983,92619
dUwPYPTb,PqNkdKGF,ABAqnFzJ,tQAovdGB,oikcOghW,ybKsrbBf,53061,47278,8040,32998,49780,18613
qnePJXpP,XWrYRayI,ZeTVUrxM,lcDyAEjy,BioqQgEG,gvzSfvFz,75814,14722,35171,52877,47694,82578
INXHCNlU,QlqtsKNp,sdCZpOkB,rTqDhjAP,kgvkmokn,rwEWCCKQ,10954,83037,35533,52329,66691,15962
cDTUgFMR,iyBGPqIc,XlTyVtAp,yfogmSim,wWeCgTfc,FfVrUnqo,18119,71707,84554,48883,38796,53248
LcqXYmhc,cFWybMSA,fgyZwXYD,USSFQEEQ,JIuXeAgr,mcNJIVWe,61171,39906,41844,42679,61747,87417
ryIaHKrS,bAhKUJmK,OVUhUSDX,zpclnbrk,yEVUEWtF,tmzzoAyU,81871,51458,17024,38216,23764,25664
gNBMSkDT,RyeIYege,MTAwzDOS,HYGPkdnc,CVWDCXig,cczvxVGh,82294,72047,15017,58497,60006,76135
InWDmCjo,pzVyKscF,lLYtRqxQ,UeraFNYz,grBkzdQa,fgSBuQUy,95433,91025,16956,83198,78725,98476
ZWQCZuev,nXDWoNlh,NFRZYmDh,HRhjmzdp,uFqsPZnQ,vHclgTOG,94610,33825,83382,73113,52277,82355
kvtyXQry,NfhhynoB,tJzhMSOS,LsUPALxl,ClTfZHVa,IlKlckOo,18315,24045,47938,34081,37853,54832
ffTjrXUf,qYViSUPm,oVMGxCeM,EjtIWQKP,ncfdpAmN,FMzsNQOH,6763,66423,28534,2051,62520,70826
ZdbLyAZy,IbiYWnOg,jrXQsSXX,ZLTcYdYI,UKqPiJhA,GmNnzKyn,10472,42335,40742,2861,50106,84814
ajYvjiWH,GrILblJa,kkPhEpOY,omRbPimr,kdeqNUKX,eYUXCwvs,73839,90104,27046,74779,14722,23875
EKLczSUu,dtIdtVoc,bovzHIFo,WcsnyQPR,LVYITMum,KiPmpUqq,37439,41833,89309,18326,73917,54316
uqlmwzCQ,yydyPBFg,tQboOMsX,niXnrJWy,zQMVhyZx,ooLfvHqt,22933,96105,29057,83119,53870,37511
kLEOGAAU,RNqjhAfS,JiVWVFti,pWDERJLq,yjWbkELt,vLxNOijN,81629,94154,16879,39564,9614,96918
AKLGEeEX,agcVqElp,SNGMavaO,KPaQNDUZ,FnaNtKuy,EqNOlkHw,97542,31052,98582,60951,37916,33634
AGwxDzDm,LrdDxtuH,FGsSIchy,oeQkcqPf,zjyCGqAu,tUpedkzC,15717,26045,35085,12476,95565,92082
YwGmKNyR,hdrtkhGT,MPbEZvIf,fZOoQGRb,xuLnhjQl,capnWXwc,55484,46181,8893,13073,31374,81224
WQRfhHQp,qlMVZkCZ,DwivjmvB,GbKQOugi,WotitGpV,UYToBkVA,83291,43591,57061,25580,3696,6263
RsokEamt,nqfCCnvr,jGuajdIe,LZXzDmOm,YMMpKECr,nhsEsUda,3337,26454,8629,58260,17207,9904
YBaOwxPP,BtRaRyOB,rxdIFqQE,wPSWuGlB,ZGEyINYg,BGvRweaO,78528,40340,50421,12391,66714,52779
CLSUNOmB,hZEJfPwh,yozljnWY,czXWqNwt,GZCENMIP,CompMZxs,30953,29253,4533,81033,67271,31406
cJrfBKDZ,KZocwahv,bMGHqFSQ,MraqUeny,vIxFkFxw,nbVHCRUW,91493,5516,66095,50056,68435,81498
uLnTkwqI,IuPlxXSY,ulmzRsHK,VmoUObDN,JNWCWkJW,yWJMZlzw,89771,15601,87136,77548,88098,87723
CGvaDvpe,UymPknrn,oZlHIytG,EhgTRooc,mvFYfTaN,xLTSekVk,13028,23499,42240,64679,29229,11807
MslaCsVp,wEJMSWmI,LeNoyfCm,gNBcQiIH,rOQBuPYo,rduiUMAS,44821,77080,63334,86706,15168,62740
AfLDXZjj,ZwgJEVKn,Srawkrdd,PQRlKEqG,IYjLdwka,GUdpnbuB,84591,63036,68005,38710,9797,59852
fsuzCfEr,eYakXcgt,nqtPLTfU,GgEPNdnY,YFQjhboH,IEtzmhyy,74272,94693,6447,48007,27428,49964
NSptbded,oVzgvDaK,lsYStIKO,ANhNvogn,jVbCjsZS,vkBhLMsN,95829,75285,73126,30551,43359,96162
FHCdNoMm,UGXlVrIr,AWjnMkDP,IYoZFPJK,bhbNsMVa,kcCwcvbo,70031,55502,50248,36589,21585,68667
NaMRhTll,cpLGWUFm,OomaTtdq,lPkjmrXD,MTkJpDQG,MFYNzfgD,43524,24761,58179,82298,85112,79849
rWaqhAby,ZeVOdsRv,DSBRcbxE,rJhSzDcF,IlTjkLwh,wRVcMnkS,46943,74997,67760,91678,29998,69410
AZRorJSp,BYBoOgfW,cOgFoeMC,xYgUxjtD,WspaJECh,sDeIwZVM,98511,20146,9659,42016,58604,37398
pbWLTzKX,FeOBiCcE,XOJgWJgc,FSJqVUgn,cjgPtHcA,fBJkKLla,98873,1489,26504,94742,14731,34790
cuCCmciy,ZNClmxcR,aXDFrNId,huJfLYZh,XUvIxnJA,WOPuhgFR,22074,59098,82057,98120,92374,15382
UACtCzhO,nostZxCg,JMaEpzmv,CMuHRAij,GEjeKEDz,SgBHMCHY,55878,60255,31487,22940,26846,95511
vSAkmNwS,OdMgoyzj,PTCyRAfi,jlXaeizV,mCKmAFDa,iTbhJqSJ,82434,33088,32669,81057,11713,53745
oVMInogI,atbsxPOP,pzLtZzti,LMSErlaL,afyczTHZ,HokfBtsy,85070,81397,70936,44308,2381,79787
nTbaESRl,ufMluRka,pxrZFZYP,FECEZwXs,HeNULtse,uJSCBCWX,15960,104,68153,39010,84648,66616
bLTgOHOT,DafDkNCO,UXufGJEZ,CfYfkYUZ,abdWXBsH,AUrLqOjQ,66238,74169,77249,85981,97484,74757
lrfdWvhF,tbmSREMR,IjJHWYFM,tSIkaThR,ptcQFZWF,qahtAbpm,81087,96763,26472,47058,63345,79191
hnvPPNRW,DCTAisld,CxaAMmmS,OBRRxUPl,hFomLFZc,EDgCiuzW,5987,64421,64755,13669,71071,13793
SadNtYzL,IzTuHGQQ,erXVXaeb,aLqOPddN,sHZqhWIp,AigDOmOx,1208,1983,14806,75842,45772,44207
ERsDTCsE,HHBYEAsM,UaYDPTZX,bxEnESxC,qbDWDghN,nakmRVsZ,39215,31802,51749,72702,89012,31161
rudVgfwk,cDcUjnUt,qQnwcKYw,HBkWCcaW,sFYAnpeI,XOjNxqqw,85650,86806,70315,21823,7884,78643
fDgsEsjH,SXyPEXhi,jMNOuMtc,CZkSizkM,DVFgUNej,dbQtLPUy,75680,64036,58119,73676,8392,93719
ZIPtkVfx,SjWKogYz,DSgdGOaF,UkdNBRqI,kZGUadHE,QJkDtdCe,93300,27020,9182,49056,17929,23614
ClPnlXzi,fEtwNXMH,KDVQGnpv,sAYJmOzZ,RVTEeMyi,peMRVVvo,18404,14198,18215,86021,56387,21191
JkIkMlom,ZewbWxnf,ZtJdolZV,WyIEiGCm,IJrMHNYt,OljJLhdN,69183,52950,25394,98685,65494,71381
dkdxSWfx,RwvFffrm,eidaqzJC,douhkLjI,MtIybUVa,IrGeSqmX,63656,61351,98165,18113,28301,16418
UuFCWbvc,vRQPwSAQ,sIJDAjOo,pjFlmkwm,dbPdrwDU,VzToqzHA,8945,60804,69810,41464,74648,63008
yPNzNXjg,fuQxLOCj,RFCyZhla,PasmpWvQ,NomUcBSR,cPjvaJnf,45413,4010,31057,56615,84108,68955
VLnHOUzK,rYSQeQVU,xzNVoLmN,hoPdsHgI,xrcvhYif,fNvYvpkB,98510,46448,49368,72076,29432,59004
fWxwBbsu,MpvOSSgG,gPbptGKz,filKuGze,qCJFSaEj,ZPbNqZmo,64036,8682,89428,88842,71862,51484
WXYuPdyn,FaKLYGda,MqnPFWuo,ZtGDEeOt,EeheBdbn,rvzDLfYu,87496,53080,6762,80733,72304,39319
rbuQCFie,eFjYhJKU,FdAsCUbu,GcsYVcMP,mDZFvRkF,AGCWmicR,3443,39548,78764,71703,58513,98683
tZoImODh,eOXygiRi,HXgidTMf,JhGiFTFq,LzrzflEk,YazwxPOs,38189,25305,51112,21804,26420,6198
TMXMegEn,NTgNcedd,pweUXswm,eylwREnA,ddFkWskn,ysNelEis,45989,41480,54556,97697,99985,47127
xkkkMyGC,aeZlGoDS,HDmnIpgN,xTFjqbJO,EurwrisL,XsYzviOb,99387,63327,99684,73867,360,89958
PSKshxyp,SOLWMrnN,PYmnSTnM,IvIPAZTo,nkGYQtvo,fyDLPxDu,10362,93437,43081,82973,91886,69697
GEsvKvUu,LZlObaOt,DgXXDvhZ,CmNiutXR,SjCUWjeZ,FqvrDttK,20751,7496,80472,71137,50098,44348
kFomJfUY,JEXtidaO,uBaOohDn,pWboIWoA,vhcsnbRI,btidpayL,19342,87772,42711,570,87486,8673
JZzLPQQy,IRYJwoRG,NbyuFlqh,vzTIMGLl,IZJCHezk,RpNIBapg,6902,65157,42308,8220,49050,37124
trZMZCUL,snzIMzIw,pwIgGRYF,QrZqlXUF,GzUEeuUx,OSceUOjv,74155,47388,82080,38209,94678,95092
ImCZLfAf,jFNUXrkE,CmoyLdxg,iBcgjhhe,QdaPtffd,KKGWSSpN,20880,69431,67603,70793,21072,43835
zwLCmprW,WatWEJBT,RzCzesWA,JWRylsUe,sddmAZPx,JroiUZHq,17920,57258,13146,58538,1975,30928
hqawIvpr,WPFZtXJO,HdWRwwRJ,jtPlikNP,ZdhhoTmZ,cgbyzJUt,68799,51062,51048,87547,42508,39006
YxsEChMa,NEEwqsJm,scCngSVe,vGYoykAB,PWZNEwWy,slUwYGNf,26764,41931,50855,85399,24196,91611
BKSudgWH,TuBKLMjN,DgWpBnlK,BNgNMPmE,lmPYAhdS,CytvGfyn,1367,36987,20317,13866,61113,14133
JFxpGSDC,ercYdMMf,XRdPAQLB,OckMcUFP,onzvDqpe,QqmWiBrd,68024,77975,76486,71423,32026,25698
LnCsxWZj,WHkEWWLk,wyBoAYig,QUJZeZrk,QiFxwnQH,cinrdSVo,51696,96057,84390,98204,792,725
vxaXMWMq,UINJwMLb,RwWPIIll,LSQlqeEx,homLbjBG,DGnEmyoT,71169,79143,27829,59537,78092,31283
vwCPTnjp,OkNUvTOe,ERkkCQow,XxqzoRfQ,FDUbMwIV,ZfCWvWOx,200,44160,45963,52679,58737,19283
kbrxxwpY,ezmvuZlq,GURZZrSP,TmrCcBPA,wUeNBkvA,wKtxuBAZ,18567,76328,60877,1043,35919,99419
fChKIcGu,WlqVdmvB,UoKNuDRP,VCpnqeqJ,HUkoONlN,mwfYoXNI,92511,13315,30556,69034,10887,27744
LKqLLVaD,MCdUrRws,FpGnkwEr,tEWgbofS,HOdWgglp,apDjWtJV,25367,44579,77734,94543,77384,96441
vapllYEm,tfRTUKDe,wYGauYfK,BprtVPwm,fayKQkcL,EPJslxDR,22842,55639,73766,94865,10008,57321
tJmfDrJB,UuzkxJjb,MrKlcFVG,mvRUkIWs,zBQxmMpJ,JcIxIhrQ,69457,71440,51100,89900,50758,5237
nnleIamG,dgnusNVL,giOOvLFc,HXkWLkcs,dbkLhuWQ,wFYKfaiT,84820,11855,12959,49154,22438,53094
OJWquwww,eCsEpojZ,WxALvKhT,BbnYakzX,qRQsOEzo,ZLyORRkt,5817,54940,19443,54070,60270,24377
wskXfhlI,CcqbhOre,XkRcEpjj,kGyamXfF,rKBDwqQH,TcjVofEf,98616,39184,22772,73367,47885,39520
gnMVevYt,DWIaFkgm,UtlNzfGx,WVGdRERd,WFVyunqJ,IRnwefDx,49644,74897,31404,34757,82753,9846
wqSMqeni,eLwOWPge,yFZzqDgu,fGgHIUGx,fDHVtPvs,zHeWYytY,70785,89124,9803,98318,35061,93255
qcwcNZQV,Tinljdfm,rWkkcjzq,qGFqzYzB,jYuqOgNn,HUjpNaiO,65774,83473,90272,72148,8827,42139
qMulOlRF,huTrsZNo,IIdbniVu,pbPQgwBc,iAIuvJaS,aoOVaorQ,20566,87900,16261,11209,59660,52978
JBZdfybL,pOMQDtPY,XbKwFstX,dVxpguDF,entdUUjv,PYcpWNgu,18833,51638,26446,23172,97267,10127
YMjdXIwP,NdcVNaPt,Flqwogiu,hpLJOsgT,ZpPEUkVm,iWyBkEbL,54474,59786,20516,35031,55898,11398
sgCoqmuh,FkpDbIiM,IvAYvXhO,UGEaOzPf,twWeHpuW,KbzpcedS,44304,87625,21236,93955,8566,75678
ygxrwLKa,ApfiYWJq,bTNIRvgW,HDViidfc,UcLABxAg,NPxgdlSV,7676,47752,80736,88375,39550,78009
jjmDrOhZ,NmfmAyOR,gSYJrzSU,vFuCwwtF,sYjRRmyX,eEoXeneF,75966,89798,53273,68393,65792,28727
fKbnxeSL,HtdNTLev,hPieGEoF,FFvgvfjU,aqKGAXPF,wLCWEGXZ,52551,10152,13892,82081,24242,29342
jWWbvZVz,YYXXrLFI,VwsZZfgG,XqyLDSmV,PpAqCKsi,RllXIXcJ,66477,35057,88834,2485,90082,23284
sHGsZbEA,EViVnxOf,CnHCIjdb,MsTsUVXr,jIJjvWTG,jgKylloU,33292,67919,76470,22164,10884,28701
sZlHraOj,JhLpNVno,bTaEIqjG,KiFzuoRC,IwtyeKLM,BpZYOeLI,47065,13818,97226,15418,63909,6213
NyGPmGzB,hKylaxhM,uOhdNoYg,fTEJnfBa,HpvlYIuq,PsehxFzA,87833,75813,65796,55793,72447,23276
OXbpOtCh,MzkQUtPd,dTEJqVBs,OEkzKkYC,LNjDloEK,vOUFmSXC,9570,57193,88256,99386,97372,39071
OzPhMxDH,MwWrQUbF,dJpSWgcc,tWsftjwe,rJplrlOR,IHcTkhqW,30104,91820,80793,94284,67702,82119
BFQkCgWV,WOobMMxp,yVIKFimc,YNAZVVTI,bVkgZWbk,IxPodLck,86618,8128,40816,20333,38034,19888
CYsaCIqJ,TAJpyJVP,GqXgBDjf,qooTtJIA,EhPKGfJk,NbFkFiVx,48617,11668,88767,68670,50560,47963
jXUVXTFA,EFUKnEIx,xhydRKHV,KwbFXjeJ,qazBaMFp,kqIdxqrz,39625,7658,91741,90314,59412,95764
ruldSTGJ,RjBroOSx,WRbQcXcN,PBrgHaxr,kzMJBSxG,tWEeXNXy,80070,53768,94368,2292,89112,50626
VcFDfspR,eyzXuKFU,WucoXofj,APGwWQnT,OQcWaIzI,TSCSpsiV,78994,89471,13727,65030,33066,94643
iTAAEAgE,vsJdJPQe,nYagDQxm,oYLUxjbD,AJqGrRMn,BhAMQEyZ,14258,74118,14758,23007,85367,27461
NgWuemmR,QInSIRCV,JrgbFnzi,fWxseIKS,sYCvfoYZ,wHriZWyy,43347,8363,51443,54121,65502,179
rFhKMICo,HhMTFaGG,driWeDzw,liCbBPEU,OVcKfxOp,nyRFmagv,48545,1591,245,99642,63522,64963
xplkZTaV,bagXwtyZ,UXdbUmzl,ugaLpvAG,tcaEdlad,GJflozpp,68898,88657,77212,39952,4370,9692
AcorvRTM,JNLSqEWs,gJiOKhkF,ExRGIZOo,QIngbpbZ,hLvaSNMm,77517,17486,98065,66743,53331,44366
ABjkSBuq,EwWueMqo,WZPxmguW,sYjLXTBg,oTavILlo,xpDymfIp,13485,5476,76275,37329,56972,99763
AUrPzhxF,JOqdPdyZ,hzqJtNML,KwIBmAfH,JGhakndb,RjWWumxt,21049,12913,94332,97376,54617,21938
vzmENYPv,uRMxaLWm,yBoItLtv,OATspass,MeHznqKU,aaYcfOBU,79552,47239,22985,7168,4239,87126
BsPPJomC,LgdgyeTA,YQyurwPv,MTzASADR,GwfAkzYo,HmJLeCCh,98478,99862,57176,27034,17813,30896
UpRjgZUw,WYeUDjnb,jMsHbqha,nCXNjHOb,bnbMkTPF,CaRzQagc,99110,93592,11173,27016,39650,68366
uSfsMEBN,dBcNeAEp,vHoFchZk,jCjFsPuY,JniRNOMZ,akAIheLe,35970,19003,16179,76107,96420,21983
yJxAxuvC,RvXdFMzZ,rcVQZZPH,DBoNTEgS,YfoYoAvU,OoAhQRFS,14332,26365,63314,53221,60190,44663
KZoWGEyi,IJSxdqiB,qvvxkNXm,AgNvYRnK,rjhpnslt,LrvnhZnn,3766,65040,28914,79416,5181,56945
DDtluJrc,gadNbZNd,AvQNqXJz,ehjMmMjU,ZMnjzREC,NYZbtJrx,50763,51403,85081,54565,88164,98033
yhdUqiXt,WegefNvm,ycPVqWmG,UlfcJhMt,GjYOfQuw,JZKkWkur,30679,82895,9204,62939,59515,61978
CWkmJuvq,CNdKDNhi,aLruRqqj,wPqhQNyE,EecdfHHY,svlHFEZS,96891,13220,90239,47616,53591,27501
lQUZaSbJ,bmrWOKLs,sLDsDyJz,yjikRSwL,juAewtDH,CrfaYGDC,10782,53074,3762,79897,83754,25369
DkyZjZqm,MsSPwORv,ZDaPegiV,EhPhnkrd,dsqPTKXT,QQjomWQA,1461,89405,63973,88927,94601,10230
FwGWATxD,biUORgnI,ZDzJQtCR,yFatAOSe,SWJsRBUV,HiaaZRXY,87528,92899,99074,76516,21864,24408
AmqmpnAV,FMuxEVIO,tCgMYeJw,AMikCTwO,PXSVQCEV,nZdFGeax,16555,44829,66973,33710,54525,55300
VtOESKqd,tDSdVOVd,sRhbPxNb,oAJdQNrB,xkBXUAoY,YIvpWloT,687,49731,13033,86003,64816,16448
hDHvLJjR,TzFiMgDo,TuVFNIdy,oWZhLJAq,ChGcRcvQ,mCvvRxMY,23500,26423,25587,84682,71284,51596
CyaDiZlE,QkKmhZMS,UvhoHhVx,sQERkKVS,PbJCDOKU,sbKTZUuF,21869,6216,84510,38567,41519,41695
UWKXJRax,mcPZrLJy,qAQLaGRS,InaClPHr,NiHYrpQP,VDskQEfH,24807,20055,69865,97648,58726,90897
yLwRKalk,ZoKrmanD,PycrPgof,dpZtwIXO,pzuzeDVO,eNmxWqrC,43957,98684,61401,26642,79941,10822
alOXfOgY,TXeBXqyC,jennGzZm,SyGDtncV,LKWDPTYZ,JgIcnaQT,33752,10127,42477,12482,44163,83497
dtsqwjle,zMbZGKlM,ddCgynSw,pZEJCzeA,vOSWaefB,WUQMFPBW,99227,64682,81109,15874,20173,73066
pjfdWwyp,LserdjeE,XWqsKbYV,uOeCUsJL,CLIMicfW,YQPKCUKi,30268,70175,6529,37039,69284,41290
lNnDqjNW,uEqlebrA,iJZrFVKq,ldZTLCMB,jEEyDpnE,ZvCekAPz,32064,54656,64335,42547,36907,12904
CwpgeZey,uthDcGEk,IEAKXBBt,zfcaWqtB,kUdFTevQ,ZqkFHKqe,35733,26404,25073,78479,61078,25740
DfwEjYgE,SjdVEkxa,soxiMVhK,WkKwCvPR,KjQASIjn,ovNuShEu,46116,73037,93998,44033,56965,50030
ArvwijUa,VImroTvl,JtDvJAwB,uAlcBOlr,uknemIxr,CsdmHpBp,6256,93991,42572,50559,49721,25099
kQLbfPiy,ydMGeway,fJeMhKnH,MIRdrhaQ,qeILvsOm,NXIutNVi,55822,73082,25203,60452,96846,51260
dJlVLCpm,wtqjaUsG,WAnZhiJK,jFZwMtcw,ECMxNGJJ,KBbagZJr,25076,93072,66980,97469,10050,20167
gRdQrJHI,uwYZlZvp,lrkpFVKZ,UDHUfxPc,fCWNhDcr,ThtTyCNH,24765,14446,62447,74277,31224,78621
SoxwCUKd,rYNCLria,UwnTmoRR,ezDBJiqa,RVnLHHLK,nvPYpZWk,72342,42870,40198,61572,8525,94174
YtmkBmZB,lmRRpcSt,XsACwFJn,douMHcKI,MctNlbrh,mNwUzwny,11401,46111,55970,13943,81035,94693
eyCXjjxC,ClOGanGR,MfwtXbHU,WEnmgNOJ,JUhfXAbx,qGvSnxOq,26765,54445,27328,7217,59582,56709
DZIRbPsd,SFdletRQ,dXMMPnLx,jciZjqoc,FoytJSPx,mqUyzGiT,92416,2414,20142,80583,70707,54168
SCYCvAzm,CAvkElDv,yiXOUQfl,nVsNPsUZ,NPmkcnMW,ZomCAohX,56466,23837,2630,24899,92846,18971
hKvMzIoS,CMgdcbYd,spvZuqNm,dwXOkZtx,ZiIpysJr,uxHEdnhV,61605,30318,31137,50506,2620,73980
AfPeQpKG,zuSQkQCr,BGsMHzsp,TWErYHCZ,nYzhPzlS,caponQha,97666,38874,66056,76448,12464,73127
yOefPfYI,GaJBQyxk,XYEdFvYl,aTUFczjA,hGGVxAWo,bLKEpcgP,77744,79908,82272,24640,18509,13950
HMAuhugR,ZuKTNjdF,oTbuupAb,twBsIEhP,DpfyRGAg,tqKtCziq,25174,96921,39379,7818,7652,19767
ZUgYGlAr,fGsZLcHF,mVwWCGTv,yhZZCEHA,WWFumGMd,lVHATYxM,74168,46127,78169,17937,87067,3075
knKllxZM,JbnzWDqN,hbPwNEec,BcbkqfTv,sXShKGCB,dZaufmpT,8902,41195,44671,78927,28852,62547
MyCjPmZW,dxEbmRej,mLLrHETj,ZRjyBsHD,YGSaZhZf,ractEzik,74154,59243,44331,58273,24732,6772
TAqmUIaX,cujVnjOa,lZHIhBJq,gjiKrrht,ZMghqUIH,XMVqIifb,59689,60759,78472,60163,41942,9731
GGqsvKHW,fplQykqz,zhEaKeoE,kHWhBXjo,NUSTETzi,hdAwQdbQ,49559,56691,1999,19808,14588,13969
TlaiOTkk,CnEdjtBO,XDoEnlwT,NvSwOjCc,skdOGHCH,KHPrfpLF,16465,27908,71034,69212,81684,61857
sIfCPnWG,stawhbQM,kAXjPUaP,dYFiKwTq,IsJeBKwM,AilnzMYX,51071,8213,42671,42235,77895,66239
AWuZwmhV,ePdjAYdf,EGQNKwmU,MlNZiRjX,dWnnLEEs,tfAzZjsx,39754,81068,26096,14021,61565,93827
UsydbbIu,uFBAgEAd,jfqXGrtg,CPOZvdMn,PgtplTMS,HWpmBzkh,93596,63671,42399,92109,69562,40642
xXicXOLa,jLufSdLo,eSNWNQFR,RcdbpOKJ,hTCHluZU,yMPFVeXm,1804,7593,3157,91482,34044,92375
niPqgVYo,atzrKguC,lpvGuIcQ,rkNxJdoC,ZpgdDyOg,KbspysCe,57749,79890,18650,18114,69978,98370
SdMKANuD,sdokurDx,KGKvFsAp,muioicBa,HcMrTEVK,vQZgxHLR,93576,72876,61723,955,77949,70319
HiZmkryL,KbKSufSd,pmlyANLj,zPtGRdwB,meLygJTU,EaNtyBaz,48931,25164,28315,4441,64424,10370
AZOBvdLe,pwPDMGld,PeEQevGj,sJwpYuXZ,lYBFVuQg,UqenQJBM,42718,89866,8534,98989,1904,73117
CJazyNoG,vdMPxneV,KfgNfLHU,MjBxKsIR,RTcRsFpE,yilJxAzr,6401,54512,77965,94501,80344,52807
QNpqCuNy,ZkcqDbNr,WVEoPzZt,XQzBIXBR,qsklnFRM,kdwtdfbU,18403,96839,50069,44729,79320,17937
iFFsrGgQ,vxicgnXZ,zAArEsHk,YNwQYUOA,snzYFcZQ,QXsXQpxl,49725,32379,47729,46715,97424,81310
RXSdSQpy,XPmcYIwS,GBzKyQvq,TTnqyTEF,CsZbRttY,KNeLRqIQ,18343,8334,75102,72732,12343,62553
sZLmsJbB,xwxPdmoW,SetdsqYB,MXegQALo,GrwiYblE,ipKzIiWq,63199,47231,91171,53140,51238,64094
fSqAWgJg,ttukDIYE,vFLYbAtj,KQbZPuHC,VDqWBWnE,YRkDuYyp,51629,88594,98136,40442,97672,72313
DFiZQdLz,kLJjnYnw,iWQBfGsw,qyBJwOyG,diVLlWKL,xSmpKEWx,11287,62464,20216,10338,84315,42943
kQXeCTWj,IyuPifon,dkEFIixU,IrUAVHGh,xnlnLYeR,uLfZCQWe,26610,76279,35878,90583,98433,2694
kjlcwKce,emdGoPvc,SJOtEMpB,pIkJtwtk,UxwLjWVi,IVSffiGe,96875,10237,57290,46131,1101,67944
PScAepZZ,ZYMPJpYu,FwJPiZnr,XedpECfj,CNcNZBSH,ASYTqxOH,23793,16595,48545,16520,16199,27279
AZHZNLvE,jkfuGkXr,nQPDZklH,yPgIFJmU,QeUujbcp,bnUfYZDl,45288,63329,74746,58351,12865,7907
OOldeDPQ,CLbkYkXV,dntkIvTh,CVUUlzhT,cpURBHuK,eKRGEAPE,20557,41920,62108,82493,42575,71158
eMSAdvIb,lOtCYrvz,qTuoWhGp,CQNFcTPl,CnQpkPIo,ECvXcHXv,34679,33063,88247,20646,5025,52714
jrlBDpjr,YtTVXGSV,jMwDHwrs,FFpvZknB,qzmJupPm,uJbqYEln,28757,9048,64467,75260,32492,76278
fXPxYzDf,knaDLoYm,sfAnbCTe,iAfwNveg,ctLfqbUX,hYMRAvqZ,20518,38603,27834,38555,17135,25623
RnBUhfGz,fgfVDSiK,syYfmBzS,MbVvKoyr,gpsriYkX,FUnGIZQM,77644,26368,44457,298,4167,80832
zJYRefDc,NGhnkRgf,AHFnaMaw,hjzkgjXT,WouGHulm,udpfzRfq,60106,50139,53876,43364,93835,25437
ocIdgcyy,knxelhVJ,wiZRFiKR,zuqRJoYa,jDoWZvPE,oYxStBMI,98830,77742,3478,54864,26049,48835
dhhALxiM,ivCuecwj,FWcCCiYu,gpnDCQrL,FrWzXUOV,KIrhDOET,83362,79388,12480,39767,59800,14464
vLGDREzG,mSbiGhwI,LRqiosWb,YKzQZquV,TLnkSJoV,NrhVFQTL,32614,86815,3723,28952,98755,95276
XkkwdLxO,xbZgJvDd,QphvPhtt,ZbxEpijE,BIXLFXUA,DzPsbWec,49041,84177,5925,62381,13597,10160
LpSXOsyF,HvWiaAXi,CtSQFyFN,DhmJoNUM,EjveKwOJ,BzcxKUkH,13356,59179,84396,64072,85618,55416
JodnXMtJ,elCChyXB,BbXlhOkJ,mLSREKnz,lEOlKohv,RDqoJIAZ,65363,6593,54130,42821,61045,99522
JclmnyFs,iIwlXHGF,GtQUEQMI,otWpkXJD,pgixnTwf,FuKHZDys,98634,91371,95444,4868,56975,82107
Oydfglrt,CmNDNaWF,eTqgkHWr,AMkMPwxq,XaNDqnkw,okcnzjaQ,22159,78937,36174,82432,36401,64320
WpFHGLvA,QTIAXcJa,DFhRYhBg,zshEBSir,MCSncvUF,qulExHsA,45349,43951,57140,87112,50937,90859
jzpCebyU,bFeDcfKV,pkbxLylW,GxgLsBju,sUpKmumW,ALTIrpDT,59504,1758,23364,66083,37679,63219
nxoiQVnD,PUXNPWjr,nxGsqVRd,oHKcWOKE,AwvaTdok,EsziAHyq,35130,38616,22217,4517,82389,61879
wJwiiFCI,ofqZdzBL,RcGnMnvF,ZAWnfoZA,ZquujPlV,qpaYbrwi,82602,75477,60869,64905,63984,10163
rjAiYNeX,xDinfyyZ,DgmXfWMv,RDkomIcU,OSWoLrns,hONbbxUR,99355,91829,34145,91936,99924,1494
xllyvciJ,nlrLxPPl,PmXHZDSv,EmaLdszI,CckqgQaD,dfQhEtvj,5655,8764,76052,42889,59819,88529
OjJCrSvO,SbidyDmy,kYJwCWvx,rKyOincf,ZpdhAKsW,FoKFHDrW,76483,16559,81033,34400,17690,56085
ldBXZPUP,JprzriTZ,aINnWRJY,bnRXWeQm,ZFWDhimc,ycMhbqgW,39361,43195,17791,70258,71655,66993
FhKvDmsm,BXNDnOJZ,RsZdVKoE,BtlMmEDD,cMkGKEmh,jAXsrvbQ,84506,69004,79229,8350,61522,85109
jwfeYWVr,EbEWxUxp,Mdtsowbz,oRUIGgnp,EqQrOLbe,BHdddYBB,17149,75053,20760,89209,76008,80760
NqmgIJSk,YozsPkUl,YTqLOdkw,luSuGhNs,IrouigEv,HBVJpYpV,51067,64438,24907,26658,55414,97845
qJbZimXY,AIIZFhkS,ZxZXtzPV,apFZBCOq,zMQYnZPp,EjtUCWYE,58747,10187,10126,13523,63676,18209
urMhDQtk,bACNKivd,UhsUGkdG,uKwstdWx,rfuTOAzN,kOTkTaky,27539,20531,75010,47106,11477,91465
zGncWBUx,EfzwKhQS,SoGANplB,OLbEHBBx,xODccQts,FwMRXQuB,33796,34971,32842,37778,90924,88793
OszFDHLX,SScZAtqd,RNWbUXXC,HvJCaOcs,DocYmVVb,ayxMsEhU,6768,5689,16613,6863,14150,71736
FNWwjdMr,CJZYFCTi,YyborMxR,VrgfojyA,ODwfsOof,jBmPHFCy,77895,5376,73025,9512,51705,15586
hfFRDIYO,qBiSwWXv,TxtAXgBc,gwZQykAZ,SNnXfcvh,mVuUCDIC,45108,85946,25929,84397,53129,78876
MKFNanEf,glAHQfDy,bIGLimPG,UBUTFhxo,EVYyfurF,mWqWomUA,84732,15173,14426,39152,29982,9929
OSNmKozt,eVkEQEqW,pPVeNGKw,wJRpytrb,zpPVMuuo,PZYIpYFb,2753,93897,90093,73127,92574,48667
kGJiPIxC,OjhCcjhl,XMQgAczx,qiQhalxA,HKTSooQC,IUOewEtN,70294,13924,36534,65420,56070,49145
aDejHuzM,bHqTZNHn,PJxrzFmi,OtGrLagK,EpgtkIiE,HChTIrZL,76986,91922,19761,88773,16850,68052
JGrSnYNu,bFbYmmHU,YwFMgwFM,CaANHrWh,uqZtDotu,WLxkUBYK,33099,47347,91952,86824,87895,24185
KeWMWerM,DvdxLSId,NbUprLhr,UzSYplSV,nKnQzdth,GNBtRALC,95279,43903,93170,74251,90413,18785
qVAiDRlc,iJKuSZzZ,WnlHxRXQ,pknEINcC,xGdndtDK,AOlJaInm,43607,17589,69217,13147,81221,2955
QxWEOWQS,SjGstKVo,LMCBrduR,csIXTlfM,FDtJWuxg,RISiNacS,49001,45764,60284,26358,94316,45842
yanKiAxo,tvKTnctt,MrQMpjab,uHbfYuED,IMBKnrKR,NKimHMwM,79661,72909,73862,50904,64716,67099
jxZAUGLS,jRZBSaHJ,RhcorVdP,fJpcKPhp,YOwqbvcg,QLrCCSwT,63160,53153,47589,84733,77006,97560
asgnOpEZ,oAzveRiN,RNgjbfOL,EpnKGWQH,xtmKVtdk,twhvnZSn,19058,21206,65345,68803,48312,23363
dcWOKPDk,aRjbkzyW,dmyhDvEC,yCNBUFsf,MrfltfIW,ryacLMuj,54121,3525,31476,56331,44994,60845
iZOauMUw,jrYzhnnS,NcIULltI,WvaCzapS,lquAcpaz,UqmVyqkn,50075,91405,46983,56452,81013,88860
oMoEsxGq,FUzdmwgh,sDUAbjhO,JQVnnVvW,AJOgFhYi,gaQeyPrg,54135,61586,99560,26976,24753,68517
FqdeBtdY,CxEoDlGo,tymqPPNO,FqPWuUIi,GtrHdcFW,dZbdldxx,53482,35596,9146,47109,35886,96238
qLktQSsq,bIVCGUvj,QcwJfqLX,eFTQHKdc,CdeiDfWm,YmpDRQSD,59809,25715,45875,31837,36869,39030
nPegcnPy,zKSDMDuJ,CnYRcTjI,LqQRWuZy,ALkpNRbK,BFIsPaJW,13559,27135,79886,19167,76780,96576
GnsuBIre,zuHlSICG,xUBczork,cMZoAOnT,QvGEHWtm,aEdDckHR,73085,19792,62026,10335,93465,54041
TdAVNoDM,iBlhvQxK,rxNuECVz,BTwvqdBm,rifdXcWQ,lKSpsFrm,6202,73667,44723,86328,21960,40866
lERWBohA,ZnXXqnqx,afGxdrjX,fZurwJdg,MvlgxfsJ,XUDRIqRp,61816,13647,95808,4202,75257,94304
SvrZDqFr,skTCFPIH,ZQMfokFs,FTiYtiLv,CPMvJnkq,oJsJMErp,84266,83756,21118,64819,75007,14299
PVkgetqH,FrbsVRGI,yWRXHfaP,cgQMaKjk,YbHiJbyo,aJcIZXuv,89410,89037,23521,1785,48399,51377
opIWqUnB,LtTsqHNP,RIIEUJNH,RMONIPWx,wfqipiwJ,jfOliCVz,18692,90618,35579,7967,60023,69508
NBjOPcwS,tvzhirdh,MfHlfUDb,mhoeCDEo,VMDhYLCc,ThXEpdVQ,44378,91637,57435,89696,89205,43641
tLATYnOb,YarBSFgK,RdbUXQsy,LNnLOueF,pswEMaYs,smPwglwr,9056,17133,90005,51581,70563,37513
jvJcYyaX,TyiorUVE,tJMeZMot,qFaIuSBT,JKAXpcic,uVtscHiv,2711,35490,96723,14343,499,31201
ZVXMgRws,uOjGpMAP,KWNqDxVK,lqbdGhHm,KRipqYUw,PLznRzKv,53712,38972,42882,75050,83327,31935
RPxOVuXQ,TJqBqXRu,ziqvVLmh,wjWKtHcu,zNWbmTiM,xTjrHuVV,37387,30362,48558,58079,27692,30507
RpYhFLsn,fsvtCHLW,eKPeIHyX,bLwfLSxm,IVOySHDf,aLdYrwKF,39841,63745,53589,82846,85127,30740
pJLaiWRJ,rQJjSCOx,irbhmEKL,UoZmdJEi,KaIwAPAi,XfQWdOvV,55016,81348,73266,68329,55142,49714
RhXQtdpa,eJYhoICz,QiEHkXDc,GciEGhoJ,fcxhVmiG,fAXxWqRt,9522,6074,95633,73959,76765,18897
iYeJhvES,XsSdpmlk,dubMACUk,FLkATiQm,FIvCENpY,JLaGyWqO,90670,41673,31324,33645,32115,70710
PQXRcfGY,KUTYzwhd,QwBofKTh,NLqKcIKb,hpJvPyzW,hyRFzEws,50584,82999,35956,12056,1759,96752
LBFpXthn,ekjSavLr,BVMOQBPD,vNjPzPqF,IlxYjODJ,anaSpUye,54859,27195,68373,76674,99837,59151
MPgEDqai,lDxMvYZP,KmfTkRwE,JKUSEKrL,miLOQWtv,sukRIIiw,36877,74910,80619,60701,46180,92288
sQllENJS,JnwYimEA,UdYsvpkF,ZpkHnKav,VBwpfdyl,VexXMoJE,87438,31922,5314,83131,53269,30848
uSzGiIqq,kcfJzuhF,PSsEGjTh,grwpFLun,VYyVpVGW,JyivqUrh,5217,88225,10993,7588,36867,35265
qaPXESEI,StoAPLji,WcblgdOT,nXaiycPL,MiNHxrLO,nzaBFoAN,54075,26269,70041,94655,60931,66182
fcmrvPXB,jJCtAwml,jgWoyXEE,yUKKLmbq,pbPrLriw,qYVBaqko,11554,80302,86078,72241,62819,37993
ZufXuFfy,JsSaVLYk,sSrCDNid,ytybVHEI,ZQEVHmWB,wKrWaLZX,74671,84637,90657,82678,19494,48659
LBusdxyU,IIlFnnIm,MrhEWFXC,RbUActiT,yvKjYNvA,pBRWKeVc,68295,19605,96035,85062,89,36597
VxbRwNrL,UfvgCaEJ,OkpoELeQ,UmyqCBzR,ejWnMgWO,oJBLIZQv,7774,67864,52587,40013,866,72967
skMIXYcg,iJtQGQPq,KXUEWxNb,tSOrFKVj,YEAIldRY,HrEYnfBq,14878,47000,44642,89037,10247,8807
XfnjyEFS,gCXfnjTQ,dsxRjUEw,HlnvSsyG,TVmkmIkG,aoFwzClN,49027,32874,97071,37016,40896,98951
giZRFFoS,mKNXYBAL,FViRjAvY,hWZeyleI,PBTvrzZE,khjSehQZ,22601,56221,37219,85841,40665,57889
NSAhdBbT,KvrtCwKV,mGyHTahd,bNrpwAav,KEaRVrot,rbkscbWS,9682,60171,10205,22211,98256,28806
ORIMKPxC,xbPUQHOi,QtgBPGfa,BmyowYZa,YDwJyhFG,MMzvJfic,93810,76429,97403,42366,60663,93178
AsXkKPTq,amfJmoUw,uGGXwNyA,pgpkfOYR,nOSmkKGG,VAYBRwuk,22087,74743,65622,71686,54559,26008
BUNIDcYV,AqJcEJpp,ncpnVOCB,ZvtVQcuD,RwbKnvgO,kgQsuOto,95844,39140,34802,18583,61352,66016
DcDYwhkA,DSrzUOIW,ZQjyrPYP,yOwijCfJ,BXsnLGGq,uHhmsyHb,24994,30891,21868,2230,29905,99219
olblGlsZ,JlDpnHWv,McyLMVmg,UHQeamaK,LnShmGZK,KXhglpWN,15234,37122,6329,48157,56231,52898
ScJVrsap,sOADBWkN,qyTtDmhn,EBRHrhuR,AQRDzONM,SqzzTZrt,59223,72556,60229,19572,17877,22118
yIHbNUzO,FFTJxxCE,hbwcQIXm,jQvCPeNs,GpkaKSdv,cPVEiBzP,53333,26749,5778,59703,29400,59978
UXNoGheP,YBbsLcIH,bfdOBasa,mOIkVgFH,hTEaowup,vPebMzAG,55282,7745,7120,37755,72751,37627
kjbnQoDb,NPCjPZoP,fefssSll,eKRLEqHw,zLxEEJrC,VqnpwmVW,1064,31345,80554,69420,8650,13298
tooFmbFp,HFDFFQol,MaOkmbZQ,smbwGslP,tqgvrYsc,rDkNQlqy,6904,20058,28945,64282,61172,81269
MyDHIIez,SvCdUEpI,ODkvnOSn,GPJNqvJk,bFZHmaff,dtkRlYKC,29898,77877,27189,8824,67221,76120
jCPJcAeQ,JbRKYuhC,KaOaujCK,uQuPPDeV,LbxqvSXv,aASQLTqf,62874,85910,53894,13163,88810,93127
ZMUrbhMh,vRLUdtLy,tDJZwWlT,FidGMpca,YNiDZQgE,OCJtLjgt,86093,75650,79439,78618,35371,71503
kNNkoKiv,jyxcDJyg,SjiDUtUv,DowdzwGL,nuygKRZR,mbPLicRH,90843,18675,44596,47786,13832,56912
iYJQsiME,nROrNcRZ,uBwLslRu,jyxbZalb,UXgDOWma,heVNsOfz,4377,38784,85217,32867,23363,37439
nsOZvpJT,HbcPlugo,skhwRnQk,ZoOdJutM,mUgLSnJp,RHdZoYwx,44692,18862,29110,39367,3001,70947
wXIvAYpo,DfUNgMSB,ueGPSnHy,vJKNriDU,pNhLsVYi,nGxUUbOY,35417,19686,38094,28406,80389,35430
fmIOYvuo,kNXlqIoA,CIaXLfhd,OTvmaGHk,ZaYfulkJ,dxiRbAPg,39177,86591,74060,62582,26685,96987
UTyaqhvz,jeUVvvdp,TsWlgMMd,IhLrWfEg,PZZMNINj,QntQFlPe,28130,60408,49275,21007,50492,80151
TNLMuLRx,fyYcoELE,QbcdejwE,nNlwiosA,dvLNnpqH,CLlvxlXZ,54981,66321,84596,31526,85488,17270
jKhBmEIs,PRwKSYEl,GBLOleEB,McsBIgQf,qGhYyqrL,TcamyqHD,33931,343,41800,2158,35339,70394
bpXMOebX,iDysiIbm,jfMhmaNS,ahCAmZEs,diJgVFVS,jInADWPw,8188,96409,83122,68247,36484,99704
LGNOpewe,zgUZsXym,eLZLBYtE,fOMxywKN,HXZBRVNO,pCYMWVcQ,97474,3,2446,23478,98090,19810
AkVkpbOo,jIuIfhYt,rubDyHEL,bfdfwrRA,KkvIVQFm,kNSaxsBK,71167,6193,32177,96079,6980,9487
ZxYbIUWE,SLgrMckW,QGxnYFec,yjxXaWYB,WsdZXEkx,FdLoEtWA,93392,55887,98087,64859,59915,32310
VvpcXLkJ,BiPteYJB,RlJwIzVx,nOWeMOUe,zzlerHBg,QOyXCRkV,8762,47070,63389,52004,39613,54737
yQyXaNRT,eEshvfVC,uaQYiCod,gEDkcLXp,XoWaSByR,GZPMPhJr,20967,10005,94553,26924,41390,92608
EkXftwsD,feqrEZzi,uDGmsyOy,QnnbVqxq,JxGPqaFX,oHAleVmp,36703,27239,82591,83070,11107,84180
WCwkLDGg,IvDepwvF,CbPOuIfm,vwBbVjSx,OEWgKRlU,OLuyNHNl,60410,10237,81208,35050,24484,19047
qiYIbJLC,MsvpDgpK,vsMSiIVP,ReaZNCLn,IbzJoLaU,PlknxMPq,76744,16810,91914,316,12704,41494
EDbshXoz,sLDfQizk,ISEqeUdJ,pYQyEEFW,AdorGzsW,QlDJjrhN,30527,59507,1247,83891,24458,24136
lnxuADGj,pGrFtRMg,jcRQJKBz,yzbsxdkE,LODPWjJc,vdPNsFKy,88929,84921,44816,16816,78162,12502
XZlZxwJP,MPCjPjMD,aFYqDjzl,FHfVOUuw,CfDEbtwy,TbbyxmVm,17970,10919,5107,56916,43084,646
mccqAenW,MKbXGJGA,azGEhuVk,GQEzCCvr,bLXtdiQD,HvcLlvrv,29534,87649,35356,35015,75275,63135
oyuDpxrn,bsRddsib,RGUkLEwo,snWYumSI,awLCNvEm,xjFCuxpU,40128,9545,7562,88140,56556,70890
xAdsMOAQ,QGHlWEjD,OnhInhYD,xzSoprcH,hWZRXKFS,aYsRRNcK,22195,74475,48040,88518,57581,36520
kkTZfbIF,nKynyzbF,MifSbgVy,rCIChQbA,UREcTXEj,elhZNNch,12967,56730,26778,46774,86693,33558
TfHfYYiv,bYUselOd,smsgPuuq,WzzAAzct,ehyYwlUV,UkjorJlt,30413,99722,70306,26124,19353,53624
SEJKHNbL,YrOsDZAh,lIpPJSJh,jQZSyizw,jevbDrMY,PTSucUgI,49602,91508,94985,76501,75649,87683
XHigKnDj,iBMMeQkl,YRMjRjCb,Qjsvclyg,eRzbdRiC,gdHNFUgj,85235,57334,28204,27176,99952,64204
GeBdrkTg,SQyQVPiV,lDgIHxpP,qavBWUSr,rYXolYFg,pbQVRIhj,61059,24310,74362,65398,63886,37104
oysxYypf,frVHVnTB,HKVkFSGy,xKCjeNgT,hCLtOitp,GwRUMViJ,12904,36242,13652,67139,93307,43812
izaWGKek,yiglAxVr,gznVBpZs,QlGsDOTD,BGkBSqZf,DrZGRCGB,21768,2000,84101,42296,48749,48312
gZSCesgX,uLPppYEX,wPThaSFq,VWeCLetC,hMJNpPfn,IdpnDzOW,4702,30479,50459,97453,21882,6342
HexfsIoa,oEpPARsP,bvYgCrCd,PKJpyOoc,FvtoxrMX,BLWCdSkZ,95431,23967,76933,24180,71522,54679
nGTPOrOa,OchMOjMp,mDQxEjDP,krroGOVi,cupEKGbE,rpyVXVSN,33728,43004,13461,22981,50850,48571
yehdAiYu,HijhSxVb,PJVgAjPq,ImxsVRRq,YoRUyoar,shzzSVLx,72127,50045,86460,31971,33256,5408
GIBjbGKh,IImpbrGR,hesumYBG,DqzXxLNF,BPikhvQP,bSGjPIte,70266,67451,33915,30154,10270,69344
tVjEegyI,RqeZDsJT,xivGGEnG,lMBzdEOb,UZExTysD,bippBtLm,91972,75248,67026,48462,94709,30637
gbcVkVsH,xhigRKEY,WERezjha,gYPdYRPf,CkThwGRJ,PtgFoySS,92014,1694,92054,41446,30921,99273
WkVQTrpv,WEVyOpZT,gQQDeTyB,cVNYzBgW,TnsSEuuJ,txcjspMY,90832,97006,31673,36543,34811,14765
KulFMSrb,xoLThezu,YRHyJXSi,TQpXJnbH,nGlZfigw,MFtVItIq,82371,79340,42033,4173,94192,6303
krSSROml,rMwrMoOw,HuQMAQIU,czIWFvYJ,DxBpBzdH,ZqywXydJ,64407,42346,20755,91155,10308,65659
GChOFcOm,WwXhLOau,qWjxqOYX,xndbmYbZ,ScttdQso,ICqAgDxy,56918,56837,26575,30434,57223,86543
mjLafwVZ,meFSnjNr,dMZvzuLW,AYEzCFKZ,pMerYLhN,syqrTMbZ,42219,3294,53135,25141,26454,62100
jsSuahbJ,nafPQgMZ,qCuPZcYH,ERdWoeSI,ejJZWgOl,TsTgOHzm,35198,34635,29571,49514,93911,13063
WkhuJYPF,wClPZaUz,uxEmlhhw,DlbQMlrm,uvlaiVja,jOPNIpph,95816,55327,95088,6011,27029,20832
oYciVLXF,qabOYTNB,zSOyYrKg,BSGmbdnb,nxfuDfeb,dlzNjSNy,31579,84828,99546,21372,65242,19733
CdrLJDKo,zWfzyZLP,HMhAbATR,yegQVDpz,TFmblQnH,oDBSmmro,43355,62282,67433,4596,67785,3438
SwePkZsj,nXRCXVrT,bhnUVSJb,yVBsJmvB,KmJhjYoq,DfsOwTlL,60545,91528,33324,19936,8462,18354
aTUPZFnX,zKxAijlO,ElVDLrTb,fJLJtuSD,OpOaXWkH,UtzfioWP,47228,17783,99550,43719,85475,73623
MPMOBVUW,DBGwlmmA,fpSRcWOl,asnGCfHe,hAKwQAEN,HFgurwuU,80471,11100,53774,78924,84853,32280
iGNqIBBU,RCYUzjTr,OUYeSbrZ,ACMUHIpP,vNuRDjEe,VSjFRYDB,6489,65323,38027,25873,42249,13678
gdxUEjjl,QZmHFVaR,FUEmYbwI,QwgKMXcH,dYuvNaNS,PaepyaCI,16236,53748,45986,67548,71486,41074
qjRjTolx,jVxOvFJt,hUhixzFf,KNwcETXa,sApSEoUx,vHpDcRBK,10933,10911,9881,62623,74532,56992
gJvtnodA,orkzxeqf,lqFcvYfn,GIOQgrXW,DiXSbkqt,rqKAokaY,12955,18975,30939,76013,39528,28069
cxdLiqce,TzNLvopG,cTXbuYwk,IZsQvQaD,qkCGMHRi,yzbPhmeZ,14521,39766,97619,77686,62365,36388
twfKGHkk,YQQnjWtP,KgpTPtWq,hJOXzgtK,LdIlUrCe,wyxCgmph,11378,49657,67979,54969,29717,35836
cIvAjHMe,qgPFSdLZ,EftfecAe,GhlaDZNr,iOUrsbMo,NzdGMLBu,7925,66547,52990,24560,41057,82030
uZRfkfhx,JQWulHXw,koXrIwSp,zRXEVItZ,MYgIkgFy,VCvjGNRh,82821,11617,12443,58374,85794,20044
qiOEnUYd,yyKmQmuH,kwAAnOgo,cgcRGVDS,XorMWXHY,VixJpgzl,81523,57717,69297,37126,53783,66929
jCmkjJxA,UXwvBoGQ,DNmWnBQu,poXQfQHl,CXhXxTpi,bMkYNWqS,89155,22535,21810,94516,52612,15854
KOoUlcDE,LfMQytDe,muZSlODn,zRODcnfH,ynuVAUGJ,esSuondp,3160,59041,34016,8796,91210,45830
GEUsgiSv,YVwFouHA,FAPoJfIU,MaAZqFfe,WVePQaoA,ymBnmGRB,35957,47982,30931,48537,51525,32764
OhgzlCtU,CprLkrYe,byzIRAFq,XJXUwaNv,qGcDDSFn,rtTLTeoC,94505,28884,1636,84795,38879,32439
TSiPaWAy,NLMiRzOu,YFBfRkvH,sDCeUiUU,gAraddVS,KoucDjZL,75967,89713,46129,19331,52976,19959
acXwAubd,KMbAVwfs,HMLUgAQB,YSlaFWcu,sNXAccWP,HRXaZwFP,59665,86223,34192,97824,88727,62921
wQaeEPhp,vUQTaDwP,fpuatPup,vKiURypv,rvkIkPft,lzlkvhFw,12560,13359,10084,46774,96990,59737
HJCfHOAF,NqHTmiHH,GzrZqQbM,lTzCiHRJ,AnySiaog,NJUpZAyE,51897,24787,62479,97426,6181,17371
IMipNOns,QLbwzTJt,MnXRWCRy,tDZRBlEb,LOFAHwXK,cZZsrEOX,87202,43052,24654,12876,65858,13794
NmFIbYOF,rTkNopcD,SFMQwmdw,DjAFRWTB,HXdySFJD,PVLBpVYV,51264,15709,37961,89408,50626,33075
IXONkZPq,DMeCRIkv,bqblaEOe,BBfSvHum,zpzQrLAk,XikSxETc,6527,50216,76282,90205,16261,13818
rGEUSbaY,hBQIngcJ,gVdRXDFk,OxUDiTkn,cnDHJqlo,LRFBFmAj,68545,13011,30059,76369,58010,21963
DLmjGChM,jbZOCIRh,sKAYYKhY,dmMVwtQu,ZyuFHcQq,LZACLuGu,95308,53679,41047,17059,73891,48422
EiWFfPXG,QhTXAhcO,qJKbYPcE,LYvjrQGa,rRayIoRl,DnyxAYbb,60920,52034,21382,36872,41277,16802
EOWKnMfo,sAOEUfVW,teueARXC,eLoqbQLd,hqeVBHcU,mNLDZCGF,77815,88027,41930,28305,27823,54761
NvxdNspF,YUOGgigO,AbeUdMon,TBgdvMaa,noLUBnrW,XmqeYsLq,46415,26172,41824,83346,77687,22939
urqjfLdB,YkEoaLeb,BDfVDRhU,wlMdeQSg,rMNEcAiF,OyhqAGkX,14122,68937,24271,77246,63757,33993
ObQRpwly,lmDFRCbW,chdvjiHD,KzvpGNNg,jYopsfzl,rXsxHWAi,85919,18254,85789,25953,92669,42657
BuhmwoMR,yostCNuw,AiFRyDKN,fHwJPJPI,DpykoZbC,IAzWLKpM,38931,35353,74235,85555,71922,5884
wEmMQqQK,mVDONgQt,zGoThZPL,zqDmJldv,djjWCaNx,tPyPJmuF,36446,5963,44791,52661,18018,91758
hYZcIyVm,CMUJRkFy,CBVbnuZM,EoxMGaKF,GkDrTcDO,cSCHYZJf,78337,79825,90718,40329,87194,84012
rDiABUMG,vaDycXhQ,gbqAvIIe,poofCbnK,nNTzWjpJ,jfChaavT,20537,42857,44297,80812,69456,35245
lettHklV,KdYbxIbj,UTUHRGOK,KXNOTkJP,hxjFdNpw,fvCsCdkC,68659,77046,79332,39114,22765,37434
fVYMPQbn,KZxsUvBh,ZqlEKSYi,cIfqmmDm,heuerjpu,cyeUnIvl,81102,28476,28797,84190,64534,17134
pJqDnNxv,heVkMEIG,CVKxPDeU,azzlyNeC,VkviFYhj,TzuGPsfc,92772,22019,28432,56349,94823,73583
jlrYVans,DEOOaDUU,zAonILMd,dcQvGRwE,mtWIGbMX,QzJrRhaX,48667,98412,77987,18896,14685,27219
AhXvkeGp,NqVUYtPq,eJTggUBt,zSAtiXRd,enabSDzU,kuAycjwS,29381,59603,47912,49082,9744,35937
RtMDShrK,dJpkJopK,mAtXFNRT,jjsJWlmB,floAwbdU,VdTplrMn,46409,33738,15065,29094,46116,5396
DDCmnRgV,gngSZkXH,oVUvpcMF,myZdEruq,EKCZoiSX,uxtAuXNd,20803,74994,63354,60903,24589,22071
GAJphxPr,pmWPqNkv,MxSGTdUA,PXwHBhSz,EIEFPWvd,MpRgFrkO,37993,53287,76255,39680,46798,98170
xEuEhQhY,eoqAJLca,qaCOyGRb,bqhErzpJ,eOHEvCdz,ZjmzLoZe,87557,36647,49777,27453,70748,873
WYgvCAgR,tKvTxKTX,rlXWHAhe,JSRqqjDG,pkrifysQ,GGATYFvB,83129,22552,69120,69895,27530,27530
glzcKJYt,wKOBQJkn,MArseXVm,RmrCQutE,QWLYaUtP,whXcZjcX,67319,70460,49355,52962,34481,80
xqVXIcKD,EptnxHuF,RYoHgOvg,yDwbnymn,ptkKpMeO,bnpwaCdv,20941,83097,61778,12832,20212,70471
KtRCMsfV,bWbtWsxe,TVMNVIud,rmQnsOxC,aTJFKPJi,wbPBQPjh,59285,20629,16211,48608,83008,10065
mPWrJloH,jciWPUYW,PDafMblo,KMlrEJLi,EJYNEMvz,TQDzbyKH,11229,73804,8908,73891,70303,40906
cfDvwgZX,lndmzekH,coxQvGuO,yniZrjbc,zSDHlHlf,vVlIAQBD,78306,87827,35512,55888,45243,8473
LpbePuXO,FYzLshHf,eBWtkUKI,qyQvCldy,WGTybNVs,gvYHfmtP,5164,60598,25726,15347,84247,40187
FTdqaMAv,XuuPlSYF,cnDBJBJe,PzCyQTvw,WDGFTgZl,tGrLoYuH,58312,16782,27825,85258,98457,81016
LUYOBFCG,wLqIOYNT,idWlyKfE,vUBuYylI,ufWMplMZ,nKioQvbI,14541,42253,50918,75700,32241,14265
MzuIawJH,GXwHlPmM,HCTSzKsX,ILgjllPq,zeKLAyJs,mfxzuyTv,10549,1821,19358,88811,33658,33469
aVailroR,JCBObdDQ,CsNJqsPV,gYkEBfGN,qFquAMBw,BoPtvLkd,88712,81671,70674,49061,15831,90375
qBPNDgzt,XdCLdxaH,ndiuEZtp,gdyTQQqh,SJqIgrsH,jJyXPaPa,13693,7965,17480,34310,75808,47128
mksaTzpB,EqGMOFzd,HFKHMMdd,cTXEeNNQ,BToMdjaM,yhvSTlCk,54975,93622,54564,82478,75381,41736
KfBYcWUI,kyHBhQvf,CZqrRDWF,psCnrANS,kaCsLypX,lmGbobVI,69271,82062,77704,82902,34435,61117
fOJxBtkP,cTDOMmlC,gWVGPDjE,oRlhIkxq,nTvFowqR,YswRwZmx,89653,28591,83718,33889,94379,46783
KUGCDdmK,cxpwtcpD,sBKVuRzl,uqTKFHsb,QLcCFmAa,eGbZFMww,76539,38657,1021,95329,48490,31680
zDdWGNqs,ErVgNYuU,dxZTNRUF,RnhcnHyT,DwdwVEnw,sxciLBvE,30526,27922,18783,5708,18801,20062
uBFMysvz,HpEyOqGE,QXJxjRjl,zKzrEhjH,yRvCCCXz,MolfgBlI,77443,57208,97241,34179,41183,4291
PGoMqIWO,NjbdgIcC,YDatxxMB,euBNbhIS,GnNKlCgN,dIZHPBSt,47849,15013,31134,15500,11042,6626
EKjrpwrg,rebBqLiy,vCDzMUrt,AUBAYCXi,oByeYfdR,arAmFkAH,13881,26199,36458,95386,99321,37287
sTqVUzxC,MdfKHdYj,oMQczhgA,zXNKpGad,jfvkuOGE,xFabYLTn,8688,94294,47274,95984,97070,42920
SoqRABdB,dkzqWJjH,jLjcDOvc,xtkwEdrm,YDZoYbnz,BeRCnPEl,93956,5233,79138,31246,19937,57085
LhihxKCm,FxPoqqQf,jvghTKCO,IAZskyDc,MIbjdEol,WPEBOoHP,70360,51216,44239,23163,7516,3567
dCCbVfnx,DRwDeaCJ,rBcPcKLq,iYAlDkLA,vyElSLns,MlTVYCTW,65590,83251,89408,4718,30040,85828
wRqeJVUz,rKqJggTW,SyewaPtz,pmVZAMMa,hjRExJJX,KWaBBREQ,41477,86311,81055,13666,33140,64011
NuVpjPSV,dpHsekER,mypOYmli,nozLMJTi,NmtGjkIR,DgUnbksN,82195,33397,95130,24920,90865,56601
HYJybEix,yuajKdDg,FZdxCCVY,DVPSIvjr,NCqkOoKw,zSqwentM,36961,51766,24800,11551,78622,66111
fNKArJeI,JZrSdDNQ,dEHSLXWV,MgMZtxBM,sxKqRtDc,kilFxrJF,73027,28398,62016,75824,74421,81004
GCZtzSwz,fUmoBHCb,IgZnkMij,WJooTYQO,zfQbXRoV,EQcAeRvb,82275,76699,2444,46817,23715,37169
TAbydQQO,dNVAhlEO,jSySmJBP,XGtcOijP,bpOVTKAU,TliqDAeD,96413,96564,28133,77007,22303,19006
ynIeQDAP,umlBgecJ,yqhAXPAH,oQVzecei,LIAOtuKn,XMhQodTD,19857,95521,63839,24394,88156,47936
fDrgYZUk,NspowHHf,DawJYvNE,hhYKEPBT,QhheucIV,JjHUZYLp,74042,99551,18938,83940,62107,92741
JQOEXSqz,nxECtsDf,URWFewkc,ExwkLxHI,nDZlUXsj,NvieARGv,20692,47923,99056,36012,29411,2318
CMNcyqSf,FnNbtnLZ,FlqpEtZZ,GQSjAIFo,oXvexAxv,AeSdqcxN,56525,28435,65385,88065,67653,75939
QfSyZBZv,rJFZXREK,XSbmmcHN,jxBORvBr,ScPFiOqZ,kDKaHeTs,18632,12471,40718,41305,40787,6494
NJbcquhU,rQBTlXrT,CRGTztlS,QnDAlyXM,fnmjFUUB,erhsjFtd,96589,34724,71675,39338,63411,34545
dycuXSQw,ZuVqIIpV,OcgpNfpa,dhsMfKBu,rpvXmCuO,CJwuKUVv,10892,8218,48799,12208,81599,30955
zuwGyaCo,HQEZLIPJ,UtrLILHZ,yInHFoaj,IIaMMuoi,KzOaEoVk,46224,9232,21558,45970,80623,35414
fbckiDLL,iIvyaMqK,WLJRbgGQ,KAFQdQzS,gBInlBwY,KtdJMOnf,95925,58850,28829,79456,78429,81503
hTJiJuWS,meIZQoEB,AcUTmasw,TWLWPuOq,EKdOYRSw,PRNoApAu,82059,83264,99615,53108,77854,11157
YpVharVQ,jZNrDUdG,ZBUYXwNK,OfXqFENq,UwmWvgrP,FUAnqsJe,76925,89702,67054,10902,21435,20037
shyAurol,UZivRGAL,zWOTjnsG,VavPTLwU,Vjuseoqo,WuaPkKrO,12135,72022,44902,20697,66260,11676
xajbVKhF,jIFnZmUz,SfDyizVW,UGbxeWQc,aDeromqF,aWPMCyJj,53938,68342,51831,69235,51833,16138
wCiYtviy,tWcKihbw,ktMBXivR,ybWEjQEj,OLGEHGBE,CCmpGfij,94023,17990,53649,84364,31291,49988
YxswJobf,uoXtQEbb,RyEMEgIq,OsHVCYhV,ClbfKuKU,ERjcpyRo,59758,36625,69285,14694,34232,48102
ZsjWYuOx,knXiPAEz,MEzFmvqD,BMyCquDF,VESDZlPb,YreKKrdN,61373,97677,75544,55078,4707,1614
RNXOIwWj,sqoTkkbX,bgbcFZuz,abZSZtPa,gGorHIxt,lWVSbKRl,51598,69709,849,47896,22640,50422
DXOrFkXg,awYjoXdG,ZUEhHbxu,bQIegqZa,mewMqSmQ,POvDKVcB,31959,29684,12504,66333,36553,5010
WAiCcdTV,haKADBgy,SdBuUwNd,IiQiIaAZ,WuExjdNT,eMGTktZn,38746,54790,36040,22846,83853,58681
alyqgwvZ,TBpZWQQg,EvPSEmXy,ThTYYDfs,oxSUETpc,NoeIHhFP,68379,3653,65514,28354,7077,78764
ZyobhmdM,JRFGEllK,KRErIdEv,mVzbgPaG,qLiKyQBi,lFWdcNwA,3192,52065,95777,60761,78492,17731
HoVVurlL,mjRZvRpb,bvgLlJzw,xtIAAdwb,slZyJlfU,iPGPmvTt,51326,33189,83619,72694,19616,51013
iCWXaVDG,EKfGyvTS,UleiPMWE,DDqjdLmR,PVvZurIH,BPgQGrGL,94746,56304,43909,59104,19581,66387
OmvHZRPC,CgADrCGr,GxFJlXoM,wHqBDLis,tfUBKcVx,sFGYzRYi,81756,11935,81102,56107,43696,73851
ZwhEwpyK,nGVtTHVR,CfXaiQGn,WCvOxNYq,GMynTTea,CZIBSISI,38304,65706,87090,1933,79153,81713
YYZLPfMS,hHATXGIW,RTYMrqLt,hlolrtob,uQaqFeUq,lYumTlGL,75176,55418,71311,58796,55723,43428
TuKlEzAI,XBXkKSea,AomJjFjE,XzGwiyKs,DUvMpFoy,XoYgDXbu,33599,10624,75763,96738,34249,65442
AtJKpxZo,ChYDMVBr,TpAwYwac,vJPZigMa,vtFmJSzK,yGRAcDOz,31083,6363,68324,33958,99390,81394
mnoqdnLL,ccxZVtuL,QZajTDzh,YsRKypAA,bjkNMFCc,NsPRsTnC,84181,34871,70408,21194,41984,81129
oREpOajH,eOrJvLKp,umjHEMSa,HxTWkqJk,mEJKMhVh,QeGClwQk,13129,92004,55495,28764,73694,85417
UKspRJkA,YUzqlvsl,QSpThwmr,DMQHotQN,ElITPSVN,QodVItiF,15892,25547,6258,20169,59636,12887
NiwvbBCr,eXiijbsY,gIMshjpI,HjkMncMg,LhGicmfo,OswDlTrx,75564,93213,5179,21087,98497,58343
vOSyrWVS,HvaSqGVh,jjXGqoXy,WSVAPMDE,iidRwgiy,raUhmUEn,78528,47741,90366,39503,80941,99460
KMPJTiEX,eRznJACA,PcVWcZsN,mzorDnuD,wedZhGhA,giqZpHrd,6634,34242,11240,78130,7990,39391
PwtNlMrn,UvOQjPmB,UsXUWJmF,hIVYIoxI,ISrgbUyv,djFvjIRN,11917,46122,6508,73938,61425,49475
VAYnwhdO,eNKUBaRF,kNAtIneo,oXesimXs,WWDYSZUi,AQCSiiIy,67520,31658,8428,17115,38968,60117
iVSzHlLO,doxpyCda,jQawniwI,zURLnxnm,cxwStVRw,kELXWWBd,61542,67408,92406,12341,63312,85635
xOGvmXZZ,VjCSaBcI,PllbVGhb,wdrHciDU,HbzdMoTF,KXFbkqym,52811,29945,41183,85915,81875,20620
XOzdXbzm,CUDtmfst,aTxfLzfx,OjuolvEB,xDdNIiaw,lLYvDCmP,11145,65983,25608,82331,20317,70012
ODEwqMvb,boWNfEDU,QUmqmWtn,lXjgQVKn,mBUVcnuN,qheCFxCn,16300,95022,71442,91210,35772,26519
rirbPgqn,cwWFhmXL,aTRfissn,XrfrBxTs,ALiSDSMm,GVoXGviJ,24992,46675,24681,20885,64071,4904
FJhUSEju,YRsfcwwu,IxbATnxj,QPcuDNbm,zqUMpLqB,mRNgBZax,97559,30258,98486,21213,82875,45879
tcQqQSLr,BlXNKOqB,vjyWaCSg,bfFhfsMK,kMLVGyya,nxIcpDJK,72599,56879,96954,37186,16809,72053
beHRLeGk,CGsEkMOT,FRzxZplC,dmgslRuy,ofseEspK,GqanfHDd,22436,26894,85275,9234,57947,12816
dLEZwylt,xgzBdsMi,qhDjdnRT,ryxpUsKj,qXSCzswe,QpneDUnM,23113,4041,4509,51429,39234,54208
MrevCIdl,khTxQVhY,Whbaylwi,sSjmrzBH,OgnDZmCH,yYgzVMws,29832,57203,86014,55535,60972,9455
YHwEetMt,uNfljkKw,GAlFjBgz,nsFLvjKS,npythBrD,EQqTbxUu,36950,3001,7609,22138,72648,97358
SPTicelH,kinOSPUq,qPfBGUDs,nAQNoIbq,YpTvfLiC,JksSzHNS,27366,62583,94772,67215,74444,88731
MMpgDcCD,aEVBiuQt,XggYZbWB,ZwsoZsjI,FesVAeQa,GleslYhS,85618,56887,43370,49715,12557,57
yORjphRn,zhVtBXqw,opiywtSH,WclPirYG,LwWtmvNl,LFPibnIX,796,90783,45604,19144,11627,90722
oBAFwUvU,lmUKddqA,zZGDWBpo,gynCJpMx,SYXXrdlY,dTOTDzcd,89854,95119,32842,47072,75967,82088
TwYzfKco,scqRRIYi,vXoypIsd,DcmSMPwM,dSaavgju,xPywsdRH,97550,36636,95215,25550,60649,52489
VqrhWzzq,GEpFSEBi,RJlneHyi,tIQEncfm,ikVASvSc,YTartrAx,28542,95037,5418,57977,32233,82773
jJQpExuk,QInIcBSv,erxbSOeH,FYdljuKj,usTsaRqs,PeTbheco,91065,97202,69073,51290,10114,5046
OkDWuwIk,FlcXBZGA,bMqWbrEi,rbJDijgu,jrEeNzWr,utlCWLKN,37730,37318,88631,418,12804,47848
GZVmDaqQ,UORfaEnr,DTjarvcy,GCXDPdQH,qdOajIOT,pBgrzfQy,11583,73926,88944,15739,6847,16373
EIfDZejw,EiQasRtt,eSzYTMEj,gvbcVJaP,MRLQjKIC,cuFptIOA,37459,3301,84108,38766,7961,42904
InXMZmLh,zFhJqDcD,gVvDPQaK,QjGqoXzI,FkwqmTOb,hKuvpLZd,23087,22805,50278,41627,39700,46611
ycSNizJH,xINguXON,BBjGpWcH,sTxyRNCD,drccVTig,tYhqtqIR,66133,7994,23277,17086,71189,67079
BmLjHKWJ,BnwkbRKA,HsadsQBq,YNxfyLOx,aETzgaJk,nWIJpQfc,63841,20303,81320,88046,13002,28689
oWDompLa,sttsHdag,csxpZYpf,WMjRMlro,YsJzNOri,lVzzuhag,62532,78773,75121,73211,21052,36774
dCJtdZuA,eFJYEFlC,qawOqcXl,RDYIDFsg,xIcJXcZR,jWdOhSCq,7031,25000,49240,90893,17408,35875
RPUSELRK,tIHWeXpn,vCzPnabx,VjwsZgCb,NPwVihYC,WBuZndaP,92786,67452,84239,1246,65144,12230
jyTVjVAL,QcAfJOMd,ocVxYlgG,ChKRlKzJ,NpacMZhJ,YoUDFQWX,89588,58676,18911,99521,32974,89163
XqjndtcL,xMwlAFyH,xPnYQlxs,uICEjlng,jRhzkrNN,gwLAjRJV,7630,61329,20284,15308,85107,30634
SmxaTNby,rvylwPnF,OwojCweC,dtIMTpOc,gPBokFHN,adCVKtoN,76451,58610,10238,82670,54478,21768
gyGvicXg,rJwonWEW,AisEKjJx,qVcOANlj,WaCxruMS,puOBIxUR,26986,19118,43913,22169,9181,47262
unVniZlG,frOnzDYf,vBJWrVNI,BtwUyGTk,FMLmsAch,iGGeJhGG,56018,16046,95529,9987,32242,93298
qRVXICTd,UAPruCQQ,UVgVafwT,EnCPCkZD,EHOMNnIk,KcVJmpcH,93963,67381,81487,21311,15408,40844
eQxRdnDh,WwVVjSmL,DvPNyhnX,EBtoyRnK,WxAaJyCm,CEmEShNI,33242,82457,36734,60873,36230,21669
RJEUXnSA,EfyRSsgM,sSOsrqxu,EMknNIRo,PqYuuZrh,mzcwfjQN,61289,77821,88646,55423,55681,32851
mTUXnnqX,TwqkuMty,ARhHyswg,UnevbRxy,WPkFYhRO,JAOaQsjH,44064,95909,19077,22329,59304,32487
kbRbSDFx,jQhRgNuK,uCefNuSn,QFyPqzrf,sKtgRTRp,jovufgwx,40386,5908,94274,54575,6457,18394
FKVmEXwT,JakPJmvI,rqggpWKS,gxjtuiQo,TgmryKhg,kQIBoPGR,10218,18780,78813,98211,50725,7458
dGpgMcEF,cfMpWrwr,XBBEmDEy,PczBUaGE,mekItbVK,TprcCVVA,45538,52792,94309,52942,38340,85221
YGEojrLJ,IUTXHiiT,EhjMFmBB,FoqsjvCM,JKCXUIkr,VRCpzkyw,95100,55480,98176,75652,72427,17015
QlTodgfs,gfeSGYAR,jLfpEFBJ,KrVeSTUG,kglnbxWi,CnoTXJTX,19522,24902,20163,55994,4830,80261
HyJtiaRZ,yiwNjbEY,rreAZvtv,aFCzhAdQ,ioyzxxqe,ATxLdMJY,91027,90422,76069,83179,20343,67256
DEtBIAvg,jYWKmXOe,RtXrujwC,iMziJEjA,TWJHGnEP,YCoigApW,27222,6769,74292,87970,97451,79353
kFtThMyE,eUAyOFWh,BohOAOtd,AJKlUmwr,dzwLImxg,VGiuXqrk,45348,50082,85330,1330,21025,52790
gvkRPIvk,BfJtcvig,TtpSzWNB,MdeTvYkl,gQlMOPVl,uWQhHeWe,38372,61204,44138,76692,95214,66598
feCaIKSW,jUekUoPL,SURnLWwD,WQgUIRkY,KNQrQNDq,xEBXQhrS,55100,1322,72462,43905,67385,34008
aYQqFemQ,UEJQpLuN,eIuBKbQe,gBinxQyt,JctrwxJt,ZIfoGBCn,37835,13003,16013,55928,45147,34720
QUxNPEux,RzOwfXxZ,DhXbVCrf,jgUaUdrW,VzUhsHbM,hQyCHkmt,9982,90410,17163,18963,60508,76929
KzhPoTYT,ovXKMAIt,TPjtWZCd,XdsrjmUu,ouuYQanV,pVashakk,5705,67892,61453,76829,95094,98995
fULVLQZP,uuSPlADr,CuOxyLtW,LcPApAoo,xSlYjFKY,mABtUcOy,70841,172,18672,3341,50576,16646
PCuMRjjl,pnKLzRXA,cwWDNyXQ,VqeJDFuW,CFZOjaGH,FvAHzKBG,14515,63724,21842,46617,62424,89079
BKHzwOdV,LvAiXGcC,fzwXlrYQ,IgpWDkZC,AXlumESu,shwhmhAD,70855,20004,30227,42099,13351,94364
BBThHACg,LjsNBAXR,wVImTyrz,MSGwJzjw,pSZdYvVy,qkPtqXWv,18059,52373,4913,40900,47965,75349
pDYBrmCc,atnLujQq,XcwlZzrQ,psyJSaMW,skcJTZQy,HyKjeqRk,72909,44093,80842,20129,22880,95151
xsMdZSgN,fKeFMSRg,WRzSrmVx,HtTXrSoL,vHBuvaKy,TTcxsRtI,81319,69372,24128,325,14818,54664
IUAvPOjP,mzUSxINf,byqhhoOg,cYBLoGQv,UNSlNBgI,kVJhKbfL,95854,28375,90706,97950,62247,17843
uqxTujtf,zoSCoQQr,rkonJLZN,lDdIiJJI,vPxyYUZu,QytUkPsN,85240,48836,83437,20199,1373,69860
OjWxGuJG,jKMiteEw,CybzhWQN,xMTQHGqJ,PtUzzTPJ,qSUghjQE,2920,61913,6140,29087,42108,46632
xjupBkNz,tiLGzzYw,xnrDviJG,teYoNiuV,goEIsnam,DrCJeFrp,47970,78532,18378,81336,91517,3907
NmOISxTd,UIjOWKbB,GjfXRTrD,iIksZjJw,hskrFboM,VwrPmqba,19872,27596,16719,66594,89696,13496
jeFKtxld,LEWBlJAI,OUixQQTk,vuvbTLhk,DOwsWfHu,mMROiHmV,51303,60388,61039,51675,90401,5879
UEGPBcLf,oslvGjNz,LgTUXcew,BQKGndny,MSgsiluN,QBjoaKiG,81268,96627,11471,5904,53086,2107
SoWDQmLR,WpolTQYF,silCLfju,CXAZIhaX,fTYiwuKR,BOBwvhIH,73155,24297,2011,81053,85199,85041
BPSegnAE,aVitDvwt,DSeJdmNv,lahaoPBJ,gPaHSjAc,FRFuKOXN,35048,81502,28236,71700,10735,49121
zKGfxTal,TWnDNFWE,PyhSasKI,LaDDMWkK,UmqgJAbB,xFUZAAzi,22473,40380,17457,96497,70911,35637
GfOwRctv,ocsZRPEg,AwUXsgis,berIpysh,vtHWUEZR,DBbgOyra,91997,75330,34316,67675,9004,94040
xSDBNadm,hlFZONQh,tCvJZbJd,JCKkXjBH,IkdwmqrJ,vMpybRCG,34590,50383,35548,68594,1852,69777
mcXaVaIW,nVUNleLC,SCvHgZFA,nnsfZDWM,leatANaN,BLGeellG,42163,39511,55328,56224,99957,65483
KPGLlKTA,WbhLLWxf,OyOOxsws,QeIiNOGR,ATYcMPvM,dxVQNCPY,17744,72304,48351,27061,73054,96927
EmotGmqP,lnaDZSMh,zwhxrtOA,HqRVkpAp,WSDInokE,DudOnMQM,93429,63199,51957,56253,98833,7628
BrBhuuvm,mcIcVuzL,KzYbIoaq,IIJIWHhb,VeMwevUZ,WEyZlJqq,78211,5101,72663,23074,49731,49796
hbCNruJo,NcuoCmvS,NDsymIgU,DWOGigvT,eoJlcgby,OSDmGlFo,37116,80578,14793,65650,41325,78614
CRiCOZOC,ENOabEsn,fbxyuIbl,viWIaULE,uRJXXkBf,WrADzqYJ,51372,69887,96282,83293,69260,66075
LjoBBtKP,ngeReyIB,EbgqJSGT,sUjOGVap,fuakLynG,AxkvXYCc,9888,20542,66592,80692,80544,46059
ucCEGVUO,iefuRvCL,kGBlPLMF,IVlNEdak,kLSBfMSL,VdjRJDEc,96893,53884,62553,25592,79139,52452
jyfbECUC,qrpUcBYd,cwdXDrJz,RGIDQKDp,YtvdOFiI,yADkUYiR,12120,11791,76848,98980,3129,87490
EnZozeyx,ikSnBGxG,uxeIJKys,vpvdFyGt,nAtzqzAd,rgDznEsd,68172,58447,6511,65276,35175,67447
PwgUuKfH,HNRBOUkk,mSatFDAE,EAGsWaOK,JDTHsnma,ETNwzImS,26732,8128,6241,67800,67777,27646
jYIZddbd,afHhcpKM,ejWBHkPY,uEOiAzhF,BjEUMLWo,zEuHcYHI,3535,84261,60996,35315,26436,13218
WiNMEFVQ,OvdFIyGh,vJRKluiv,mJbcykfO,dgRzzKmc,qedHrfmT,31749,5098,13003,99500,37225,99488
ZvaNtbHf,sLMgECwJ,NyOXNdfz,dOSdtJgR,xoehMbtj,SglKiRNA,72867,75222,12497,98519,65261,57339
PJuhbEdC,RrYLIzSP,uQPlwjHV,SJcTqZMA,iJdDDcJi,auSAnoif,77864,15751,55116,98099,51791,95867
QuYJhfLn,JyRyyqny,ePvLbICN,HumTHOcw,VzgkRUIy,zVoWTSIa,8869,82228,21793,85017,10990,83282
iPIzfsPY,lhnMBabG,RIYVocli,EdhGrwsk,WMJtveRs,ZIFhdpBT,32053,15030,28078,25961,35590,36296
VslXBrIH,mKfFuTdS,TsvHDZJF,LPSYSMJC,zHAzMVfw,mhsKgXdv,65875,41929,50641,63840,18037,11657
GfwzTPTh,YOpgZJlM,sDLroVSo,UYpKIbaf,PAmNArqP,eHClOROi,14855,13992,28985,91686,73998,59190
AIKIIqxd,UslFLCpE,pHHlqTAF,RXMaPLUX,BfWoJwJR,ikoPgxML,73141,3421,90107,22432,20273,84437
CTmxSyyH,rjBpIyAx,PBBHHMMK,jpHgVmrp,GWevkYdt,nJxWXysu,28299,44253,18635,48490,71449,87794
FsrriiKb,SfEIypFS,DSPLRBOs,nxvcYfsb,FMnJpePy,VuUhDQzA,58286,95479,93063,73013,67529,66495
eMZxWyTq,iyUugluQ,qPpaxyaF,KNjERBYC,VtphQmaM,MjpXfMxf,66,97478,59433,35423,87986,62472
ZwRAfppC,LLNSmNAf,WiJpeJpW,CDMaAYvh,JOosAbax,jOIuLrCU,56940,35979,45904,20946,36554,95880
DXbkIwaI,pIWlqypt,UoMtfLaf,wklbRChZ,vThMOjXq,zsxFhzuG,3511,18125,13736,71896,8592,22698
kNuDQEVl,KeREFBpL,FbeIDhQD,oTeiBHwP,DmBUfbbp,egWOGQHM,9316,1239,8548,56906,40842,7829
pTfWNdzJ,LixKtNsb,UCmKxqTz,ncHKOwbH,stYEZYOL,KKGCMlMc,96342,92521,60225,24768,93557,82362
qpufaEEH,vpkAlTQi,JaZTMYFS,IGDxuQLl,IdNsNEhR,zPUgXcts,61529,63311,42743,84365,9477,4276
vghzLDDj,QiCoNzHz,HMaTVuFt,sKMYnhYL,QKXhRXBd,JotRmTmk,17951,14052,19553,60728,25632,18217
XjmXXPVB,zsDIPYjW,iqlmywRd,IvVVQTkh,CeukFhSA,TexBTwIT,18967,57366,74588,67943,63990,30163
ufxQLQQY,aVaAMatX,PDHWFvSi,epQAtJRM,fpmGzpQS,RLPoWepG,4993,52174,65673,34426,45972,60958
rTeHGUYm,LGVBZFYj,wjfzYuvK,PzBlhztm,sRApIhHI,LrEqQcAD,13331,12706,96744,78558,8388,28514
fTzfvZBY,gHVXTweG,yuhXXxKK,bepMzYmd,ZtVYDvzr,RnQvDCal,69823,75286,61361,72437,33198,3523
ZgqJfJnb,YEhoWfUu,CPZnpoFG,EGNaFpWN,PdNDjWUu,bbJaaesa,24346,41892,1297,61071,58374,31356
IvHyycrz,tENzQdrS,LxwQDVib,IwtLqhvK,tzlyceAx,VtBoZhrk,94081,45269,46756,22554,48198,79363
kpNBPCTH,YPLGjuFe,uzwcCjmk,qkHasWgA,GujlqqGJ,MsLAhxok,18582,60015,62386,59266,57048,38835
CMzzmCqk,IfMlwIsj,rxyuEUmd,dsmgvjqN,DXGJDFzE,onydsHGQ,6939,44610,70349,72815,24643,45702
hVYqDbur,zXWsmqwQ,NcyBXUXI,eaiRDWuI,UXUERDlW,GCjofBke,93398,38932,65095,13047,61694,63230
kpkNCwRu,OCnvqwKx,CojbvTBp,YMAAPouO,ziPhyxBu,jkwttCNO,40945,49345,90304,98042,50758,73702
HXyhOjEI,PqVJgMqw,PvfomiyE,XnIrEkrv,tvNujofW,kVvLnPLo,30918,73918,70748,93583,35429,52692
VyhkIbwx,plrqhMnN,LlttuMZi,vBcIceBG,Ahbtczqg,dipalUZT,44497,35987,9571,54127,6077,8494
BWdmAgIq,kbktKTUZ,oYVYgnJO,PrzTKuIK,fWLpQJyI,uJRcUWBu,55437,18666,64787,44400,38794,65957
ybyzROtm,ImXFWZYh,syLOgPGf,qSJsgnbc,WQAqqBqb,dJLgeSIa,84495,87414,38690,62553,12799,85700
iAltgcPu,DyOXhIBH,lbxFXfTs,ONKCmrYf,bgntgasn,uNuYZTYF,8514,43641,54263,88058,99555,76254
HexaHAGi,IfQihhvS,QdbXcljs,uHbsvMaz,MzRanevH,oIXqYjOD,82649,57686,67642,36199,49029,64422
EnVnFZQP,nrTMUgNC,rWQSyIDz,BIvsHRrV,NDZGJCLZ,JchdCbVu,43501,45716,76396,66676,23780,47005
SaLpdPEd,nrRbacMS,ieSfHKCR,yNhqqAeS,iNaeAPwg,QnRadnfx,99321,53039,35554,92136,53204,85714
MetNbwso,xztznBkN,atYwwqiP,VsSUFsVA,QWfuNCBF,TwGZcyKG,7392,56745,47426,21814,18681,6986
xWGWGgdC,TIuJFeeh,cSZkvRMs,maCpFBJD,FHWqLoiz,QQZOJJUm,63148,78080,12360,33632,80358,25060
dFePLUpL,KxmXAhbE,NlgkyBhS,OFolfDJb,apyKgbdA,swwTFtqQ,65182,24919,53049,30295,53066,82654
saTcOjDa,BwbaWpZC,HMfqWJUw,DdzyMcfx,UquoflSH,RIiqUQNQ,50308,3724,2031,48557,66136,82221
KyFtvUxj,ANiwtjin,MryDiJfQ,ikYVCnTv,NFoEyuyA,lKWORVDi,6488,32152,23055,98201,50842,87842
jfABlMIN,tfnbXgeV,wbgKybim,DBmqmZsx,TiShhBbB,UclCZSGH,45781,12162,26466,83369,94649,91079
GNwxZwHC,hVxGQFAE,LqIdCqEQ,tSDWTLAR,ZhjuKXlp,jDFyTGFf,57285,73596,61863,28926,58299,5869
wtNtBTPB,oaXZdZyQ,fbGOwGba,GOeGvdqa,neYAsIfH,alspBYTj,49170,13655,41429,95085,48407,16728
ueFdThyE,SeVZxMHI,orAJwvIP,zGQEpVQZ,WtbUVCvK,IcLITpNX,87230,64452,1992,41029,82353,6975
QWAqXlDb,ilVZokGd,JZDUqxvV,qbQDenWJ,LbcMpapa,IEbiMVDq,12943,51302,99242,5901,69474,73657
aDeyBMnO,rorkHHQE,JPSeQDEU,iRnxSNjE,jNShdihI,OxYCOtkg,25764,24861,61558,88532,97978,76889
pOUOJsvM,aSHkuPIQ,hBzzCFia,XyProhCl,nBYvyTYy,LQSpDGDw,14547,80221,34588,46970,38326,18837
gVdOphfU,PeAnbHHa,VuskRSVo,GGcgtILn,lvsfoLEk,XoYWnfKJ,48052,84546,93630,81454,33737,24644
EiyDPMiL,gJOBHlJC,mRpYXVth,yproHwqP,qIuUyuqZ,NZklIisy,36507,46399,86637,97704,5798,16580
uyilkxcU,AtbpRLwA,tJfDEUvH,jCUNvtKq,zxXZHPev,QQZZQeYO,51650,47444,88023,76666,88663,4206
WBbfLbKz,GRRBrAxb,lKoXLnoN,LYZBNyuF,xwaukkcV,XSOvFXDX,63060,79567,21655,29823,94150,18478
cmzPADdt,vDnBNqRh,PyFejWEP,UZZFtZLz,lnXIRmFU,cLuibgnr,56321,17367,69335,22404,60176,89163
VZhzBcLl,FdKGVgbP,QHrmWKrf,qnFpypIM,TOTETnyZ,ioKttPsz,38705,645,3229,81829,99994,48603
dGNLRKOP,kPexuaKz,VrqWQbdM,QtjMJolD,OZJDxXYj,gTBhoSuJ,17443,9718,47364,49611,44431,20920
ZyHDBlbb,rGiHpBAN,vMoAOrkg,PbqjXWYI,djSBYtXB,EBoFUfSa,4413,42924,14880,20707,12105,50380
KeXrCimQ,oKwxCvJQ,VsuhgFpF,vQgTWTik,UBuZFCgi,CjYQjwwa,56388,99068,3886,79038,4729,86508
GwqotUxs,NOhLfBJM,FjzdtjQu,BIQZGkAr,JfMGbbgY,VlFVbcOy,9939,33642,73146,39653,8589,67748
lLeIHDok,fgaJxzfP,XRPXFsZJ,pnRTscmI,ZKUcTTPm,rgfztdaQ,86468,58213,29890,98214,58567,95877
bfGrEoRU,mBVugRdW,kvFSPyYw,xcbejgHd,RvaTgYZd,CcuuAVCU,15503,39065,99602,80651,1788,95944
QrMBVvmb,zwsTjcLY,JHMqAaEH,FnTDbOdq,wAUTOunj,THazddlw,79195,78911,61729,60667,68017,98963
PstXwEQj,xTIlrYYs,FDvNestp,ePzHUDee,PJPUfkMP,mNFDjmcl,16538,57016,42693,14043,94660,19338
RJcGepmE,wtbVkNkF,YYXwYkWf,VznTdrhk,OqneRopL,occCSoBR,14089,89617,21055,36255,34941,48741
OOLsepxO,gqyfhUqd,bnPoEjSj,AlbQfEGU,OURkZtcc,eIjWYmQa,63296,84596,34888,46725,59228,38863
PkkhiIvD,rhMjUlDW,HYNGJWaF,HjApqbNa,clgkKUvm,avQzZCIM,72849,58835,4277,28366,9133,71902
hMRtMTCW,GhYjGLNs,jyujUqqm,ylZkbwbU,IpvclkQa,QVDJdnYm,74685,24735,84125,76336,13887,70812
yMFBnkzj,JEYuiXUI,NdvgqOQK,tAIbnLYe,euXFspSk,rndyVJWw,56155,36402,38409,74582,67362,14154
RUbDISwt,oZmYjiBw,NxLXjPQU,fdTXRBxC,EmyVKoEN,IKwdGSLL,49863,19572,88242,80700,22979,60729
EOHUsSqG,SvwJKKES,ilefPjlB,RacRYxJk,exsYYWsV,cnxRTRSV,38201,68984,44567,7620,49160,81491
lDwgjcBy,mYcMksGP,TUJxBxEz,OEVYgbsd,tLVcieXa,lykBUELg,50922,67168,83584,72987,89508,71099
dtKqnIee,AoVpGdZF,rlKArYeF,JPILxkSf,xxmWfHxo,sXJVOyTZ,26063,41600,85147,30106,74733,41498
XDyLiVJj,eoXVUZfI,tfPsJrUT,RWNekvKA,rFAjGUUv,ixFPiKcz,12867,56000,8154,34727,74914,50510
YXEQAilA,pLPxrAHS,VdmEbfAa,SsQLnUGI,YCbsXgka,mkKadGZR,8247,68063,80361,31390,2411,25542
xHWIgeBx,YniRjblh,EJqRzyRX,axcLuHeB,SCzaEqeY,XURMeRlO,47832,1767,92610,6967,53149,43714
ZRRwBzYO,SIYtcOoT,WWGHGLFa,ciuETwDe,DlbLqCfN,AfwgkLwX,76778,57565,32887,90652,17827,22547
qZVQFYJn,baREQTjQ,IIFjFHoz,TRhblHgQ,EosenIkG,ojMKsgGx,21814,96124,59319,79109,20983,37208
FHOxtqpv,lxijfuFy,zntMHwSU,mOGlIHNv,gfSqGMGv,FXWdWAdO,84939,56025,2178,69191,42548,49499
hBcWUxYT,iANiKsGI,QkgImjeq,QawfzoWX,jPzLDNlR,MSwbaaak,81489,9418,94136,79694,79272,74281
IUNakxhz,DlfcIfGS,JxHiYvsJ,wysTrfzG,QMSJCOoQ,LFnkoiKq,80482,62611,74342,89814,21918,47888
KFyUZGNl,MSHzcRLG,OPFgbKkW,KSApIuVZ,oEKOWzwQ,acWnJpYF,27457,99473,8659,41332,64724,55748
aeVAjktW,FENsVXWC,XqCwKlTr,vuhrttlm,zugEzIZJ,AoOBjrFX,40595,36309,8360,43175,71536,92139
HikcRKHA,GnsbJePg,PnEJcIbF,DVWDZjID,nqFLNwNn,MxJlGSHi,42422,55734,95320,2371,76257,29174
NsyqAsXl,zQevBBNB,torPTNcS,hhGcJjOO,gJvNaDfb,mziqAUmJ,84250,4575,77670,60105,90754,11244
sWeVzGuz,TGnsBCMj,sCaThfhg,FRGpCbnL,VijUuGbF,BEAKNsZN,50918,22250,90588,74808,75040,63699
CiahUxuS,pRLkTMRM,JjgNFLQd,tehGAeve,TFUuupAl,sivEdIfs,42982,19501,31869,41957,52100,92046
YaLCfBeP,biHgXQqv,FgyvSVtj,vGrPoeIS,ZLaoFnwN,cQbpOBWO,80886,53071,58968,19905,94555,15467
LFDVZreT,pAVTEdxi,hvjQIxQI,iKgsGJcR,rYzbPDvz,cKvejJso,60358,99802,66658,7399,59763,68565
MHzvKUpE,bhiSzVAJ,oVctRpni,FDBPKdcD,QvfkZAee,vjbJePXr,24972,10319,45656,58651,36051,75369
RuphMlqR,dPKIZTKN,lGhwSFKa,MUnkkPjM,MMFZAdPe,eTUxzHku,11273,20963,68511,34024,1566,83550
bKThYMUj,mjrxLFOX,jLVrtqOy,cDwInuXK,jloJPtkK,GgButMwm,98435,8347,51008,96251,17932,43106
EdNrkmjN,xAmyiRVk,UrDUNrOQ,BezUkmGP,CvPgDSih,yHpfEbSp,14563,59017,79660,39884,77842,96206
fijJvQMA,GZmKalDM,YePZPsGJ,SeKEmXmk,kYODoKub,gOdyQwBA,43857,9010,2583,68158,22514,43294
hQxdSsrQ,jqBIObIf,VAoYQkXI,OBMKJIpn,ChvCbYEC,hjYuQwOL,89259,61487,44407,46318,25834,60793
IRLafdpN,CnLECkoR,UdqYrcQA,tHZrWUov,WmTczJji,NSbxJcZn,4641,71836,85565,3034,78344,3335
llikVUTx,JAPcZwot,WUTsTCwB,lzhUlozf,YLTbNLtQ,JbOqXVza,38493,61056,91012,52896,16683,14172
HiEHKFRR,rFYKsPDO,fhaIZVHE,kOGeMzmz,OpflnKTs,JwOMAYLn,57108,85367,43525,93405,60615,473
jZaYpSXd,kaTpTdhX,WZSHrJdA,SGvGKjzF,ZGAGKate,RhZDBsCC,54165,34842,66607,23650,95203,23230
bcXkXDpX,DLiuCQdJ,KkQHWNXj,IuFSDYOz,vuurZfbe,RPsZIJSA,7043,7230,57620,87264,54062,98925
XxbRkniy,LjyRxbQO,SqqEGcff,hCIclTfh,xQmIRMAm,hnqgnRwC,43596,62837,24272,33068,38928,34727
hqknMLgu,wGehXEAh,TXSGVOfQ,UlqAEOIm,nshtPGmI,BVyoJpcL,98284,91843,99318,91544,91669,36229
BwCwotqD,pCaOyfNx,qyxAkvDp,qXWizorx,IgfkudmL,sNrrsBjj,43822,60550,12646,56280,56374,45455
NTJFmviH,YsOjAgit,BghYULaO,FdIowhDk,tcRgZlYf,LnUELnUJ,23367,64334,24128,16298,81925,80110
YkCidgDX,wBmuRkOa,ujQMWILL,ERqcLzzz,okbCWYtz,XCOzlqAu,55059,79973,51556,92983,89527,54544
bFqaVrQV,LkHzFaTj,ilboBBqP,LRcPZpdI,QfVFBOLM,OVStHflb,1681,39144,3381,54857,88003,59894
iryhIlas,NyIIKvBV,JSjvYweL,PgmEaPXr,IZweRZDT,REiJulwU,6924,68487,57417,27500,1126,29231
JXgpimZr,dqIosZUs,mISaQvlv,QKGvtiyt,PgKgqEMj,fSpIjcmz,7194,73663,74454,14101,65442,93053
AWgdcfqP,EiBwACKS,ZLjehuXM,ZzSbKeSv,AxWiYplO,eaiIJWuA,85999,4353,12582,87735,96738,56596
sfEcIMQw,aOEoSwaJ,mtezcUQg,ZYVVWdSl,oZVwbYcV,jxhTJTbB,23408,227,5099,5346,48462,53105
acNLyKSI,titNtZmq,HTkgHhaF,figeLooN,NwJphmpU,LfwNWAeG,52179,50312,50364,15827,82874,74349
yBYZJulK,CJprpWEP,wfMEbCNr,nPlSbdtM,mlHTQGcK,UpqMyaQb,82919,12603,39204,48621,70766,86865
tZHulSmG,zspuNWCL,hhwEOLxG,ynRKbJsk,jHxxuSPH,FwphisTh,45004,21659,46795,58088,16953,90346
QfERIYhT,DlqKHViT,SaGKXQiI,lLqygHJa,GLuogSHX,nelmgcnX,4694,70791,40358,8571,83763,39990
rTAeqkxM,YRdnALNz,NfmArkfO,yHKEyCEj,RbAVYSKq,TcirWwCz,76814,33545,68961,89997,76067,80542
tOeRbmzu,PGpPUUkF,RrUWNmAO,FVqDFvFU,bWVJnLXg,LTCezoAK,90147,79402,74631,20256,8217,29780
fCOHFgAs,bETxVumh,dkbcAjhZ,QFUBaKBP,wTvNRxuT,OolULvAk,86815,13366,61732,14157,92593,46716
JpHCPAEn,LwlBeKPO,divcbJLo,yvZSOcuc,icoCPLga,XHfkcNiG,60113,84276,45909,33020,42145,88834
GClFPrwj,VyCAueNJ,ZIGLqxPB,CWeDCLBz,rlQvAjFb,VPMErXRv,17725,5402,1939,87683,62447,57608
PSEvdmLa,WXhqYnLE,pNQwwSee,KXiGcKti,ZZRSERbh,pGCJrice,74819,94982,26561,15860,40443,17300
trqqPKtI,HGEAdkwr,eoAwCGYP,IqZNgMei,VRqLajLX,tEWrVLDI,94293,65542,84201,83621,69625,41097
IGgHKWRt,HKqFzcmG,qwsxaTCI,tImNKoos,GilYBhji,gzlcaXYN,71515,57701,9934,34916,86435,53221
xvouIecp,Rjsnlnln,GeQNMSdz,PBYXNuPC,yfbtYvXx,WwISzzas,3645,9263,24474,40541,84534,83182
BjxIUSDB,AwgmFirH,mfKUVTiB,UUsucZJw,HvnMneqC,gKrOftTo,18498,78318,18379,63546,23614,75533
YpoNxFjf,VfszELnf,uVuaBkej,XqCHHXID,kOTVAMNJ,RcbROnKt,57826,57270,99059,48564,6297,41734
oikXgFHH,OKFFhwQe,fdOeJMLp,riNooYBl,pmAtsTMc,XBiUPEya,38040,99465,96575,97390,44280,64053
bwrBZKRR,xhtwOGYi,mhiMNNvu,NOdGnjMq,ubersWWv,aNrkpoCk,51252,39612,86958,2860,59329,37350
dCMVlssZ,eGgKrLfK,pJriWWuk,UdTneMIQ,IGBOytVP,lkKsTJzK,90062,84169,5467,48437,31190,44811
oXqvGJCU,IdiwDvQY,hfKtfDIw,xeDseATd,ivjVerAP,rPYUHUXr,53289,3846,23166,22616,94428,35740
LpmBGAYg,sUthFrvh,ALCgNVqx,mIJyJJnF,VtHyYcTx,ffyjFpdn,86877,92052,79053,25234,17183,29568
TdCKIsfW,yLkYaMPk,mYuRPSzI,dquFBBgB,DBwzGmHt,MsqXIHuk,72761,12823,3881,70369,39863,39451
OcEeUREk,ZerDoZKO,GnICgKsI,xRqkIwOy,iaOJLDJg,BfGSJgip,16252,54019,69497,67388,87075,33933
BbdBfVjs,oUtNYTXN,rBlWzxPf,wGFcKaeE,pNbMGtJK,UBgiQcMX,47978,4735,50262,68330,58137,68224
eohGZPwa,ohPBhZtB,CDYpKuBO,NemzguNB,soTVzvEC,YMWhetPl,18029,62006,52461,84488,43453,36258
xNOcwjVK,hGLWhXPm,FKuxHSMC,NoSgbfZT,BVORlJKS,bRfVXbSo,21980,9230,53532,68448,7457,64226
JEFVbVxk,ZSJERCGV,SiRFqqQO,KVAoxWxp,tYcZXkKq,tophIJxD,96293,5929,43414,14217,83879,93714
IMDcnopt,gpWOOiAE,LRGZBVIK,LowlNOHQ,ZnXVgRmD,mlJkYRrM,28600,14070,84643,79843,98674,34616
vDHRuuOJ,MPVMNFai,VXDBEcAT,cdkkWezt,ZMULzrRh,vRRRdwog,36905,67004,443,98907,53391,25625
SmjIaYOK,bOfyalof,NOKCCJax,RSORWorb,jMVsoJia,bqlGPrHo,94830,36686,62079,37317,14557,53889
jPTfdUSW,zLfgeMwO,vTmgyiwY,uwVeSJlf,GkLzazMY,QHcpGbTL,35910,64901,4951,44638,53402,82899
nsuVlWmP,JCLyitkm,kopnbHJL,YuBqRHbY,uwuqFfxa,JYoMShgo,1243,32564,82686,47502,98074,52485
OmBHmzyd,ukmgvHyZ,JXDXvExz,SnpMbVrC,LmNebarB,Dxvrczks,75196,48674,76810,31509,62697,62556
KMjxsdpA,rgziHbxp,KqCJVmqI,ukhAWLuH,GtvnSQGC,grrJoXYV,29907,715,6747,70298,87666,84798
eotagaBG,eQnZIXQD,hhmtZhQt,JsVgaFGO,lfSYRlJJ,jHEosctF,48234,60870,1117,38018,9133,7547
nHogftxZ,xRLqjkHP,EuiwuZOF,rNACFOOv,GzwGgnUJ,hVLxMTxt,60901,36674,40702,66571,69310,91199
LjroezEE,vZRdhgjO,WMvxkfpe,aGzIbWpG,jvlvYAlF,EFcumpZr,86849,10673,9740,19327,67704,81767
MKKTLIzU,AGbJDKgx,kFCWTYxJ,gSTmXVrp,LOlSRkXs,nkaWiaLz,98414,95005,45339,70713,87348,67583
GicajpWi,LwIUrMhL,kIEYpwUV,oEyfKsFh,LsckdozL,AcbuBEvb,66646,73456,72821,53369,77767,44880
BziRwRqu,OlhDAsEJ,ubcLKukG,GISrlBLS,aeahrKhc,LOlCbTHC,11291,51260,36596,97866,15807,62644
UYKDQjqP,iHEbkwwC,FoGQhKcz,CehJRUKR,youkbNQZ,kelOFrFF,16780,20899,77859,17255,12098,3842
rHoSpdpi,CKnyOoNY,ATVmWIqg,tbQdyuyv,SePKReNz,HtPIahmI,66585,6836,34969,93779,18131,50661
ONRcMewj,NjbFGmdt,BAtfbYAQ,OlvJLUFd,shaLenmW,FKynKAjB,56118,63442,10344,13929,81156,53074
bHXQSeIj,QyMadvbk,eoovDhpV,XirErZmG,cfAjWzHK,qiIKjVxy,35862,46688,55693,1074,70150,28077
NCkeKxDA,opNDOwxE,tWnMpvdm,jSDdncTE,whzLPIqw,ZweenHzO,82174,92055,77970,98987,38141,5496
tnOfISII,UyFJrGtY,vdoQBRky,viCOjaDi,tqUchxhg,agETFTzc,83072,89519,13799,39633,38646,10835
BXZaKBkE,HpZCwRmd,XWqQLKuM,GwhrbqiU,UjLEcrYl,cvQiuNrh,17787,22134,87822,72461,76388,72160
TSbLKGUp,xnGXhuwW,FalEGwuM,cvNDjUWu,ojWjtspU,jsrWbWfa,60961,6276,11071,84175,65203,14108
RjGPOWGX,ZIuHhBtY,bQOOhgEj,qiCbdcsR,aoUBiDBC,mnqodpRV,88310,82926,26345,80890,46519,39499
oevDNmTa,jTGUygxH,tgsloAZf,jQoJdSXL,TWEokreQ,sHfJslYW,92865,9343,8751,3907,93770,3244
WVUXjqFU,UoUZFXUb,ovegcEzy,xQqhBGsS,rmqaFgBp,AybayHOQ,69466,90670,4122,97380,57732,13770
zvFNARHL,lCAtXbJL,iazdqNTh,yJecLiZS,PoWMENPt,gnjxfVut,4577,93902,15911,74190,57287,55555
AsIhZgaX,myHZtnTf,OOnVYTHD,gfpTjeKx,OBwRdoRW,EgTObxjt,80328,5180,44508,11788,37265,69433
nZzLTMfG,CSzBXojl,PHEtmCHO,XuehUKSk,yFXhJofA,ywZFXDVF,32041,96312,81277,57624,89473,70067
NSShktGV,FeGIAlQV,udEchxuv,ecVfLomH,NRMcysUa,QnTDSFYy,65998,12985,96458,6460,65259,2593
JqBuZHiD,mcEltJcJ,SgEaaWWV,sfubbAAL,tzqvKAUQ,oWVJfXDV,84244,62189,52591,59071,91441,27922
IaLXmhzF,IGrvFvtI,XHNoVKuD,UjMPFOzx,dxdSjCEW,AMFChXlt,70322,60137,66010,17508,53852,20041
iUDRsvOr,LxNCfgOq,HXxlHqqS,WarhyTxc,kuqvwDBe,nOYmxldl,58149,77975,34275,56196,65573,96411
ZcoiLTvN,rOhMBGGy,NbrPaHOE,erzuUsbe,KDYXnyao,JbdMaHXt,56222,5189,7810,66292,9549,66776
mLqzRoHQ,RZLhikNp,ZQtpigjV,UHGauuWI,pLNnbpAt,udPwzYhr,82260,96007,22396,35513,72759,84498
fSBBorAg,eKvZfajT,iXovOKTk,dKmylwUK,ygZuRAOp,LOaHCywz,62980,94580,26953,13027,92114,1059
wQzhzZfn,CTuLLLcf,CRbpfcUg,vHyPRKhg,hrhQzdOC,QBvZjFMT,23342,52748,10404,89448,5829,39725
DUFwVrqI,zpIOJTMM,CxWfDAKg,hffQhESu,yqkZFCCM,SJErsOke,41012,89812,3139,47186,36208,98645
OKATjdeW,ctBlwsDD,xKatJmYp,ngDMQooV,TrffREjJ,abtqldDj,82476,73830,9519,3915,63417,31737
pftKAUVI,EgdZKoRL,afVTIAtI,tkDPmaXr,HvnXwEBh,txQyVNHy,74749,90185,52395,57294,44530,90966
lXrQCQBI,zcIEOvED,vLQqJbdB,cyemEPhr,jrlgScpu,HKeUZITY,54669,79490,7182,7785,37017,48612
DjVNiTDc,DByifojJ,YXAmwFyY,OpMQImZr,mfzsXfGg,JaoYpshx,52794,33526,55878,61154,64815,71189
tRatUxgs,ZqFqXlfV,ikIUNPiC,FbhkZBbV,BfdlRTGH,kSjaHHJx,23624,60401,77972,26786,32647,83587
EECczNCT,rljzHZYG,GvjMDOaw,nfbwYNSV,hPQXlPQB,sJeaeLVS,70130,52377,14108,71518,85287,99704
TuddyjiJ,wMRGacZo,jOIDlnfp,ymsfFSCI,pkomuRqM,ikjTCldL,75525,88685,2260,14921,18984,95396
iKHOqATK,RGLbtCRu,FDEzHztx,mztxQpsr,KeQvxvvg,yvVSiNgM,98201,50817,7264,23357,35805,91373
ltujXPqc,OxHZIUjs,XpLMTBeD,FnHKjZaG,fFdmnYmJ,JyHfyXdH,15651,23939,48517,85130,17940,90108
MEnOjBtV,rxXsSllu,QqZPZjHt,POwEcgNO,JaQOEKiR,CjmiCwpb,5507,77546,18307,23455,75250,88089
WRjQkINM,LcvjIqdb,tKtmwwjv,baDlmTif,zXgzsrxR,OhVSuRFa,61485,9632,48487,4191,68934,47033
XLVzvzHF,ihJZJrTk,jTTwFkeZ,aNbGetok,BAVajklx,KQxmlEPi,5785,27530,51351,28884,76469,36865
DuimSNRN,cHdozAyU,fvSqCAlq,UkMxnrrI,CqLIrDxE,stYDIJsD,23136,80685,84245,11016,50767,3872
qMFReFYn,RXQctIcm,YDYCsVIs,eyemSqyl,xPDXCxuM,ixBxxaaN,16571,70508,8633,35483,765,85864
yEEMjCpG,NysvoFYe,SDcMLNfw,ZgAzOHOI,ealwhwfH,WXYDDldJ,27703,31594,67483,80892,70279,88846
VcxdJlLb,tamahtJS,cHglPKeI,oDFKbaOW,DlONVjZN,haDzEAaC,80100,59393,87737,75219,28253,62482
kcaLxRLY,tiTPNdLI,pbDbpPvE,fQfeYvSr,xCkUMlkL,uQDfmvgC,27258,83379,46453,40708,46955,49671
LfQzcTqb,PswwKqXI,axqpJcUg,MDejdZir,EcqrBdKN,PrDbyygt,32828,88059,90847,24720,26775,56664
HzfufZKR,cnJFqxZL,dUrLLSdV,iROoBTOb,bIhzKyVw,yFkTJVEb,44793,89928,52096,29011,81863,85378
yNlxMLUG,dcOJycdl,NGKRhzPb,SGMGijfi,fQUVCMtK,wblnuyJM,74236,86459,24466,164,33174,69006
sKevCfjB,BsmYDdMD,vXiPhYae,HyKumnNC,XHpOivIl,yHBNLtcQ,35116,8454,63030,38452,59514,62351
ywKtawZR,tAiSwxrw,wgBtpTel,WqknePRs,szINXEBP,xIrTecnj,3602,18526,39087,95841,22243,39712
WhrvnnWj,BOErSJDd,UWnOviIy,bqXwmKkF,GUcrnKYl,xyDSbDAm,28791,81630,80728,86560,99281,21536
bIxnjsQh,PewiVfgv,kcHmDUQF,zPnocNsX,VrxyPgjo,OdpKawHm,72929,42055,37850,60479,93184,65167
MphlLaPe,FHpKcwLG,anJSaZYl,wCkbQvVR,rKHLDMsk,nODWrWug,7220,23880,95879,72295,10163,49756
ODMSPXmz,dHzMIflv,Kvzcoxeh,OiojEYdi,OdJFilZQ,EXgmwWcq,39875,96648,99270,32390,43139,11265
uqmwTjeW,xyLBrLSJ,XPuIkPuR,SqVJmIOJ,YsnMNSAY,iZqfGdaG,66637,53208,50121,17909,87989,71125
zvOWpNGQ,JrYQflWA,JCHROBIL,EdBRjVsO,SvtgMQwI,eeSQYxtF,15713,21703,3040,46119,94026,35908
FUfcdRUS,CORqdbph,EuRGUvOy,WgbcvuPU,KgxWgdte,SecufQIA,15482,94764,11863,55654,81857,94676
bahkhHYP,VYDQrPxE,JteEQckz,TInOoSVS,zlDJkZRc,qAeQrmIi,93889,92777,87273,68039,43712,30303
aJzGeHeo,MOzkwZiF,JUHLQEJE,hQJKNFQF,LypgrcUM,zglIttfX,11085,30055,48703,95908,75740,52063
YTRKaqpG,YBqaYJaO,AdjxlMWj,dvwBdCur,OwbVZCyD,GmmZNRyZ,99466,75116,52876,57500,86181,43158
xXpdAfVt,ZKgHntyK,buPlNjxn,DOmDWelG,CWoZJGCp,mrYbrCQS,27302,70161,30226,4170,84671,33319
gevDDDBH,aYDfIDME,PJdTFidd,SsYVOcLZ,GGaTgOiY,CFWNOeVS,36796,49529,61987,90811,16676,20174
KCePZYJP,iBUTzlAt,dRShjwhi,fLbzKpIC,AZOuaIHi,lHeqfBjK,6226,47834,85055,99331,59268,37205
KzuwSqoK,SNorqyEP,adncQHDx,WYELxMYR,bmJmafll,jvQaHRfR,90733,31378,3002,87748,37682,6553
MmFpSgNV,VGLlLiIZ,IyMcowQT,cCfbDqwz,CPORehYx,szsQFbAE,93170,95801,33,32665,52410,3287
QptwBeEe,gxgKpWmo,bnsdptju,zZuwLvNs,txOofcBu,YQTqgrOY,53643,17389,40157,9623,79341,90412
BfQirADt,ybjgXgDz,LuokfEEf,cxtTvQkn,rLPyIkAm,Maxasgpe,22664,81990,39879,35274,62829,77356
dXRjpCAj,tlCoinor,clqlNjTa,rSoTayKI,FjrvYrcX,qNZUxfTE,92833,82370,44595,87835,51560,1581
QWgORcms,GnGherCD,EOnrepJy,CvomjJmh,XUWFBMdK,CbnEAQEd,28954,89349,43803,58988,53179,1230
QdCoVMoK,eQOKRjYb,GXTRHJTb,AawtWYYV,DbEHDWgx,urcRbmxa,57757,83371,58317,14409,57430,36932
mQjySdiW,pTufGZLN,gfSPldin,eOlzZzjs,pOCufaeD,gwJGUOMz,91278,3118,2913,55123,33374,39853
snHofBov,AeZINhdc,eExLHwDS,VKkSarAp,eziwsFlz,zVLGDErR,28391,46778,19416,50684,17861,69678
fGcMJzTT,klsStprC,aqhhFwfl,MkhOjwqF,fVnrkvaM,PWdyVZyH,77374,4016,8129,80251,76364,38963
GrYjzHDA,sliXsfYC,qdSNZoBU,xiWSTGBQ,BgclZggZ,ufKmcrLx,36990,45623,78569,85123,55224,13533
zwWTnpaq,HKKhyEWl,OLZDDxOQ,kgdJfOWa,vJuRiGCp,zSkwFUBw,31478,99094,5141,13268,78162,34477
gSYINIxz,eMlvUhKu,nGzHBMdA,BYXnjrJi,jyZIdXsQ,aQdLdHVK,39950,93026,66771,48719,34354,43552
ZJVzFDfE,hNzKCsCi,sAymGLIM,RxSGedCF,qqHpahDf,UNODjKyB,64199,25353,2699,16329,26596,35919
TnmQoLgU,pfvsCphH,NtqaqCkG,KrxUBoxg,lfQWYdMT,MKRWSYUe,39366,62123,18082,48342,47648,35800
lmvhctOc,tqMYuWqg,CZNVyAVm,fFdeyVCJ,opoQOfob,vyztrEiO,16252,46788,74811,23878,52802,25524
qyfIjMow,NTGmDRWo,AFEoEMoa,zjktDhVD,oPABdZdF,IaWOlKoU,61901,65105,93942,88038,60921,76556
vwfpkpPf,zqheIUHk,zXrucNBP,VUcnZHpA,CWjHHsse,nsQZquYv,38607,44041,52229,16171,26822,84361
MJhotFmn,XFCwOuip,ybHlDDcr,ejDDOiZM,YhAZBCcN,nXLrWwWT,9212,60088,89315,53120,19408,62845
tuDbhruj,pkKKeTJB,jbkBFIen,WFoKLoEa,RQpobeMh,CaUUXrwx,81404,93630,9170,86689,28904,7053
ySaJHfdj,fpqllHRr,XzaWMFOY,qnAdMHCb,zJBIViux,otOlXIGj,26255,12310,64510,68488,1197,54684
PwpAjUAp,cUJZWkXt,QbCdWGJH,BJTNBevm,prvmdjOL,WDUorIsF,8331,91380,72851,78782,27586,67287
sGsAYlda,chnOxExF,LQonrZZu,bLSUBvCo,OwlKPCMT,ciCthspP,57594,13187,92095,26541,40612,73884
QkRCwuJl,SPuFSQrT,kCirrPqi,XnbMDjUP,uMYxvBYi,exLndSuI,23667,1654,33324,14881,95068,66743
DfcEzlbt,HadSJbcp,NqbLNxvz,lFkADCej,QCCwFRoW,ZQCPHTvY,52809,38710,30006,8669,69557,49035
kltCmKfK,rJXlySTk,geFjRguN,TFaVLGSH,jsbDYdmM,ZXLGttMh,48409,34790,81598,36990,35133,76723
mpkovBge,ZFAvotBl,yxUFQlPD,wCylhAVH,nqYCSmSe,XxvFVuXu,58803,6604,42433,99281,75587,88345
ZvkzZrZY,fsYORjKW,UhRfonHq,hwOLQpNd,yeqFcFnY,FZnYgcNJ,4253,65091,38444,75966,52950,91572
LyZtPnpv,EypYLytW,uYhMPAlS,nnHvOZwe,eMEFhkpb,jpZmkDUH,31331,79592,61816,81352,36140,81264
vxOruzmg,dObfjlGm,EbZHBphq,OgPehLMD,azwAzNIG,nLFLVZoR,22543,55645,62404,24206,48286,5254
xSNEHYOZ,NeTMsqrQ,iGJXDlpK,XHgFGPHr,zNVnxRpG,LuTBOogx,60810,49625,60883,5742,87530,15874
kCXlFSFv,cYHvbKlM,WpRSyPRH,wkRPZxQg,vNjtBkIK,kdXfJfBd,42962,79591,73814,84846,37741,96745
lEssKGVd,atRQQKBU,atBZUkGs,kwpOVgVF,jCncndyo,tZwlpiUc,98443,64842,19576,6442,15975,83472
NBYjgwMi,ZSOsovGl,dLHnzEYi,iCwoonIZ,jLazStBs,GywKsWnr,80817,74282,80361,600,63489,51276
JpdPSqMn,pTteUrYx,qZvETuWP,veUcuDqj,ClXPKAqY,UVBchqAm,16639,84322,84222,92707,78910,64236
jtMIpmiE,AsnRmMrC,PphIWlva,HFVuMYNU,zbOrqmIL,MWFVubVE,29790,96266,24098,48786,35208,99165
LEICVbdQ,eEpjGgUH,KebnGaen,szGKOOEE,nMRrHfdG,tDfIqsuf,73214,7698,33615,94587,59424,33010
gTgOJbGc,TPAydvqH,yPaYmJAX,ifCxkWbW,wJwQBbiG,yWxajDpQ,43513,34625,48535,77859,18537,97415
KHaMSeaT,RAJKEPeK,iqykPDLP,PuRYjQju,xipTcSMv,XDBfWQuK,62410,60769,86213,25424,72641,86753
jSBMIXnI,erLriaPE,RyGSgTxa,fTJlyNQk,desaWkyQ,yGHWfnwL,61326,64599,85674,90881,93293,31307
fDMkieSg,bkGBDzEO,wsRxWtZv,pLzkVQwJ,yHXDnZta,IccbazSO,67238,28860,8652,56021,40919,73176
LoRXGThP,pwTJezsS,wGGKNeOJ,vwgXEhDO,IuDHwdbe,MOmwuDyF,53218,90554,94754,55697,69951,78906
rOvfwPFL,okBCUUfZ,syWpkqIk,YjKSbRfg,LNlgFRgX,msJBdiYJ,41094,75131,73670,9451,80267,75077
EyQInpXM,zMRnvcVe,ygXmdzAn,YkXFbOLA,dTXoOrVi,jTqxfrER,76851,28916,71390,49487,80669,18934
vHkNzUaV,gjiOgSVv,iqaefxQv,WyPVrJtI,SEsnCbOu,qFdwzexD,27261,64781,33173,93922,61732,43603
CMMMtXBS,dhUIYMkT,bqUCxUIr,IgSZOlxy,pyUldhcD,AOaEXlYi,29541,61000,11218,81974,44393,99210
wyrCGsMe,FADYowHZ,snSVSmZW,IqiOknqA,fflzHjNj,aboaGZkD,27882,7979,43123,63997,49141,70952
DmcbKoBj,pRmOgIpv,soJwYxLX,kDZpRGun,WQbIDIiK,BRuFaVte,69319,93191,24773,17324,20023,1579
ETtwcbBf,KUsMZiOX,KAznQNKP,QBGtXNzY,WKqQYuDm,dxHDehJn,43048,81919,89993,63790,43598,34577
BgdHWXwq,bsZVriqF,KVLaHhao,ipiKPtfu,AVoZyHYh,bEHiZKWB,63619,13085,62375,90270,61309,95005
OJvhqQHA,jCqWbKdk,laQpcPjB,BcqyvGav,mAmUNoyr,NAFkXcNu,93864,96402,1017,21037,84248,74369
wFTdynwi,kyBumNwm,HzdJaAVZ,dsDzNVSz,YiGRuLpH,IeqQRjbJ,26879,10890,82116,1716,71845,49049
FOMuHTfF,BORLMKXW,hxluuvRX,KDjyPfVS,vkVbRepL,sNbOZUif,20284,1271,9041,33745,97700,72660
NqeySjnd,qPaATALl,CSZLQkCF,vEIHyUdm,dDyrqXPM,VpMPrdlr,893,82892,94350,44535,10137,19671
wQjGKZce,JRqmCZDq,mYgfLPKQ,KWRnzBlc,xzvSpRgo,BnUXdAgD,44710,56184,27555,70905,2332,7665
CNElEHuT,NsSnSbmI,njybAvyR,bbUUVkKz,qmuvaact,WqCBpVCJ,25931,28054,28274,60320,73942,87145
nGnTIpiI,HylpterI,kVcSxnOH,SYcZgMHh,ZUplxWnS,cbazSpet,10435,21026,37787,77612,83050,60658
yGslfVke,IdRrFTxq,xNCFnmSf,KFMpyYkB,GVepIkOW,SPgLZSwX,27485,10517,69455,77427,93731,21069
gogLHmwT,mApdKShR,NuoLkrmm,nprniXWe,YebGMWRO,bqkberzw,66149,10546,66434,98838,92851,35138
fmhljrnB,lPrrTsPe,VvWHXFPi,xAkyxPxq,srXmVfUR,mSlmkpWk,32185,89701,63829,13654,54029,48468
HzjuSmnT,TFbdrYzE,TakaKXCY,HWfTrksn,cBKwJNvP,FJtPlSSg,67509,53156,86107,43457,17559,23889
ocgEERwA,lmIpOwgJ,RiepGWMp,dSnrnHam,niExLGQq,NthdoMIe,62549,12507,41699,90796,32294,35914
WDWTLnKO,lHitEfJu,XhJFaNvC,cMfjTSvm,dPUizPwm,TCWcxSqj,30190,77210,96788,67136,42985,69810
QaTvtQUn,gDshWaHN,QFpkfCRP,fsYhArPH,xEperzGM,dNcsAJgt,61658,31653,46190,61556,29197,11407
udiLAkmD,BOwhkKMQ,JOxqvqEG,QZKIyUQI,wktTIhaK,zvWFcxMy,71448,59291,3521,89002,4913,66017
FBpjYkiS,DnTocpeX,FJiNQkZW,fLMALdDs,beSgUBae,FnrVdXNa,13148,51682,70126,26136,96387,51183
BDCNBLOi,kWWvaDKK,CnCHyQeD,EQejfRdq,NazLALsE,uevvLoOw,90476,24147,34411,74984,25223,26450
nbGtOkcQ,fyZmhvhW,KKzLTMBf,fBIyMVAC,JaVgZTXn,jNEktMYj,96667,39608,12225,58248,18930,55705
NZmWFDOG,xXEqrfSx,RzmesmBQ,SpcJbUYb,mnAXUJnl,HTLjERZX,84100,61398,9384,9461,28680,59327
sReCCkeM,GjNezUeu,nXJWajXF,nfUMGJZG,FjBnTMsW,fYLmLNbO,76528,82078,94876,97577,65855,21928
IQgupSBk,NcEhPdkT,JzmtZnmp,CwJTUmjx,kLxzJdrU,dcnhpRay,69758,91809,2064,82309,34333,26979
YsbQWNLP,eUSKPKMx,ADqzisvf,pxvQvFor,OGrawdMw,kDPHXKzp,85824,13625,33618,24955,81095,62017
mqZWeifi,yHCmDmww,XrRflGfe,UYTsMlOE,EViNnvbs,NVpMjTbg,52818,11244,41572,67832,77558,29397
uCKzRsKr,NdkgDSca,zcdKoBac,SGMBxhrr,CTGizIkZ,thSbWtRX,47485,56515,34105,67861,11573,33596
xDzsscqj,TCLXjMrk,KhJMPnHd,CcgjEhSy,JFpvpjAW,fOJRtFmK,85504,65140,32022,72626,18220,25821
fVEVzWKF,AOjkllXW,HxfdzlaY,lUhOtmlV,gUgxtBnr,zvnLldfi,96525,68246,42002,69248,59942,1294
WmylxmDn,hINvEuzz,nKJFWYCK,kLyQIMKU,eNdSqLil,qAajBccJ,18453,76981,70667,12525,49390,98073
irKmWJKB,dmRuMsEI,SbMAzcuE,DgiZZnke,KehvuEDb,xIcnuPeV,99191,50965,27154,44388,30955,82367
iUaroIlb,pvAZvBLk,dVGkSjFF,KlnUllxL,EWUXFbRl,TDGlwSrx,85781,70279,21315,88180,51320,51400
xZzoADRa,cKEruKJp,XdMZgmGm,nUyeVCJg,cQUDhLZn,WdrkgLrM,38782,57078,49817,18615,3438,56562
QMiNYdoz,LpcDoXSz,nkoHrOgP,NdVPcoIO,FoltJDik,gYSbLkFe,96193,95195,28863,7180,93655,76007
rSnDMKRO,dxnhUyaj,SUkubcqU,AIdOEyUR,MVSrVGtA,XPwMaUuu,93106,68273,55231,26780,86559,24894
mZmUKGzV,gorthpXc,bXAMqOVK,KVmqFKnu,OUufHjuc,cDRGlPcO,39347,53272,72503,60450,58299,58238
xIeaDzZn,XDkwuqzd,FjxwljyR,UTtxkqNg,qzNqcxhG,YWVyrTVO,35082,66004,40717,51209,51628,60130
zVRvfKBj,uyvqtfoY,FqVXqQCi,jPpeLYKm,WGJyAcAW,GoZNbwJZ,69651,60406,22550,85832,38653,98515
cHNgnwzJ,qZHcOpFO,BdXEgjny,hwwrsyzL,vcevjyZN,ZmtxJjhs,92787,51522,52863,63860,78140,59462
hhZKLuNv,OnexLIUz,dfqhDJlw,MlWJXkJg,WiIIMKLG,mirnGKDx,42142,36386,73464,16696,45100,41606
CazsXRiu,BpJKrUMm,wcjIVChh,GHPCUyCO,exCGlPof,mAjWywyY,3491,45109,59043,83242,68948,63870
HmXIWNvw,pysHVhSP,mMwOrCSW,LogycTHX,OAbMKpwh,kNoXqVqh,34485,69526,69368,85283,55258,4852
YkoqyHaO,vaqgDNkq,jzVYXRWv,fNvcpxqI,aLCdujst,McREeZMa,47376,56587,31070,89366,90111,8384
pxAcJSOz,CnsijDIk,ZMZlgCCQ,ibBGisQE,PHUfkeaK,CqHnboEb,57742,83019,38702,572,76819,35663
HvujMMxy,AXCERomZ,jobjsJEx,LssjqLAC,ITxCHyME,ycysxfBp,65156,89271,58739,59594,94510,86353
kyEDlBGG,FAnceTUi,wEgzoQTh,bOxkGJYu,uBLOhBKR,asVloZZc,60580,49944,43920,45091,73726,5961
XRqTokqi,QChIZyxd,tIOYkAQA,vUNsgVCm,jbWkEMwD,NMrTdkCL,11138,1429,31539,35841,98486,22702
arFDDEBR,hNKJNGJL,NSdhFzmC,RynNpusS,ORlAPKoW,vzaMZnhv,50132,83309,78966,29709,69743,18670
heMkfotn,kXiHRZIq,KhicFNpt,JuLZLGEL,uiEixHBz,uUJXxHiu,29372,17159,85107,26627,42987,1297
AwuADSpW,ZcEPKdTl,LaLWzQKE,otdEaDfT,xmZKjzbo,nOsliuQk,53539,17467,14100,55902,48652,18977
UOEpmHaH,GPVyVBqb,LBxYicVU,Igeodqrh,XLvzHOoN,gcWFicGU,87241,99070,12824,34975,61612,698
WgCVbjPc,nYpkWoqq,yEOOSoZK,rfmTBtOH,DMilzbSe,EsFfEjsx,79636,67086,24679,17989,9090,99872
SJXSepvv,mAwbiSuw,AzFDAAaq,iRzxccsO,wvFFVRih,SurMpJes,13389,40074,90807,30836,65727,17325
FKkJhTFN,PolJkpxI,nXFMcPtY,NwMpYOYM,TKUwJWJM,VrtWZKqE,6946,26096,52832,73138,41654,30015
IldvGrbA,KmGdTNGm,nIMzILFG,qsTOXuwN,bPmcNXfP,vOpkoGwH,77861,1831,77819,68210,36176,57168
uQpDcqCy,FQkWaPsd,MJGPENTh,xDWGVYJW,LwvLPnCY,ymySDJFl,96812,4718,40050,10975,59180,58847
kZkpXzKu,VCjDbQjr,PdvWUyYY,LVQIhhMz,uxmhfkIx,iPvXbrmU,59931,3605,6467,43132,18658,88771
SDNxfECu,WroXRiJb,wDLdwdmW,abrpAxib,HtONhKjq,LqhwRScM,71586,36410,40941,3519,32095,42620
MRknXzLy,SRXhrHyn,mkxATQfU,TxodDeDW,NpECMaiI,iiiRHTnG,26374,37767,56289,32576,18986,48144
rxAqtesZ,eCCsCrYW,HIkOgGEs,mEtanQFs,DzvrvcgM,WqOEfKpN,99163,66209,55995,48607,16842,21467
dnYIuPum,hsCnayBJ,BilFMrME,puKWVzKF,vYqTQqAH,BiWNzZFt,17545,97265,28249,40668,98759,83835
uQiTsFXq,xbphHIpw,GGXqJqjv,tMPaBEBd,AfGvEPuB,fEplalEd,70695,98801,8187,75486,42312,28284
UhUjeuWC,kkKDsDFv,CjTMjPPY,UEDAcVpi,VnSpCXyU,NLXGGZYh,64780,58857,71509,12813,4222,30650
lOeHTBqe,TaxFiVvK,VmGEaUkq,XIszbzja,Uepvxfpr,WNfIhRTO,87660,87439,78263,73564,67667,89965
ckwHYbeD,sABgpFBP,budGAOKF,ooljUOpJ,AicHgyDw,PsunVZfc,77431,44805,30392,53493,91046,85914
dxypBZSN,WpQnqPfJ,IRJbGkqI,PIzOIAeP,BjlGwRij,TRKvDjWO,31711,37981,81200,97872,21286,96798
ImhxnNqd,OtpvfVGs,YZWHmFCK,sjntNIim,HmHqUAPj,YTHlTNfD,73976,23087,45303,61051,42680,7768
nBkBmenn,CxFkLiLe,MJOAHMxe,PLAfxAUR,PgdTogwB,CkqDbBBM,23167,53515,34814,78726,96743,27077
jtDjIaLa,EaWZIPBc,KDOavcHX,NbIWrHUv,JdKQQKmg,bFTKNtos,98101,68060,95644,90355,89839,7496
NMWcYIld,TcMeYVPX,SeLzqJYt,zecurKNI,DByABrjC,zRGzyKIt,25936,29556,11993,5059,55698,54252
ZFbIUTDp,ODDSybmH,IUlqeNye,ZnNzPtin,UxATYPwt,Nvzpsmit,74515,52532,60819,33793,61328,56202
QIwIxPIp,LlJvmBja,yPVqtcdq,FZWRoWvQ,WUctAqbg,DnupatGy,8273,13108,76564,44441,85184,80842
DpXrrYoo,eByTGwtP,VzRGxrCF,dWmlMEbM,xopSUSqH,rCuxOQhN,65037,3107,50178,33185,90064,84094
qMYKxzOv,QoRDdyid,IxqYjdXk,SbXivPDt,ppKAtTvf,FhIdeezD,81943,65796,52660,87355,118,8466
LwAzcOGD,acpahDBE,rBnYgRmM,AeDswTaA,SxokJfnd,QwmSqawS,87454,30226,52045,28775,227,47805
WgwGYMXR,HauXmzqj,dxzbDJco,ISRXFjMc,vDYFzIGX,mKnXvzKC,79135,38850,14384,37532,20350,49903
JRhPZNSi,hxcdracy,VeaDksKB,LmxyjPYX,CRQHwtQi,jeIBZFjp,98731,62522,56893,32028,58675,85211
bDluOxaO,DWwWXjLg,JOpGkFdU,CODrusqc,oYJxWnMe,sZdCzfOe,79385,2710,91220,61227,79427,36414
xkDXOmxY,NHcKxfZp,nqeNosOE,lFDMjfEg,gWoUtqCu,URBYInEV,10846,76778,15352,90875,82259,23434
tUnOemBC,HOFABwxX,rHdUtoia,JmMuvvRc,bxAsNiKv,FrNhCfxH,65421,9054,7885,63845,3510,39028
qzdPpcIZ,qHjmiJMZ,jveDdczN,LfDsZfPo,nJMYOktm,KpADXAYR,41732,56773,19060,7553,36605,837
ukKgptke,dfFOggKj,bXadKDIa,oocMXKia,UDyaAkRo,TAshxqkD,29651,82148,43954,70993,8223,97609
ZnvBDdeZ,cHzzWaNK,VFktqnln,WiOsmJwb,YiRZwzdJ,ItlPBeQX,69716,4391,63278,4894,25933,22722
DSGHjZqJ,KIlUenio,BAQYCZni,QmivQucs,cbxjYpKT,oPAQlSmR,66970,98469,40146,62487,38085,17574
IRvUgUsl,TGGrlcww,pqPFuGtB,cgiNawNy,vlVvWVkh,wDKrssea,5153,29259,59438,39489,46070,59606
vUHYGIsE,wAzQQKqT,wDgmZieF,KUTnHBvf,QNpOTEQS,NWcRBUUH,24255,5816,50973,96846,42945,53727
dGwpPstM,esHwLrlf,BXNXjTTv,ITIXMxRu,SlsoeFTu,IxOkUImm,75991,55445,67317,8490,37815,42794
DdfFNAOI,dWFVJLRv,rseOIFph,IJoGxKsm,iHtqmobY,wKBAEYQP,48730,54826,63418,27140,23039,25196
meJcGLhk,DITDXYLj,bmvwUfUU,rzqnXMGV,LooZDoMp,RJIOBfMo,69365,87556,77040,20069,6413,77234
PGKnWOjL,KaiWtnCF,fAAeZTnt,nQnaUHNe,uFRrznJC,JCGOsvPf,59540,6796,41190,72391,79997,71471
hYuhtBcc,htVNyLdW,zPvkqYov,TZeJyHqc,GYLHmxse,GohqYlap,44280,21750,1241,80194,23205,30201
EGZSGLHZ,UAElhaor,dAlsoPeu,fDJFHvmH,DecXkUDX,bmQsvstr,40763,91283,50242,89665,45407,30399
QpOHAVDJ,FaNsuXeD,IQUorQQp,wWuKHQVt,XcNTyVZC,mNlGYBIh,3390,90145,7133,52281,97328,96167
ofsUfUjp,pRzjHtik,kGlmLrsj,wCjdCyAH,xUAanxgA,eQvZpYiu,27227,33697,35292,69342,2353,67939
RpzUqFfQ,XEAxEIMR,FWXzNCfs,ymDFNxbB,bgNpUVSl,xHguuCLQ,18107,96006,8199,20206,13811,92999
kLgPDxNi,yBvWywot,vLVOPzXn,WGycVWjt,OjgnxoHl,HJsMvuda,57681,30053,80436,45244,64254,16161
nCvsSpVz,unjNBRYQ,pjqEAKcv,kCWYVYyR,HzfheYjh,rfSXGpzC,67288,89937,29275,53400,9437,5059
KmbGABRI,ULitdSUw,Sphdccbo,hArAyzcX,PjwTNyjR,nassauWF,66421,74646,91027,70507,97775,45939
BvtcmYzh,tONkQDtm,bfyKEHti,PgbVQBmV,iRxlnOJG,fGXwvTLg,44198,43819,63042,35958,47770,66796
wbRIHfWx,UQBApEwp,pEJgIZsr,rVTvzjPH,kHVTPKeR,gqEqNUoo,34883,99782,70036,32321,70154,86271
lAInNtND,DvhvPCpt,CKOYfdmy,CLjLMUTg,WTALPExh,AHOOqhSg,48865,61235,98477,2976,39219,52839
xKxOnYfz,gNfDyZYj,dJriXyJj,HpEqUNtN,zRgyhCsX,yWAbqLlX,45332,18607,29171,43825,45305,55840
tEswpgqR,TVxTvmkH,WstRpQkU,FCdEdIXL,vHkhBvbj,SXYPzjYq,33554,53300,99251,27870,46227,43570
OlxgUJTw,vRXnItbS,JKDzDXSq,sKPGgZUS,JSJZEOfD,vqUZUlWD,87544,62846,21839,69753,97655,14204
qneTyyqE,vblTdmtO,LYBTKAlu,WbZhQkvB,ZuFLrXlt,jhQmwhpz,95697,87063,46804,20630,42738,69074
CeaogECz,qRAhMtQJ,ckChfsMe,XbrpvBOd,lrHAopAv,BUqNRErQ,42136,33277,21432,94006,79915,26851
AHZMhtsS,qXmHOMjc,NIRikUVj,zCbDEHBX,gXwJRVzR,MZeQRldK,72068,84681,10767,27263,85509,66963
fddHJoOY,EjmoWZnz,QNxiwnnv,CgXZeidN,izVpqVWc,KoHVAiPa,99573,86154,31408,54603,52184,4799
NTyBENYF,raCxYIvg,hLYFjtAx,gbZbUQFp,KSDwzelS,aOZbJJhv,29237,40310,81274,29308,71133,96218
ZDGlWlWM,nqHJwwtI,gcbOGvum,JoKYAFno,ucWuBBAM,bLlslOoa,25357,13706,32385,81601,1975,88801
PMuNYYwa,WxmzUSiM,OVITklPh,aipJJWSl,qeUHFvOQ,QNXYnDor,85431,66413,88791,21560,80526,40906
CGvYubfB,BphXUDkS,ZTwIoEAF,fhzJOszX,qmbZRoYC,FALRnqih,63059,48895,67653,69549,92016,59749
xNcjQZGl,gCtppwot,UTKTRGsg,uUCkrSpk,pbvHBGnN,gJskSJDh,8738,17507,97261,69428,58913,92809
YPOcbcsD,FKWWLvrH,JpJfpsDe,KUNUntYO,tOOtnupg,eGShMEEA,1987,8270,41584,38751,59593,38597
exaMlMte,rkxApgqH,EcEcJhzR,qmPvfKNL,qvFxkCjW,GqQXKDZA,35462,79103,59091,44303,1962,67742
KRyxKtNn,zZXvuMVx,MDtbVnNr,wBOtWpFd,FExGNqNH,HkbvuxLR,46881,31815,73582,94418,47922,60282
YDTzHLQb,AFayXIre,joyXOKBi,UGSSspFc,oPoPbEIa,eGAfEruO,10844,18978,34130,50701,76592,78248
DjScoyGm,bcLjDbUF,keRPUScM,PfDAetUI,ZJugkClt,NhHwOXtn,58832,24782,92723,55575,83418,61123
sCwUEFRU,hbLANgtD,aGMeXDCa,KXqTFXOA,oJyGHCPy,AWGAWdzK,10401,65028,13940,95519,13186,37162
LrpAHyqr,WqusLkWV,khWWBCPB,BfencqAB,MIbKJIxq,VYagenCo,34804,36643,3775,9479,58178,44655
gEziExBo,oxxJgMDx,iDQAvtuk,CZDrsvKL,GrbntNSV,FdhqOpMN,54469,80465,67811,39661,20137,15974
XWFVVDrz,uSegHfFF,npMpUwCm,GpeynEjV,WaqSSgzN,mCFdrhxR,46281,62179,70924,17070,87988,44663
pHuGNdKq,tHxZXsUt,spcHkFsH,wuuOwxxT,dgJjzZlB,EyzCIYXL,1214,89849,88395,86737,35611,73291
OzJBtYdT,hsFCkRoj,SFKkAzrM,zmsxHfUp,kxejGOEt,ZmlqJmqu,2601,58837,11189,63709,24762,87535
bAKHkzzY,efeHuwwN,ytyGwNbW,TsQHqkAF,LetKVHtC,IZzZEVRx,5746,71325,82438,99161,52803,6886
UDbahIrX,AmPXggxc,QcZzdqPW,eLCpDQPE,fkxaouyS,wAGiZAia,56713,87818,90237,76464,78795,22930
GXZhFsfN,jVErMAEz,zGJIDARJ,GmIrgzFr,yPDBlgkQ,oygfusiH,58222,66070,33723,60300,95555,47800
ucPBdzTW,HYIlXWrF,BiHDGEvX,jKXpMPRn,eewpMBMt,tOCHMqtT,35939,50752,82813,47406,56096,65575
nfBiozoU,dYvMQgSC,WfXilzGr,mfQRhAeJ,tkHKIpEQ,kXSeBSCy,53344,86162,67525,63908,1091,82800
axeQKNQK,ehLetfTv,gBokQkFr,yOJSnpZM,tkFpyVBo,tJQTdwpl,73906,53992,8222,72117,91508,98709
OhqlXJes,yuPpQPda,wFFMyXxk,QGgyvFNR,cQOPpSmM,SSBQjUgy,4333,51788,44959,80514,10834,31817
wjqojtTH,havVGZRq,RGWdzovc,MDHISlCF,lItgTIni,KQgUHpor,50277,89956,41234,79770,48613,53988
aPBgdTHd,NtaEEUOq,OetNRtxu,wKiOoWwX,xBsXuTIB,vrXAlKIa,85361,60961,19756,34786,43382,69628
eVhYdMqd,kkkpMbjY,AWATdEGW,cngrQdzx,jawaHpeM,lfuVnlXq,65180,40013,6901,45131,36294,14993
iggonlXc,ymrtwsbI,xjxOlJuf,ZvachFRG,ARGZtKHy,olOXoyzH,9416,42145,30512,13778,76962,99702
twrQdShP,fTVSnDbm,rkTCbEph,OqYNTxiq,rLTIcIbF,hhuTueOU,2100,39025,53171,99743,99882,93754
bnBpDLgC,ZwgLeruU,duYyhMUA,WPaJbNeX,ezOlQqdO,JQDOpxhx,17952,26356,14587,8887,67096,77982
FPihumAn,MBShSvmV,VKbddUzC,HkDQqkxO,lkpKgbhx,drhokJZu,20708,50968,70135,36032,418,72765
NqVABfOm,OQRUOQwv,EQMRgQOn,riVjQOZp,wjKKgPKJ,kgRmZrOo,4037,97325,19005,82812,56864,50229
whjdmOYy,gzbcybMx,gYQQKXdX,MTnCLMkO,zcSbhdqD,ZkyaeMVY,66391,94311,98000,2200,39123,95453
HFsmJYFb,FLgjtgZq,UPQRTdnu,HnabdlYT,fPgcpFOR,aYtBXAmQ,73448,58887,92486,2815,13068,19465
qRPLbbPP,QWAVwaWM,dLzRWwxn,YqhdKdap,DRujvndj,RlOIgOMC,77231,80105,86629,34576,36421,77884
SlPyWyTJ,vwfxiVkZ,NfVrjYXs,csrfHmxV,slRqkZeD,fpZSpgJk,43361,18176,78596,47068,6798,68628
EUzfRkXo,qktvTZRM,YdVtURDD,HkwmvdYv,hODejEQH,QlXxdhjf,286,80308,40859,42938,63435,32229
fHOwsIFU,epvBNNqY,MJTRAmzg,fZsOXYaY,zycMPtmI,GLkwAPpH,32662,56015,91975,58153,63963,8875
zaHhkeWs,cvpeVAIX,YiAFeQHT,pQYyziqr,sWpFycqV,xyCnsaHI,88082,6779,70633,21727,85508,64269
GvVxxXPP,cgymmRDg,CcpIabZT,cuCGuXiF,vfDDdbOb,DMNVSXZT,89887,44226,25335,9953,26851,28013
fXmNAdBY,rFJAZwLR,EsbPsOvg,GVRxNEqE,FvUBjfXE,DuJkzPYQ,48170,47480,14758,94630,90834,29625
LBeaCIUN,GEjpLvFS,BPUiqGdV,wntsRCXS,QmtKVrPU,UkmJDvJa,33073,17274,13464,88090,3934,37365
SVeVWXFx,sQDbQWpj,DKOZWUGd,ykEbPypz,zHYkVOMI,fsQhBfwG,40827,65050,13325,47160,51393,14752
hWnitbHG,GgDNawTC,WunZfZnX,hGlnzHjO,sogxEmVi,RCOQamfr,6577,14697,83189,87474,43273,63655
laopVhUf,kGmjQkzi,dvYVARMO,AFptZWPU,rCdegoME,NNOFbaNu,51305,89093,21487,64033,1573,38026
vcIktILW,PjNPoSvp,nnJvUVvE,hQNEcfZY,dZdCBYRa,qwODNtgG,58370,72158,16246,52414,73258,84638
OdVLqQOv,abIRkJQJ,LyVukNBD,dUpeeMfs,bvxntUis,LuXbQQoy,5519,18146,62093,92494,9496,85453
YCVAYkUr,rryuObOe,YNPdpgjM,TCIGJzRW,XUQdxblR,EFOHVbRl,66727,3487,12645,73488,43174,48056
zlcsmbUp,lccOOYMR,sedwmbzL,lyjLUVMn,GxbBYQYs,pRnOGyoi,67362,46497,66134,92510,32845,36766
icbGJVmA,GhKhRfBz,UwcheHYn,jXDNjiRH,PkNLiqQL,TiiOZbjN,7277,27857,89485,41300,45507,77525
WkyWCHvO,RJhAtvzs,PEawjrFA,MCloQtvl,dYvPniGb,vUzbiBbd,87173,84419,48717,57953,79174,72403
yPeBgpjV,FFGaczDs,HCOBvMzm,DWclDPMm,PyieIgLe,pdhKnyra,7442,12428,27243,25658,83542,46534
IZYqmxmH,MYKbpwNS,XUDyihDx,MpbXqmBS,ioIVZSNZ,xHauRsoC,65404,89170,43061,38041,18154,28617
jDEfXhXv,AiUHQLMr,UEgyYVdF,qaWbgsLe,uCAQebmg,VdJAVWeF,95966,54180,27778,35181,66776,92525
FYtjDOvK,fpldPAFq,BmFrJrve,OUEGdNak,BDHsXpYU,lfsPMGAc,80751,58555,36735,88437,52375,55272
eZhacvGt,EWvnpoTx,QImSLETS,FPXjsjVj,YZfMZtEt,VslfCioS,47188,19800,7602,70896,64390,22995
gwqYosqG,mIwHVIaT,pCYbaJdN,OxpapOCY,iKSBZcJI,uhUHLnCJ,24528,53958,27683,15288,90,38984
QHthEgQw,qIIBCuLB,kYSMjwdk,KwdIVLxq,yoJiLvFT,DpJZqFmy,82131,44803,10059,16626,57739,7092
fNNpPRGd,KzWQTHBn,qAeyXrHj,DuUZZfcU,PnaiSCmA,Gpzrizzp,28942,90944,94798,49026,83811,24316
hPHGxQaP,kYYHuaaG,TkKsCYdb,hiDOgDsN,nDoxmwiZ,HIGyCdKi,48487,14945,8492,32321,64011,62951
gZVkyCny,jmELquel,UhEBkoWc,CIwHLgxq,XbVBKBBt,iToCOpxZ,56183,75793,94805,2576,79959,70130
JGtWvWYg,MtGFMIFw,OgBWGVxp,tWxxuJdx,NxUkCqOp,DTyymcwJ,70963,78603,30476,90395,19402,8852
nONFGfoW,QsYhkuwV,JGRuOQhk,KQRSDIcr,CrXAPUYl,gSpdqjdL,28789,69872,49183,36970,88727,51272
lCVGZVCc,uLeqQTpI,aZquPYpk,DMNnSLSt,OihaUctz,baxlMIPy,46454,7503,41958,1881,36663,61499
fltieLmw,mHjWfHDj,ZUYbIehc,TaWRurSw,nBVrzdJY,UBIDSiTO,81347,14183,33223,8828,75043,48242
mmcqPTud,pYrQRRIq,bxyjcFPj,UKdRuMIg,SKvKkxJZ,lMWcQXTA,7900,64819,40407,81135,79124,7028
YTojqBMd,oPdRDsNl,jySPDbqD,zXoTWbkC,DzJFyJfn,vkidZVeq,93065,42463,57587,78260,43431,21577
GWYNfbVa,JEljJOka,SpcIQdYg,QzGjroFl,NLndyLEG,xsbJxfML,15832,43095,27678,77721,22283,8618
OacacOSU,kVrGChqz,nAciVKUt,IIkLEfne,TFfmpQaH,QJodcbOM,62577,19599,69525,86901,73703,66909
LAcfdZfn,mgdueHYa,gRgsKxZE,AAwmTBRy,YxyGxjZl,IucAeNMj,86799,24609,39769,31720,81859,27319
GiJyqMnO,oBtJbggN,QweimRDi,jePhyvup,joSLooaQ,msnvmKPr,23907,63346,72271,69244,89117,58364
VUfJAjGD,hYFQOXSx,BrQxDMmJ,jmvyCXQh,xuqmyfMK,aDeVIatj,91959,74972,85963,81540,15843,81648
yAmiQHqS,mDkXbqZC,psidYFFz,PRCrSlIY,QLcCfbUz,PMwNyXns,94733,89055,22889,13308,97195,39422
sAgfjHjo,bddfQGJL,RjdZVMUd,dJJFatXf,rncXaCvU,FSxYFwGt,53991,40019,92191,87703,59489,12391
ZAClDWIY,EmRBZjst,bcxkpYoK,yTBDzZKn,wotJUDHX,vcPHnWqt,49765,73063,45430,91074,4822,94200
zqqroKDs,lZHxWXSK,fXlYerLN,GTBqkHiv,rvoYxmVb,fPrVyxNB,48417,122,35183,20818,21393,70005
WPTJcKrb,vZHflgYK,WOYdCjBK,MzmKdWJV,yRFSTrZX,yPYdMGZz,44265,47203,41954,49423,52786,14333
ZKlokDvD,GhMUlOKG,pqrZJYiH,gGMsxrsj,GUHvZfeA,OkcMHuhF,60434,31511,27189,64121,1205,2199
phJjrZtm,caEURlCD,BuYvIQzn,SutbwAPZ,quEOnChz,pGywtaIQ,56066,59716,96036,93319,77341,88960
HIiWPBOm,YRaIXICM,EBdJcCtF,HRUTxQBI,UdbZLDph,bZSdupDG,43456,92438,108,49955,87857,57032
baCNlxhy,CyTtZxHp,uPjasvke,wWmPbvXY,ZOlCjmIB,aHdpNtLD,64502,4457,13145,39057,17204,47591
qzQEGwBp,ADOlQRni,QwpKpOqN,vcVkLNXY,duWyTRJe,KSZmuJce,90372,11161,99401,85440,92266,78675
DNjvnfnP,AAZukdzn,glxbRYpg,YnJvxcyQ,PdUXGMVn,borSLnzV,69238,99624,95480,36246,47082,28867
YOYksIWk,jodYFmlO,mhJgRQJC,pRAgpjGd,xylHPlux,sQPLGpGn,59203,49808,6460,4732,18446,76337
MnVQKbUk,fkvQvWbM,YiqDqkes,scFlEjmi,AzEplCKb,sMAmlETs,29798,48438,44145,34717,5715,40593
raHnOLoS,EwndXXwq,ExazKoiq,YcnwncEC,rlapUBFy,XcLsvjnW,82653,60401,6704,46762,9121,48075
mJDIpwmg,hTmoKSjx,QdiihDIG,MfHjecSi,sRdFKtaI,oBxYIqkF,13665,19505,17457,55604,11686,71590
MtDphYHb,XxWEXGVS,RUMOqsgP,IDyTOFuI,cLUMYFZr,uYcJkIhW,65317,9752,53783,92339,14391,77532
XZqTvWCz,mfZwiMVk,utsGKMbE,voWhSKFP,CPIYuLrw,AjpjekaH,71647,6048,67921,79169,41284,43521
RdHprQrO,BUjhvcpS,PPHWrRDZ,VCEScqXT,SrwbkPdc,qvwVQZcK,46356,11223,16055,91358,48424,14778
Ydqixrks,aBRZCNbT,mHEcxXSS,pgpKsvty,AnQYZSqn,hsBMzMsS,27415,19626,57460,50764,2992,85172
NbIDYlAx,TTwhqGzf,ZrkRqhyE,lofCdmWP,omFbAuCi,nUjUXEqt,42985,14889,88184,25501,80571,74173
bKyCcFBg,fZSWTNyx,hsMToohf,uPmehaVj,rKrFCAQz,pafwDEVa,76926,99627,56883,64699,65501,28755
CLCKiHrw,zUzUBvFl,CPEVpLXJ,HzpPXroU,BoYExJIY,JHDlLhms,28676,93998,95336,41334,85684,18606
oluFPcBO,HsGubPug,xCEnuDul,GZGNHBkI,ipTxXAVi,WrPsSDLc,19262,73397,76113,83561,61906,96671
ACWHweNR,LfkhhjBL,LYZhAMBG,RqdztDff,UMWlxlqo,RBqScvvy,45568,56954,18314,19411,16014,15712
MOoZaPug,anggwEFu,AhqIWWOL,ZQNvtxiq,zlhIvEtf,oqxEbYxx,1563,61207,14909,51977,80563,14423
aQSHydnP,jXsTVanJ,vObMvCHW,XHzNDxcp,TElFzDHm,USHoxxds,29523,56071,53191,96708,88699,88043
wpNhUKpO,UCfgsjIt,ITKnYYBl,mUunjdBg,fOPorPWO,RUXEEPrG,96274,45959,70618,19227,69950,73712
tdFqnhun,TySRMdvX,zQjFnWRM,AUFKUCJP,IQfaRBEi,QuivRsSp,3837,13770,33886,52436,90944,87904
VgHeFDyw,ofdqcmBX,DrradsYi,TluMSwci,aUmzFkXk,YBsRAHnc,239,10940,49279,197,40799,5867
yAOiWmKp,mqPYyqam,fhzMswsU,wLyvJbRb,DxdKpGYH,hDYbwLQo,9675,79601,77931,97347,61766,45682
ChSpHDIo,VEYwMfPB,fUywNLIG,FAJuQSfc,LdHyVniJ,ZsnSqiaQ,11007,39907,10246,94541,62768,34428
zXfNJmhU,zVhhNStg,cLJKUmgy,YXpCBkNY,wOhZZxXk,FhWdkjlc,76083,6058,7772,49095,18722,71294
EObvRNGP,JxFDjFNd,UUmWPjxx,TAlUUGwp,ZGIJafue,BrXfyhhi,64805,87874,97743,3349,23172,28486
qDrgOiAf,LhgivHlJ,ADlkRFUM,GWeFDgLo,lzcQSBcz,jXigSRnr,82613,64312,16363,1112,93195,98492
zJIYDBSn,EYmpdZtf,kDSMkQAp,NewMkeAm,cycPoTGg,YUyLCFeP,23933,25035,85347,80546,38985,60730
KiiATBvg,EtPEbGLP,bsPMOcLS,wxCVXxMT,ElyZClHk,ZNGhXItJ,90251,60796,10567,7364,55487,35623
OznIgyZt,BawPrMtT,ZhtgEaFv,HiZcFPJf,GOGJJvwW,TczxEjvO,55015,93983,36374,30275,7407,9785
xFiQbBal,XFSQYtcP,dMakpsYg,ZyRujTkE,WUaVDzmU,zcBqVGxl,83321,20392,40821,98907,15814,37024
AUYevsir,nLceqyuP,gKQupFoY,lAceFiNl,TOqHVbxy,bGVVFftL,12046,22484,76741,94212,76032,63904
WhRQXoTD,WTVhOwFF,YxxyEAsC,Mtxltopd,xnXuXJWq,KSAGCeOe,68874,39271,78402,29018,64716,23923
LkQdUvQK,rwDCejlz,SLUoyMNT,LAMucWxP,KlCRZKLj,AQBxVkkO,28120,81474,34754,40921,87610,44704
nJNwYNBC,pZOPnStU,QJIMiEcW,gdJOpjrg,cBpJlbiT,iYxKZTrX,88879,27779,30544,22462,86716,87909
gUsHfbaG,MIjrnhpI,fVeuuczW,KZAoxRyn,ISNLwKxK,OsCSWiFT,31398,98407,46288,97060,87433,21689
vuwwVuQd,sYTWizEN,YLhxjyAw,SiSGFMUi,jbRTtQdO,CMQDbxjp,43487,52906,7984,68249,46885,20846
ZpOmETPy,syiGhabC,POXlusDU,yirwnePI,cvcRnsbW,mlXEPVId,75315,82034,77495,34029,64735,73226
ZEsftKIn,OSqOUePU,jVbOumlC,wWadmQFW,INsDOjyP,DtLrkKFR,93321,41016,72197,36606,10618,49
vcbuFCkV,YcmorIrH,iPPpmpWR,euynpZVd,XGoqLQsJ,LaXxRGfk,12277,85437,96745,45441,14791,58048
hJLrzkXI,KYYrUqQA,pCbTeODT,bKxPZQKp,VloffAoz,DjocGbYJ,45315,78394,53019,39961,60442,96741
xjohvkCg,fwmAnXTr,bspzVHGH,BtUedGIv,UFjMODjE,RNZnGphH,70891,4590,85425,13996,74582,59729
TuSeOpWN,wwNiqLJi,aQNMArRP,ikpeMxKS,ipkQbyHk,qZhFJreL,5825,44908,29906,64625,59504,16926
GkNuuSUQ,heWpqCgw,gJjaCyfX,poXuOfaX,mLFkfbQZ,CRtNVZZj,49158,34304,90168,20813,15997,89152
YgsOJzoG,lWXBAtiR,OFAJfRbh,rOIbQGqv,ZLhJXnHf,pYDFTITW,63547,738,41724,10400,27873,29676
tlYRJIZA,mdQlXuUc,lSIiPQwX,EfiRxQuV,pAQRtcfp,DxwXeQUM,14558,71166,96664,83495,31416,68377
oRAVaQRd,PzZYkGdu,GndoPpFq,nLAQtktF,LuVlOksS,sEuMxLNQ,9731,56955,45336,7730,56442,52520
nZgjuqBT,BDGUkMIM,mYkOiSbP,MDBVtjEQ,ndFvUSpD,rBPxSLBF,84897,767,90876,63614,6469,17418
rcifDsSV,CKnYfAen,ARcmYxAd,zaxAeHNf,UaGoedtj,otDybuBv,15387,86013,85045,70726,50320,18861
CbPmoOTy,PVPgCMeI,oufWOSiy,yXokXzGE,QvBhOTjF,RksgblGy,72611,49566,91359,71159,10033,29260
LBShjCoI,aUBhsTlc,auFqylCm,hubGWEcV,ZmOxOMZG,pECMuLBa,55471,76981,20477,34179,98435,48607
hhDpaZec,vskmtTMI,ujUrfcvs,hPtZnlyL,AYcyhVSi,eyncMQJD,38026,49866,69707,72920,21536,87847
RjVycYFL,QpspKjrs,XtRwznik,VRCxAQic,WVMkTvAE,iLhsKUFi,92443,65485,51240,16992,82779,14847
QFadohkO,JRtRTFhQ,CHsSlGYh,HoPskKRP,YFITOcPP,yOpjOtCd,90378,55389,62674,79692,12012,30802
uqtQrSQp,mXqORcgp,tNlwoINW,pcZqbzbG,tYtVSVEo,BXsNmmZC,61275,39012,95705,41951,63184,85834
XHQNPZBU,dbuOEfrL,KWnWCHPE,KTyotezf,KCILWhqM,BFEVLecF,28194,83329,1980,61567,83724,54492
vVtLEXWr,nbtErOFA,rbwSNsHJ,iSUJhBGm,auPTvWXi,RchWUuUV,64893,80740,88904,45468,57456,44317
OsrOvpSu,qROSAJxQ,uXxnHcDw,wZQWgpds,AYNoNWbZ,ytiqxnOd,56625,26289,60003,71353,41341,54847
jDdMoInd,XnpIRKKT,NSbOsPLW,bSkXMfGf,YSXKaPtu,LLTpKPix,52226,54503,98416,99736,39713,71866
QYcYTMqg,QGLHGkvX,HkPAZdZZ,VcZehNHa,ZTlicEQw,mEFANXuo,30085,47683,11140,86198,33474,69335
aXFYfWkO,DatcsfEZ,rKSocsHU,XGQmPurE,ElgIfsLN,YAfQIFRr,71978,29207,78358,29014,23240,82085
gKzumxJq,ZCQmJfjW,OcZzUQSp,laWUoQat,HdARhoyu,ezNSHyIJ,68114,97154,69778,13638,67020,5488
zAYQbCad,GiDwErla,KCWDYGmM,IuKPqtfQ,EeOpmIxG,jZnnUZEV,19742,1969,77577,45349,96670,30033
tMFZlaWb,BSGKhYkE,sebWkowR,rddjbzPO,QUAYUjDy,pAZjniek,60091,33395,30435,25785,36846,29133
ahcvrFWL,YGEGAqEv,HMIZQieQ,KTVfjCOh,bormycjs,nQRuQtQe,68000,76621,53318,3097,71343,74472
uxTsNaLY,LTsOJEUh,fTEWILdE,qDWdNGuB,MzyXiYDw,TiKzphwB,96674,12045,76495,47089,1414,17027
jEMCONXT,atXzSWpX,RitVkEhj,GbklGAuq,gQrgcaux,DcXPRXiW,82231,53263,91379,47148,56188,36198
SffGHSWt,clPRiCtI,dMIfVWTq,VQQwpXLI,kaEHPRsW,ItIpfFvQ,52091,7508,96797,97201,39682,29532
qgdquswt,RWKYQyRE,sPyGnRLt,LWHvniLH,dIZpcryO,SwafWWKz,92452,24971,30324,74667,99529,12873
WrmOPeJp,WJAVjDoR,GpQXpkOx,NYbtSypw,BFhUmIKv,SYNJyRKz,25427,71146,90885,81588,25902,10084
vybsjwGt,XiqAQvxq,cicHRLnT,WLcMbFJT,fQlThbpG,fcnkFoDP,24085,42898,61918,64649,58214,82658
mRCCVfVF,OUmAHuLR,xIIASEBc,DbYMXRRE,WpjrjXCA,JKqCKSZj,51796,18375,26210,4102,75254,36826
cuhZeQDc,EwSjyjcm,SRsKnBdr,ZIkonAks,LPasmXuY,ibcEiefH,16250,63212,41738,91822,44760,75211
qtislmxQ,RLWvnjFh,wrpaOUQn,aGTvavHO,AvFkauZH,DIkAmLRA,32395,3045,98601,88369,94397,36000
DdYDftop,ndyJSjVW,yYWIRrqD,vJsAauaf,RqXIaXty,JmmCkHnX,70545,79897,7497,8497,49756,62484
xrUvbFmK,kWGFfsBk,YWWAuFEW,UwxIvipI,hyqeGyRJ,qDuBtApm,76366,74847,84800,70637,23197,96411
MZeRZNEU,DqIqSgml,oVlkbQtG,EwcyLmtj,JKwuSEJD,uZNkdzXy,5731,30635,26001,43186,60035,34866
nPglNvKN,ogglyejF,EDEDGvza,ADFLXclq,mEfdVELJ,OPJhpFvW,18521,38624,44561,28210,94175,17245
jysNQCDb,IIFgGwlE,jvsuSVaC,IjfEnPOv,KmonPAts,cRvcKDPx,29057,41694,33539,94154,27932,30655
lcqsrFDu,NDxrAEmy,OrgMQfPA,uGhUqCjQ,zoumNscM,ilvMlavI,69257,33576,44714,35170,89527,66724
yVigVRIU,MZFYPbCy,ErsgcBwe,OEpfCOGw,MZoNLtYP,feEbISGa,85089,13639,36601,38315,95294,15210
XeTItdhP,QCEcLAlJ,IBpDUJUq,zXlDtTfF,IoLDZuLX,YcjbkulZ,96312,1300,71581,61350,2920,85931
BoGbpkiE,MPmJZZvd,rypuTddB,YFzPmwbk,VDUnWKSs,ZkobBMNH,40466,47937,96857,51277,55058,73655
jBQxRTXp,VooVBrFh,dlpJQOAr,VRncCTac,kIETFfrk,sxPVnuTk,13460,79500,49609,90188,73926,62647
JVezACHQ,EjMPVePY,wgVxMALG,wskXpomw,YNBKaPNq,AALKLjWO,86301,42452,96938,25398,60420,61046
OzbSwdgp,yNnsGcrp,cfqnPYgm,wwmmdxHZ,eluoUzPT,zePezLZb,24673,21969,67044,28685,36105,25383
eFNldaSJ,fWaachnv,HewOgYpg,TUPnkDgw,vOjmQCEy,ZPnyFtIe,20039,87486,63141,21378,2482,87773
kqtyoEZK,judDsZfB,RhwbVuAf,bKVJuubM,ztDHWKVj,TBosxkyE,65519,60812,62981,31929,34015,97182
uwFZoqas,KtjDwrYW,kdtCntiY,YbXKxlKn,ZxEzSjor,UquHGBta,98276,38510,23239,51992,63065,25278
vJfsMWlS,ExIdpZog,QABoZJBY,TEaYzLul,wdgZwXbT,mwGDZKVx,27541,77871,23195,42928,70781,306
hEFKEjQu,UdHJmTDp,RQlBJTcU,kpxpGJQB,UUDMAHbr,eCpkvmUC,46660,75701,66318,47824,81286,88394
NCFzbJhQ,nwSbxwNf,BgJRzFUv,MXqGENWl,DvbORdqU,pmbzIYbt,2225,39538,56596,41457,88458,16521
wDupWmcC,AKNbujCo,jEDJUdLj,xupIwVvh,WkWyjKkJ,QDuCNKfL,89710,52455,1874,45852,58564,83810
xLVvBFMD,vbcQAgva,hQMhnhAl,KLIAbXpn,hBgktZWG,GUXjWnjY,42051,86196,52459,2586,23133,88785
rTeiMWDx,trouJMCE,kSoeiYiu,dmqMjAra,IdnnYgKn,rQeGVPeM,58797,87226,37249,8613,81980,8519
RMQuCUJR,SFETixmx,lLBRfhuv,TlTHlLGD,LfnUqkbw,qbPDUGEs,62333,64859,33638,15059,10744,70220
aCXNGKqq,WayyzZFT,KMUYZddV,lvavLplB,wILNPbFP,BagzytCI,82562,54547,17084,90382,55433,40373
hngkZikc,tyGBKcjs,ebrZfsGp,SpVuqMbY,AVpWoZFs,KGnFuHHp,14336,29693,96761,70323,51135,42160
ztDGeQof,gQTHxCrf,gTCblDkL,ORoTmJYX,aLYWGOwm,hIEpGAhs,18062,79742,9041,76921,76737,89244
eCVlySXj,BYwEIhcf,oNqqhSNj,FlkKcRxi,eZYwZBQF,cNScIkTL,2638,51022,94264,60073,22969,38119
PSqySMuj,CwJmvooW,QiawmYte,wGugjcQQ,IIJtZBAK,AnPEkhus,14904,49498,40823,40604,35174,46336
YwTDSzoC,tdRMsbkZ,eQjTVRDc,icUBcoRt,uQMAtZal,nZEcPYRa,60321,23294,90685,18740,60565,16344
JqcRdaHf,UtOeThPm,xxrUROgh,bnVMPxvL,dCHgTOAs,BFzfpuwy,40060,58250,71761,12560,42511,15185
AGGglHnk,dnwjTHTw,DwFiKuti,UPzjgghE,KRzGuFrk,sxEwAsLQ,86638,64582,36211,44055,71577,17858
lKKEtSKM,bAhQokln,NXJZVwmh,zuCGIAcz,RfpXYvLT,JQdyDhIV,64873,25957,24853,25864,38065,37684
gZiKkOAm,nDQbfddD,OfWSSgjg,UkbVnUDJ,VklGAyTI,SKXyrgLe,27195,98103,10997,15014,59457,66452
EuPbzgET,SEwqEfEQ,AZPCZSdo,CShUbuJP,GjoPiWdl,pQKWJLGx,92589,64094,80030,76746,3676,75489
RYAoLXuv,zcFiiRAU,BLAeKVoy,rzVtRuYa,clJrfoOd,qMNmquwT,87896,63912,96774,87000,17008,9059
svPNdiCD,AYCuVNZy,qWLMLxgB,rlTYGJKO,DPrarRMZ,YUuZuEYM,9383,69994,54318,81749,1391,6139
TsfiPlkO,IExzlyzV,cJtlMBCb,kApJFgom,NKTpjCZm,zUNuEIta,90429,25870,27173,48864,34388,53530
WaRDQmIc,pUlizdWX,oitFIOuX,qLuSZkCw,qCgtZIti,LSdkykIA,83835,44149,42598,9161,94976,68126
xSUAhiZV,taXeBjUh,dvRPXnEQ,BbRHdfoF,KOvEYOAJ,YsPqvdCv,78961,95285,41374,7420,14367,62909
MMRaGIKR,nMfitAKw,zvrVeFpW,UbsBqorV,swCosXYt,aMyLVVta,68735,75446,7315,43637,4624,84354
DGcUADFA,qKAtBjgn,gRfNvUkW,ILUAUjru,JsWeWDWd,ghrjCmMe,11869,49136,36674,8200,28242,57917
eepGcofW,orrRUUiR,HmlEYJHm,uNoOgnhX,woVuVojj,YTtubqtq,19721,97062,23856,43464,47096,36896
sTvKQNXV,WGCmtLkE,CsANzAsY,DcKhnCiv,YxOqkJFQ,uUfjQcOG,98114,11710,14984,76294,8160,15642
MDxeKmso,dMadFQpL,isaFilDr,mwwaRsIf,YRTNpiBM,LPVEiZvd,1569,25358,8786,41346,79691,11199
xfKSlSGb,erqBiGiZ,nihaqPFn,WqUHiAzr,RQlDtJIe,bAlAnhht,22492,38604,20867,17847,52396,63170
TEdympNo,CimKSjXq,dxFcIpHX,WjLjCdcj,jsFLxzDb,mLUACqNY,4498,4585,291,63943,60741,7035
rQeMQEov,ZWIwIXPp,fRlrwZHM,rllEMxHE,AioqznPL,iaGWmcNg,10026,62128,27675,70172,76668,34720
dRhlUmRI,uVGTipfc,PgHxQrjC,HDpXBrtQ,OgsSYpvk,jkEEPkbS,88125,39539,39591,22764,42812,93039
gIlKJEtE,rUwwMJCD,koSlVpYX,ItlGJFUR,GPAqqUlJ,uDFHeIOQ,72344,57692,80823,94883,74222,15485
rVdJlqYl,CtEChdMJ,cnfJMvLC,zdghOlEU,IsiwtTOg,xYHOWLwZ,82546,89229,36418,99614,83534,26336
AwIjilvt,AeztjZEd,RdnFYUFH,LfzCDCuP,jpauLngy,caMyHHRT,89568,24761,95225,91837,13469,42881
DduQwJpQ,ySNEeyRU,VdqoSUCe,rmYmIiWP,BuDUkzgf,qOnkUmxX,70509,20248,36879,99468,64693,54963
fKVrmaUd,kaKjiomi,QzpDgXYp,lJuiCuTl,SHSdBzyN,buPpEVYe,16480,22270,12479,88247,95591,20107
UxrjBpAk,hDWfwrOZ,qaPzUUeM,jbnidoNI,vKhGKixW,QPhIQEdc,14245,12033,52515,95168,10650,52827
JMhhnvXt,GLVnBrdX,lBMGPMQI,hgVaGDhv,KZTFPHAF,ILscCIsZ,40096,48886,87069,57083,28437,80954
mwgOgAjz,onHlmGZV,ElYYLqRo,YSTkPmtr,bohzOHGp,rsSgjHcD,36075,46919,11441,56370,891,47605
vFawHgzh,nMeWiNbw,oSEoNgsZ,ATZckwxw,ZbKjwguk,IhLceuiX,76481,96368,80077,63911,66810,3238
eQXEdlSQ,xlXumdky,zeyDOEro,HnRbaxax,FckXHFOB,NFHkQOfX,71476,76558,88569,87708,52425,80146
dWWLiYyj,LewqSRkG,liALqLzC,ABZrwVck,IQcvQeKR,hwhSHRVf,17715,1687,12833,32936,14127,95313
UNrzJljH,qpthWPTR,busBMJcT,vYoMHXNR,raCdfWGS,oRbhEmLM,23179,53010,86008,87777,89656,96901
pDMtWYkT,impoKRBr,gbyvNefx,xlGONnoU,tnJDiAKG,YQzkfuyO,40112,13184,69884,43090,5890,32885
ywgTaIxv,SIpuqJjL,EFQKyfbj,DqrQToAW,MurjDpsB,WAloDVNx,7430,48762,20207,94848,6292,17048
WchyzqRA,uAyyaAdS,OGRxIPcv,frTIJpFU,WYUAJxhQ,zhPsmaXn,14869,83489,26106,22707,22286,13689
fGOENSfn,TuJmapcA,fXNcwjFi,MEvjHYMu,ogtCzfsq,kHEOhxMq,82593,90517,98540,72568,18949,88018
LojwhMGr,vVItKQCV,LFMFPqQo,VvKpuRwA,dZgLYyhO,HYEUOKyj,13907,95475,92170,68031,35322,71058
aSSfPrcK,vycyYQuI,oXOxmmjR,opLnAFnn,diIKItJd,abWYAGyw,34602,73269,53279,9233,15259,59287
tpbrGnCu,espDeljL,vzCfMpca,zlOxEFRP,vvYglVAB,ESJPIsHe,66633,88004,35001,23636,86850,10833
GoHLjbNF,ehPeDXVX,ZIanlkcL,VudonLLn,KOrXncqf,FRaRGcgh,25326,55658,15733,65796,53169,97021
bcbZLEFF,BxyPDixz,uxcztTzm,IeVIrvrD,UctOzsUg,QbwReQuX,79469,23395,23914,84585,37101,96385
EwrwJzIZ,PZZdjfgt,vDmGQMuP,uVkhSVOl,UWfyUwiT,QdrgWgna,80754,59853,22847,44107,35422,25162
pyFrAOEI,JjzWzYwG,CyYFAqss,ZjeTyATp,TDqRUxAz,qtlnfJDS,7771,2343,66645,96426,39804,89042
WKuWKtWP,XSKnyLJt,IWLVSwOg,YTjkPmzb,qmQbmLfm,EaVGFjnQ,6295,68660,73555,16567,65771,65671
otXsFmKc,JHWfwYba,WbSEJOcs,pwRiQdQd,BFaslUXP,gfTxeZCO,71615,98608,50263,51958,93780,62412
JeSrDXXy,OmoAIZvm,SYMTJmet,gMTmUulp,bLDvILre,iVmTqlnO,64790,90142,83575,30329,80762,57016
FCTavnUJ,JrqWrsXp,znhRbXRW,djxLXhTF,EKCVKmOC,tiZIaUmO,23489,83948,47073,97749,1664,47029
ypspGxLR,YKKacMOv,DPVSwcZa,PNYAoZYI,UXpleKEC,nXhqAAhp,76766,86399,24725,34477,14289,94155
LnmXdgGo,qGusPQcQ,shdpVGpF,WQVNZKGu,DxQddoHY,MmmSjVfH,86963,28250,17807,80532,62727,99488
efDhtXOa,gleOtrxx,ghVMoGWf,ysMtCZwB,hxFuVuzo,pPTAhhzT,71630,23880,59088,94758,70182,15243
xMQbXngC,losjjwTy,XddSHqAJ,VqVpKYgq,tuVYfPXj,NSxCBUZD,23369,80210,61195,36910,95944,95012
ILXSSUeQ,uwLlJLKv,jyyUXbfy,zjJalpVc,diaOtysd,OkoOTUAX,95778,67784,89298,10033,30527,38831
jdrfrmmQ,izBiyLXK,punVpLty,dayKzceX,tsnSSWgU,MeamxyjE,801,13124,44133,92453,32489,37256
wprSsDcm,oJjIkJBn,dbiYkMsI,EOcmcKqg,VLnswzXt,CAYFTYeY,31255,67049,13576,15680,48707,33837
bhtwzawh,EPnygywc,zwuONDmy,FaGEKgmR,yAjmRAXC,Pbaaedpb,59661,50993,39746,43775,53207,90422
iuXRYhSi,wGgZFFOu,aHpAIxch,KcXgyLWc,yunmoCPb,JjVGUtDk,73477,53494,1043,61902,40606,13496
PjrIyvCY,qkmFtXiy,dUlzRvGa,eUActYIG,dsthqxkH,BqYNqIpO,14580,77822,58651,90669,41957,18443
BrqrIEyI,BvaGSZUP,uUCbGwCV,qjKDrolL,LwvaSveI,gHUZicdz,97083,42178,51179,79564,88068,18705
NzBUzRnh,nHZyfoQJ,oxUEkgkc,pWAOTcOD,bUBaWnwX,jjWbUTkT,58246,29283,96537,5399,37983,64086
wqcNyrGc,YYVskRoP,kYqTPRid,kFPujfee,QwFGcshm,mBrTpRAV,30367,74467,56502,46425,14342,59246
goZBkquf,SeXONWsg,HIRyuuJU,KcRqLWQw,eybthQXK,WTpEePNI,72485,51633,82125,44892,79028,95981
qldKitkp,zmGGbbyw,oytqOVjm,oOncBALH,uAqlPFVg,mGfayTSF,25584,68277,56509,64857,91285,9974
mmjmWgjn,UdvuzTBt,ONSPjcin,juHwcECr,yQzKZlcY,IrNqEWck,10748,18658,48214,89962,66192,65317
nEYXlBXz,xFunbIuo,LYKamuAV,YrIFXXNI,qgPGpMSP,AkgcWJzM,98025,5338,65274,48047,75736,53160
EAVjSyYJ,wmKxBgHR,gJCjwmDd,eHdzwtlz,JsiMTFkb,TanWXSMT,19729,76568,84924,45906,65167,72578
qmiMVvbH,XfZqDuue,SWgbkokg,YnahvJZM,nJQwSaVf,LdTOcJNM,36922,18265,5731,24048,52347,34586
pLBJCeoL,eNnmKciK,nBytStCh,kuiLIlkr,QGaLJmkY,CrgFBaVR,4925,92510,99373,4606,24483,99980
RanNVxJt,GVTsKcmK,hmTCbUKj,pvoZSqsZ,vBcHhFkw,dnbtVdpV,19851,54506,35613,41261,52851,82006
RYpsjQGL,PLIyDLcc,pQCIjEcW,EiMJJdYb,voyXSSwj,YHoNFdTO,19758,93888,17172,13563,23868,70566
xQjFFPjR,fJhRAibD,UEKinUsh,KVBdpZkD,OwjxyeOg,OoCvLLyZ,46910,63626,12912,27741,19847,91010
RNCDnVaC,lsqxXxDU,opsfVOvu,rbxHLOyj,CWehqegN,pnJCtTMh,12032,12085,14271,50684,79141,9093
zzLGcaje,GvdFCDzp,DfMNhlGi,zWMVgAyz,kcmLKYoz,GRXWvvuh,25,17917,94783,88105,49905,50564
uAzotzFc,lkXwAqID,DqZkYMbR,NdUmmTnZ,uqkyKQLp,koBsftLq,16233,39600,67346,62256,46542,24776
VpaVTOsw,muIcTFDy,zykxYaCc,FOWfWfmt,epuwDylt,bVkPwScG,47272,83820,17365,99145,69786,33773
FOsxNiVS,ezAEhqAK,ljyvaMNk,WtJWJDWM,zvJRwutI,BviTXOOX,71447,91655,24740,88720,32991,41155
bHVTmJmM,nOcmJkNv,whYCDfnL,cTuMOpxC,QazOynnJ,HBsRbrwQ,41741,58731,38511,61180,12358,38517
aQBdPVgC,KibKpbsT,sNvcJaxo,BTFdFrPJ,OfPtLrxI,QIQdQpcX,57561,39217,72544,63379,4870,96377
gZYfcxug,cUrgvQEb,FoUkgvrj,EDAlTFqV,GfqJIfGu,dGtVvgIF,50896,36444,7302,81032,72691,54232
dJRhPWJj,iVGGbKLU,xJsEHuxx,DiCXERBa,TmcNsnAn,tyMbqmIa,47329,66199,15947,88362,10353,32090
fCcKhTuT,gbcCSZVX,OWGrTPps,kFyswtjU,vgLhUset,QOsZHqzE,14823,13918,15185,91756,87304,89925
XIEqnEKt,hrMbdIpA,lYnTvCzq,ACjQUhKt,mpOhMhxO,dJfZElok,83168,95298,42316,23223,37037,4164
ungIABeq,fgvvQtFT,ZAYJKbYW,GPdFgnKm,fOfiEDuv,tyhlYiwt,84708,31495,82160,63279,66731,81538
OJgiOByw,TbTBaYeC,GHJrdDEb,JverIMIj,rKEYUtyc,DYlBEjtH,32481,69770,35668,95535,70457,11714
sOUSCYIO,AnIfkPJi,IjXnjdIz,WxEewuRo,FGeQLPFw,OYLciwDM,93281,79100,30124,5249,16228,78560
RsewNSqi,PgDjwqGL,VTYtihro,xJsDzyuO,ikfSkMur,DPYpoQBH,14220,25273,9672,83024,95778,69887
cDdBQlEm,JHVRJMDS,TotSGFdI,uYHfHNEW,WSLHrZGt,lbzRiavy,17923,52753,49777,46411,12785,81240
PnRpsVga,mFolgsEn,pemWSydW,YlfWKBpM,YlqFCGLk,WwFmhsKs,63384,10559,61880,4615,45956,74677
cDdYBcBH,XRKysXIE,TQijUysR,xYyfMRog,ltEcDEQu,NDPTDUNY,52418,6506,56132,51440,17782,84105
jwsUaWMw,LkklwTQu,DCHQvuQB,DEMnAneE,mkLNEbut,qdWjcJUs,89195,29618,18910,48338,84922,31047
MJYCsCWQ,pboziMyt,fMggRrVn,LVKnEhSc,dtcWmkAr,Erhdohsd,9288,69682,1026,34302,63376,57451
qEOqDQsr,prwTDRtd,ZXpHYSeJ,XvVGVTsS,btosQxzt,RhZoYRJx,13888,98025,34731,17721,67348,27257
uBlfKBOo,HPaYkLbI,dYmvnKse,SMWoACeG,ToNsvBkI,vxSuiRKk,8782,94331,12485,87432,71408,71599
nKNRrYNf,xmPixeTL,DZXbnyot,NQSALBHV,QFXCFvyY,BQKfixHC,61090,25625,68970,6104,92889,60310
qMhHrDwn,xFvcOZCk,OygtbTEO,vJmBOQVI,MozBEdXR,VTiOfddp,63638,6254,52545,39716,82312,29229
mOdIIHUT,eNbeGZjV,prWJQHFt,rGfeTOTa,tfqGfKwM,SYLFRvmo,32353,95745,8292,92028,84892,95662
dbBLkaGa,RgGXkxfh,dMfJiZjq,ZDHGNUUd,ncVtIImD,nllpjVNb,60227,6940,46494,45680,62605,42890
DrxynVqN,uNPnRPbB,cRhffKmG,HYaydWQf,GtyWkImp,WVbsHwnV,52375,54534,95968,10941,39055,67878
vTCnBBUN,cTxHdGBb,URWANPFH,SjllrdRi,hTyAeiFv,rBUJsgUU,88790,91017,59381,58607,86313,51545
QBXcvqIN,ThdFnrte,QJFIIsbg,cxJNKjkg,JHURCbKG,SibogLsJ,33950,55661,88976,54019,26854,40279
OYckuBKr,dOawAabX,euIRZVsf,fGjVKKHR,pnXynQvc,UnUomQWr,56974,59972,75691,66032,84284,18688
fxLEaOyR,cWgSmgZX,NzyWhvLj,DPXRIxxX,OaKDtjrB,qKWSKMks,6533,23011,36576,86757,10631,46477
glMwhwmA,UGAcgLJs,nCidBCQe,OqmpZZQY,PMFZlKod,tlrdhPYi,49334,90086,50121,21862,67179,92485
hjzOlDRr,fldlBhOw,voIPooKC,npqbHOXn,NXLGzYwA,daigIEHL,62324,44611,57365,59576,48103,64321
cbXGEIGP,daLszPaW,StrnKrDw,sVDCiXUU,ufXLaBSl,ExZeRJmc,20271,4819,87801,95920,94942,1823
ynRibgwu,tYyOUxEm,xlXCHumN,BArErLqg,IICXCzwn,ZGORJlND,53390,27772,4529,36198,54654,25500
eqqzSsYN,ZDVyhyJs,UzQRXFmB,XAIqPLYt,SIFSgMYr,fRdwMLtm,95842,29312,30561,76960,20387,73559
wHWtlhfI,aOrJEyeG,PMhzMuNO,ctdbaIsS,OtUdevqC,IsKfhgOC,70444,91850,31637,90826,15788,13360
jETMOPgI,oZdLnssq,WgTcJhOW,cpdCrLym,JUxUlYqv,VWJJoBFh,7732,16504,53082,69251,2645,7378
qkOtzGhD,mnFQLUhN,RodpgmyF,GuNCXoZz,AMNIdgoC,Zmuwocbk,23051,47522,77402,19251,62181,91288
TObeQYBW,yNSbDBRh,LMOnchGD,ylUNjObt,ZleKtdmU,bfZVDjjB,45917,275,67527,73711,54618,54285
TnZIovEt,JApEMLLr,gjRXHTRv,bSCoYfoF,ZFUKkyos,aGjRQkpj,27148,13463,2206,99847,99455,53846
eAEPHLRE,hsglVfHv,HBvDvtLG,OGbqgEOI,hQPxPCJz,KZSmQgSl,38100,66293,66583,18807,47580,81632
OYsUgEBi,IJhEZjQR,hNcHvhiW,ASbDnNFy,DbmXBPOK,YUNtTiVu,33153,83579,31259,28714,8293,65413
NymHhFgP,xQchVXzL,xZjpSxFg,sccXwglL,GaHJvKRb,OnOLrZDZ,90000,54831,66542,35036,82121,65228
dCBBXbfd,bkaBHubI,GkcdcwUM,VFMcNllQ,HYJULFHJ,EKqILJFw,73665,5053,95126,3228,13095,37597
QXDzjMfP,LedKGmdt,jUURXIkh,ivStGPSQ,itElmBWs,EwpdnsvV,48050,93962,66122,93714,39003,8547
GiWENlMh,HWdxLlOI,gHCvuYPm,DrPSuwKU,HZeGbovl,jfsOJJpM,55386,10573,38242,2361,61653,88076
ggVbSMry,OYUCdEUR,wbnSKtPF,YRAXhxpG,Uqhzmlns,GQaBSPzd,66848,42724,1542,41768,66976,46033
fzAqBwAp,tUIPnGGZ,rUUbaUik,kozZlvOs,XZTdyZZn,vDqBfYpo,27487,65938,92214,66741,23767,8611
ChLnQhCy,KUPnSeLl,eyGBmVBn,BqqmeozX,DdeLbAtH,SapbZZow,25403,29914,99627,85439,85027,97085
ptYFAOpt,erduQlwb,IRdhQUiZ,isvDgFBo,AcuCnAFi,PZppzyxH,70257,13538,17141,34339,22982,70726
LoOdgnOl,jCvrwCEG,CzxrjENT,fcKTFrez,dvSBiBwz,IuaBZYpR,29504,71371,56382,12333,83261,83506
yQaMaFNM,avrSRHPR,cGwXZrHp,btUrrSrU,IKlpOWAg,CNQmHWIB,32883,72527,30241,44013,70246,90939
IWceXOsS,iQAPUUYx,iyCSglCg,HMQxfLoW,PCTdXkLG,WeZSrAEJ,18748,51942,53556,30255,67637,50023
MGeXuSgx,OCcpyHUU,IKmdIHmr,SDWRfFKW,etbiqMPr,CKXncNyk,50815,44958,59031,57184,62289,47913
DjnvAnrO,WMDAOPVV,sXgJYqMb,AMAEHFrt,owwJTvVK,rKjctXaU,92115,61541,76948,611,29908,19751
fPXfbnWx,vXpWSDgr,YnspbpBo,kInuqxAL,iNoceYMb,JDSMCJIg,8250,59993,16904,59961,5568,48058
dhzCRIdk,bREMZAtW,mvBOMnJA,sggOSjWE,sFqLozwt,CpadAkET,47936,26664,80896,77805,90205,62300
REWinTdi,aIgrvxsK,iaaPMwuv,dbeZvtsL,BKfrmFpf,WWRgdrWE,57374,15678,62304,72611,66086,4597
hIrqXPCQ,sIXJbfZu,XsWfKsOE,FzqGGfDl,paphQHYk,WkOlEftE,45058,41284,45193,40345,69363,74314
kKBcLAAz,wIEhBvKP,ZnHCyyjo,AUkgVzJP,WANJJwvb,WGWFESzu,64098,45350,76906,94074,5414,72287
tIPbUtEn,vSUOgHCm,JMCwEpYi,JfDbAzGK,OiRLsSas,NoyHsJeH,53201,42838,97553,70967,44330,1034
oGEbeDiK,bbrCKAmV,aDUbYYpy,IzQLcfOw,TXxLLGht,JHHtrzRr,69626,92075,73716,45032,61871,17474
VPeHiSrY,ZRRfMuxO,cVfgBdSo,SeqzwZmH,xtNYfQiW,vKgwMirG,28959,45030,1243,23906,61336,62789
jJOWOoRY,tmdRYBQE,qDUcBZKc,sbwnBiwA,NCjoKiAM,iPGADDoL,71047,58059,66947,99131,19862,90249
HojJLmOu,ciIkCFdN,RtecKiYG,ANZpDYEM,UlwPMpqm,XXxobVmx,96645,62215,16602,33915,81160,39893
mfhnVZcl,AjTYGxcJ,mBBiXmdC,cKCwGwIo,fyTJLwua,WmUpvrRC,23338,58776,30872,95201,99010,7682
EnmWlFDT,mGIBQxYu,TDVJQVQX,oKbxSmsH,xEkYhUIF,ZUcaPokG,92497,11908,90814,49736,23795,77105
cGXyqNyS,KBBxfkuA,RXxWtGAC,xznrzlqs,LTPUPnCs,JDlTqkTi,38990,21411,15051,68974,28487,18869
iKTDnMPy,SOxcnTKN,VVRezFrX,SuwBnHCg,lblfzbca,bpCXEOHV,3223,63047,16397,5186,44,70156
UkCHWmXD,IwTwVUgb,DWTMjCpL,hzDwwhnm,KGrJuHsX,yytzQTSc,4224,13368,14575,58567,57650,64024
gFdDUfcl,WLwmpdan,rUtZAzAf,bsZSpjxh,JkmhZnUz,YhEqEPlR,55558,24669,85207,80630,30996,17704
LFThRVVZ,oUdCXHGS,tZFhMWIt,WCymWOaK,qLtEqtun,WGzakcjg,89851,85924,26853,89505,29961,60798
BqEqcjAf,WkBDffET,qsNuOewE,bQgAsrbQ,mdOsLgGq,yCgsBQFh,65408,60823,28517,73033,8063,32171
lsLPERPk,NURtyUEa,sczYwBqi,GAeEUFeh,GFMVsXcb,oWGqKibp,10426,44994,33208,38332,76429,62218
PsjmlwyK,MhgLoURf,DpdJbRmr,bwYzKdSA,SxQqlDNJ,nOmlMdLM,20945,20495,70903,73188,81241,91376
GZkwOJht,FlYqQKzP,nBoBVknQ,sEOCPTbs,FJWKOHQU,KJlHsFCa,11162,86963,31243,22487,10341,76871
vgicMXMs,glILYwjH,JQvaqhnt,UiigsHNg,cMZESmoq,IhGlcdTg,47943,87803,3620,93567,19199,76278
JdgRXhno,NfVJWWfs,nzmDOoHk,SowexZaj,rOWuahjn,RoVJlpwL,38537,53332,25759,50609,18375,25289
oUBhsOcZ,ehpluKLG,oyYgmVFU,QYakIZiY,FDmgBWvj,pXFdVDjK,68242,59271,19458,1416,55400,32997
kkYmiZGF,EvIJlnGF,nokltSgQ,XhbplXNq,XxWxvztL,jJcQKnkI,97905,89976,85962,85373,74243,29785
ELaEXQjS,iercifoL,EyTHmwdI,xsHnazOU,bJykuTLT,YOkLGJxR,72080,63891,59402,41483,30572,99135
tFAOngtL,ZsuaJOPD,XRldDirt,Dsszmtzf,YodpOQVV,ROkwzDIo,18138,55871,34542,58691,83506,87625
WLYExDUf,CoeFNfME,LirJWiSw,sPcrzbDQ,uysDgxwC,DyxKyyya,42524,24388,14235,10544,16952,60879
CgdwsOtn,uxoIcafQ,gPerFQrG,XHRNlvNJ,cnQjtSWQ,ZcdTSkbb,59340,35261,50429,36241,30914,52169
LIecJSgr,nLKOFPJG,QYAzcdCk,JJCOPRmv,qWPiUJAv,rJtPfOjr,12991,78117,75427,13573,7723,70405
HFAULwEr,lIJEIYyG,mtNwIYjl,hpgRrynX,IvMYxkos,SWtccMQq,20631,7553,47000,2919,80985,31567
YxosFUpz,heRlyBLO,yLPglNqV,xVZVFIrl,BBegClUR,xQjjDZOf,13618,74294,98146,3340,4806,24024
sXCVjaxS,QiFyjdte,ZiFBZnEv,KlZzsVLS,ovtkeOho,goiaTWJU,98232,78899,36619,1032,60762,16074
HstzeHDV,TtmWJSPc,uBIodCzz,WTzzRIkR,LpBnUGNO,adNlJFEn,93399,98567,73805,17539,97222,1908
HfzPiavn,TcuXkYnP,kKUuzNua,XuaSwJRM,iBJvgCma,KtHBAEXV,75104,27657,41556,45988,17122,59048
BIJpTJeA,dvCwltom,PptKwyhX,HLzVtZHy,IuCeKZKf,vwpRNdLU,1044,59185,1847,5423,16920,18476
mHuNXbus,uqrOfdjw,ilutIeJR,EeHIFiYT,wcuyHoBG,vPeOTQGM,41305,48803,32072,19972,33926,63502
aiKUeohL,lWHEJKtl,ZrjHSiFe,qHDWUCpf,maLDZbHe,PdTSHber,13403,30406,87043,11826,39229,77617
EKXgjlXl,WZjxgdSt,UOPVIybp,clMiRHtq,IvsaLotf,gSjVtahb,742,68659,25678,78628,14527,76174
ojWLMSmQ,dnivjpnj,VdUXvhxA,swGtkIVf,SNnvzDhl,ObmOtaqE,59017,71095,36216,96374,92617,59183
LglIBcPy,gpHAdrpx,shtzGTJn,XIFQrdDz,kYqcPNSI,XuqEKgmh,62493,85520,67891,46585,52311,90305
vvfRzPdU,aKwHKeoI,QAupzEsL,GuAUcoMk,AZIjyFvC,bwngZUce,12153,59704,35768,94184,45325,4984
zoCsKzLK,HRPNwVoa,epebpRsv,MRuDMlHF,uaKrOtOk,xYgSHkMq,801,55292,46440,31080,31529,50869
eVjDMdpT,DgeJZezt,cRnWFAMy,oJFtDlRD,DOJuetDM,nWeFMgPX,57442,70642,86748,11654,75560,62476
pyiUYCCJ,aTswQAbu,xTQANyAD,EgpxrCyW,jUQlPtLl,ZTUsLzQy,25225,3723,82602,62948,71754,26608
aPXLGsRh,vwtywUNa,IOzMQlCG,SLCMCTwC,DipxZlox,vvfXODlC,40435,91896,52376,13169,76619,96549
xFlsDhVJ,wWeRKuLr,JVFbSUUb,YLsNxexd,mCZTdeRt,XMRfczCf,24630,67733,46430,55473,20232,64410
mxFfJhmI,kECwULVP,tjkBGNFq,njMCXwSF,HhcpbyYn,GpXBUYUF,83187,7500,36885,9401,27241,43433
WpjabjLP,uvqBnJRx,hLNWZHKn,zCayzmXf,SZVIuvzE,bXeGnDSF,28413,19987,56478,87130,88546,15797
NPkijTKI,eMcDVjbR,SynVIfQL,thxQFRTs,DQXuVKEm,QTmrREIK,57367,59038,2978,67129,91627,91163
tkXJBbHH,SyydgfeD,EpyxciMG,lpROthZM,dWzcQbHz,uqcebMWI,83095,37887,8308,92960,93891,50476
YoFjPgUr,mvryqxpX,OAXOoAKU,GrsurXiD,EPtOoEEM,ncaQsXhV,25675,45028,21133,22327,87533,76865
xBHRePZy,AAEgrBJW,DbOohpjV,dDFjuTXm,mXWwPlss,yFgmUKqD,17794,46482,75640,24380,41099,96874
FoRPTwCW,xlqiuBkr,kvsHnlnp,fhKDZgKe,upbjHPfi,sihSCVpb,26424,90652,17513,21719,56191,65882
FlhQijOE,THhqEffz,DwursotJ,etTzrdkL,xwwSKMeq,GHyXrSZq,87712,59131,89767,30289,38314,55946
LfMsBxsR,JZbQUGYs,lCfIJDMM,ZwnMgvkm,epSIWpmu,FeQWQojk,68722,203,73248,52912,66156,33040
RDObLHHA,hlegMglG,MLVowNkk,FkVYQWtR,jRWcQJDy,JCKDHSkP,28987,53576,19187,40400,49311,30016
dUBkVYmw,lqoyRLgS,PHdTjpHj,SydSljyx,IhMSzrTk,daFzSMlW,91781,86624,52993,15525,91685,79744
gUyPIPcK,rkflNVlJ,DdeXhCyp,oLZJqIsi,fLovoOYj,UDSXoTNt,15106,2293,14312,91409,60765,48495
NxiejJFm,PkZkmWEg,mPHXwAWs,RjOVpMNx,qSGdeWUj,voBWKjHL,42307,17351,46162,43484,58159,56810
mxFVwmEH,JsihlIcJ,hTlIGiWn,OxeLaRQA,EZelanBF,sgcUiOTw,82971,60255,87575,52936,74238,86921
FirMyxpF,VgqHnaRE,qtkjCKtM,MbnWlwMK,EgMFcYlG,OaBUhtKx,78062,89837,8563,98722,68204,66610
fnIiKzlv,eOPthPDy,bTckNboH,gHQjcBAg,SdnoGDyA,feqYPtog,98598,57004,16209,7986,67239,33311
renNNMTb,qlRRunIp,ENKQExgO,NIrZzVdS,SMwreeId,kQyQhbSW,9034,57312,94546,33879,85120,75459
TipezYMN,NbwyMjPU,yVGdNXhx,wHbDEbpl,RwEJQauj,mBFfnvkK,7904,31999,45150,9154,62654,32597
PVOiTwcc,JlEiTbuR,GhwoHNIm,KrepFzwe,KyPLZJrI,WMbXCHxU,16472,5209,89549,33237,74520,6442
InFkDmxS,ZfWJSjwj,rMNTAeNf,QnhEQZEs,vFShHBcK,eLXLrxpb,68283,10604,86245,96289,60029,50681
qxvYEFnn,RxgkRywR,nXEPuuGx,BJofepjX,aaZzhJeB,hEcYtzAA,27569,8798,24050,37592,49926,15064
ZDLCZmDJ,sbfAdRBv,ILnvSgly,oPAYYSaN,KyZLkhtK,BFLWnjAY,96253,99932,75177,40794,13421,43240
pXheSBbW,uqiAdXCe,fxRxojuB,CwuUNicZ,hEkaYlBl,BfsACBTs,69781,53891,33344,83469,79376,58249
NXRfOdSW,uoHwHtnw,vclDxkHk,BQAYUHho,zeEOfZLL,clwiSMln,32474,97408,28052,98458,58697,27876
MEJwPqXK,LIqFkGUj,aqRjdgtC,rBQdFjlG,kzdEByIi,zpvyBqOm,41698,32272,89993,53028,63426,74126
KjtpBwfR,yjBbsSci,tCakHORb,YsSQWiJW,Pzbwbfky,sxSRnpEL,60102,29397,25447,33263,54388,9832
uVObZgnM,XsCVdaiE,EzIkEGWl,dNcjHTDj,LnbcPhkO,ffeNQUbS,7436,85107,39141,7254,59802,86247
uzcNdzSX,mHFaoIUJ,gwbhVBSv,ecILQWku,iGMctxvr,TBHmvaib,15709,44340,94137,91455,39428,58489
DyXGDruO,aVimApoQ,OiTrYkTg,cQKNyqzD,cQMvSjjt,jQmcZRVo,77107,27704,76752,55440,83087,68625
LSBOpiJl,XkdDwHop,CslrrBuz,XoKyzMoJ,UTzbdufA,vjTRwkPo,21260,8620,70967,38808,11809,792
cqJZkdbM,TxMHpJNL,ujBpcOUu,oooRmMlJ,FAXbBQaB,prIApeAr,50085,76404,2214,40123,12948,57230
tLkhMGjY,OhYAzZcs,gliWrfLP,UDkimMwf,uvtFutrP,rqwixcXD,10210,79673,89843,50216,27778,59965
AlwksVgb,bxTpvcUp,cxidMAPP,xklbwmEA,OqgcyAdI,PUduXZkW,72965,37186,55968,33421,26612,8955
YdAYYJNT,uGxHUuxV,EKSQXEuf,jsKiqwwN,HhbpOWgO,ngINqvGq,90471,72941,70257,88512,7137,76538
DRqyDCMH,haDkiDpU,SGluSZzp,IqhqTIxX,gcLFrwhM,nSehLFlT,90190,79168,69108,43992,69784,74176
ePZgSlLD,TUFsyede,SlvaQJiK,fkFgKNTG,vzwFfmCL,kqBxxQTC,76049,68976,38308,24756,55077,88668
eTWCGBoV,BCFRwLbf,TtkMEIee,YxBoboew,rFQzHUOp,uGSaShUz,96787,74846,16134,31312,48861,56421
ZZENACoP,QIHwonBy,gGIeSJNK,HUfOjPRQ,GRaGMJfR,UrEhwZdh,29110,43129,16371,93096,34664,70489
XcWcYwVo,GWzfJEQl,tPSJoZlO,ydmSPjQk,CgPTBYah,fdqgojZv,11392,99992,67153,57130,58816,82876
JmVJIXfE,kgZoSduy,IwVDNcCp,SvUbKtNu,hqVgskEB,eteEbkQV,24286,68578,2599,96505,43242,76900
dDnXBwya,FvoEcWSz,vhkzSbEU,xBoGwLhV,PlHVkgPs,opQKEVIp,95736,24440,4626,57936,43228,29330
ehvTftHG,NtRqSrVj,mFuGVqYS,rRPTVqMA,AVatAKUj,NKZRJszn,73186,47183,5026,94745,25582,61079
sfLBcgyB,mKYfzjtI,DfyaPnBB,GUpZtJJF,YpJZPjBj,RMHsWtKE,39854,34059,5872,62494,25852,36044
ZEEJIeeT,woYzslzf,zEUUtVwo,opnNLXXR,tOQzUgOB,alrkbrKV,26611,94401,25789,89456,62082,16137
XjwLFvpg,wIjFPzzk,jnRrdSla,xvLaCSGq,jknGXxxE,hIfbAhvN,80860,2169,7266,38739,32047,83221
ShlKFcGk,idyFJYzQ,wsAQRXwd,AihKsRsp,UuQXXDLk,tMesPWFa,16160,2987,26766,79992,11995,5477
IsBiHbYm,bgroUWYe,XufjiZSc,qwrpIWxF,shkjAKjj,XdhaHTDj,75979,28396,70658,54198,63407,46743
ifYQGHSd,RwYlfNiU,lbNOXIQe,UjlcqnJK,MGmZyfpY,hvSNOJgG,50060,71368,66917,92558,74251,96521
iYzVLTGE,gyCELPZT,HpBMfgPN,SYkqRRlR,bvcmkdXa,ObgIUHGe,38769,93329,81016,45456,72032,90558
NbsumvDb,nivMWpix,kyECygZE,hMwiFKbN,CityRPJE,NyqDqEcy,98261,29699,47138,92598,85454,93228
XCMkDPCP,ZbPJSfmd,QmXyXUMu,JBbTGVAl,MnymtizL,YGmMLgRM,93429,18866,52684,64423,83767,90447
AwHRlQzY,SphThJDA,hUdutfdW,ngiTFtqH,XnjqtBUI,QLtbpuem,9168,13338,25033,1034,8291,59188
oKRtAXGP,OIzxTsxQ,JsrxZauH,cJRIQqIB,jiJqVqWl,ccepfSrE,67048,59358,65770,23635,39929,10687
xlrMPnDT,FEnhaNdo,DkEWjjGr,pDozZPlY,WqAWiUJU,EqLhMhLK,67885,67789,52109,30989,15104,23801
ltEFUqSm,BvmEslRJ,lmGKHFdc,cRQPRjZl,kZdukGZE,OUumDLqk,47752,57851,48455,33198,79969,8082
SnKufcfZ,TiiVDRJl,dosKnZFs,nAAuXUby,EwHlcsfX,UDOnqKrK,27356,95071,34830,3990,39470,89841
qoqDuebW,giiNxWYF,eutnoKhE,zCMAyBXQ,iMKIyrzT,GJyktveW,47583,29588,37438,61186,50448,11301
zcgXASrJ,RxWWxrSa,rarMWvWs,HGRDNcuZ,CjqsKNLM,hSahpnme,39242,55210,81571,40466,94991,9880
JnpPCpfZ,EBBYoZjr,kshMLIfs,iPsNZYaa,iNjbPWLl,suPaYznq,44453,22542,47106,94770,55253,3763
SrjjfQaD,WekHOewM,mPbagsbo,jgBvIxbN,FnZSqjRh,SvlvvdVV,87096,82042,14337,77707,27520,33037
rXeEzNiI,RaYcQrHP,arrFVdYh,SyhTdyDM,OgGDjpFq,opolugzi,89986,66168,95398,73653,92213,34323
PcqdsVta,zqRZyHlx,johXSrOf,FctjtsPK,SHHolljb,BGUgFGOj,56204,15416,91990,11208,78052,11547
LfHQlsYt,uGUyfSID,adQJXgRa,ajMNdvjs,saYUFfVn,GhBpImZx,64675,18432,28498,52573,76136,7628
ECRvoGsK,cwHuiPbR,GRWuxqdN,BKlpVxrL,ZUrVDsNt,ZnphmBvi,34039,32862,87187,24153,37438,46046
NxKqMtDH,UxqYyoPa,sfcwBStf,hWXOtcpb,VXauuEwg,OTUirAVY,27659,26741,97374,80350,32846,38914
ezubFSJu,EDNPAqig,MuMxJvzO,aTTDkKng,JqGTONPl,DBFyJAVW,35944,56412,54415,33275,13949,98895
tpVZxSeW,LLSBhYgb,QQYSMzrM,iFjHNBRP,PluIjBLB,nUZdTKoB,51192,21105,31015,77534,59768,23285
UvmfQEHH,OIzVxWKJ,vxBKgsWg,ZmPeRdqh,BhkzCOqp,dvApVfwr,16020,60756,18470,65157,63781,71343
cVaeBStr,iwXnQzDg,AMXrnKZs,JPjUOhFc,FPNBnOso,vHjjWCBF,16233,71673,13724,16300,54840,31036
GKxoxesc,ODWkLbLz,dhugadSF,fRWdjPsg,VFamsGlh,FGNtuYWu,21346,53854,21284,57396,2779,42348
uATbXcng,RaPOKFxh,TSsRTVXz,IoJjOLFq,qCExbufu,iNcHgBXu,54056,86778,20259,42765,84181,44346
sZHiKmiG,FYXwmjLw,rrwVwJMS,rTTzxTlO,LhHnOKER,aPKQiXrE,86165,35682,10644,46253,30300,1976
aWjeDUWn,jLyHeyQN,BEHXhwbw,InAoTfwU,fgqDwUUp,qxIqjPgm,476,6560,49062,94881,96171,62692
Pcwqrjlk,bffYSHnm,aLvwXGcS,rCkIlhiW,YrUoVEvQ,GMgDyXKx,22037,31400,90112,6203,38111,21958
oWqiZptI,mVdeOLRz,LovZqXyI,idOOqvge,pbUxHBEq,aCUKWfAM,34247,77993,77087,73297,99065,72194
LoYfheNc,FSjRCBaw,uyVsgDAR,tWTuzlZJ,QVdfTlwe,JkawnjCg,72914,42159,45049,45168,39161,41176
sHgIkvAt,QMWROUdA,UcubOCOj,OGrTkasZ,nxxoTizX,eKXpzfIR,70533,57339,19904,61033,20179,15358
IPvIDoDY,qBqYSoTm,PlyBuLTD,npeQLEoS,WWrxOnmL,PbCIKtmm,86289,22461,2308,92373,52504,11810
sfSHFNam,qazqLvAv,oazZegxF,wyOiYcXO,BGVEBpvo,PwuzGfoH,71186,14831,56399,27646,39754,55243
PJbHLlUw,ulCVTSrM,knDbXlFY,FQyGZnrT,NfdAUJoo,zECFpRWG,23978,94566,87690,16913,45421,84351
ZpIHlXPH,zKCxwZGr,JZOKlszu,hWbZrUni,AzaUfOfA,xkKWhlZR,71737,61620,53183,60504,36590,98947
CWKMvNzj,pdZPIZSS,XOoaJWOY,WaNlFxMA,UyGrApRK,GUvxdRnp,13315,94859,69773,7947,74366,48549
grBLlnMK,UClMkNAV,PxrhncfW,TawiVdBv,EikOJsOR,dcxexAIU,32552,30504,23123,5124,33384,19461
RcAoMNSS,LWkBewhi,PVkxIdgV,YdHBvevM,NgYAvXMT,jDduIOwO,8151,46003,67368,31796,60124,65341
tvANeFMN,zBEAgSnl,WoakcAXB,NIVMZFQF,PSmwGSXf,YzcVJdzn,56058,20701,47281,63324,34857,77226
UMFPxZnP,rRBZXquO,zZmCAkgB,CkjKjovj,xTpLhFWp,EsNNsbKt,17225,33263,13164,20950,78639,71090
yihkyyqG,OkUSlACZ,IezSsdHQ,CvpwtpTy,hzDuhxiO,QTDgdlMG,15206,72361,14771,56747,1046,40260
cYBmvwlH,LVQtGrYm,usaLnvvb,vNjrwWTw,scIbgxxH,jUtGuXYk,52041,68539,38553,56778,29340,57081
urLzvrAP,RJyvuQbf,cjNtYSnK,DxcNpxfx,BgxPsWXq,eEqIXrkP,7557,52748,87821,79799,93092,77545
akXLjzBo,nykLAFBr,ZLFZkcEt,KdmfkZLb,jUzROhSK,eICVTmdH,50564,26098,49862,1251,35100,24622
gGEWYHEg,jqZxExzO,wDJxYBOA,wuEKgwzL,xFKZXSOA,xevAJfiO,76661,12181,79953,42979,79668,44978
vvBHjisP,zXKJPLvN,QbIqOZJS,TNEMhkeF,nJUaqNJS,VLMwfElk,69174,18229,63868,45417,44230,18574
nzbgyaPV,yWJGeFDE,rwywzZGC,LXjzmgOT,qvaNFvwD,KrUZDvyc,92696,17946,98757,24334,55077,4908
ooepDBvY,SWYkPFlk,yBzwHQzH,aFWrNmUb,fmixLwHO,QQCjLjoW,79478,73814,65211,85670,69565,40113
VDfhCujg,IFpKodZi,yUnyGyVT,BBKLDzhw,draAKMzM,hSrpRlck,2796,82534,25917,50944,79225,92879
ZFWNMHii,CXGDjycy,kbWNSeJm,GeeAkXqi,ZSUvWTJF,HyamVdoH,78247,90030,24419,45846,97197,44265
XjSSrQfm,PMGsLoAN,rIdxlbHZ,skroJlsY,wrLOFOZs,VnNxWcJc,46959,3916,47178,83430,81514,55565
QkcbjAIf,iQgEbRJI,hTrONAKw,ENiUHHcL,NaQqAUVp,eryKCEbr,52955,3386,1755,1157,51580,6732
PVeGDFcL,EBhleNKG,qJRSQfEa,APCEcKVa,wfFustYo,SzvOxkYb,78133,41821,46626,81241,1985,11828
hrHLygCw,ONawgHxj,KPeCygAL,TtjNCDsc,cceaNWWb,AqfZStTV,15176,40256,65026,45828,70265,16536
oIvSMFWI,ReFoXYky,NEzmoKaI,ISEINKiI,uJYgtOrt,GtfZKfXI,16403,80137,49602,92237,31936,11236
AUkDOnjR,VigbUtbp,YHsdyAXc,QYjRDQkB,VjbsyaDS,BBEMAogH,66324,80566,27386,3982,72964,50052
KZStFlYN,nkzKrHig,RtTltcoj,BbiOQhmh,zhmnENxx,FOaNnZes,16118,18790,57892,69871,97120,45390
qyFXWgfJ,mAbbdFkb,QiabztNp,qhdKVKZJ,LVaVmPvW,UaozJBMe,14690,39380,78329,31772,3560,56755
ZCIwcejA,oojuKArT,QqcXwgbp,EbhZFhjE,nnlOhAOH,fFQFMrir,19184,7476,38681,18403,5728,27682
MCtnlGBP,MjDdNkNb,GlDSeiGw,RsEioGNR,LNGxFqoC,kzwQUlrA,57723,18576,33292,56297,86072,69939
HocUbAvE,rwOrYaUQ,EHdEUwou,yrCCnBVT,JeopWKWT,hEpzwpUB,56186,52640,15432,98271,23190,9406
PyjxSySn,NLGjIcXJ,enhzvluf,mUUCLPDl,jJYvuBmK,GiTNAQRA,32296,3295,17849,69588,48858,72380
XxasLLjT,IsaCFcsj,ZoZdMCee,deteyKYe,ECJkEyyM,WFYcEFKj,74087,92467,55345,94496,76653,26643
GtBTEqAy,ffcZTAle,PssNXRnQ,oisVpGgO,HeHqmODf,FEJfqHuI,80140,28333,29829,21945,86225,8945
RRQrrpFL,CVIvgonx,ipWMGDhX,ICEAUCPq,PcBvebid,Uocwmsat,68549,77533,22496,66083,71059,3516
atmauIZl,pKvTsfdL,fuWHrZcr,ftkOxbvW,sWMEDJxI,jYTSkfNp,69741,65254,62290,41225,79092,56819
uXWWrTpT,sOGUxLaw,EHuiFQjQ,ocayCQIU,DcRsNcDA,PEiNAznI,6785,32573,191,67319,84826,53538
iWjWersW,iDeEsYnw,PwuadMzb,mVUgjngH,tmjmAJeO,OPKwepmm,10591,27742,6167,62480,68778,67750
QCoUfDbM,hNLkXKnn,MYhjSdGQ,fQiaDQFI,ZJVzTPgv,rAoKPdFG,48265,28967,7369,88943,98728,42922
KIKzloRZ,UPrsifBD,ZOBHwowx,CsJAfguU,cMnfzRMa,OGcLlMQC,72553,1747,21733,23091,32673,47288
OrgoumEZ,xXeaxBnN,pFqjLIkN,XkYlfXOe,MvgsdCGU,ZhlefYgV,72991,97924,16097,29515,85324,18154
YIMtJvJZ,nHdPbQhd,HbaKoJGW,zmehpeiN,aPopaZPU,wHxfjYAN,14785,79092,16078,99289,76293,97893
iKaNCQmu,gbMzGDjN,cOxhnygk,FqsepTVT,CRWZJTLx,gCrYmKqf,16174,48728,49116,43373,40203,61901
zFIcfJmz,vCuVhPpQ,bneaxLnr,qzUqzoNp,NeuJRqTa,khPReRzU,95576,53045,17525,96018,51879,66396
dHBHzlRb,QkDoanZS,cbQNOUaQ,GpQlPDjU,lHoWiWtC,TppFuPvr,6139,46791,69750,97835,63021,57507
hDsJVGxM,BwiWaFcl,pHuLvNXE,evCBafYE,ClRbpNCf,CvRdnVJl,25155,78446,2442,89852,61854,95294
FQcZXbim,NWCPyeLs,pHXyQrvh,lyOsUEBp,VGzhvIeF,UXOVwlIh,52805,87243,48872,59190,76240,90488
AYurIqnk,GIjwjOwl,CupQmgXT,whMHIlLc,QVGcFqUY,oPHsZyIj,91095,42051,60066,80864,41503,8700
diZZMcrh,CoHxCAdR,LDJlqWel,ByaONqeI,sQHVoRIq,phEJDdxY,83888,99217,58782,73559,76156,37050
DyxCOgVK,KXLdwsHe,YkoAiSjO,VECgolkk,YrvgelsI,VWXiHiPG,31140,18200,79253,6155,92138,59332
hPSDroAy,zKDWLTOf,ONQrqEJU,OTuyBGRp,LDsRsMCZ,LDELmIGo,83201,24348,47297,71864,50786,96578
wSFvBRGQ,enzCjNsA,MBppbbpj,xWDknWmz,qtCzRSeX,OusLQEnH,52768,54324,69972,61650,84137,34868
kQFmrgAO,rDqlMQTw,LBlBuvlg,GnkxUonS,jyqXnGCF,itlbGZGf,28616,87561,81382,89186,48318,3
gzmLDQcN,IyyaMnPx,FSXqMBhO,KtcZKggF,qjimWFbQ,yhwfTNNZ,61236,63887,1843,91930,1389,41773
LjQcnLeJ,YhIHgCdr,glOgvQbj,jtyvOVdN,jopIgKhp,AZspgGxe,47980,29621,66620,92500,8012,11260
rkmvMrIo,XwqfRAIC,tahfBWMZ,ZBZTdYvj,XlnYaSIz,GSptpvre,80653,72104,71372,10058,67821,22214
ZTdfWyYI,OktTyoFE,kSdikHgV,spRTkvcp,pGegUCpA,qcPseywQ,76207,46665,65125,22339,74055,63411
KwYIuGSW,WdqQJXtN,kVlnriNb,ciLoMRBT,xWiwjFaS,IijwuGYn,64163,69289,94901,77174,65011,4645
xOgUdhys,jvUjaIQQ,czKlTXKu,HhMlVXvX,vtSPhpHD,reiQdQtG,65547,12819,71941,6950,53477,44221
hDklsddQ,vPxNtACP,jZWldrzp,QyNkXjVl,ZqIeMTfq,fOqPkwWK,93538,45689,10173,61772,41370,52340
KyxwmKsn,xgkqLjxW,qVpYbKBG,TkYUnpQu,APLvIWcY,yYpaUIAw,60805,4156,55086,9664,75136,75773
hFVJooHS,lZAFORBX,SdNqMNNQ,ogVVuqIZ,fgPARiQS,kbYpkafZ,87537,86678,9671,12831,68246,365
qoCmUCFi,WNWKAvCV,iIGANcZi,CASxXSrd,UflDmWQx,zGrSiQUT,3774,3708,50067,81885,44990,29095
fDUUeZoA,EUVEOYIx,vvZTBvzp,OrdqaxrC,cSNkYMMr,CcXpySQT,89259,17600,28403,7349,90111,12217
RinoaanR,QLIWHrzD,AarJXAeC,jdsmNUWS,QMRtxffx,pfdRZKIv,14218,93976,74617,47075,64664,74013
LozalxDK,rZWmrpqG,VMkvzHfV,EaAjmEdy,rLXXPBcq,axGfpCpT,44441,89766,62062,93686,10244,91840
ZXqnpwXp,zpWylfCx,lKMRhKHH,bLQhkCfu,qbBGiJxK,MYpSqQTM,8961,43715,37516,16907,48462,34183
jKTNAePv,yljMoMbQ,OvnqMlvY,wefJqHAI,MIZkTsWl,znstYtqc,89409,6166,19104,31525,91250,59807
GuWEgHks,DqXUBnSk,HXXoOpGh,WWVhlYsK,iYyXWGTh,sjCKwIew,59658,51975,45968,83404,35758,73825
QwShYfYw,tVDVMIto,TGFMAeAH,GrZSrSnN,EofiJBvR,TELdiehx,65828,32704,20944,99357,16954,22862
jJgNQKBh,fslSdeSf,ixwRXGTm,MXVlSLAu,IWwUKrlu,jJiAtkwQ,3496,65289,65629,3884,11221,56483
kllSRPqF,gmyusfAp,TFlfDiKs,vSlgaAwT,IDWsBuhn,cpXMOzkt,98613,93975,26935,55045,11042,84326
TLtzTzzd,RSrfDvBN,shJxtRkz,SSGdREkB,iMJLsPdR,HAiQRWMP,4932,20747,31298,51844,87072,37467
TgHLYLRU,ofEEyMXI,qkzQXyUg,HCwUeDsS,sVxuVIpx,YJnTqoNd,41447,95911,78248,38818,72827,28771
TzhTIksn,nQiqnjKh,TYXrJxNU,grhrKwab,XTQLWvDA,etZllkaz,92225,59333,86382,31179,60557,4826
jXxWbCED,erdaGWUX,eGSLxMXz,HPUEuPOG,tDMxRCIK,OyEYyNsK,12938,16801,80109,16682,5067,57059
wrgRoGPK,rJUaEdLZ,raAocrms,PikYLHjh,GSvpPBVM,wdkMHXIc,55887,49421,87616,95858,65802,99008
XAuOalNY,TNmHxafu,BaddCWDe,GetMkxvC,bTFenWeK,UIuVLAnP,83874,45430,23496,70494,85563,41124
eQwKDGkf,yyLkujvu,sObkkMGR,pPHwQaRJ,cmZfCfBL,ZdbMdhEe,43615,77337,95520,6658,96725,51249
dXLxALzy,pabVFpQY,IujXLKbo,RNyQGDHx,VNLlwBgG,CvKWoicp,14334,82203,33752,23755,9256,92896
RxgXcxmv,fnshrbAw,vlNKxvqO,WJofxGmX,nlCkQnct,LGFcsqHG,12305,43189,39557,69951,86954,11638
prlrWRzy,daJFrmLb,AHgnBhtV,IdttdIRg,iBXcXbBI,RaOeazAo,28997,91411,99820,4215,64647,36889
EBxaUGFW,EeqmUPvT,kysQYvDk,BpMpPWyd,MxMKcsqQ,vTgxZsTp,87104,22044,58454,10668,79662,90051
RpRlNycn,flCraqIA,DVhNuSFL,KZMKEzCz,IFioGyLL,QouBqdsK,47192,15342,50005,16780,34886,55131
kkHYXdTe,PwkpiocA,RhOpCunZ,USfkqvDv,VpixwsEj,aFzwZEtH,89165,38847,79168,45294,15482,73734
mApdqotP,ePNCBcfo,nRmgmYdV,kMQCNJig,TcNNLdCq,NPuNBtEn,31593,84887,55406,15692,20659,52607
vNNJApPr,YOlkBErY,oeNHOebS,dqBGuKvT,QqsGgKhS,nphXwuUy,3471,71534,27067,65594,34251,49990
vSVCcgVo,zNQmUIIv,TdbreBZy,fpYHBoFm,PQOqSgNe,tFFHIvvi,84915,81928,19096,14654,13691,27520
MutaGAGl,vXjIXExU,BBuAcZES,sHLZHfUU,kCMPZwZT,IxgtTBdo,58594,43649,22370,10913,49912,73714
vdBYJXwd,mdDBqFzF,OsBlLgWp,bWPELXfl,EJCGcQNM,yAAmTQHr,94540,25601,56940,17485,85451,65419
hzGZVUlR,iTwQaHRy,MwqplTOC,NaKWftoX,duqqQfBm,xQCPZHfA,33344,91244,60866,91222,16101,12879
LNoPvgnW,zzibiwvK,xsMAijya,xCNeyFKt,KpfiuPQP,RUNNYQQQ,52097,53157,47731,60594,11793,64026
gdZdQbHj,whfWQhiT,JwNqTFNx,jEydvMiZ,rDGDGEgm,gFUOrGrX,12963,88384,39862,78282,93043,92204
ZMGiIhce,SdlXpPey,ghwLhVzQ,ghTldjEa,nMbqyGje,UsaParIM,96855,90996,60742,42652,94696,81450
JLsJKdlV,yHqAQLXW,mnuRRVHt,JfqbbSWG,szpvMAEq,xghZhmWv,78832,40193,56917,20292,16058,40165
LZFtxhnC,CryfJTxP,PCSKuRKH,tLqtnkXW,TxvniRWe,viMeowdR,19817,52126,63689,30860,12821,490
GolYrqcw,ZoDfjSTg,NNHXfxNR,ROBrqnID,bDBvwEkn,nuzIGkpY,80174,75361,97398,96309,61850,51298
SRzuhYBM,KOXbboCs,WGCXZnwc,scyuDJiI,FeFzGhGD,IyyJJNsD,93960,24174,73738,61439,45551,61794
vQkiBJee,UwchcfwQ,WrAtRlCC,tXvJvkkt,pmTLgWWV,KQuLkcDA,45930,94463,53403,32434,69936,87387
MVqtzSLR,fuSbAYUx,ieqvUubN,seNXChuO,sMuQPWvl,psdWNLgy,36333,92446,71328,9032,86539,93219
pQIlGZBw,YhSwBELT,RXkEmgkp,fSIzvtTX,oaLjngSu,ZqRhaKfQ,56974,19738,68739,60165,79362,99307
WmJteOoG,wnvIBPEd,UGgyIbAb,LwraKBxK,oYhUUAur,TBDwhvHK,57409,69458,1870,83082,25242,14732
uTpkJKxg,qfsBgfGU,AcAeDzgv,cONZEfEv,SaCTkmDI,DvHfHPSf,29083,90296,46016,61995,15380,26650
eZLJhyot,gkZjXdRV,zxlHgvjX,hgOSStPf,KsqVckvd,FVzGxCxO,8462,65545,68813,57026,35073,72144
KgWMIbdM,PSdnzdpY,eocJtvRt,mbYfYJIC,gklnWKfW,tSyEAHbB,92203,15697,5280,51878,82375,91841
SZYQlrRR,qAVSLLEp,QPHCXZUD,oANXMHMI,HFtjUXFx,lUnqoELE,81426,23224,58342,91933,5802,66631
QVUneZRj,FxXMWOmW,FMHiVRza,fPmMzKph,UgWPqtGG,oSjxzLBK,91471,11023,39626,63933,89714,97806
XyCLUeov,lAvZysCe,fXVOwfuQ,wjAbwwVs,CphJdVWW,FhTGyKOY,55361,94911,91176,88946,42432,14715
nsJnXjKe,SkVCLEkw,BBeIQJGu,aJAczBTm,fbiPqvpg,xahXDnOy,31502,74312,96078,90820,787,48803
unKNPiRs,XfteSokG,KuBNDHVh,wJFvPByJ,KZsXEGNR,SATubdLb,32699,97159,86031,1494,82766,8674
ndOjgCvM,mhvyLOxX,zurgsUZL,DJRIFIYb,xPeBihwN,vqjlDFZN,95523,81866,6681,18662,85318,90080
KOTqwPsw,HsAwfOQw,mOenTjhR,HmCXspsf,aWKxDEzS,mtpVTUdi,97288,54977,54459,55285,25043,33523
MUhvCIJB,ieJFeOrx,VEJYWHvg,gNvmTLqk,sKPfKPeo,HMHhgMnX,84130,33081,8664,99402,6143,12715
boFJORfn,hJqlsWRU,hsCfEjAx,esgduMQB,TXrTEkNh,gyFGPvci,16158,35578,23546,84328,12608,5622
ioZekouK,hhjbtWOc,UMshpqjQ,bhueeweC,srqOZvWn,lDPnOeXj,56190,78630,99275,4493,82827,51230
TydCEncd,SKwdgZWc,JkjfApfZ,vrTJTaTU,gTcBDrhI,QlHpSpDc,87615,9530,35728,16072,50040,91308
MguUfoSh,CgFCLvRC,tNEbJJvc,LEfTsXic,yHgPeOwg,nextYggC,19782,84019,81536,97478,32500,17813
OgMqNuSP,wdqVkrnD,CeJZIEfG,gtETVTwW,uGYDMror,clqmCRUt,84986,53075,78599,84903,16573,28284
tiOGWeyB,XsjeHfvM,QeMOhyAI,XvDohjVF,nFPWMSHg,riKakUDU,65166,43680,67734,5952,72492,74318
VrXeGmVP,TlilXkeB,ibtRAsRn,NAZaILHe,DmTjnOgb,SrImBLMR,14543,65809,11555,5283,40448,59254
CBHhdwIE,QUISIAZF,ZHRpIpvk,MEJNTkfv,BkbMYgum,RBHNvNgD,47066,59092,11205,75324,64321,37581
YTEqSflj,maJJenCj,PvEdKIEc,bQORSEWd,hTVIYCuP,zNiOMlaI,70663,72207,29557,73570,14060,9549
mmGnzvKY,ZdRAcUjT,DcEksLbS,lrNZHQFC,cKJfUSHx,BynpbNkT,3165,58715,58023,56767,77316,4442
ucYmVmLT,EhwblzuD,DVpslPUI,OdFIsoXt,QgCERnbG,QkvTmDXw,87441,10975,69597,83546,36461,55601
cDOEBmpA,HvIYRBYy,tRLsdqcS,ZiNRpvOm,zpskraPc,OZknJHKC,81079,40659,5275,98961,92933,29500
vzbomZtr,PXkiPOZq,zkbPvaMG,qSDMJFBl,uiDOvVPH,aJmgaXZR,50764,46248,81560,37182,73626,66245
ckXOErTc,xmNUvIUN,MBDIjTsF,tCQGNOhV,fzelGyOi,gBCJRinD,20733,52858,81131,43931,46128,13641
WKGCSiqb,HVZsLClK,xiBSZyGV,sBKjbhLU,xIZFdqlQ,ZmxdnZqd,13018,25391,98253,954,68762,15580
WvhMInQi,Bcvafozw,ISIvCBHQ,zWfeojxM,lTsuuzxk,XyTDDZth,13242,11449,81117,19010,932,4742
NSldMnoF,xNObToqg,XUmnenHr,MzBukcnJ,AtBCoDWw,wcvbtmjh,65388,52496,50376,77838,62825,70886
fytsvGYy,cQyhocnO,xcsVdLjG,MAfAEAhV,CsmlZJgh,uTnJOCDk,64878,59866,32387,44171,96709,32515
lwlsjJNN,uHZpvxYU,iSDMtdqN,kIsMSgzx,kdyJhKyn,TTafXBll,75341,70671,57017,5958,34073,96794
ccUyFhRV,GOjWJOiK,hAQqJUzt,tVFiIJCJ,YvLAALrr,UnXzvmsl,43893,33055,47055,18815,87778,94702
fwWJfUjg,myBgPjnY,yzQRlkWA,dOyuKgMM,WXybGIHU,WOVvnpJn,11117,52953,29507,46911,53612,84694
RMGoCruu,ARFYlFbq,KMsSGbmS,bgnNEsAT,TeDbqpnW,ZTLbhhmP,79711,42455,80100,10385,13651,49999
qPKjICpC,bCkkELDH,wUcIrrjp,mxJwWqRw,VGESWfHo,POVxnHaA,15448,92988,67996,65743,64937,69481
NVJSlZnv,OtfLIZle,jXzqyFcN,LqRarzyC,INnarnbz,XtFuDBRl,7897,2151,24096,22065,9750,56933
hwnfhQbh,EuLzGPDF,idrKFOFL,zmJRPonI,ygWlrBbb,otOwthNT,65854,94146,22232,79234,71439,83054
wrcivFZr,uTOlRsEW,WjuFnzwW,iiWdosyH,JYjYGobb,izyQjMOT,7683,15313,71220,75312,62635,68127
vgQPslPK,zwSQLPMY,TUmKdqWx,hLsVzWfX,hJNwtjtb,YGlgjAcH,10328,29875,92298,59572,11595,48284
uqdOzXpV,SLulmFjg,gEDqsGrR,XSkOtdKB,BXcErwBX,YEYYDLLS,84675,51241,45578,77313,10310,52336
qDmFcFot,SFMWSqFg,rWrfYQDD,mMJODJZL,NjwgArjY,gydeLJbe,36101,98020,88108,79405,69335,4167
DLoLdnez,mEcQogyo,YpRUSmGh,PhdWqEzy,jJvfJuZE,cXuwUQvp,12236,44434,80843,38990,25891,67667
IVQcaLkM,hotMuTtU,wAWLMmOJ,sUJbRJLo,THLbwvdX,HiOTBUSA,34888,98204,2257,30687,66876,65431
cUSsLURP,NrbDHwrw,IjbvCjnP,BjmmzIza,xyzRlbCn,INsKytyf,57588,91164,99713,74952,77599,42152
vKVhtJHp,rlnVWAcv,yotLMZcd,aBiavIns,EvFKLxBv,JphGCMIw,93666,26655,45657,56648,3005,64145
TpVpejGU,ZjujNpax,LOvBToVO,SmgwkqoH,oIejxaWZ,OObeFXKI,22281,31171,68382,86058,11993,31638
pllXJrvY,TUxnsWTi,kEXlFMak,MByOWBKt,lojUDKOB,fyoCpuBW,24948,28554,67787,39727,97767,63048
wcSwNQeC,ttOIVetW,UBtFJAsi,AWkojUVE,veHJnYFu,uWgFpkEw,23743,57000,6549,68411,44139,62100
psKSSPev,nMpvzWzK,TsojuXOY,hOhxmNtx,AFsJOOkm,QtRSBMFz,22734,62682,21654,8109,55905,53474
sXeVCYfV,qgwvIcfw,dETAFsPx,SSsERnNC,fCOwSTwA,mrSwFGxe,42858,67588,31363,80211,48196,46364
XqmRaNJU,Dqmdrcmo,awWvYFiS,zdHMpPoX,TVjeijlS,XWACClSf,36671,56265,14310,76836,36671,1281
dTZWocaA,SvGMwdGI,FUGsAPdF,HhGrfGGU,iVUWDEJI,gdtSAETb,85836,93313,81684,2284,40508,90224
eiPKayFj,MOkPSsej,DoIpQNHf,UTlhVLQy,zYHxRyvn,ToqlYHHc,64335,54049,72669,25648,3470,95054
IjijcGFd,HhjSwWzF,utnXvuBU,elDBhdbN,qIsDKwfZ,yVDSPxlD,68587,31839,3091,65123,2660,64072
MiCRuwkY,nYAJbDDR,ZyMRXlwK,sXiNUCVj,KeYJGiko,lEMFpPxP,20166,96412,86246,11877,14734,73165
rUjEXBkD,tRJTwAap,GtVDxJHa,McXCkYxT,SfuMNvXI,eBzimqZf,90025,64104,78716,54830,16742,44421
KRvAzLZr,kuUPMFzg,vPWFzqIR,DXFHiusX,RsLFPyLS,PsMNpYVx,25297,87756,16393,22420,23286,90580
DybPtmIE,kapxajNf,VJrZlvam,RIQMxfHK,ZGCTZVVc,vQbbRiep,34401,92436,53079,92996,630,74102
FwJNSJTZ,MJRAGHuG,TKNpntbr,dbFTxXbD,FRBhfHoE,BCLEvHau,43189,70657,11291,48440,77871,65624
sldfFXbG,SdQaqhbE,eSsuwmtU,vOwmXFIq,bEMxHBfO,SasrbfaK,60260,16925,73036,43616,25319,87703
KTeEPkdR,EEmFmiUp,WAPjqVIa,FXTaDoQz,kXxdsVMO,FrpDbJIz,70730,67408,57345,40020,7220,12918
NnzAEgFt,QiUNcgbw,KiYMMgsx,mxAOixtC,OqJMAfnc,zBmgezGq,32199,94637,29336,77733,97673,47964
vnbfrTpa,mnghgJxz,pKHOFKgF,RnbCFFXM,zANhfWdV,tOypLzpd,59227,50593,87388,76176,59082,91808
bPEYnqCf,KwHVJtHk,sSSwYGIR,CbRUgStx,snlTXDfb,KyxwsiQP,88756,96908,55143,95875,58016,75440
QthyGasK,ynyPkOjH,kEunaDtJ,IRjbzuGY,fWeIHkzr,ZUeoTNkV,8010,36856,71889,8868,24125,52021
WJanxQCn,IKlwkihU,hHTQKlGn,sKYeXYHC,eOTbJVwh,zFooVumj,21871,52693,54669,92061,40334,59890
QyzhaCIQ,PxUcdHLn,KltDQkYf,KVjTUxpr,ZIRidwEV,EDqBYVcU,55643,10383,20476,67962,77709,89623
HoJGXbbw,jFFBRqYX,IrFYrZCb,ceTNJjJG,xCiIrRKe,imihZNJg,62849,61681,19622,40200,33080,24316
tHlrfJNh,lUuvMGEx,TytoJSVv,wrFEYtRd,OuKyfnEq,ectaAFZB,50117,15510,59592,33998,19474,20995
cUTSshmN,lhoGpBcv,QrbYxKrn,RZeohxRZ,bHjjAOGr,PDecRtdf,7472,17465,69159,72140,35724,8437
vhsoViJn,gPhJJjbm,HmKnIorc,JGqJRCry,VnHiBBdm,DuZRnrDy,13571,47113,69260,88430,44165,74229
PSGOjyuO,GbMrjRKY,DfnxyJpo,reGMuaCx,iuuUUZbV,mKXPmQNK,17854,71606,63759,52694,63272,69998
LdgHsmNw,znEPbJQL,aKMBgjic,pUDjjTHC,zILlbAat,UQLJhXzA,37638,86549,43902,65346,24359,1467
LkxeKmaZ,QAdhgMSr,vOiGdVCn,IWHrTcKP,TtbwiXbb,PiEQoYhV,67352,67171,63636,8123,66940,26299
bRoZGnhq,sDPNJBwJ,QDVVBdLd,pePmhajt,NjRGKsEx,RpSKEwsO,24590,28131,34909,15147,54651,78563
vHsnndBG,QAIjadVh,LVnGEQPd,osPCZNGm,qSoIPXqu,qgcdNZNA,24334,7849,94595,78438,33226,76122
fIxaEGWq,bHJUrDnR,JVJXrxwf,uXFPaNRM,LCBLwOmB,pqLjSIGb,16762,8556,70251,72612,38093,89730
OovGTtQN,ZSFdXzxj,HznMhDaW,RnKwfgtk,JmMVznFa,GPvCzXoi,56411,82130,36570,51289,66530,17208
ZoTIkfrh,SuFGNZMl,XSHZlAMV,UnhUeRLK,fUutviCq,OiOmzEGz,50687,71831,53422,17633,52380,22045
sTziivBP,ZFuuzrar,BCvFobRC,eNKxYSRO,ISqbAtJP,oJbAMvAS,72501,63679,32890,52639,96904,69359
tSYYszPa,qoCUnDUY,bbvIzWDv,RzYFmUqT,mQKmHCyJ,bqzxhKPL,83292,30613,20397,14418,6323,72341
VAIJlaNM,hQNlXWir,bjTmaHyW,zNhKXsXi,wDbNealc,prOMbvVh,51021,50587,15320,64560,2159,99369
UqLJaUSW,jNwZluqS,ErICCxye,NiWiINnD,JYBlxcwU,HtECiXOp,17874,62988,77137,94498,82563,47223
VqGHCvYX,iCJbQzpc,FXYtpjZW,maZWrBKS,QnDUjbod,EzNVuFjb,80669,82244,43826,38973,15964,99125
jWYvlBcw,cEOMUcOD,tHYAojtk,KtPiyrNe,WKeINwys,LIZOzkhb,11359,36704,50707,87204,46371,53871
tEyXOrri,oQWKReHG,EGfTFQuZ,scuUCXOJ,HLVQAzqN,bvNdvmog,23539,99604,8305,14467,5278,83097
rBXmrUlF,RofCIGyR,FRePHkfr,nHnnIHBC,FSWFuGXu,ahZySmLr,77936,36494,68089,41484,74078,21742
oWDWLmbs,MvaZRhwH,ODtoffHj,HYiBgUDg,PQsjuTAl,BQeHGMAH,70825,39571,13657,2754,22069,61530
KtygPyBP,xQdISFKB,JLjznBtw,SmPDnMlJ,Cesvuica,FBqEsKDt,70257,20822,73663,58125,35790,79857
kVbbiepO,WgBlWFyQ,DamjeCrO,aoYTvmQa,PKQXaceM,hCCjuXgg,44489,94005,57513,80560,7533,27597
IBiACsAj,XGSDMYEm,StNNZZSd,dHCicrQX,nMXSeZiy,PyjsfnCZ,20226,52302,64304,32827,78823,54129
WOkAnhVm,AZDGANbG,QTszrVRx,vddxgqVO,BxOBmpSY,OvzyWXLf,33798,93090,38130,45487,44863,61329
roxrFSzl,yrzlbnZF,oObOnLCc,bipvqHSw,giUMoWiE,SGKQCQmX,4981,83662,20574,16403,39425,9008
oiAGtqLx,ppSVKllO,FLImDSOa,LgzWlvRq,RVroRLTU,EcNpktZB,72952,84549,72613,77153,13370,21852
pfjKsOdI,hYYKzBcb,VzXArOIw,GTNJUTIB,tgqFmOZb,gthHafsB,36922,13931,90509,96404,75757,1341
zSwiAEdo,jGXaHMvP,pOjqkUYZ,fXPLrIZI,gDfnGvyJ,nTitxycP,59624,89033,56725,16638,47747,32555
iqFmTbRU,bFfbPLoN,rcUONFBN,tGqlidAU,YgtrklVq,hfhaegkl,40402,15824,99113,40934,16151,49554
gttLiLrP,oljjpvKF,KKHQnyTt,tWkowrNo,LkxRcXVj,mmwNOAQk,99913,81403,38932,34077,8451,68770
poaSRfnn,JtxbeYom,RsDVXIoa,zwsNUDVV,HMfoRSOO,UVAOhwPI,97260,73018,92029,20147,46252,91239
CZJGxuon,IxSxpIzA,VZtqbYsu,GcvfIORK,mpQvObVX,vTGyPWlq,21834,68744,74887,67860,7030,45734
mydcuNqI,eYUCVwXQ,ZLEYlvir,fcQFqnix,qUXdyWsR,cLyKZQPl,33021,33749,92941,28127,78411,98093
ZvPPGRWa,occyelJN,GPXgbIci,NvkWuKhC,mIKuyuLP,uigusKeg,11418,76675,33183,98332,74186,68261
IugdeweU,nWeSlkkv,hanWPqSu,tOsdTKWg,kJdxJJUO,qLtMpCdt,8972,99653,20344,18039,59361,66002
QRyVimCl,NFpGovlS,sofGzVBC,iaSvHTFr,eGqCCqRd,dUgmKLGJ,13229,40421,68972,55740,34009,63270
sbFFweQd,rbtxeIaZ,RukMVNSH,ezDRFUHW,ACrXqAgE,vMWfSthg,48636,96694,34239,11241,86080,7982
hGCfFERE,HSAJfjvp,GbLtQKPZ,FyYotpeJ,gRyTwlzB,TsYSlcFf,79770,4319,19757,55671,99566,43335
MFLCbwHP,qsNckysW,KZwsbQoc,QEzIXZYe,gKiFTIGc,XMTirAdM,30201,84193,35009,84283,62510,57309
XKtfYbVe,crVfxZed,lLgzsgTk,gtfDTpMi,GeMNIBLb,otlpyCgl,82281,93363,34906,69128,75883,9971
OCuxQwqX,YmLBXZhN,HSbiIGfx,PxBVMfXj,PLmhRqye,lWpbKesx,72566,98781,45191,61223,41965,44033
kDMSURxf,RkjzAQSx,xkOKXqps,HCnkrFoE,irSzwJMF,DKtTzpCf,43233,62407,61400,8219,75188,83902
usGaakQo,tYkzqRsz,zMMlrihL,IHsTJTeo,RwYGHOWN,nRMVGJoz,49175,33857,39665,7239,46043,81194
MJCHAcUY,uCFlYnjL,frxiUVkt,gcqhKSCP,ZItVwsqd,AMLiTKpV,77672,16137,81029,74435,95901,87312
ZXzxzzEY,qWeMKSWo,eSrMZiRB,OaWsUWXb,wlCAXwlk,tujLbdbT,11637,87844,38895,81449,50336,41445
vYlYlTej,PQkXWjpt,FflzHyoR,StbjvxWA,BTmfXwqo,XzpelgyG,13729,17300,34388,33513,83504,51812
RuYsvHoE,kcxBOLoy,ScYTfChX,vUugjGim,OEukhNEI,MtOqLTkW,46732,65400,27661,66440,41653,11299
sBzDBdwA,VRYDMOTh,QdVWdiJl,UfwNgWNB,DHTcilDX,iOzoNSiq,27411,54775,55359,7397,21696,49630
IqLnbIGu,TjtNMlBr,xgavcTGS,dprCTLxk,VQqanAVL,aaFDfETt,47383,83873,48173,32170,9561,30518
JFplBRdv,dEvCfowI,iHGuXajD,wBBQgFkN,XbbbhlwX,feakWEqm,53960,41945,7154,98626,33144,43704
ioTOUdBB,detAmVSk,kNItCbaB,GHlXZMIa,lUzGLsBs,jlDekUKo,43124,7827,65594,66210,49871,89848
ryyQQAEX,qugdwDbp,ALLbGdrq,TuOObUBB,WlglJNXk,ilyuHDFC,75753,41986,69781,91403,98578,51786
GeeQcyzg,MFKsDSaB,vWPRSfLZ,uFeHMnHp,dEiIqczY,TcnxulqU,52701,34510,89343,93112,13610,60361
EmpVLsua,SFYkXMIC,VuwLkiXt,wjCmrLGm,TYtAsRaq,YKiMtksk,4451,96209,31220,35662,60984,41111
MJbKATff,UYUNEHxV,DDIYHVra,gxRwBNhZ,DyoulgVh,znLXylnu,9804,41307,96886,89137,51999,71521
iMcgxctW,ePaapIyB,jlHEobsT,aAtsbBFT,PHSTWnkl,LRzJoQqX,74440,79010,4161,99915,9312,36431
rwusSCsP,LLLoCpzq,fjhwGgPj,rhHqKJum,ewrehStz,BKfxnCkR,74118,98315,42131,74642,60331,47849
DSBPDvRc,lfoNumHQ,rUeqkDOa,uJVpToKq,TWxPJCiU,qTwUnqhr,81579,28476,2292,99816,2976,63088
otDBpSnR,QLxiYIhB,abTKmjlm,krHYiXcZ,HItShJnK,qhLuyBwa,64786,15823,24408,14006,22147,78287
PALZeDqH,MIfJchgW,JOwDMjMN,DvimdAMS,mlXgdVcw,Sxdcjdrh,40865,88562,33927,60318,5537,65333
kMestRlx,gKXwtnMC,ynbVaMtT,kKUyzLWd,aqgPVAKO,DJfuDMma,82200,8300,68009,5624,99884,66543
tecbeFdt,yHsCkEuT,nWYDjZoe,iirrllws,OxAYznRk,WpOIwlxc,9302,6399,94686,695,21826,97716
FMrTaiQB,ARxLnhlK,HbKhoPsY,nsVneTRW,OZwrdmgR,KyiUBgiF,91953,56261,89647,55819,32136,98108
eUPBGItR,qyUlHZtz,bjqMAzNd,dZWDOhTX,kmUTiwPJ,GYXKddYa,36715,4149,8295,2548,28386,24050
DfwOLGXl,VIQKIfON,fuZyKzWP,BOKPXLwR,nCMWKOgS,KHYLdkLL,74441,52426,85190,41248,84595,34818
XhiOfGgS,azHcwQse,FxhRwjDO,DlpMQbrf,NdvSNlZL,aWGAUKdO,85017,36360,23308,11095,2228,94536
bExBKitS,vkhRZNkL,WVboTUts,SsloCJyN,XfnayaUC,bMgzijSt,59157,95287,53918,34269,24614,27060
mIbcBSjc,QeviSBLn,SNcNknyC,XXUaFAkx,XSxobAdq,bxfkqiQT,21166,2181,61144,94999,94768,14904
qDSpKlOO,KAsTubPI,YGNWcwDZ,tfDbHyrS,efKnxjoV,ftsGotJJ,54774,10271,8632,491,16348,6321
jDwgBIuw,lKKGJwyt,IhxFRYSe,feucUnvA,aJWbGYpQ,XlpSyuCw,88089,28970,32805,45167,13427,81292
qjAfgUoZ,syiNbilN,EiKzNFXW,NVmsDZiN,fUlYVTqd,HKpAJnFB,55475,48362,7876,50518,22900,17375
IRvCXMCz,pUhsBool,VXlLXmgq,TSZXbWQP,TOTqGKbD,aVbXgcZS,38240,83136,42354,58121,48762,48456
cXPdtbfW,RQDizbLw,GcwsmXdt,mqgiPzXG,IWfCvFql,pkpZbKea,77481,23736,70133,44480,85306,75741
ZzkHABLS,zyOsMyEu,MkFLfVIJ,HILJrUTw,LhosXfjh,FCbNjRap,18011,66575,3880,45122,1650,26021
IKHgEkXf,GZgEpWFA,neoBqmuW,DoxtTzXY,qIMSxbMy,GSwzDWbR,66359,55760,92973,50966,72793,97174
HsKAdRNA,pUynoqto,aNWNFxLO,UTKOnRKI,LasLLYAa,fZKDZdfl,78364,33054,41405,96596,59956,64415
NtJTQSYw,bsmHXCBV,TLeHMgec,ULlxFiiI,MoAPIxYc,loBYEPXU,18698,88851,41419,74527,79859,13489
JuJQbTKx,czCYVouS,YFBxnQXf,EVMQGvKy,nstsFPQN,lbYoXAME,91401,26642,93837,93765,6415,14044
EhicESAq,domNbgLk,ThhTrQms,FPtPXgXa,tZvuXznR,wBLzJsaD,89940,72804,99205,97599,27911,47516
EsSllzym,QtkGedab,RRXRPJtl,hssdwZRz,tavStVVB,CJfRCruu,55190,26399,1601,74699,94252,74036
LHGwnmEp,DaMNXYxm,juJydwYd,IgbLhTaw,tGReIavb,XGEQPLTv,46983,39438,27204,38530,52917,49530
CRCFBwbW,gQCJCogd,UEayIhgW,PkyWLizA,CuubcAHo,UyaucqYS,14537,15753,70312,6649,21999,7692
djhwVmNG,BvADyven,lXtXJrKX,MqGmcXOC,BHYkZblf,oQlhdmXf,69363,98427,71196,64720,20637,71784
RouEsoYb,tSwPYPGA,pMRbcuZm,YuDYdvrh,PTWZKZMF,AxhlOCpT,33490,60705,68798,35978,50338,21804
dTHUWnWW,nCaIVnCN,wvxVfoqs,cCdqnwNg,YPBJTPff,VNjbIDxT,33140,76155,50447,81224,72971,3400
nTJpeORl,YNuMjoRS,XOXOQgrS,zIAtcsBx,tfPqZiBZ,LsigFRJW,58065,42906,66181,651,24590,23525
lhHjKHOL,hzDewpCx,zNFMdoxE,UEdUhPyV,KrAFzSbB,BVzpkrAM,65351,24997,53529,3565,39450,14472
SaRFwICq,QBCpmuSJ,LBdenche,WdDYADtY,FvqkGogR,JYEdVHUC,71642,28389,73729,78981,24571,81258
IOSaeWAb,jSOWFaXR,fzjWPLdX,zSjhsOiR,zYmJZPPD,bScZIHoO,4161,46425,47754,49163,96245,60837
VHxphVxe,bUGYpgbv,yiJsRktB,jAjXVeJA,VuUjRhAU,DbePzqIC,23249,13985,6990,23766,95339,30217
KbJdHAJs,ccCVQVJt,tsoLCSQv,OsmWHfbb,OahbcUAj,GVWSduLC,83304,36381,82896,57770,46254,69121
hAosKtqk,bqXlMSMD,jEUOrSTq,DAmYCQgI,mLliBXkV,sAwrfvru,50734,46276,991,39631,53972,32773
ElslevmW,KCvcjkks,TjezbiiA,XplSzcaG,IMjnjHfo,lImkUdNl,67541,26970,82284,42343,35617,77228
kKiwgvfc,NVupTRPe,VLplSjRs,pqEeSLCD,ZmwqcBiv,vfgQMfRq,20416,10311,29941,3165,49924,78436
hLBjQOqd,EWDlgcED,wrmjcqjt,WooLyKjP,SoBzTEIw,BuDaRbqM,25802,1721,59746,67530,21446,43011
WZphghWx,KnUcyYIT,zaPwmUbn,CamCknem,yTdyIxKz,zEmOKKrn,47643,83533,44979,52210,15296,66293
SPdfMGWb,DNqnTOSp,HrldZOgT,ZaZyHqwP,DCpQdsXN,HNpwqEIt,82373,66795,26506,67541,73971,18304
VIlwDlaq,ffkxptbB,HxyEiCMA,nOqIogWb,GPoSIsoD,taSSdygc,49656,25595,91736,59298,30521,36987
EVBdasXP,YTiNyIDe,vmdbkjDy,ffgqfJiY,kCaWOWky,OVEWlOaY,34648,22417,98227,96731,61758,92945
pOBjTcdI,zgsdHjqe,amQdDJGO,fMkyyQnm,LmlZrhjV,iJlYWSfL,79726,28310,80538,93183,47642,97340
ZuwixZuZ,cIhIfUVY,evVZARWv,yakoTPKj,fsaeOFNU,esOdTGQF,10962,28896,55847,38997,83123,13282
pkCRoYmp,rBDuzOGL,yqmjAenw,UhsdRPjC,XtPBcrkS,sSqWXcdZ,21075,64799,9537,75704,57084,31765
mSaSNlkA,JyPUKiJw,ksNkAFHW,VTOTHeWx,vHizXXVL,yULoGfFx,89593,79961,92612,81153,93529,17583
sCxonjgy,TreZTCxc,OqZSeRiQ,hZMiWcTf,xmmKUDiK,vURpTNBo,47605,99510,55725,20187,15969,55630
ljYlwSiY,lzTbmSTp,CZrMYooK,UqRxGBvN,yCZTcTcc,PTnOnjYX,97808,46567,36095,75691,69429,30757
hBLHXuUb,mUNZJapl,hNzAFtbj,lmmbUuFI,NnhGlljk,WvUsyGMS,71143,29797,28759,37096,47507,53514
zxRkXBAl,MLFzjiDJ,cPzspRpW,StytpAlR,oamnOJAB,YYYKJkGv,25601,61572,15953,83566,43047,14722
zFPawdok,mxrxSHLX,XqYMYMxD,CsFRjSOo,oxuTXpVj,iCAlVtPb,5512,12960,51767,43876,25544,27157
UdlTCOrM,abnCjJEH,bxfUBSoA,zusZcSBa,EOGmQXKy,Ydaprjba,91576,68688,55816,65012,53549,34005
AzwrJFTg,qTPhGkRW,zwIyVzMZ,feWAvHKI,xQDfhSgZ,cpLmEQpw,41720,31338,42819,96492,25221,69534
SyTvBYiw,gxmnmtID,FTVdsJbl,xUeoluhz,JwDWPBwK,ZIzeSwGc,77629,38122,112,93091,17381,70469
jYzxlYQw,JlRErKAO,oVQLtimD,zSjpxnDM,QodyPLoN,QmIuEajQ,79642,38078,59281,89212,26511,7114
hZLzcKLe,tyWIHtDk,CNfEBIfu,QDCDFenm,TAwuXpcn,gGOmcweA,45318,66017,23421,86857,87317,29692
NjfLqsIL,UqGNojzG,aMgzkuQG,jHusnfXD,sbNGxtog,rPUAJrjO,94010,54373,90389,69257,82179,15889
sKJAXHFi,jWNyjNPZ,kpDhnIbY,cAuSAbuR,lFmkWXRc,gCiDByCf,71265,79405,71465,32508,32780,23696
yZrOsvyw,ibLiYCVV,jCsweSKC,lyewurjy,VccPHGVV,ayEWvDul,32807,46221,50200,75888,53190,8867
MhnyJgEy,DClnCSOe,GEjTGGYM,clTLaqrw,HZXZmWDz,PGbJmmnD,66913,44834,15219,98836,76563,80889
MsdQJysI,QQLpUExy,QfvkAiff,Cnmaghjr,yyOdIEMV,QauGQtrD,97905,23144,35553,16216,80406,9763
JvvKPuta,UZmDnYUA,tjRDgvYx,EBShCkmA,rxdDpTFM,vHqEjrCw,64476,68006,69035,79649,35810,56013
hfxcvtLd,LyPGLqko,pVghDpCN,TXLUVPyr,zeGmgXXV,IqPYozUS,65156,97192,61648,47612,57562,71624
LOCDUXpz,judYDiNt,BiDYNOjv,oEWpKSTN,ZhXVmwHo,CxrCpjmw,83474,57556,72440,53470,79668,29146
CNihIUOD,lYvqhoSq,ILaLiyHN,aAWQujIA,yzfprxpX,rCHhyMHt,45421,29751,71687,59073,68846,11975
LNoVfPyE,JVmoSnVY,anXkuCAR,XvpGBodE,AIcYaNYu,FdCEUMfh,88613,7504,29894,5241,83377,78913
ecTeerZv,USBLhqDa,kwHklYAv,qpwplVxc,MYyvpHwp,kEgYoknV,55662,10039,98339,79121,63781,59296
AELnBtQS,ZqNteEGO,WRjfGMqE,ERCcKDNB,UCHgGcKQ,GGmOrDQG,5688,30013,54949,41511,9665,91985
UTOjBUOl,ugBmhhbu,ZpIlXDVq,HAVASFsY,bThHWSqi,xVzzifOv,89240,93662,72802,82285,48059,71544
LMIUOGGs,nPTUOBNq,jVhGmryB,FTpyREGQ,YYGWBQqL,tLeiRmzl,94218,47254,89421,5130,47603,29679
rTujMubs,HDPaWyjg,mBcvGwMc,ZhjkrOgZ,WhnAvERT,ercqKZgg,65601,7910,53863,2740,13514,51631
lFjAOubW,oujgkdUg,qToObSVc,UNHlpKAB,PNwUVyXi,xYwXsbvJ,31488,23399,17495,89371,43068,22459
uSextOCl,MjUReoIV,WHrmUrBF,XDDZlURD,TgvGAfYG,lWOxWirb,52783,18274,50749,19536,59464,4591
NoDQKBBE,VOsHaZzP,lqKiLdij,FxPvaLLS,MLRayqrl,jzssONBg,22017,18566,76940,29766,46820,55323
fdsyIfmL,UxbkUUfW,fEnPgHVN,ofBqJYin,qvkEdEEj,mSMBQhnu,54994,37322,23673,11588,91053,9327
vzcjjdkG,OAOBrgMw,ZxFqjQKA,kMGTbMlS,suhonRGM,KUJuKwVG,46884,50459,74131,85686,3754,27898
fgVHIXtU,WqFjOdaE,XhjSgorZ,EUMFXVwV,cjdXwTyU,nDOiocGS,94770,70284,82157,58156,38492,80585
hWJFsvRe,uhFmCvYz,KFcIYwxm,PJihrrgS,VSeANTgC,RCYPmqIB,20355,10981,98676,83150,34845,58220
aEERkmxL,XNREbrHO,NGmzToHY,hDwWRLdp,WVfpCwvy,aYmqFAXF,97863,62182,92644,688,20906,77078
tyUtoqpR,YepjhJDD,ErDHZKAc,cBeRUuee,gRNLrGSi,OiJYznYs,892,23335,59436,44078,48928,31503
eEziYvAv,rOTxogkz,yNVvPuKG,SnYNTPZv,OpEFDwxy,APiVqlVO,68231,81854,16313,39613,99301,21085
xrYYBGzf,sPLFYPaw,FyDTIUxX,HotfOVTd,tyAwsLUL,WRyOqWeE,97478,27502,52891,10998,38289,33566
fkTKKqDo,LNhWnEyD,MxixOzXK,EdNxHuEu,LdOeIKcA,Xxjugstz,46528,79983,68639,20790,24056,77335
BXAnWopY,ZXWYosMN,HmfhhBLM,oUQWgUdD,XiGsqqkL,WxYHVTLE,56068,5324,84004,4385,22856,16154
tRVdRxyC,QFCmebCD,AWGARugQ,hQrAJrDG,VDOYolfE,DBlwxVRS,64066,69576,18404,4688,69162,62447
LGqfHVsm,ltkmIAqe,VsfMXCRX,mPDFYqth,kEWYYCYB,lOPbHiwK,72947,27147,79856,89538,11353,40215
krVIntKY,lXkrWtLX,HKsIgdVH,xrpgPAtw,NtxgiETE,YtQxBExG,62778,92920,61318,36063,42915,42808
dciKfpIt,fQlAHFcd,JFCwsIHh,voczqZbX,YdXEGfto,cPxDsnmO,16337,34314,95779,8739,92425,82406
JcuTbIYk,KfrhQpHa,OkNMrRqg,THkZUwvm,LKzOuxta,cWZbyqTI,51458,50832,58421,72768,6804,15439
ofMuDfJq,qUTIbhbI,AaAraUlW,sAErdExT,SdZJdADz,pVoBnXCT,9968,3578,48028,57678,19494,34396
rGlwFSna,atkNwGQs,YZnuSwCA,BRPpokLY,atnesPQj,gJESoVcn,24600,1071,10034,61817,28093,80248
vaXfewGW,jKZclHnO,rIRIdIXN,IdYHFHlG,yuWwnPTX,UcrPVxPy,29575,53345,95609,10475,36014,87663
ypWHenqC,HxeyxtOk,ZNVhiIXW,GiDkZHOX,cZucgoQd,EfgOimHQ,27118,54571,8937,68270,69967,60980
XzUlBdEj,vdrscuGw,VkaQNqYP,WdfnAtuE,NmjGwtdj,EmnMITZy,68367,6119,95929,23866,1903,39267
xyhobcWS,LGsxSjrL,yekXfdNy,CPnUqTGg,oTykpMAc,gFfghlBb,58696,97128,85551,15062,23965,16837
WdNJYAbZ,IbsUVDdv,IqhegvME,mPMrAElC,muabTXZG,RBMFgKhe,46889,77784,76952,11594,10683,72408
CqMOWIaR,QubunKPD,CpzgBzhv,NNhddhoi,bUfTeFiC,bFyPSREI,99372,9172,47789,99779,19825,87913
vqBPstNK,qwzyRJym,PjzsolMv,SOOUbDuT,zuVcjixW,EXZOmmix,51028,89146,5426,95303,9863,83369
QVMGZRdX,lMoxmvgo,QZxvKhNd,CrfAowLz,LabfLNHg,opVdlFkh,40489,42648,3706,1311,78571,16809
ioNGovDd,xFUnVHHK,jLaTTiLT,MPdFUimp,CirCAAbN,VnceiQda,55026,37885,91984,40470,98265,4998
vHoZqIZr,XjkcVqtu,vqLNJfWV,LGlbvQIb,hgQYQldN,VPLNpthp,92227,91975,49984,85711,88104,80254
VlTwtgow,bGPHtrJj,CdxAFqmd,eyZPlhDB,uDROpogI,YwtfufZN,4558,9353,87329,21380,32576,57310
nAQhaSQe,ktiumnqX,qxGTRSBE,YznTFDNH,qqJmdDrz,wnyzVfSG,86223,90705,74628,96895,49743,76724
aoPxPhjM,BfSqBmyA,JOAwlavX,ItdkCTEQ,stGcdnpU,BQGzglVi,89959,63176,11773,11651,36,15801
RheEPrtx,lXvykrfP,BFTgZwuI,ENrxTwQv,iczVqGrd,mBvRWdbC,86446,30032,3252,28886,23906,33385
GjDxQfOB,qhWkFHrB,hPCqqOUG,YVTkTIiX,WPGAQbGu,NBUedGOR,17530,66752,22974,39887,20454,31408
FGvxtbWR,YzEPlWvm,BHZSgMNd,tYEFKxlI,aAhlIoYK,BkLPZmkJ,86588,91015,97890,5430,29031,17469
RjhRNvFJ,HPoUdNvw,GtyTXzAb,YzvAMlLh,FEfshLbq,bznhYoSA,26469,22646,54562,37097,7567,21209
NvJowwZa,WGnZyFzB,VktUopmw,eisDQFhB,jymKjbnq,ocwypIWL,73979,54130,46560,74286,33344,29692
pflzTndL,ILaHjVKz,dPHQJWHW,IKanrrNS,orGRLzzn,OCriQgrv,26374,21169,41568,74512,78055,10261
XRqTSzcn,JWkpCAqG,IfWXkgiK,diCZicaQ,bMKVvJBn,hPBYNbsb,14003,27552,62781,4413,79750,95059
IiYwttch,ezjsJcHF,IrmYWGve,HwBGVyfM,poZBzjCl,htZYIqTn,61738,69289,1745,35046,25360,25270
JADVyThu,JNYZIsUF,SGrguoUC,TvluRkhO,AhjlnHjc,YppAHorf,7489,61990,95480,91275,92141,13429
PnkPLsCU,nTXDctbh,nnXytcml,FAamQWGI,oipUeAJi,XJEEreco,23616,1202,63808,13938,34565,43015
RweMQDpI,tGdrvIbr,eNbbBunq,vjGeoxiN,sekdkELs,cmhWmZsF,49039,45505,70667,50454,52431,77694
BgTzKUTs,IXsRJaDt,vDmojyzI,PXJjkWZm,Ycfdkzxb,rLrETTxp,45073,39529,87929,87688,50269,68164
obyMxVrl,amAcOMcB,HlGdZRby,XDUgGZaK,JkLLjCYr,texXXKLl,1732,37343,40204,65354,78051,78855
NZLFXCDv,LyHAWfAv,iMPLwqkp,tlTOlJCb,QPWFHhBC,CfmgIFif,95661,72567,20587,2031,7944,89958
CKpbpYTy,vZIOKuCi,SuhokCdn,BaNZcWCZ,jFZjUKGo,MAqZnMhK,14955,26292,95674,84474,95947,61370
zNbznZVl,nmEvHrhK,OkMifaOL,HUNeUdSj,rgnCyKoZ,pSweXfqp,14617,1407,69493,24236,65150,86560
LurIxvli,hBarVJxx,cDamOIVN,vjfBkLgA,XBjAuzcu,BSdFoCPn,35107,86541,47442,31182,44149,58820
rcJeULlu,TSFkXimF,gnryyuTw,KCsBPynF,YieRVTNA,CSSjUPgd,70527,92855,94290,1653,60066,8801
CUWEiMsz,VauAmfOM,csbUbbfG,ZCygAJoR,xIeQGkOM,tvlHzuhd,89501,30388,88815,14914,65549,18821
SkjhWUdO,TBdOJiJl,qWHjBmzX,wBZxmffn,MJgGhSmK,ohnRgJOq,5266,54147,61380,87692,38818,66351
gLEKFjsQ,jOSNJOkp,JUbmgNoi,gShfSIee,lwoHpGYB,zikbTMyq,63382,64847,59177,90664,45021,88756
NjMBzjxW,mlSfAtmE,hERvAaKK,XPSRMiSB,eZYKpsiT,ISdFsFUN,45103,34279,5787,99274,95892,35313
UgCVYxwP,yCulGkPz,qAlsETKU,kkdLVcko,iMXDAQkE,bcVDZoHD,35718,16862,21125,38679,75165,67040
tTMNKBUC,ZYmAuthZ,EoPAdFAY,dxmyNqGk,NxyHrVmu,PuttMyyK,1121,7137,47967,33568,92220,56029
avegjrfH,fHrttiKS,UQVQWLUK,ydUjswrT,vswXJpSS,uAlLTHQj,30688,56272,64778,63092,59205,19129
qyuFqfjo,rXKPRXGq,qEuzByzm,aHazsCEQ,tcghOsNy,dxvHvAxB,60995,85206,25747,46233,250,22151
BDpKFYFN,WVgXHQdE,xZvemfea,lmGUREuJ,KhYvBhyN,OecKzLJZ,56800,93204,69340,25701,15905,3032
OkBFMxbD,XPyzenQw,hGDjcaBW,GdwdkqLE,OOrVgNUB,esBzSfaY,89889,14231,20341,3403,33986,82990
aqBFEyuX,tmeMUKFy,dvWsosni,oOumXxph,zJjFUGup,nuzSuzXf,62493,84701,33628,63853,70303,32055
KNdCpxpO,lVGtrxda,zDvZeSWf,jVAxZvgh,DHBYSgvd,gvhxwvTg,94120,83460,14378,19098,60314,27188
wSzxSwaw,QNbOHAei,qyphZNhM,HDlVTafC,wWSLsLHo,RwemJQfZ,36159,51111,11083,98609,35567,83360
KLkkaCXI,EjuLznKG,JwKvCezL,LvBJIJUB,GLEkqolq,qMBHUHlE,79388,55681,28964,31146,1943,35883
MoAPiSDb,WzUJEvIs,NSqhbasL,tPTZWwRX,qfxXYfCf,xHOdBzxe,39862,15150,98629,91980,56406,26291
WAZCuPmN,oiIAhQUP,lAcOtDAb,UCaTyrAO,yKJIDJMr,qkBmwinV,58611,47332,66913,27772,27524,64064
xEBAqTmF,Amceifgz,nvfttRzw,gnWrkCzd,UjxgprtD,fIdoCTvl,56168,51705,32750,12005,52835,90729
FMzyUKub,lIJsPSuw,IBSQQdMz,lvQtxLMv,IioHHUpk,UfVzCuTP,6106,82969,29107,79123,64382,72215
FnIkzkBX,tqrWCIMI,hCBKabVq,agbPvxoT,ayUahKAY,jdbLjMfN,32488,69200,42297,88886,94373,18794
knlpMtwg,jynqcWXL,OXcXPGef,sXRqzlPJ,gfGXyHJG,ClNjwFsa,26206,29626,42584,24680,81056,59944
XHYnrFBK,YkvWDNjJ,vhseGXEg,QdcVpUpm,XyScKaUV,aZENraXK,26287,28655,36010,46449,15952,28697
ttlayxiy,qsLsXBIA,ZDCuXjGf,IUauMUnO,tjZbYmGr,XfynIDQj,30797,35181,15171,12294,27043,5870
eWNQhJfS,BfbdVHCK,eXtoVKvQ,dglhfkQU,riJkbmOV,dBXwiqzb,17744,2588,41846,78320,31969,81077
VZltbOQb,jZHRQTAb,RZATpVEH,ZoIKVZlE,gVocdvLr,UKkqdfmu,94401,72720,19953,85246,84158,57370
PPnWkcEr,wRtHNeJn,adwzWkCp,bBYrnBtn,xohsOHuM,gOpnAdug,79972,63934,76828,79179,83460,56741
cfTHQYdj,NmnEkHsp,AsbyQoDE,IBMUMTuo,OkCPpDAL,qldkrIyi,24599,1025,53951,39976,80840,78845
NypsiVyw,IlTgldye,uwcSBEmO,AgjEkDuc,tHSKGWCM,fNGPJaWQ,6936,23021,7885,32184,58428,62350
DeCXAwaN,CHdqlbck,StfHEykV,qwTHYwGj,wUINKDOX,oYLwOQSq,17324,7318,45421,27812,99733,35463
fvFQyxTV,LBETVUBz,eIyAsavM,qYAADjZg,iiTpfWtK,BcXvTRrq,10081,83412,36950,24725,22633,99161
WbUUYTny,RNLsGPpX,dStvKFYV,oLaZMPnW,AJjedNtW,dXlEOpPJ,68532,62575,75329,73282,18431,74610
eqfavoSO,DOuIssBW,qejHLbBY,XCwdvQBL,PbUYRhcn,NZCWZtDo,38310,95766,47421,25070,17989,31970
idoTPGfi,fZaOGxDk,ljVyVxGU,lgsoLGYE,jKYDmHZF,IexcrKbO,6787,56433,136,11856,63269,36302
IsigavbP,ikSiJcgv,QyASLQOV,bTrVmonr,YONtlSRt,OnByRxNV,96134,81504,7845,6313,37350,53814
dMsPySEQ,zzMDWJpG,HMXMziBX,JshgnWIb,MEVEdNur,jbgHSvvG,47466,68976,76246,35202,42769,67413
kqEgSQOH,GBuqyqLi,McMRuipg,ZhZIVNVa,wQbHFFBx,iAqwHfVh,47423,38498,46159,5572,26589,56397
aORRvMvQ,kqeFODEZ,TNfXlNHJ,GPoQkMmI,MHCCMyGo,VcqJPEdv,23005,97693,44963,38952,84141,30777
LhPPKnRC,hyloMziA,LzPRDuWf,KhjGCAIL,kvLHjyII,MDwJSwGE,62353,83893,35381,642,7443,86000
tPkoBSfD,qirjOOST,YniBfbQi,MIgoUoud,vVkJEkTb,jPILflfN,54635,20729,34008,35149,76992,87174
tjQxpXnO,yrJzWhEf,qdPkQfHd,aSAPqbAn,nPxDnzVL,MlJuRxZy,32259,48901,65895,56026,39576,90127
BPrVayan,yMOjjLQR,uLzhRTKB,sgJtFKGY,LwEfsrwp,NdFyVGIf,95658,25543,12837,62142,63277,95240
sjMdjYXG,UpuWRgrG,oHDYVViU,moIxaxcK,qVGkMXXw,tuDQzCQt,33557,40510,51443,75060,40393,35078
jGLjgLtF,dXMDFsaq,mkyZHwYV,JiKupdkP,SBgxdGFl,JFMoHZrq,14200,54833,70627,24905,47886,97089
GhsbJvjt,jgpBfQbk,SLpfzXar,doeZEORl,XqyHcXuy,ljUTNmch,15705,84968,55769,35600,90852,81159
hHitzDtm,fyMkBPLq,fwXUNMfk,dsgknpra,POyKcUQK,blAIuJFv,91627,78005,79326,54368,71550,36157
RlDbyqDl,xReuewXO,jDeBYJgO,GDCASxCO,wEPwkOHD,PfZnBwHN,20972,92249,83685,58273,83305,64205
DTtrwThb,yiHdQDbG,hXLyTHjo,mDqwfOHb,GyaZTIGp,koyWbzDN,72196,85251,19832,19182,82264,18947
bBPNMumj,coBZaQmR,FipXPQMZ,OGteIOnw,eNhpBXAZ,uWfBuFWH,59999,38685,8162,85242,96718,88113
FnUSpgkm,ZeuDcenZ,GlcZfjZX,sGpuWTKo,RdZTnzte,gWRAgyYc,95923,44986,52661,92746,68911,50145
mKDnKYAc,WlPjytDh,aKStaOYZ,OKgvIlxy,lOETeTsQ,SATHClCN,140,20786,52940,71401,82690,19896
ubeNUwNc,kHCYfjjY,MRolzHJV,pmTCSPYv,RALOFpwz,hpscuJvn,80619,79185,85986,21209,68667,70688
kdHYrPpB,tvponcLm,FdNpTeiP,YEXWdmOb,sEdNkNta,ghYVYZoT,18744,58155,53976,97939,52992,79777
sfOVegFs,NGXgehjt,kuZqoHEc,BDKobEpq,oHsxlyJL,cFLlgfFt,79758,9487,13395,79040,38828,72524
Yhkvwnxc,EmUAWwNf,zDSttiMl,oFrfhDqO,cgPgLoZs,uHLcyURG,55252,5003,39738,17028,99729,15276
gzJmCgnE,OrkJcTPj,IfXxfobn,uomYvQRI,JxZdNVPe,NPfkSnER,87168,66149,65603,64110,13901,63620
lKZYllid,WLLnfdJN,lBWqhjxe,FeXXnSCk,rxnZwlYY,nvYkoqxZ,57880,37168,53143,96020,46557,40092
UrBmGKia,SYiTLFRD,AxZiVaar,HKMmyyUo,YDGisQXg,ymSXTdGn,6462,69273,83717,58339,16548,87994
psDyvfrk,ybfkEXAr,qrXdJnPJ,DoEmqSDe,KbuICfmQ,itptBjOX,33700,88756,91177,23038,72799,50328
PUTukPwL,wbYQNsCq,ghgkUDTg,uWSgsRBF,YmilmBIu,jbPZJuFM,59195,49970,9071,88276,53062,50198
ekbDvcYO,AEsWqyJH,WMttPWLo,ugBLcKZR,WLTtotti,SGgmcSOi,26891,26458,51415,61525,24155,41068
dKGaSRYV,LHngRgxs,jfKNKVRP,dbaThRSL,kAhdiKPl,GtBpbOXo,32739,55834,23362,53379,72329,51884
tbymZlYo,KHMuaFqB,IkAEsgze,FOcAxYvG,PPDwwgQM,mXLNDZGr,40245,94541,2919,45769,51154,82631
kJudkWgJ,EdLYnDFx,dhzkXjjB,MTKjPctv,qSLDUqlk,TiVLYEiT,96334,19398,22198,5938,94992,74703
DSnhDTPm,vAttEFsF,GinCGcHH,jKzSEpmR,DgVkMznw,RMyLYueL,62964,59891,7456,12543,91391,85247
KOKvBUXv,CFZZUVTx,PvjonskR,lcBHJDIL,OoBWhIAs,skdYTSvV,20823,21487,59095,48887,77283,30864
IujxKiHW,kNjOJnGN,zigZiGqI,JzvZvtIl,TwaETXJH,ZBHqFOti,21868,2310,57299,66661,28638,95111
VMSKqrin,ikQWsBIE,UUYQAUlO,DjkJnwKR,tZFviHas,GSiLWzUE,2399,4994,68173,44726,69247,30031
kbSAmMzK,UhbQqFWH,jPACgNxc,bLIBcKKH,YASYnclS,liYcKEbY,85329,95776,20939,51169,97711,62193
wJDfXWus,EsEqNdUY,uCDUnvCz,IPWpNCdT,cjkbggVd,EyeRRLmN,4737,21573,58844,19629,13609,99991
NkpHRpvg,ZRsAAlUD,EuDWRfnK,mNYNWpBT,xEHoCuDG,cRaWYEAc,47895,68624,64243,39545,56506,18952
pfNqVBHG,juwHIirZ,ZAQsaMru,RLCbbZCs,ICUytHtR,JraeNFjm,64608,22143,29596,55622,75128,36421
HDGQdNDe,LlRWmcgw,GxLzQYcT,OCrjcieX,oLPaoSDq,nwfyBmkQ,1102,34084,6013,30479,4586,66944
PWxAALWc,GHlFoawy,rFdSWWMf,cZYTuYoV,YPgpKzkP,tqAFXtiN,91400,14303,68900,28133,60633,63378
KTvNTlpl,nWtWprqU,XcHfZwkK,yNrjsGZO,yVOxovQc,mASPKCJf,37765,68057,98885,42457,1084,87374
VGXAbdxy,FWCCSkZA,jlVKSsxA,YnFJRBjK,MMToWZtW,wBAdckCS,85508,49074,71274,31537,2773,18286
EAxbaKzR,FHEtpzHC,RedEcLxI,xDOUUMBf,rkhZIPWu,UuIUhzUx,8296,4193,76447,68827,16670,65749
dGYOjgOX,KIqYqnbV,vKdNtNHO,DcBvSPej,feHrYfEo,wOLZBQWH,77594,51647,84669,97874,19379,30393
ZALVuJXy,ZTczyDqt,rosiJzEF,tDAaGpnz,kMMlTGWX,cytGpdca,46277,21166,82523,3922,42844,35214
xLJLplqF,abPjLpTl,Wzupopht,FVbGUxtl,AmFNuuwa,yowsUuQn,45935,47995,6861,72497,54194,734
swGwyZIS,PkCAAZmm,MNryIxHk,thvjoxEB,TaDdpOid,KyKClhGZ,67814,40668,11828,71003,79924,19571
TyxDMdrc,sgVpQKwv,TBLUiKCO,sGJwTQCS,rVbNFYoM,ZKIuSgrH,57426,38289,23203,53689,4904,63962
EGxCYLcE,eKxAbwQD,OwYWORCp,bhBrbNuH,YYYTEdmD,LkHNaJvv,75566,46408,28029,97459,83080,69314
fqBaQMLU,RUdsRARW,ptmOALnJ,IQqAfJPM,WeMqOdLQ,impWEREv,89564,3184,18595,92719,34744,12970
tqdLFLsL,skyKiTVS,iPVRTXlF,tJbJQqdz,ZJgjxOVm,qxlYEvQu,12744,82351,51141,85207,75816,73241
rJJcfLlr,mnHOlsna,nTecDNGp,VdsxRXtY,EJHOaaph,rURyGsSw,95900,82839,1149,20037,86926,8947
XPhAFIii,kcefwVtP,CuUzJoCu,zmCpdZwH,NPycCwiY,ZCojeCYk,76686,70370,541,6998,86254,14106
cBSxTfgY,tSBLuzSN,TohFEwrk,pSHyDROp,rzVKXanR,zDALCPKS,54191,48847,72921,1641,81405,50780
dEgvnnFj,pNVlNwjY,euEDuJAx,CaICzAfe,TSSAuEzY,IxYTNeen,67487,14211,63443,29907,50947,93310
laslkoCk,cdSDCfVC,YjfnGadd,NyjOPjxT,GPaWqpAy,xfySzWYu,43664,76473,52994,63120,94500,5285
vxdtOCLk,HGBicGWO,pINGXTVU,BpSDKMlN,FSBIbWEU,yctUoIup,63368,84105,58997,85193,89700,5651
rIBWoyVB,BzwnwLKZ,BiDFdPhu,PyAUoxyt,DVHsAnEs,gWwAONuE,31284,64960,27783,13998,12095,59354
pzfHGCvx,YXklpesr,pOIsdGAl,RklvtvVk,meuAfjeo,fxGNGgmY,81150,66552,95905,28152,84443,34032
RhGrmgxo,sqRjWzYS,HElyYvTh,PEGDnamK,YFBaTWOg,TflYaZYu,78428,43161,7110,51882,48331,94713
IIgWbOuF,wQPPKfWC,eFyGBWqN,MyAsOZFx,VniYUapR,OINkizcX,33303,29648,12600,28863,58479,17505
hMbEGutR,nqDQkWKA,QiFIiMSm,yjLFmDpf,GhjGlMnY,sGxpmfUd,67623,32481,16483,36285,50393,69804
GuMcqhiQ,rcIeSNOd,qqPcDdVw,WnwTBvNj,EhXwYzTG,CTFNZTrK,93953,74236,24475,41014,78493,29007
SpNgrcOJ,TkYtnHvo,XmGRfFMk,rmmlIjcL,YKxLyhAg,TuaghuYj,22370,34063,79400,48392,76181,20331
UwSfRMZu,DOMXGJBc,oNzudTOG,vCQYnqsi,IflEixQX,oQZxWsKm,20695,97890,86910,7066,83780,14752
zJhrEmRR,SvXYQzBf,OQtaOiwF,akuFRCeH,pgGeyAPk,WURuBpDw,11476,59352,69636,51148,75882,31299
ptmPHApD,QyJdxEAF,lYxeFDDQ,GniBwJny,BaNqnGiE,bmTNcDAo,73689,3610,90298,36818,96526,10859
tozBbYFp,CFulkWCb,fzSZmUOL,BUbTQnCw,DPxjMiSN,FuLxSClf,42817,81625,83219,2412,46159,45145
yMTdgwaC,xHIJhAJJ,aCGDEmcj,vyplXlKo,GEghmTiA,kMkptKrx,39021,54737,7688,8903,38590,41039
eBvqkRzR,xDaoVCtq,gKhoCLak,UwYCODDp,BqYRkWjR,dmYdjXgs,52173,138,32812,41986,52725,3617
FbjaNybm,AoeQMkjp,HBcOAwgL,OyqlQfBH,XsewAYyp,FoxmjiVe,37438,39018,39000,85020,37373,45233
ogrnqGYl,gCrbnyRn,ieHHCnOU,haWwuibW,NNXRVXVS,LVpKmIWQ,4514,55461,78927,54176,36666,60682
dvYVYTCj,jxEJYekZ,BFenbxrf,QzQokCOt,QSxWXXXb,GIOQLgui,69083,62397,59018,94586,99508,76185
IRtxzfXn,dVVIuaMA,wXHntgZs,YWNAJaqV,WBCxMXLh,clDSGwUH,1483,86319,20465,91018,38356,12759
pLjrMOvM,zPcGnIkv,IKQoeYty,SqBLSiTP,QcnCnUGl,ZixGXBab,73572,84466,44198,40690,86016,25335
fNhYMZRD,FRrzlymy,xdsGltSu,dLjRlLWI,vYGqRdOD,FlwgWTTF,8905,41989,36258,49557,53729,92025
pKFXBbwZ,wPnYuWIt,rrJfbryR,GzpXhYxA,LRhGGUBu,lWMlzmeO,11381,99032,32679,77220,18186,3900
DOncVpJN,HAJbyEMn,ssIHDIQd,dMmWYOnT,xEYeVZxC,yjYmMNPQ,17058,6141,22207,51176,38824,18413
pbVwlObI,NSzHYgsI,JLUlTBDD,luOUguqN,kvMeMEMY,jMUfbdNp,9788,92969,42152,65311,66414,95187
hMgVnawg,YWKkYQik,PIaQlPWJ,DlknXaeE,McajraFy,MwvbEfok,1037,66788,85301,62292,2273,81040
mYjrVYmk,RxNcMgAK,taUEYBKO,PeMxgbUT,Jgfqyxkw,rpsaosAu,26388,56770,70863,3580,25374,77550
emHlwArU,uItrbHyd,pxXaWjrh,TmDlJoRM,DtysNySk,EKLetmiU,3323,31546,95490,23547,39637,39759
GDZBZdBs,WwYVYoSQ,NRkogDrj,hhkxMGDa,YsFxqQjt,olYLwskq,13196,71869,34833,62886,72060,15730
bFiaSWIU,LESZDUFH,yMgSDjjz,nrIWnKWF,tGgymTkj,kFmMomMd,48066,5399,99710,23071,14783,31202
wXUbPcFs,DCQnBqFc,ZbhAOutY,uuCzUpsJ,YXYhiFJJ,VXyOawsM,25297,48474,19786,12288,49562,60098
fRokwpSn,fTnVooIn,lJRTIcgn,VArfrENa,SoOVhcXE,QtRvOTEU,60971,60694,89384,87092,68881,54780
aceBNwEO,FpRZAbIn,ZlExcujO,ZCAhjXGA,foALoDiA,XBTykZjY,92748,50312,78404,31813,82103,98514
xgXsoLYL,zArMsVSq,bZwcniXX,HmykUbBR,PlaZxCIi,BnOaQAAw,45500,94840,9540,45730,9377,94445
yvIVNtJv,aoSaxVeA,tuGwVOWA,FiNFwagF,jxYKezGm,sJGeTiku,94097,43732,68001,29497,5463,8085
qZPQfDRE,xtHCjlqq,NwcEwLEq,VwVHRIAM,HgDcRCJx,MnCXcJiv,89111,84158,11767,94587,40026,46477
vNxWHwvK,PGwNXjNN,foAXYqbd,WjnwQfSv,RBgSwQSv,pOzRoaAU,72194,1205,19015,20128,62792,17337
IqDiBwHI,DgjaEQQc,XDBfqEfU,tqMrqelh,BcvqilIf,fdQqEjmH,65212,90096,24638,90977,60844,83716
EZAGIpSb,LtKogzrg,efIEAhIc,AfkrlxIF,NrTNHfJN,BVsNmCCz,87366,9816,94434,84266,12140,3832
hRPDhCsc,hJNPQMyV,QGbiFFTu,ZJnUIFMj,loBTFeje,rgxlkWKT,35076,5606,51293,71515,95583,22474
ylLjcFAb,WemVfxaG,fDDVGtoy,zqEnoGXi,QEFbuglB,ipDymhEB,40758,86723,87034,68094,44434,4
uLuIyVGQ,zMgpYbeX,BDxIcaxw,iWskHRLd,ZtRqHMLd,nanlhOvu,64782,75383,48760,33448,68251,97129
HvFSBNhG,kmrPZGje,PoCOAKjh,ChPKPpgb,vqdDqkkD,ubkybhKX,21257,87049,41973,90497,65518,16627
EdvbjxKC,qOtRayTb,xPKVOmAe,plyaPJFY,zdCkyQiJ,TUyyITcB,76472,30184,3434,95170,52946,31971
bLJGYVXB,AjhQkHEh,OmdoUrrk,NWVHlvwg,HCUlFTEg,eeRwJHnr,21350,16233,74832,31333,47688,21030
dskKzmBt,ZEpOoGiG,LhVCIrcd,yYOkXSCe,sLMwaUnh,yPUdcAyL,12537,68276,58596,88606,59045,46592
IVIWgPDw,LYESKSRm,NYVDGiEu,AEiNCbjE,ZCVSIXhY,hhldCcUq,41957,22055,50086,3397,77048,52062
PzXjMgRC,WyTkINeg,gJYRTppc,FiQKStDu,COegpSJZ,krRbDnuj,63592,23721,82285,88876,69281,78502
JCZKoEim,VbxTYLZV,lHAVfCeF,MFHPeptv,qOyhAYPh,IpYdVczT,6209,78194,39942,62729,62217,55174
KDvWibqD,zyqpLpLY,RzOuJuaF,GFJphfYL,rFkCqwFP,xPFGCobr,1278,3971,17705,40233,40160,88011
KlwvzPPJ,hfUmNHXO,WHbDJlxh,WfkZSLrK,UPMjIksC,SDLAAbeL,83162,46542,43702,94302,86549,38893
qmwzGAkC,nLuVdxCd,RPMTiwhW,EBapMWNQ,QhtfXQSe,EEIoILHn,85336,81802,40940,67601,14639,6462
Cinrdadj,wHBpgRvF,EXkhbMvw,bdfFJYQa,KCkDzNZy,DkpdwiTQ,36593,79837,8054,23148,40827,36992
zDXDrKfv,LKnzepLs,ySOHGtCm,EedGTkXi,JnIUiUHp,kqNKZmjR,12808,35867,21661,40223,31318,82712
OzhtDRLm,XHBRDcrt,QhNTXJHt,vpscRuLP,hGJxEGpb,PUmEdYfO,45320,32351,84313,4544,20894,6912
QcHyCjRH,yglhHPax,NNamEAvz,pktdMHuV,zHZwWdnd,jhzADALB,90782,29793,24878,16258,54741,53629
BiADhfpq,LwsbzDtK,uHxoupdl,GZrpSfvL,iWdzDZhx,xWzJCSrU,49854,42463,18024,27653,89997,64051
yHEgzdWZ,KMwEIekY,pgZEudPD,jRrUmGlv,ZOjXxXJO,oQWRXZby,77391,22725,99555,65722,56528,50451
EXIGlbuV,LPPgdPFM,peKVPNzh,iAlurQut,hUdPVOiP,WAXvAEHO,13256,41630,66691,79362,136,97684
MVcfHtEA,ceQBXEKE,QlstdHft,vcocrRWh,wLRYSlGk,QdOjwhFd,75476,8208,2022,48636,90042,40678
zlBtlzjD,wsbmrlNr,iNXKGkUt,WYMdKmnc,aCjkpmpY,HkBCwSZI,66933,3459,26758,28746,48559,96608
XiuFAsIF,DPxfKMHR,gwKmWFRp,tdSxFdZE,KILPVlGX,qfqrZKnz,79906,65388,78478,49380,80233,89073
pUDwjpui,VFOCUHbF,ycnxobUy,PRTBGpzS,NYdhDeFM,POvtRHPv,53135,72854,11901,18509,19739,2384
lZeAmumj,GCMObgmM,HZPJAmvC,kPrJrSIO,ijCiggsR,OvALEbhG,70932,829,15479,88071,18891,74655
VkIrZhrC,MShKhCpj,HKaXlWFW,OYGBqGTs,orDeUUrv,CqHXbafD,13471,76992,87324,98657,91640,59323
QQYsbjXV,WYfWzPiW,pRGEQGdH,RMSNmXyv,aNPNOyCP,BxiwigBi,28884,2538,32626,92309,44714,91570
uGItSfDf,nFWJWusz,XgQLQeWI,fnOEHSOX,fZYIhQhg,DSIJcwkg,17530,43226,35347,46029,21435,96449
YNIgWEiw,DjcCWcnU,SktsWDwh,FpbIKJdK,IwGBHRMR,SdDDEIfa,59530,25617,66955,5533,3415,72187
fulYOBkB,HajRhDlA,EacMTwVj,SvvcsnYG,kNscnjjH,brMhDcLL,45219,53242,80459,4516,39216,88509
YaSacFhc,tEATfNZG,nfYfuLLt,PGwqdEIb,AJOCIHkA,oERLJmnA,31943,32232,47453,80694,71897,44007
sMwvAtaS,yXKMiUyD,NiLilOFO,WazCuEkS,XWkFeNnz,OAMyjGMT,59766,33078,617,22901,60360,32136
LyHPJmrc,MhznDsLm,gQKadQHI,wqAIjfkO,XzArcKWh,TyOvSjuh,5164,89474,19371,678,739,2759
PoQdDRpe,CvkfgEMv,GkMMJcHe,REkBopXz,qDTiYnbj,pcEpQdxh,2087,58305,61634,42449,15572,80035
wHtpSFsb,ctObFEXs,WMPWqtpi,GsCQbOZX,vAoCokEI,gMzsKNjl,22413,95377,26058,77667,79185,96575
ozRMSFAy,ZNxYtPQv,MFMfTLMk,pRHiyyPT,hhcOWCtB,VjPGqhIK,46276,80932,3838,85103,99120,67795
xgiLHslo,VXtirrgb,ZdkRVEeM,xLItBGnm,WjRDSvpc,ZuSMEQNF,73486,48767,14734,82150,5800,13527
yGQImfZW,pZuiQJSU,BFMIhCTb,xIhSTjgN,AcdglsQx,fJFPQjEq,7735,30673,78371,72966,62771,86757
BuxCXxcL,wOnohSbB,DQIhlChZ,gvMrIFIT,NdGskrwW,nPgItOwN,71311,68995,86975,79102,64568,40901
vyrrcrPN,IxvxcWgy,ikzrOdNR,FBLqNfdb,sVHkuMsK,RZRZjbVs,10410,30503,30960,51091,78254,93277
ZTUtfvkB,grlwGQhh,CjnTbHhB,kjvIujVK,tJGXQbwa,XMFimkQm,35875,60918,32768,92150,66472,41678
iuazPYLN,ySQGDjeG,mmLKHgvf,YmGkAPaW,RzzycRrD,XsFKULQL,11551,89836,69418,69210,85609,68330
BzmSZBJm,auTaAMEf,OREYPWTu,kdywYIzE,KoXxanRs,azcBGWKt,88944,14960,50988,56624,64061,61727
hXLQteFP,UawqaUMm,tNiwHoCx,ureLuzcj,BQpzkbQT,firEeuav,19935,50242,40826,98570,73141,86341
bhdJqjbV,dNrrdtLH,vSUXApTO,IMJJsQgm,cjFsmbDk,shuPYTOL,9485,34816,79289,37030,65541,4667
LbvwtXvu,CGTlmiIs,ybTpADoP,BEdXNviG,krchYIah,QYssOXlK,90782,19830,89967,50849,98005,7562
tdUqCxsx,PqpIoIGG,DfCyXrRU,KPqFvijE,SSWIysDi,qgkQjuJx,38512,41463,10017,85242,87176,92606
dfrdAWRH,mvctgfQO,WynWCAlG,hqMKWTsq,EZLAGyXY,eQAOQZqZ,56672,46280,95090,77886,93277,61841
CYIVMxLJ,sIexKOLr,YNpXmCBX,iDUdIZoe,UomDFTZz,JUWivSun,12434,87021,46037,13384,85465,2423
OGzuXYTV,dFwocINL,JohzBhcw,DdMJevax,iMDYCiJW,AafLLrUh,30828,93179,96293,52721,90972,19978
clzVLrhw,iJNOZAIS,gDNlWEqc,arjVYOEI,rFrIaMTd,llBxnppy,95397,93822,66800,33460,43702,51729
ariiAQzN,NOifdxIg,HbTVmYMf,uBOOzbVf,IvGgJzfx,yAeCitAk,12506,67025,20559,32586,30362,15585
VHTSeyii,yXSwDOnM,yTCNUOXy,dtmEpNff,zqRkYbKT,MhznZnMn,77133,35604,46889,31645,77483,79355
YGwZWHuN,KEIxpTQq,zUYwmbEB,Cmyygijl,XlJWxEWj,qHhIBqkg,36109,49914,8807,57857,52542,1790
ODKgjsOy,TANDajFE,QKIhpPPS,OAcBsXrQ,qpGxNoSU,gWgvvGIA,76312,70565,60465,64471,76814,12761
WhvMCpJe,AVGNxYLq,WuvbtbnL,zIYfCTYD,cEIMdRFr,nCliTXLr,26445,36533,7949,42725,70833,92398
okGvLXji,vylntvUZ,IOkAbhug,FAtFIyFT,uTcEuMAd,vnNNIigs,27447,91703,57755,79296,63060,41475
TDNPJPEO,SvbQPUYU,ZeCRgjiv,FQgVsUEt,OKoBvUSM,PKaueTcP,39401,94827,95009,11196,57398,50773
zBxEgxcq,wvHhgHyV,BkkDVtXW,oENpuSix,iztLguuj,DpnTKOAl,67869,46951,55832,73174,40077,92999
AFFjJdcf,FgcbUsHZ,JFhZIuwp,vmJcxWHG,lSwaUhyz,PWbOKJpu,80748,2982,94760,14022,39829,47155
NnfIhRmK,HcEQjoRf,NGOeFned,CmPWZptH,vHGgcfDk,zwYObCWn,2366,26047,6666,88419,11373,98695
MxUCXpee,WKUjAnCU,TMJVFxMS,cNowbQDx,RCyhKOVy,fICFJDmy,95755,20321,61516,13616,64216,25169
oyshxbSE,rRxIYETB,xqfrDCgO,cbcUMHqG,wxxHwfHB,jnLBancH,11010,3622,97950,87740,61117,85891
vOXpnZWJ,UvqOprRh,UjdlwoNW,ioLJLIOz,BQVRIQve,hFLXAkQg,13621,26626,4154,76438,76500,72417
TIjfAruo,vAzbyiLR,JSvnqrIq,nBGlSWhe,PKBqHcqc,RNMPadvk,85891,16468,40985,18982,50727,72443
EMpRjiht,UctfYlEf,vaUKwJeR,UtNVKjma,pANCryES,XYdrtmbc,40504,26127,7426,21348,19944,29003
dKSdUinF,BkwExQbw,yDPRwFyT,kzzkqWdo,MWxSWqsK,kweeZqOl,72971,20680,28619,82200,32154,66673
rxfMFSSL,HbmSBphv,bmdnoOCP,VCmDULMx,gnIUAMHl,eiYpqRqV,67518,75749,17813,9186,30377,41263
WeiRvwXJ,PGmBJBqB,RQOmrjAU,iOAXZpSk,zVTDtGZb,kTvOlohJ,38659,87412,28839,28564,33021,31396
SqFPNsfM,hUhKwVFF,LNoOcwqo,MDXZNUTN,NGQseAPz,tfAoaJdw,58668,30706,23026,69954,57042,68715
EGAzLDjs,KFopETHO,vUChGuEG,HZnhIWZS,wxRqfqoL,tVWmpwbc,13519,2282,42903,83012,16224,62493
aupIsbPB,KSHEZrPI,GBuRZobJ,MvxiZptE,DMuAnmeF,frcWIjrp,24679,20910,62006,56269,15445,24610
mafcWMZs,WgkXqiBV,vdXBzDKp,hMLeVSdT,rovUOvfs,DOSObmsp,49175,17300,34326,80130,96031,93446
VFLqrbjG,NojNtPGa,AOdGOhKV,NOOvLegh,vOaQPMUH,dyBzTcbf,78561,56141,13773,43428,94709,73902
DChTdDUI,NfitMNVz,HAXrzLLU,LUQkwMtd,ouxwWIzX,vUzmGqKo,68134,83755,8701,30643,30206,84820
jHIfQGSk,oIKzBXJr,fhhuvKvv,lySRoFFW,dioFgdLH,MTwGZHEa,70928,92520,55845,47648,92489,57340
iXRnVkeE,sNUxEAza,oCzvjEOL,xkJnhljJ,OGpbToHU,HxuxcNYP,77206,89145,91424,58734,6649,6905
wMvfITlP,pAJpWHAc,AgFIfDeC,qcHNTXzE,SBdBsUda,xuLFMWwP,27684,15782,5232,27126,8949,7122
XTsqfbFD,xTlzxjDL,SHOplSjU,TzHzmXEd,hAsUjAtM,SMryQnnL,96823,8447,28975,57468,32411,76029
ZcZdTmja,bBEisTjd,nisJMKAZ,NFERvzjk,UpBpbCTu,PmuVKsHY,9624,62821,64624,92386,69200,16208
UcmszgEv,LBDQQwjo,zsJuBniW,kcboiuOq,BmZrCouK,yVwsOxNS,46938,60606,46950,69105,79288,28376
eBHdSUQA,QSYYFyyA,AbkFvKxL,XNNCMvOJ,rviiqABj,XCCHwBjl,77095,33363,2284,9708,39856,21433
VnXXUsDA,uIrEkvOQ,iDdXjrlQ,mcCuEoht,cjkdNdxx,EhbMCUcv,96409,341,19070,7206,20542,78780
aTZUnkws,mCAgjiGp,FchsWVFL,AqEMFBRj,fCVrGSjt,qcMLrGKz,74519,61686,37481,35831,66119,73889
InkHyWIw,FofkusQT,QfyKRkhb,qrHjbbVK,VdAXqzCk,zjMQRXtT,48387,98134,41689,54449,29833,15042
qyrzJFgH,DyOfqokD,LKKEAqnL,CsQyKLok,aWoFEjln,NaLrXtlD,39398,9010,18503,75805,81615,23064
tbXGehXb,XZtwCuiU,WJgzSuVg,WGISzHqm,LtPBDFun,UgDGeBeP,98266,64744,77474,2016,95177,16481
SXkVlOro,SHhXvUkc,AuQJyKkV,GXlifSPy,OcERnsbs,HwgCODWd,4594,73495,92432,97854,60482,35037
USyYimNd,CQpXCymQ,wzyFrWbL,goiudVzx,HEQFPSCR,tvbmWima,48983,97714,4024,79073,74965,30483
ynDskMlS,xjpxhDsU,nrbgbOYo,GsZLQaov,oVvtOcur,CxgDgsZF,60494,5116,23155,90435,55546,5135
kuUXVXxM,fIJSMzSq,KQjkIghN,ritSTPny,eMhIRCKo,BpZCOxUG,99636,72090,61132,71825,99915,39644
zvGVMvtU,PGCaLiPY,FFZyGbZD,VMqOPCRa,blYAAzOg,sFsiroSl,4582,95070,49478,2515,27201,10361
WtBkzeXm,qojnaRfd,ZyUCqCvr,CAhXItfC,IwiXgTGx,NMYvBTiH,45404,47141,38438,2004,70713,78426
EhVesOeY,DlFZWdYk,gJTOGpfS,zLHVzaVP,sEETUBHg,SYXhurMW,87180,31562,63195,98386,1172,52259
wnfsHQgU,fMQBsjte,tVFmhotF,rxSPEtsy,TjbIAfmt,etQzFVWu,7711,19854,20212,79702,31493,6625
QZwlBmrf,UVyMqjhl,cudHnkYm,IjXFUvFt,BKFVICXX,OgpfNWFL,28615,61277,66559,35799,30893,84876
WmmvWJsH,soBPGqkB,WiHNmPwx,ZZXJhGON,owRozftt,dDwEDwou,36090,30020,29500,56826,97300,19840
EpiUKDyw,weIxbTPc,vqqTRYBL,EtNZgDFH,SCOtqnsi,XoSnGYyz,92269,44949,49386,72614,23028,58383
QtudGdvA,HrfZjEKs,KQOwWXqE,rhjmHVrD,YdlOCOJI,RapIcpMa,83911,66847,32336,73042,95624,60970
UsdeEhqJ,lxeAenmZ,pINaroMo,SBgheCZN,QikYnejg,ATbphSYM,59455,28465,9769,59441,9303,27124
IZaQnYDZ,SZrfLCDp,qnUMLrKo,gHodGrVX,hFPwYPMf,kzHsugGl,76940,41709,58266,82485,92676,33871
LhTYzIev,DqPKKwAX,dMavzOkZ,zJiiKviT,uoFXvtyT,HfDdBMHh,12847,68023,81308,89310,34417,85979
RZizgCOZ,daRAzmRw,FewBzfjh,VMNxBXHN,RURXdQye,iZNixoiH,84406,3658,51856,62359,20666,85756
TSBFWxKi,aKjyFoFT,HlGMgKvR,eJMIaLzi,YXztjJYL,jWrmGENx,45071,53524,54558,32202,68904,73689
RlELyqjH,UOKMEZLc,FJYOwpwj,hXYBoOZN,nPxyaiiM,MsLfFaiw,49282,51438,20279,71744,15988,22171
ExnpJLNN,iaumrkAe,FqDWZffd,tJMNOWJq,VJSIBpRI,iUFqiBpg,88255,23947,74570,19222,90056,88838
nNuWfzrO,yvVuErSR,GCYSIuZv,AFjHOuyw,cZrUWISk,KEwYlVHi,84336,25527,22144,3721,18802,71442
SyixvRSv,wQKZlpFl,OyTqdeaW,qymXiyeC,oOgcXvLQ,NGueOdVz,28878,344,60725,90656,21583,71647
ckokXZZT,kRSVyMox,LOXUYkMc,aGOhhOgr,zhIwIBNH,rObfuOub,71756,8725,49101,68159,41251,53021
LcDftAwJ,wZeLMawI,zLaqaPiB,oIPEdZtK,xrEwLmID,hDfbdhUm,24497,19374,20815,70857,44433,28759
QMgcCHgM,TWVXWZZx,TCjwKjeF,asFzhOMc,yUpqGGUp,zgbJZzJB,70758,10941,74969,97467,78796,40297
wRAaKVDD,IWoSCrrM,GSVoPCdU,CjsRWstf,SbjEUUXs,FakwXSmM,62149,75110,93861,52824,69146,81928
ZyapPmzo,LWXjMCYy,GEVNFRsd,BJFnEgYz,kjrTKYmj,lpobUUaI,97005,46956,81134,83530,59677,54163
fhdeuXEo,DcetBUPk,RoJMgyWJ,HAkAzgoi,uVNawbwG,TYXVgiAH,89826,19044,28251,90515,63753,14440
oHEfDHPU,tPNbnuNa,uctJgUAP,zePzjioX,TQRjHijw,PDLFFgEg,53800,71275,38868,8499,55581,78659
rluiWBQf,ZQNtTUBq,QOzWGCKN,CesYgOYW,YbEtxtcl,tFDqecNA,37869,41819,21958,80526,97984,24022
AfaNIBpT,BqfLXOBf,mthXDdrC,BjKFQEkx,UWfdcSFV,gDLxKgIx,81708,57556,57895,33970,62027,94274
tSTFRzzv,qnKVdOLu,DQQCUZLf,YykDqfQl,gmxhbRzc,LNVWdzcs,16538,19157,71862,71808,31825,29798
bhSrtHZg,yCpoEhMF,bnJxUlmi,vKwNHAML,YdRadyLu,LzVHiccg,7818,9516,85580,45511,45325,28736
IUUkhpJG,sLHshHoE,JIRLdygI,IIgoFfwJ,BlABPZAj,UaGrhbSs,36815,2521,29750,21176,85782,49623
SSVUUheA,IZLCButm,TWMLfpyi,LnMUxcEA,tZBhmcKC,zwvZOqIa,80268,47170,45350,38902,86306,88954
dHjMWGpg,rXCdTcZW,TiALQlbo,CXNoxLyt,EovAghtE,EhdwzEiz,58907,5390,44569,82912,70885,49704
zWkHRSca,wzkQfwOz,dfOVyuCG,VKEmlyHp,hTozwTVX,MDOJmYex,94929,55968,39704,73103,67043,52721
gTsNqKAB,cVpIxMWH,gOHMBeIH,oflfwpBt,DOoWXNdD,BdEyOQcw,93877,83129,12739,85429,61145,70352
sjpVsmfZ,AaWSZOAU,sXnAsEtv,fqggaurr,yOHgkTqL,ERlcQvLI,34833,14999,34448,32999,94570,1999
pyETBCiX,VLPaqIde,zvMdPgiR,BTLsVuxH,hMPSTgSs,zKGsNwHs,14465,57692,93240,2394,12508,56366
eVYUuqyB,GPiBlFCL,HtNCsBTw,vlDxlMQd,egOwYzbN,RRKfaAle,28385,29411,46240,78535,48199,32559
oxaGatHi,auHKjigr,slPBHXuG,kKotiwZi,IigsZIPc,fLMynuPW,66414,25428,1414,94440,13493,96022
vYjGDsfl,RsEKsmXm,yHDRBiPu,JvINBTyZ,fzmIwVHY,mRCQxvSk,56653,56995,18689,35258,9385,12622
DsHtelsw,ZpnATNNF,GKRkpSUh,yGyAeFPA,sdfrCKxD,IyrQsXkx,78246,95319,54593,30030,2363,39837
IZVXfTAN,vklTPlEC,WghpoNyG,shhupUmP,YHyaFXJr,xipIkepi,25833,80813,42368,74513,70081,27219
ngrqWGSH,EURQPqMD,aDDleJPo,TznKQMRF,xipRFlXh,LDSiqKOp,5024,74588,83337,40040,65109,47114
dFQttodU,gEPfLigZ,YnUAolXf,HzDgXaWc,FiyLTsjU,XKVfNWkW,93565,59222,11434,18373,80873,34710
PRqTqJAq,MfamudEH,SnuWMPCe,VjcvPxBl,rKcdFBSg,NnSjfGrO,85210,10185,30355,48246,83385,36027
rcqumyAK,VWoxrPOg,RCpFonsi,qEeAeCgf,frQGgiQq,RjLFxqdn,12521,16959,77089,53423,77482,27706
yQhqOKtP,uUBkrrUN,NCRxAQTo,ksCVNWTU,mAeWSVRX,cEKgGXaW,51474,69434,77001,12722,48930,11114
mJigBrMH,XRquoJkp,BDpcltdb,uTpnliAU,WUqYgIba,OHuOXJnf,9638,43371,83920,44488,11508,6854
aUPdgJKo,ZBWwnIso,KyVTMnrm,vjuckXef,pCDLvvxR,bfwbvSxv,52230,76389,40743,36711,80873,89858
TtGCIUTJ,IrGyUZaB,MYblHEbi,KVVUcWLg,CWDkHyTY,BxKLSMJO,75355,57456,37083,24358,90962,62076
jTYLmxoF,bMOPwKSK,IbZsWGzf,zXHpOrAM,fixDtlog,onVNeNkg,95322,28773,49753,44058,79509,66515
kgZpMmQh,ikLyPICU,LVRXaScS,slQYNOQK,XPNDDTgX,rIpXOwKo,83143,45040,15234,68930,64705,43348
QunhtGAu,meQJbDaX,klFUohxA,TuCKcIrQ,EKZNAArH,GWUhrExf,24981,2803,25850,17864,33211,62031
NviRXKmH,jZgtJWsy,rbezSnSB,UqlmptMv,xASxEBIh,NOkzgruv,32239,34009,96986,39663,36384,85937
WTdAVRQy,xeRIkZAQ,kbQJupug,YLUxOEDI,WVdoitdT,tSfBtmrB,28538,2279,70911,72677,8864,99351
GylgOUja,lIGmWJUz,xcbDLQnR,NfZtlUQs,ZfsmahpS,riRHiCYg,9267,73162,34002,35618,70609,92704
lDsRLbzW,rkYYJzKD,VeXEjRAQ,RBqvGvzU,bhJmcztG,zjxpcxxU,27324,50299,17983,22646,79056,56249
wVACfzJT,fmmAxqrt,VUgyQkkn,WraBUObI,GDEhdzix,vAeYYKrC,40351,6645,8457,8581,15834,40904
aXxxETLF,qAjUkgqI,pqyWQtlT,bvRijLET,IAywLelT,HZyYJZXy,95379,18530,38003,43191,50168,20276
zXckTEwC,iyjdpgFo,arWUroTh,lUOhJpjN,EzuAgXpt,NVTpAlDf,47330,30366,42242,97320,29798,54284
KuHkKNiC,kffbQBRE,hEdkflkN,PJgCxmqf,gTYUWnoU,SLRDSAsH,70253,53576,80557,16285,78042,46022
bfWQZNwx,NILPaRzf,isxvvcwK,FTWbTnSl,iYaFHqVF,FbJRmCaW,93383,12864,13835,43654,41136,20931
pAGcamTf,xFnSqXeK,etpfNEIT,nDcwfPLB,LdIQodJo,GMsgigvw,94003,50897,5572,53354,83549,41239
SYPOZUjh,aVMPVBGl,qWJaxxNe,yNpoeejQ,fLheSsda,oQpOLaNQ,51233,53237,36152,18532,87545,61724
bJYmjdir,ggyEpeKB,GjnvotiO,nkuJTTGw,dImwfQXF,YLdmNAIy,47541,80571,42937,70490,49367,91336
lGDVCZCu,DkGDXLjo,BbDRHpYW,RfaHAWnw,NgNmOhvT,YGJRlDtM,55706,9437,58698,97999,6535,43175
UroGVOgE,tJmpZqku,dzsgIqcj,vFFmWZZK,XnfGLkoq,cAJYMria,69651,83070,18025,79157,32108,78304
FdYIPqpy,rKwRHarP,CAIjjwWB,wnbTXsKd,MRBacTxA,iTkOgHff,71949,70712,16039,6153,48608,2370
kAaPYzOi,ItHjSzKc,cYzJfEZD,LYfrfpbR,eDcNgOJN,CzTwyiFs,43088,28157,99454,80617,68642,25173
vaKRtqLz,DVxgTVSA,JHXbQbof,mrGGHwPI,mNQIVWWQ,GSwBXTCO,78375,56978,10264,43981,20003,47756
pQIhwYBP,LQlHfcBc,kLrAgeSS,qCDLhuqX,gsSEQHBZ,UqjXEDie,90325,64400,19438,94395,69310,48505
HQsyXQjV,UkCaBuVW,PASARDAO,ZVjgoKQT,qBbuOfPU,fSeoCHWz,35479,27269,37448,5982,14426,4362
lIpWRQeq,sgvHcGdi,tlvZAQJv,twcbQfhA,OCOBofSt,vlCIlYZy,92972,50186,35161,10050,2620,88635
qIsLnlDX,yVpDTYUW,waaknrVY,dcImgBrH,xBLLZusM,PUZWFfkQ,88527,39748,59344,39585,81801,35161
exqsFhvH,lIOsmnMV,LoqTPkNE,nuULveVF,mGUmdLcA,tfGYLTWp,36533,34376,47529,95954,7804,12116
PRycYKlZ,VFqLVFVL,fbOAsRAk,JhfSaFcA,JZqrqwWY,qtDGFhmF,32094,63926,11318,6821,9824,12446
evYCZITB,GSlRLypJ,nGdbZKlh,KiHAeyhb,kjOBqGYA,TJaSBAuE,84718,58228,83221,21360,91072,10880
KVRjUqYF,pHaWgtkW,UhqKmLJM,XuvgobaO,admYrIId,oBHcnoHP,97193,27526,89674,70108,98221,86855
pviNGqlA,XVtaxhUc,FfaANHQm,MZJvDJFd,rTFiHacH,jocSxPzK,63119,31895,91885,13577,91968,96534
oqyonANw,HmupqWcN,zNkGWSSZ,ZWLpkmzu,ummegFFh,DhJvlxqb,15059,59099,44699,72613,32893,13881
NvVETJjS,mHpasRAx,BQXSrCko,LIFfmHRr,pHeVefKu,nScTGiyo,56056,39379,52186,68965,27965,2460
DUzGgtZW,YPYoWIkK,cLQRkZfR,tnaldwxP,zsvbaZnV,bGjsMRsf,47278,70133,32802,70045,18234,19019
gLoGfNDb,AwEGXGWL,HhWmdKBH,ZUWucMTl,DmaopGkw,WWMRZpJW,2624,70235,51169,97183,17906,83009
Pduighsz,dLUnTfJx,DFdTjijU,QUZpNWUo,GrlsTzro,YGlVCgmL,58776,31506,4763,39391,3269,54341
fsiKSBpe,sNnqyWGT,QLbLwSMc,CTXsUkcY,LuLnwLrF,BvcNfdbZ,31243,96128,87134,3388,41570,10119
uPuRhbiF,ZrKuQaJk,mvJVjzBG,ZHHovehW,eOJvEemM,VTlnAMNa,21749,33146,1785,39140,49120,52820
uRgrxXBp,tytIjhcm,eTLejJIB,XbqWZTYG,jwDfFNMb,SSCHzktu,53979,62382,24794,1440,69601,10054
cGfSibty,HLwurPtw,sctBhkfw,uitGlzUv,NRjVegDz,BOStYnzc,44744,26733,2118,9285,32301,13785
qmYTxveW,VzpafWKV,yfQJVDUU,nrLgmkEm,affNsbZp,Jxilpxce,73052,10950,71982,48967,62766,5870
xoueXnlM,jDjjRveU,GbsMPJIz,ObAXrNva,diYjEqRA,ePoAvnxb,98044,43953,10821,76326,52802,96014
hToiBYAO,SjkeDRTu,SNiECOZD,rQDNBrVS,cxMZeZMa,rhHmsVtr,82400,68987,40216,40735,47235,83542
eRRbHFWG,IsRZTyDw,AfMDpvAC,TiCdfSqT,VJDrHnGt,ciOwOnvG,59868,66088,42322,62415,73632,46235
FURwhzCn,daSDYLgi,VYqnxnCJ,ArRhlbpk,cLzsMjRs,ATaGeZMu,65327,14188,83622,25761,96521,57355
IpeghUCK,VjKKPmOZ,wRaaDyoi,YXFMCkUZ,EHCmPtBK,rrZjVmgW,29258,43139,83532,3946,20438,12123
oBkDHlJW,zvYEaDTc,GuuaZapx,SMQbiJeW,aXsBPsbA,KoILQhlG,4136,13215,26597,55785,70461,3682
ZgZpsrwk,QbCgZBOb,GRByszNk,ADikPvDC,uryfxRVK,fSiraSdh,12745,6952,26056,62405,61873,31085
pIrvmHjC,pvVfZpZj,pqeYKqsz,WchXSYXb,FnYIEmBn,dAYHvRdV,51324,9369,81856,92112,44163,89406
FiazsSOB,rNVRrSXM,LQZJpuUY,abhnOWzj,MgAorDzJ,BTgWymAm,31134,32551,26256,61914,23604,61433
JVlPNGFE,CNadHoQj,izUkFjJE,DaiMRhPc,ZpUoCpDj,yBLprtsH,62437,11002,38815,99726,15248,86079
zmiHzjSM,TJdpzncr,WMgQIbXA,uiTpWTko,RbJVSKey,uOfXpKZL,67105,80784,48668,77814,60469,96530
vfxMUAwJ,HsbJoepd,fbGtmWlJ,HpEColfm,SYuzVZnY,WCMuXSCI,18340,26342,72529,64502,99391,46248
yXHltSjP,NRAvUQyz,zLOZwdax,dyWSspTl,oDNkRyYe,sgDgIRbG,28447,99452,53967,10963,98923,48718
CybOFXbM,uEkqKClK,GYedOkXR,DOKomvet,fozqSmGT,aJJHEnKd,77416,78799,98119,33056,83090,13663
bxYljCde,HJdmvhFG,JnRoHpOc,mBewAjnn,QGhcAIQN,mpErkXga,53196,54112,93576,5742,98170,15505
PxwLjErK,qaacRcqo,JmzKjqYt,VTGfMftr,dnSOvDDI,hORORRdy,36910,30579,73293,71684,94807,36973
ExinvFPT,ybqYTZAq,KKDaYJOE,cUzTRKDO,qKFoxkDZ,fxtuUVRP,32440,31260,90013,77865,28129,66098
iSljKYnv,JVEYqdBW,ygImJAMp,QQezhKhZ,FhCcQUBz,whaWYhSe,28035,37201,68769,50093,75687,47149
FNRDmAmS,jYCyQNkh,zxmfEcpm,rhkUeOHW,RigCipyq,fOBdhSeY,56818,77195,5025,58810,63752,24498
aeWOrFkm,SMGqfKvI,YyEiySTw,VbRGuIir,ZoxSfeBm,gXoQCDSu,60946,56839,24146,12267,89422,15087
vZNzqqPe,kHNecxCI,cfxrWjkm,GFGHHlBJ,pnBOVkJC,svxudDWC,2345,66796,56618,48550,53424,28575
eeSbqMul,aklnUTni,bBgAicns,KzQTvHPL,gRkUIuUO,KmxIzDpe,45329,32115,37014,86437,92519,86568
sgGSsOlP,rRXwkbBS,MegutWTW,bkkvfQfq,VaCAFXOp,IMFVnJvO,22488,58605,75474,47928,94224,8137
mXLPFicW,xyInUdUY,ZXCxQFaw,SrFfidpJ,JDptOHgF,ucQlntcT,35925,9356,13991,18063,63345,14937
rEcSmsKz,bqqHXgYx,OXlsYWHU,ELFLnhrq,qcKQlZmm,PHfKqmQH,36199,75730,92293,8429,41429,68292
LrXIeYeq,FJBjOPLJ,tJddRMcN,VkFVWpqM,EBSspwpl,ZxeuDFyN,32313,97753,34050,7455,3476,26515
GNuQcJQs,JiRALhsQ,lMQGfLpq,qKoNcOrH,tnQAKKCY,VrvgposN,50539,12378,29974,72610,38014,90930
nqCkiKuD,CRXCsCut,vFvDvRoe,jDabRhGf,RpcDqlPj,wVqfYRys,22033,52361,75687,27906,5239,57425
dODsifOD,TSoQnRyh,hAEhyeIe,BaDDDUux,JQqjetyh,NlDoHhex,18941,53599,6681,80553,46479,57940
aVFlTRWm,hSswMEGl,bCAZtAqB,vmvYYatO,NzhgslIp,MDvRavqD,39646,99654,36764,13014,21986,69125
NpGfJuKh,xDTsIvNo,GxKkHzJh,TndMaPtU,vtcWDLkE,GklBtwyr,66647,12958,14098,40148,28341,73571
COPiaRPq,nYseHLty,xHqGMbsF,EidtJSZu,aRRSOanQ,XBzcwjCi,57182,26,5010,65377,15457,28784
rzIHATxb,hxGPiprD,hjNfaigA,JTzvHpnx,KevTYqQi,GFdcaFWv,26582,67082,90769,5411,82430,44209
MRLcHBcy,fNdBUlmA,JheCrFdh,GLiKmEpH,aqGUrOrm,AoMEWHYk,18827,14446,31541,62052,48264,62629
tIYRLsHN,rYizyhXH,bsWNPmgV,nFyLSszG,loFWYKLF,PFHivuav,99344,27756,94746,28937,91433,44193
fXvLaOvZ,sqvFqosd,RGGhgrrX,jpFltGei,ehwIkpQO,TxCuEIHB,69724,4268,27665,50368,38193,89543
smhqpHaV,UTzSHsBu,MRCvBtZc,ISPgLgHu,pcmCgcrt,vlMGqSyr,41512,44740,73622,89903,4610,80934
mWzVQUkc,DIugGIvd,RVDxdgSQ,fdWrinDN,bIATreBi,IOVjMkaq,45758,84565,61492,49958,51172,4470
gPgAGlkG,XWdrYBel,YLEYVaeq,PPFmkjXH,BoBMdwmn,YVFYjZYo,54039,35876,8936,33112,92616,19268
VMDXQBzz,rBKfeBgr,JESjmBwL,SKAAbxjF,rfQUsMdZ,pZraYhlR,75342,66063,18979,69119,17015,85284
ywTclSmF,bvPLRdMI,OvrqZRie,gtHlENKM,deqHCEKg,qEsWuQbN,49330,82912,13219,33688,75385,24582
GpOERyAo,TkUaLxmu,PbhRqycH,nBYHffxH,RzgsTzza,pnUlNRLw,58621,57213,51015,39213,8838,90874
uBDSCHiJ,ThVKAYqX,rRocZpIP,IfsuvbZF,TGXFFitC,fADPlGTX,48859,95792,71505,68116,69783,15768
HoEyOoIP,gvcoEGap,cuqJPxNu,WszKfCkF,ApxxbSAk,zDDfptil,93034,64695,72114,90123,13052,23035
iTEvbmYy,heqoGMAk,rsjLnKNH,TfDSDPwD,PHEfJIcR,VnYtTMay,98200,30914,24979,86500,16051,79527
VNAgvmtZ,hVGIcrLI,TQPGBRhb,epevxZoB,xaHgBqZa,YthlcIhv,18582,2070,98234,32080,66743,1698
CXadLXjs,dJiIWnLV,mETryAQK,SBasFIAa,UwGfRnKl,gmHLpxwE,32604,18659,68462,80586,18848,18829
tRmtpaqK,jznvawBy,WxxxZaoy,MjAPmhDH,MpQickFF,sbTcTIPc,1188,99142,65081,38669,39183,65785
PEOEDdsX,zFRdbIES,vEJnmeGQ,FcVOVYBw,KMXGawOP,lfhVLbOM,44488,19475,4959,99543,25748,9192
AvIlJyRt,GDuaomLO,ImJTryiI,OtYWZrDK,pNpOAgCd,fUGETehP,25085,37100,86997,21596,11664,54104
mlgNYScs,CkwDbYPc,VUfVuleC,iTmnsbHG,IXXTaFJk,VlnYFglI,86212,82869,22446,19393,18192,66211
VfdDtbbr,RxGftCbn,WCPBPIFy,yQRTHVRC,QTrfZeSp,pwAOrTgx,86832,96031,4326,4246,69097,69923
AjOljjog,RDijBvjW,UZcTlvWB,oaBMgJPQ,EdXusCEz,kHJggtih,52663,50469,40962,14956,71123,24391
FVxoGRlX,aRyKLLfy,GLZNYQhj,aSoawQBi,LCaoFcki,GSQdIdmx,19552,40132,51007,15473,77134,67956
BTEzYvCq,OuIwUMYR,TeILSYZU,FZGRtRuO,lpbcOlLJ,SAQlropb,21045,45527,64479,11969,87963,82413
NHSjMiEy,LTbfDOTD,QqwPPTvC,zkDIxQNr,nrXXNcRi,OGmDXbWR,35552,99326,86886,90320,33407,80940
dpMQLljo,HZdQQtSe,KXZRqhMc,WqcAsLCk,bYbSlgIA,qzlQwILJ,35739,73056,46424,34594,28459,74695
fiwfjHyI,QzicYKwf,vDRLJEmz,NjHFKaoN,GZCZTIgt,GerjzIzb,98661,21371,772,72859,11976,22070
faBHEubL,VzgzEkrS,qBjMnAvT,HHTdRJis,fXGnCtbR,BnejHOJb,32889,8033,28016,57870,95170,95935
cRUEzGpn,aJfHkvZu,BMHajLCF,CscDSjeC,aRtxqJRI,UDEBDQjA,68284,75977,60428,37422,15054,58277
PIJZFqZf,JEAzMvGt,DPrPHoAH,DlcnRCxe,YVjAPmJY,OQKimBhz,7778,89431,40614,69344,18847,63440
TNNBuHqm,rxhPUYIr,bgLYbgKG,eQshbiFA,hpQqxDSi,DaQwrJjj,86284,25002,74975,73560,37391,74035
imstngTp,NOTPcyhY,PlpHmxAm,qPeGUxnr,ngdqOcdK,NYNAyVrp,75634,48904,6714,1903,98255,71517
lXptYMvZ,vIqDdDxz,SWDHgzBu,DvpBhCWF,rQWQuEvl,kZtTvlJw,30161,35656,43189,52296,36156,79521
GgPCqgjO,WHQOBpeP,xKpMxLkW,XwSYHJFP,lNzQIlLF,tXKREerz,79328,39156,43856,27434,52246,44560
wSPsectu,xATgzqxa,lGcQwwaP,FFAMqPsf,TqcGRtVH,DGmIZtSV,61822,12318,49212,7627,3348,54431
DeXVwkKz,DuawXWct,ckbgxcqX,INcQvTbG,bPDOQKJf,WpBfxQqx,39695,3134,64025,53603,30615,37454
bYjGWkup,ehnufMJG,xSuLvmDg,mqbJsdar,AYnLGlYN,PyZDSScX,61720,90224,88926,88003,51253,6960
oLJgeEkT,cTNCXhfQ,dvkfRmGs,GQvWNZIg,ajPMTwXM,aBLPLLLE,29277,3787,15203,34548,5209,84675
XjJzxkyJ,PfqwQYcf,FQgVoWyA,kQYHAurI,nboEFGQt,INsxLJlx,11028,19173,26552,84429,69420,87840
SAwFnDaE,TwfQEgfq,qkZWcXje,xeIOrywJ,unoUhsvi,vLQGcfGO,37731,76979,70501,41812,43337,2863
TLAUlLRj,IjpsMqYV,rRAizZOw,iPwliaSl,Lbucffhg,sFSLJPwz,56051,61067,6647,31354,62478,65018
CiPZWTfY,whhEFjgh,VxSUKAhe,EjkycFuu,cPijCrcE,APUPBkkr,24295,75546,42165,70002,32664,44759
YPKirDaF,HxqKHEde,DCirhEHt,RyGwjUhP,qcbmRuFN,LrNTdPLg,60246,87883,69474,40998,12254,15767
ZMwDjoGD,RzfVTaEQ,GiPiTfec,FEUvfDFr,FYdDfhHz,ldiUKGJR,94468,27744,65335,74735,98628,29676
eZmqrhfG,uTEXgKtv,OvelXGUR,TxwzHyCY,dUeNHDSh,QqTbSfRh,16842,38320,88591,35436,56335,26934
gPNSVcpw,QKLzkMOq,MdgoKjGd,jiqcVBjG,DfCTiyHT,yJcNurdY,83048,25895,41213,17418,8243,92440
hXXUjoyb,PMqyTnDe,PGxlNVZj,GEDaAfAl,MOgCBsRJ,NdKZNiUT,94783,79705,29878,91735,48299,87188
iYcBmXMO,UIbFXuex,XxZBmAnI,MVIZBsLO,JYCbjMGX,zsmBDNrx,98221,47096,90269,44423,30137,39906
AbUvMIrq,IVKAzzro,OaiwageD,mpWhVVUb,wSQlfmRi,hqtJcegs,16048,39390,88401,35859,53127,95019
rComgwak,hEkrfEFl,oUiYerMO,fRnAdgPh,pGajURVs,rvkZoSNU,40128,28972,32085,60249,54961,38413
ZcTbNkxM,HEszEwhQ,wPdPCFKq,rQcNMHDB,vemDKNzN,GPZOFHgV,57376,78507,15939,54332,92122,15708
guirbvCC,MBAAazWB,kbBQpzYD,LYGRxeGo,xQMCCTAQ,eNDtFmvH,37099,28439,43203,14326,84200,11077
UUINuGnv,vYouIwct,oFGiAvnA,fjlZchoX,LDaTxBqK,NHOhLIxA,87621,33953,26196,30013,67732,13167
gRHlMLUV,XvShUvXk,GwJExjNt,nCDJCpjw,EGsgFWmP,lvxaCtnx,18660,52737,88809,22615,25379,95142
UFOlNGNk,RuhWFhYo,TEAIxFti,MaUeWLLO,fmUrgsuP,bZDgSFbA,1060,60816,80916,35791,21035,45789
GNTMWPjL,mVQgwpNH,DOjzASZz,szCvPdrL,GIFFukol,CxLqtBGX,63151,9158,80338,10730,21397,91219
RxhlgONt,PECxYskM,DXUqilkA,eoFpgRpG,EQLMuhrA,ZBnNJFXa,14016,94863,98501,83695,15201,89259
DPZKjOEw,LDVJPQpI,DoVShEeF,QKJoUllT,vGnsCUkg,sxQEuqmN,46133,26769,90989,9882,44700,60910
GwKAtPom,oRdJeIvu,GqkEdpPn,gYSEfcNC,rsNgFYJh,pDdPvZCG,98352,51990,33594,26872,77799,94782
clSJVBxP,NQTDJjVT,PLjBfZiQ,vDOvfDNJ,VydGaFjW,LVMIVJwr,16837,98824,19423,70330,12553,38443
xxQctcCt,XlYOnWqx,OXAPCClV,QmAvDTZQ,UTXYpdqZ,LMUwybQc,43327,93621,89750,70986,91492,1490
iSKTMkqB,pfgfeTvI,YPuSnwvK,tuuknWBe,TWnftmnS,CZiqOFmK,34915,85735,52460,15275,64873,22586
ZiGYQPIt,vNAOxoEG,pPOBjTVm,ypVNOmTS,gjAAUxtq,KPNCeWAG,54387,62507,73593,80062,30441,49164
lhfKErTH,DgGCEKxu,zjRsJfHg,ecbUpody,vUAwWNaT,YODatYRt,63986,46086,72617,26737,59029,88620
cDePEPJO,LXWrKKZk,ATwUGRka,TKsShyWg,uHiKvmsw,NpdOSWDx,59759,45785,7788,1367,12207,21498
oxNdTEpx,KefnXkxI,owHTIDxH,FKnxTQVT,LIuipzaE,GREntuJp,77626,77621,90798,88074,25808,56788
kfdOoQPm,mEjYnTAt,uTyCqAxx,pbVfNfto,bvEnMAYm,TqFlurjJ,7496,66687,6248,97347,86075,28001
CknuuKRJ,BheKMVYw,QKZGVkyc,zfbEVLAH,sMvYEYgt,XCrZxCBF,21893,62826,55440,48313,82995,78508
jwiuonCy,oEchxjzV,vBASxuji,CgwSrHjw,KrwIAuRO,mSPdIzRL,38004,53986,21453,61046,53940,51721
hVcfLXWW,IjMlZcvZ,KGCYUWaY,wmJsrjyY,qeSVRbfQ,uAUXcbYj,91033,53267,89725,42483,55727,89856
OGKFCCoG,AZNmLsVx,AQFhowWh,tFcypLYK,NWEWBUeQ,LXRdqQZo,6668,63969,73194,21864,80622,72794
YGQLuUdu,tHhLpips,spxQdYSs,PHjKaEGO,kjpVLeQi,axyxbLWF,72509,57411,47279,31714,24431,54595
CysbDPMG,bbegOzvo,VBUwSsUb,LQDydFEc,VwnKVKwI,UWaNzaZv,14806,6712,23908,59260,22442,87688
gZIRYvjk,eZrcIQkp,kSabbPUL,iVDoLvdx,iLMWzdQU,IRTNSwAj,53160,32713,11069,37009,47514,57602
OnHFjUCH,sYwwbXie,EousVINw,ggxsmdnO,gZJyBdqQ,CjidUatO,8925,34179,87841,50564,68939,73811
pVkMntrj,oOYPPVeM,NgHKyolq,hqhOOBOS,sTcIXnMC,zSCInmdt,6999,88593,86785,41289,80770,77304
gKeOwOtl,modcsuws,mXkJpvlc,bTvEceWY,XofRRujP,OMKbjnuD,59785,8081,63677,99915,39603,5289
bgSFdKey,dwSxUQZd,nbOcICnS,WocoxvLE,PWbOeJSa,JpcvTNOU,51949,6457,10250,60315,93946,47703
ajphydRN,hKnpVKbo,ORwCPPFa,gfMEOVXT,KNQiabvw,tXUAAoOD,64259,97287,43415,16856,81925,24844
VBzrMiUR,xhYouUtm,ZurTufFO,kBhahECf,rrCjEqMr,NWUXqZcC,18899,97407,29451,45959,80110,52301
xrUoPaQw,dyVUNIhE,RBODcGvB,AyKjrBbg,SFAgIcIE,ICrWZbaE,4495,57978,81955,15305,74323,81689
rqSnngFx,HiXwpraY,nEhbHUWb,ubEzSFNh,jBQEQLTW,amKuHmfq,58058,41351,20986,36857,12237,62440
sGouMskG,iikzgGEw,YmydcbZq,raCGqZDh,ruvhPvmr,LrNCDuHx,89494,53184,54166,52538,39297,9095
SowclxqC,bfCgdSnz,KkkNPktw,IqdrTIQy,ZjqxZziy,iKguaxxP,22768,88811,45215,59920,33571,65346
NElBkukE,PIKasXxf,akIGokMc,GxZFByhO,KHxGQOyo,fAsMdEFS,77933,65391,25046,38096,57180,23811
BCWTMjzL,PltvSfCh,IstUHwCc,jdgqorFx,waoBbRTP,RTWwYYyM,74470,74917,42129,5384,20112,38236
KNuLeVwR,EAXrJHJz,pURoTYwe,aXZYUVEk,NvBMFnYV,tGyDlwcq,66525,45412,84617,19871,3511,54905
AvktGotY,yADvsKql,dIDIUzOT,pnznyDWw,sxNoryhE,nOrwHcGT,94272,87802,54804,47871,18955,49926
NiZLEqyI,OkbfyrCB,vofbADJP,jmBnPFIs,NQgvCIna,fAhiiIve,13465,79883,39350,72365,99105,71428
KZyfpfby,jWdjkljy,ZTYkywDR,FxBOTXeA,oRzbGcjY,kzcQDzHr,60804,89655,62489,85094,164,25739
nTZrSYFh,fxMfzcXw,ILowPjOx,DivPQwhW,QolFrxSQ,RwKQeMfY,12553,14211,14815,60390,91175,74247
lHTAKSqy,sDBdDjHf,caBcLFHh,IZOWmdwc,EEKjyHdl,wxdjoTzh,54081,18052,66842,66549,98780,26976
EjxMGgRR,VqYEmkVR,wNPcjieI,nXvGwExx,IDLDRioe,kfmrBSho,414,85748,55784,22487,78223,29764
hMEtiwiP,RjoDIrnl,hFGMjKRx,ZQOyqUaF,cgAfdWdL,VkyfOEan,48107,21458,29206,98042,96875,17787
mTKbagsw,lTMUSEDy,FdEnFCue,MJPrmXvP,brQUTQiV,eWYBJAmd,38082,10273,38240,69263,16849,74513
xRwVGWBs,xPvCdwxS,IYakqFEK,qzlqiQCG,ekunKseJ,UWKkSfYN,88927,13185,17037,50195,24972,96435
aoJVXCrF,YrZOBmwY,KNJAMfRr,SDKLAwCk,sGxifGyO,HdmdrinT,98947,21187,82032,46855,47290,62129
HruBEZAa,DIJeENdc,qUZiBEPF,AncTQfKj,kfmJKFoA,dunjWetk,17974,28895,7094,68110,96670,31666
aSSlggPd,nEXzvGKw,YwPAfVlH,ZOkwZBuj,DnDRPsnd,fqAOPgVJ,13878,51252,52765,61102,81566,14648
MyOhPSgP,Tsjkqdcb,QIWzpNwN,kMyRAQCr,MDwTYXFy,SSICnvzb,48776,90572,8447,2327,22911,24349
iyqWwBYS,fNdvRhwZ,NEYCNNvg,riaUKLLw,dcmBkSEH,svrDKKUP,97867,87950,88256,61682,22232,63740
SDNaNVSm,DnhKYMZC,URSBzWWn,bDhrgBml,TZlPDNkq,UTYcaMlq,67191,96583,36623,14106,73503,80545
lKUdEoTw,CfLXHZRm,hJzQZePP,GPbvkevw,yXvvXzYQ,GZqyTjAu,693,37361,14616,95939,63526,63254
NZxtobhp,zzuXazQc,bZzQQikh,uOaZBwem,qhCInjvs,wmdlCbdR,16302,58214,35,20300,67141,56211
VCosOLlT,XDmKnIoj,MPsYBihr,RNSCrBeU,PAthiMfl,lVLvQqtf,45861,5419,29769,5484,17585,90505
TwXINbxT,uUPRiQHa,nRmTRZMD,tBcfTVNq,aEDBJqPD,ynKDPMVY,47111,13045,66823,77325,13595,80519
aidFRVbS,oYhsXmaj,ywkGZGfF,rSAVfFht,eRKNEisP,SRIyfWOg,50757,71477,81201,97463,25428,37771
fbaKixeA,ywaKIywi,MYYdccPF,CfrCCgIM,xfMEgMmO,NGCetPMl,20789,60255,49447,71890,6134,84097
hlVhcMPn,DgLaLPcU,sYQCOPXw,RbvPihhn,PiUDZOUT,HDdYXrnu,92183,47792,72736,5276,60774,38409
FlritHNZ,snKzMUDf,VNVbZolg,iMUyfdDP,FImjujib,NlgqKmJL,71210,75117,57678,74820,21408,74049
dRypTKoY,MjphONjA,YkKGIuZd,nsyhzLOg,kEdUcajV,qfGPUKyP,85311,19674,30196,66833,13070,57039
CkeSojck,FDdGHMgR,UygUhjqb,CHHtWLFc,XJoVhQQq,gsvUbfeM,76393,35390,74991,26327,47266,23789
vRVHpXzE,SlDYQImS,lyqLYeSv,MBKIIEaC,EsecxoMc,KNKNFHoY,47711,90487,7036,68929,80304,46481
XGvvujOV,rMYfEQLu,QyuyHpND,SSldpNzz,mObSFGEs,ZQHhLYPd,23490,21392,54814,91767,46965,65595
sdJluWTg,HUlLVyHL,QixlVWDr,GQsfwXRg,BeCnYGUO,qOIgLuaI,25522,16257,65657,86240,96452,72582
fQrqjGGU,lkgNJvHq,bZHQewtz,xGcIjaIR,EYwTBRep,zSWkKBJJ,17692,60608,4603,93561,82495,61064
GZGDBfgY,UEtPjoGD,WbkcfmGX,BgumNWzI,iWYzrGUf,XFWwmsQE,27672,13553,94497,49346,22362,80273
mIgFZTWW,MZCTgFAs,XTJgXqqT,AzUKXSuR,aCeHJCGI,pVIAUoIn,26832,4327,32629,53010,61390,30596
YELEGIBu,amANjSJj,kbRnsqtu,qAQVIEHt,VTOiQsOU,PvCNSOSM,91390,70041,6052,57368,60098,69046
KnLkjVPG,kWoVuFvN,oZyjTwIt,dSgbFarP,iYgKxQnM,hPqyGYZd,44023,72261,67951,77945,46662,48109
oOVeXdya,fuxgZHXP,qFudZDSt,sBnWhXXm,xHeVZvwV,HoTPmKXx,49108,98405,82398,93365,82647,61281
VFDcltLn,PnPwrcqe,RXGyRqrt,HUEWkaxw,YPLqoulN,QugacvuM,77961,99079,99645,75736,39587,75765
ewHVzikJ,bmaJMVGE,rzcmEbPw,yIuFWngg,QWMuQGAk,kxgMwnhr,81054,23912,10873,50651,78631,63172
ESZSrqJZ,MPguCRMk,bSESiaVV,jyCUIHdC,rXMqfYaq,bIsiuHWK,65131,25380,11012,49871,40169,44946
UzfxAtIF,MDPrWQls,HtOdBspJ,huwERHiI,QdLUrfXH,ikdqPseM,88213,10011,92249,54901,86531,89946
MfXVuXzf,NAiKfrCG,mJRogPwk,FnbrHvzB,AhMcoTyG,viFeiMQs,45321,38987,5452,49996,31165,66451
aJmpqaTQ,liQeEwIS,pAwBFFcx,NDlGMXGJ,PhjAEiwd,RvaarvGS,28693,40807,38173,9031,44763,55898
gCvhrSyp,SIXldCxZ,ZfMGvTUd,NuFMExgd,EFedcvvd,eCvVVvxS,12058,11885,17845,62002,86795,79898
oWMziUGS,pvWERKcX,ReXeZoap,uaXHYvyw,cSWHAXWN,eVfepipv,20853,37102,16975,41913,4336,76225
VRYnbffk,PxwRdyQB,cZoaIXYr,eYlPrSaQ,DSQpiqcH,hEDLAIrW,78577,42894,47187,420,76262,95382
SAYTfkSV,vngyaJvb,zUvsrtRM,AFFQOhOE,AjtDqmMT,zudoNYaz,57097,2627,76628,10266,62881,31063
TDKgIcEk,XeJncVeT,eiHNlVvA,IstUhbzO,IHReGbyd,PUzUuZuF,29782,60030,87815,6178,11417,2189
KGmwIvTC,UrieNqKU,sAqLkoID,ZxFulfOt,ltvmmndx,TfFuIoDy,86865,99768,22601,79804,38562,87729
BwZsUMJn,qYZCwwFF,dRahPpdR,pLwtdsWQ,hNrLHSwC,LrAhKSWb,26257,13754,81388,62682,87165,49272
yLGdfjgi,CJKFiXyw,QVzGiSOD,ovBfTDxS,gTKpsuDE,GCTswDDp,35011,35984,40776,98374,44195,90232
WRDmWqBB,RznMsGBK,iwkYBqdh,HbsiuRJB,oNfYeevQ,kzVLAhya,62271,63835,26796,66466,73459,51539
hoblAaVQ,OaeZdDAT,INMZLDMH,XLKohtWf,NrrLmueu,WYGSdoxV,74805,79400,66013,92253,9106,26799
YTsEhZoB,LCDTCEIt,HSpIfosr,GSTkxQIW,sfaFKWVt,PJnhTPNW,65366,88165,95496,65746,32538,20333
huGOenet,sHmLVrhe,tOhbZZXa,YoVEVuLO,NHsIqjIB,xNWkRKJe,4380,76563,87865,41473,64375,46526
iRtuzBWX,WnoqZsRD,MiuVRZjY,IwmnkRIB,dDeECruO,YqvMzxAp,69004,83869,87969,58769,77644,51551
IbjhlgNW,DBoWsZDA,herCeimp,bTPWcVZc,OjHGLlur,tVWPgzvD,27946,66453,74649,67017,81577,81319
hJlIzlSp,abcplUGn,CROlzgkB,qcaFFgan,vDNBeBrb,mIrShysW,79399,85642,53883,87120,53931,27764
YIUhmdXa,ndDwIwbW,NsyuUcEj,VVtuAaqS,IdyGPghE,zCmrhNiP,96400,20862,91242,54357,66922,85865
cSSPlgyX,LhKlDzpk,aQveEQNn,DSwrVWFZ,qDOTfPjD,ABteLMGz,34474,56268,83369,45895,24521,42382
UZRMKXWj,oxZVhjwq,kfAWmHQg,YqOkGGuV,XzMFDeMC,vEZuylmT,28468,66006,32235,45258,11988,23070
qDqDRoeY,UqKUvLHQ,zNtmMEsj,uoZGexxi,hrhcFwBo,TfPLxZRu,36324,69518,24741,54697,80831,3330
amuZpmRC,zyXlihvb,pyigJoAG,sDDrOzzc,lKrnwtPT,JLQIgVqc,14851,24572,14208,80147,11015,27853
VpumOzuS,fGsOhVor,vYSMYGHC,jVkYxYiq,fhkwarud,wOOvboxj,18948,57718,29476,352,2727,97006
DwqueZat,FmogSbSb,aJkinKnE,kMUrwLXs,CQHxYgIW,BixpJpRU,24193,80002,88879,95105,14368,99762
pSWfzavz,DVvwljoQ,mBOFsMHG,hIZPCyTd,yxBFsJZn,OTGpFYEj,52615,48571,57157,55557,91187,51254
zCbChWOz,NcdjNHrw,OZtqIHCZ,MIHYbvBK,eAvHqHyk,usreKZoo,17817,83677,38549,18928,59081,96558
lAUHGasS,KSFZuUWP,juKGgMDE,ajkjAZeD,MwEYrlDJ,cqugfJhD,82656,20840,32288,96084,93110,76779
dTrmJduL,lXZEPlGQ,RiDcAXbS,cquLoVsr,nYNpvnla,EKPGiEaB,71221,85980,59367,39665,31933,39571
NccUfqog,bIhijFfO,wuISkjUV,YPkHQGYY,LqlXvjzi,YFVuuphx,3066,67672,21675,46747,49904,89034
frrOqXHt,AeNuRBJK,HGcmgEzp,DWTwiCRe,KRILZHSx,ohKcanzM,25328,69861,3883,75097,84403,65790
swbnVYux,VrTLyaZh,InrriQaZ,OUvTAJFz,xkSPjzzO,GjDqRjuR,89092,58909,70713,34804,5689,74521
YfKfcgIb,xyCEaHYG,xjSgRifN,zfjfCeJi,FfwQCpFJ,xaCfRxIX,34488,49784,48855,1802,44921,1761
ijvxpCGE,iypybNVL,KeDOfuAx,fegoqfMw,oAdZihIo,prKJbNUD,26595,51355,6181,4604,296,3456
TtMQbcxt,eeUKoDxT,WpgWVjpn,FUUJKbFc,jNDrdymB,RIRoYFiS,46841,91669,28142,65470,13469,52098
tIuWCEka,MFaHSens,mZdzlxvE,ELQnFQHO,agajcabc,eWQvdjsK,66488,1653,30446,67212,35976,8266
FZnMSGDW,UDwaQRNI,PtolwRVz,UmSXznpv,vytwweuY,CLtVxAVI,9955,91930,32549,3629,16232,64662
OCAdGgBl,eyfqmdFo,kVoOlJmj,cvvbbsWh,HAbErdpk,imRSYfwz,99788,52466,85485,34659,21077,85252
rsvVRfZD,vcNSrzRR,ChDrsCmQ,SLQxrgdF,hJgvBpcz,NxyzLoLv,95918,93140,12481,87514,97186,73874
vCxTJAhN,ZXAtKtip,RULMiKpr,pWZioqAF,LDjunPNV,wTYXTgqx,31983,98320,52166,7659,38985,73577
zpekVPXR,grGjnCAB,OQBeyheT,uXlLaCoj,GMHmlqLk,hrExDiXR,4976,37288,30263,39534,41898,40038
RLENZqqO,eFIvgESw,rzqTHOzu,PbgjzUIn,xnaIpCHW,TlunyFyU,37188,531,63549,25943,32127,77391
HVgDLZGB,jgRpFzkR,RxrZdlTY,LcmjdwZC,NQFxieES,VSjNLgBj,87670,25915,98624,13577,35095,41400
RIaBVGon,WnclQapO,UDKQellL,XuDfrDLs,FpLHIfKk,cloGeXtv,58748,79373,75288,30770,17876,82378
oZamMSCM,qpIcMqKF,TDQMjXLO,NzKKVfpy,vrWpZQax,ZKwffSZP,69764,30297,74592,39712,90482,72275
BbpbZVnG,XbkfBNUK,MNnlENRd,ICXHxvAV,BDCatgsb,XGrtsDAI,95233,86625,94605,76879,24730,11143
XbaNsTIv,JVQmKTEV,kpgTqKaN,kAkLQTZR,pgHUODeq,ancIVJoE,82169,84243,9985,58831,6999,61803
phsIKOHi,kPcOcIfb,PthLDYly,yjBEvnAO,rZHixUKA,omnSAGuZ,87440,30900,18188,26758,97292,40035
HTZioSBj,fkAcfSaV,IDBYstah,vIzSfXLW,cBHQCVWn,qZZNnQjz,75914,31461,92976,15500,99213,77303
WtWDkgKE,KIqictPB,wtPPCYLe,hryJiROd,uvUNpZbs,ZmAxLfxb,16034,66232,80146,43363,26804,7911
nhQyLyRH,fHcRGBMg,wnGoGMPm,wihzWNhj,ZVHimxIf,ePVMaqOp,23570,19472,53591,24601,63680,74594
YzsgFQSz,kvExYiGh,HlYTHusn,pALxUYGv,mfAUnmhL,DWhMJJNo,47981,30815,8074,40615,64036,38223
RMUKtYbj,vxKaRyUp,PeIMVHjc,HfUpzDCJ,wTnFaScK,boIVJnFZ,12249,47803,94145,60165,79045,68989
OmPcgHOM,SSYlApmR,aFxXBfRE,UwSEnsGK,mUFbhsrU,baLADHFX,39019,20971,47743,17672,30035,9187
OtMhrFde,gTqUgBcx,DArtyRSR,zRRAqPKW,DdxNOxQW,OPTboggd,70525,9978,7193,29590,26653,2730
kFUNzVPr,imgypGWP,KqBhDmwQ,DSlmMgGy,BHXOGgbu,HgJGxDjU,15107,47414,72187,92074,84525,52498
OBMmamNg,ZFVnEeNk,MPvimWDv,JvRIQuab,fTbRXaOX,VumBNXOf,21996,3522,22952,79045,88618,77903
ERIdRlPt,QMDYAORl,kglNvebW,auwHDtmq,gZvCLoOA,uhkZHIPe,23470,12324,45686,44957,38052,28704
zsXNnpzT,fDAwZZYb,YIXaIfSo,lnoNZVmU,FntoiuRg,fcTTISxU,15730,11281,58895,14306,16637,11538
LvFjUSoH,zVyoqxNh,tUJlPmFY,ypkDetPx,FZrXdkJt,fNUYAotN,4824,79520,12241,34900,78153,34118
OkHHTDYN,vwBhaLAa,WNVbjYWU,GNFRHwzi,qMwexUOy,hutlTejx,72721,38290,63905,46704,38380,25377
IfdvnVzG,cVGdGWVe,pkHJQauZ,ErKmGMGt,PDikEiDk,XrQeqTsO,20921,51690,82918,58922,20946,70363
IhPCPPsf,FlLDoFlK,kGvOvupd,XTAIpdUI,zIpIjCms,jTmlZMJZ,8701,9486,23053,39928,28453,26651
lBwsRdKp,rHVQYqoj,ObXzgfVd,IlKiauZA,EmeCWlCZ,eSzLrOTk,97830,3513,42988,33961,52063,4758
BnkEInVh,oVCevqem,aIUSRbcj,fCXlqzPW,QkKYBLtg,oEzgOaeb,7285,97422,38444,18197,48063,72822
wWRTINgu,LeCMPQEq,PnIzXOSV,oeLvqPEg,EHFbCebD,jdgzbuwp,65581,52889,76812,23831,90796,93614
bDHZCNdZ,cmVXhuBz,naJAIwWd,yYLAbIiq,FVEeqvrI,pIrtaoSJ,88315,21766,35037,70230,92674,28034
POGHPfAW,dasEDYhg,FhcPHaHg,crjlpGUk,RwknITWY,wOrjuVMK,12457,97383,51217,74312,38584,85520
XcLWRFSK,qwldWINf,zYlhIOvb,hYnpLayU,sbiKtNYV,ODWPoDfy,43729,67562,60636,34037,86224,32587
JwJPJlhh,blMbXJrL,AUvAMQpU,OKytXHEt,ZcqIMdLD,WdIoOFwK,62640,14106,14998,58898,22600,9559
xRIEfsKC,GgbZTyyB,pbkLfPNm,mpvumfAD,hwPeKfhE,CciYRbij,3790,53040,82998,77839,82897,31788
EBxUBTZq,aPWAPfSh,WbwypUFN,KjaoLxuW,CnsUBpTs,YJNYfvJJ,42029,9091,60523,57999,41243,87465
HiVIiwfg,eatnbLTn,eskaZOTN,CExETBzF,nbWwTEVI,GeXZulew,96958,74116,83085,45087,2417,48837
PKaDGuid,iBBcrSfJ,zgSNWklP,eDIJrMUa,jwoByPug,mfPGJqxg,82210,56904,3350,55694,39247,912
EWTZuMJb,cTRNOFYe,DtvCiCjQ,CvWeEyYy,kYoaZELN,xrDIUVsI,82363,91824,9131,19748,39572,77519
ePjKvYvc,cUNDhgYe,UbnbCDhc,cpzPUzSI,LSjfdlLo,TGlCASTy,36838,65926,26090,89956,98197,28426
gzhANqbV,BBoBGNYO,UrSTgwrw,oLiTaAWx,RcwbLyJJ,ubkDPZWI,82361,33641,10688,88989,91392,31758
YDKOhacb,CwEniPjr,KltXacrf,ZlYafGWS,vmwtNNDC,zbNYROdO,13250,28812,46366,39749,34080,37200
gAGPVjJd,jvPtdzwE,vUIUSFxP,khYDihLN,gEBBgXfG,OYqpLmZz,8224,9295,78436,76068,76008,83166
cTeDiOgm,PnagQUkx,yOpOFkLl,olPAmmka,BTmpjvGu,sHfUzAaX,50892,17079,71281,89543,62501,91360
bNGmLWih,wUUbJYOn,StIrPNCY,EFAdQXhU,SDspwoCr,mKdggWub,51195,10321,84414,63330,63870,90473
KGLLzflY,xuXhjYDY,vUCLCIwA,IJRTkxwO,oNxReylg,guACLeoe,67605,72711,84446,431,36860,82325
EAKqgbQx,zzkSRIDH,qYzRtTUo,vMEYITPm,eKzcmqTF,eJINQOea,91819,23703,76630,14734,53184,20302
tUZCHbVp,qNfoLesS,txWRPPOz,cKYoIdiH,ETakvupA,lEdwKysl,50942,73624,4544,97438,38594,85796
ZXxxUJWG,vAIoYxCk,IALtOqzq,tKqffsvS,ZYEizmbL,rWExRWNX,83488,47825,72654,71385,57764,35149
qnChhbbD,gjpILMka,tgvrVpRR,cIbUvAjI,CXWSymVI,ygKtkVCy,79843,48746,27711,24622,73964,4180
HvUbCXzQ,zjXourll,Gzsuceaq,oWXAqmXj,MtuQZHLA,mjmyZnpi,65616,28094,25183,73667,72763,53165
EXPWsiuf,EKBUJJQa,YlBqqwoc,fqZXuplt,qkDSWfTw,oKUmgCQK,3470,39241,99311,6018,84944,21691
MTjUddRi,WpBarlVU,ULcHeWgz,TFmVvEzQ,iHUIyhfo,iBCVwDIK,67599,25376,25844,70004,50113,46428
mgtBAEvS,xNXkrVxi,YItlPZru,xDSNagrn,LmmLqaKF,VCJuHTkJ,87218,60058,50287,77615,58807,45330
aRBZYSEp,TIUUIqbP,HSQggRFm,EPrxkuCD,ovCaSSfT,ZzoatRYn,87593,21982,89263,64812,37053,46255
LxCjlXOf,kmtnuYti,cbLbdztU,GmpkiHcY,IQnGAaJL,SkaaXWdN,63333,5510,41419,1841,13806,13192
TXxwooZr,EWEHmPcJ,rdiUGuYX,EfwPNGbZ,SxquLgoE,IVbdytLd,83424,66810,73767,52403,97553,55717
gZoyCSUi,tndzhDvO,RvWNRlsG,egQlEuCs,xFbDcHOF,xoNDKSqF,55223,15445,57569,86473,36980,18278
tBkZbNJu,aGJEyQyz,CCiOWcRA,LUqNWWca,UqiFmmcO,OhnfgwTD,7542,19674,79919,22268,92019,18277
FxXzVArw,PZfAerCP,MgocNbcv,NlNzFtaK,GiOnQJNY,XhnuzRkJ,35325,3619,72745,82164,5681,62735
MtGcLxHu,hjSfItJQ,HLfoYeYM,pufAEGxJ,iSSlPKNN,oEdhLFdq,13451,83379,65500,11628,66652,60194
WUncDJSV,NbIxDIza,NScuueTR,zrhdsCdm,mBqFScHB,WRaeDZBX,65135,37657,1433,46264,67445,97196
UplQGlVd,mTgvNzXH,AwOZEuCV,xfTpzyWl,gsypkDEP,hFfjnuNM,13996,26260,60000,40858,81364,14549
HyjCpRCd,rkyuGyof,jRLtrlgY,erIiELib,gbvKRyTF,dpbjBCdB,63083,40848,13651,90416,53803,98203
ihwbRvKg,tprEtMpS,cJXxmuOA,FiUHMrVr,bfKbauoK,UxxeAmqQ,52587,96463,75999,44469,52752,85659
dBmdkZBU,wAUmGMbZ,xUgQVxYI,wwuHAXIT,jQoeSsBM,avAGwGZv,97074,49774,64578,51530,17809,48579
wKccNzGW,dOmaqABw,IYNoVBQj,irgrgYeq,BsNuUdGx,uELyAKLQ,16714,88101,86890,33818,81557,63343
OuaGyxBB,yIwHtUgi,jdDtqYZg,IWGDVqQg,sdLGbJtQ,EbjGDwwY,23811,88952,77038,56766,70034,57480
FIXUclkA,bQDqYVnZ,PKHtoEIh,ilNiBycd,xxxaZbtB,itAyprjR,16234,26236,474,95974,34848,26474
ZKxfcTEw,DoSKTlcs,JJVskoPO,xcXdufRm,mZshFQKg,XgSZwbDs,62321,72127,64031,11458,73666,7902
DhAwBAcp,GcVKBKLz,sRvoBXrC,twxXzbCO,YHcnvVVw,tOPyBykF,71316,40712,50732,15700,72193,38313
eJSghcfL,EUhfZTJy,jtalIFDM,SXvFxqWf,IGWfrsNS,mUYcFhFO,30802,10684,86354,73299,70310,87234
bKPkLDEK,YVbRebMc,BiAWjbZq,fgqxXXgS,AXslTqYw,duGmehSx,22026,10257,51491,41688,15512,71918
jGmGMsPk,cnWDhxZN,AawKTzFO,VaXWKvkN,ojYDHSDg,EudgKGQx,54693,41220,13668,79706,73218,17711
ajCBSWMA,yPkfWAeh,zSBqtICC,nAolsNvB,XfyqrMRO,RHNkJQjq,87576,33216,18559,1816,16488,39408
IiXXpTGM,SGmOJvaN,BiKJmjBj,XtlJZggb,PMcpULYL,KIlBVgRG,56556,32182,64378,62986,28805,55659
prhCemfr,HvQZFzos,ynPSNGeX,PobnoWOc,rPAiIqHH,NDxDfpFV,42030,70797,87578,57646,90163,22052
ZIEdCtYo,xcXAcOuv,TPbDSmdV,nMlROwek,WRnPpYTp,MmalxHRc,1575,54111,11298,75531,23922,95165
nPJkHHks,miyMIjSJ,cKVLSHSF,EpKeybcq,cNXefPyT,aTAzxAsk,11249,30623,67105,91173,44317,8416
xATdoAua,WiVhYWbE,PrOoQaDT,CeINYjuR,UikQlfqE,TAEjwsfc,56362,38330,93737,60285,68760,56191
bXaufPOB,fOxmNQhP,CJviMgGQ,EAaVOpIh,kyCNLYXI,xptjUysO,38828,23905,57438,15849,15081,46183
cVneRDXV,GOKmkePi,pTkLSspa,QnNyGrIp,YCfECHkE,jfXmCEvv,78120,88,42268,85549,56404,17159
MurnlQow,yoQbQnbd,fRsfoxmv,thjuQfwp,PdppZmkx,yXbocInn,75372,23626,11593,44516,56857,75999
xVrhjbmw,HHMlSpTq,jsBSFYyA,YYlGOvjT,jxBelXVB,jUchgtAz,7167,69842,81078,27449,11022,84514
xtcPjRhz,rjWuuDkp,cloNqyuq,aRdmARqW,fMtGafiC,gODLbJaY,39844,28521,26270,69676,96887,25458
WkazYguB,tHcXScZX,VLCaBBRF,xxThcFtd,Pfycbnfq,qYWBCojI,20284,47069,75024,64453,89917,68901
VukUfEFr,NNgLZxSH,TvADmaym,cdcUCUdt,jjsaJDbY,sQvdrBSc,29617,7251,77681,4703,61836,30603
EjNPWgbM,SPsGoNHT,rjZacJyk,QzlbfHiX,PVacPFXC,exBBRiVD,61185,50301,72569,36752,18472,43373
XAnDJohk,GwMiuCvu,MELwvZEa,VZSzyVVu,xQmWLUAv,pswHXfQI,24948,23213,28110,59570,35918,81571
DMkgjsMN,Boxzdrjh,mKwKJvlV,wdFCbUMe,KSHjoBkC,oVmgNYkY,31898,91709,66504,5075,52842,66491
LmwuBOtz,kQrNWOJh,doHxrrfS,TVTNdUVX,saCoyIes,jkGgQmuY,20188,80355,41332,15127,99818,61271
yPUvopug,PcjeuZRW,TmjREquH,JWOUhlLS,RTnuYxQJ,zKkrPOCy,9912,57686,67072,63997,90717,81238
OCMsGrJU,WZjDKLVD,mZIMSGTi,exnPgbmX,ZzSusSVX,oiDNxugA,43353,96190,27116,53086,11069,15079
OFqVoyFp,ofyTgJzf,WiigZZpj,EDGrSSnC,BGOCaiTU,EaPtspWH,85866,98767,82592,38047,9335,98654
ZxSKnHQi,JjVuAKxF,CfYtpJfm,hQBTCbPn,zPJvfQes,KJGEnZXo,89717,16433,98312,5641,52030,11011
PjmvEsCe,bkIaBqxd,MZeJomfr,ShaMCnQx,DMgKxaWq,wJuOoVkL,25296,22511,85950,96642,43496,92409
HUWhIPZO,TJPRULyZ,LKHSutVm,JSvvJWEk,AemWmBGW,thyDnoAo,57149,28397,93495,5923,26175,20454
foRzhlWy,XSQpJnSe,WUDWQtrq,BbLeSQDg,gPFOXBLn,mFdTSzqA,46690,5994,33039,55020,85182,44932
RnXJrDvi,GAXWFkit,vpEouUIX,zOtUMlyR,rjNBycze,UReelECs,5953,38454,35273,65659,81533,65370
LfdZSEaJ,ggTejVKa,tjyRvXLC,eSWphAAm,IoCGHrCe,HPyPocGq,48889,97190,81925,28018,2445,34653
eWYQNgHP,ydTPvSZX,GUPdlzxZ,IXEvzvSB,KvinNrff,PKqYXfXD,73023,78647,35528,9396,95092,4062
viTLFItX,RUdKQtlq,GkYzqcXC,yDlHTSoh,FnqswHsw,mgHIxZHs,78063,56854,69638,10868,68924,53412
pRIOiLIe,ZgbnyaWx,yGvbxjDG,DyhUepNi,EfCzdOiT,ttxnbGkW,74427,68869,23919,49321,10350,42615
QxeWjwEG,QRDxHYMm,noaWmOMm,kOjkSvWd,KWWMcIWv,cwLhjKjh,88092,84505,58636,78468,55341,77215
hBDBbSRm,WaHgMNLa,EUbTJJJG,YDCvjiwg,PhwBqpHa,SQNSkOeU,77499,1470,1678,36118,1987,36371
JunMQfwO,jhtZZcUF,nxqZxzaV,YhAyTIFB,oKrMqEje,hoFhSWCO,94555,71668,8140,514,31913,56021
cogMKDwL,vsnTUTfa,pbfKwLBG,OEvDeNAa,nChKgkKC,ZcYDRxXe,68044,17447,11598,14879,71658,29867
MsAvOvIi,vRUkxltm,hJoFlgHt,cPXNDlZv,IupvOUtD,jCXalZVP,60919,55959,91247,1353,67738,24996
kdaYFURG,MQECFTHd,yJptrNZK,TEFiAOfq,FCkAABXk,vmnQBwLG,9547,40504,56424,91711,91065,86085
TGjrOEck,LcAnxmBA,QPujUWgz,ErADCkbx,JIoUMBVJ,ekDolXfc,16893,82885,44037,96329,70883,6059
aoOAHCsT,dklZfBZb,GulVmnlX,jyehLIMd,uoiBxzja,JxKkezKd,74026,98070,43377,26587,5570,17814
LtUHPjcF,qZAbjmQF,tJkEphoG,WzxdpvKS,EPHiMqPZ,dbFyEzaR,11672,59393,26219,92626,90409,6992
uUwpknFc,TrgHPPKn,SZAVJwil,iacFRpGI,DAmWqHmA,wywYcOIe,58767,4315,44277,80933,5378,59356
eLQJEGVA,zAzFBhBI,QZUKLKOj,SNhtdDdH,kEEdXevC,fszvIoiR,99386,1230,45156,37630,47753,24982
BPVBKAKD,dQbAjDfJ,CoHLdnUi,LzrvSZqk,VxKhuaYu,mrvuhXuR,60580,43280,85222,71159,25302,78017
qAwRfttU,lxicPpEj,fBbNOhbJ,LGLPkHJp,bZdrjbsj,XpEYHwpx,54744,7329,161,17253,92746,16668
FBvgjzUA,pQrfUvTl,nfjkpQhA,OpeMYfrG,amPQAHMY,xwMDwmlS,20352,15737,99048,82369,12094,17670
gOMaXkAZ,xkCpuwDu,FzSmeTbM,LFIsfZPY,rGKcdjNn,BVabLgid,38055,75280,46822,51777,30738,69274
BXdOCsMG,kCYEIzNC,fnpwWOZk,VDXYoPtZ,MIqqRuHv,gDNLDThW,19198,68350,52543,2983,37059,59777
iOdPLBgR,YRtMKxZU,BRocWikp,jnAtNFWS,HVLtMdDq,NckdUNDb,80308,58319,14649,48643,28682,63462
AeYQlEFN,pyQKRLYn,EzmruRHN,NVxgWvnv,oJWBzpcX,mQsXXCpA,90362,78991,54172,2011,33385,37708
ruLAUkNq,omoEYDRO,PBdeSdnN,VGfwksCA,Szcxnhza,riLvMoel,93200,41796,62386,4586,72771,31493
PnmUvbvl,fKFXDFLy,XyrvDLvM,CNeBZxei,ZkMsBkmm,ROvUAyEm,94990,836,55934,36070,50760,89812
dxMFlACa,BZaaBwBV,XRtEWlXx,UfnTcjxP,PyfUsuoz,cDfZjVvU,88726,7919,35524,56779,73609,75737
GWgnKaLW,kyebZDEG,ekJLtvHs,IWXKomQq,ZiBLTQGo,xBlnelib,11993,3361,5464,76322,19763,3302
hIxszTjp,YKCXQRZL,onFyIbMl,UpHGBTOn,SlSALORw,iewlGFAe,89860,67630,36019,62837,94714,22980
SFJMNsdQ,KyXSgPCX,ItWtEjer,TBcpjxzx,lAwfCanS,TqVYipDr,37425,50057,30780,90066,33617,96381
BpCSczsZ,sNyoWiDI,kHYWKKLr,pvURntss,girqIrpf,UzTVZZaE,12089,43916,84128,98585,97686,89624
UHmoxxNE,xBagIReU,aafLstqd,iATMSeVb,yRAdJGhw,hjODLbjB,37580,48102,21043,45384,17421,50335
hStoCOZt,NiJfGopg,FNzvazha,krPAkYxh,rymcSZIA,YZDcwJTS,19940,85637,49843,45967,26123,15567
uVHHASHS,BwRpfGiF,ZuAkVJnB,ikHNkmoP,pzevRlck,bDgaRGgD,27364,92408,99346,9216,4472,92548
LYlpDWiE,kApqKTCx,ePeQafUw,TgoWophu,FdZnHPcb,lNOnHKGz,5656,55861,37661,53464,58919,16939
ehpCesnB,hRfdSTTS,VGXiXGKm,pSpcYhIv,pzkDvLop,pKJxOdIr,92947,26362,55976,59143,43443,7213
OtbdtgYj,wOoCBRlS,yRLOiZKc,bkJcJxgx,BssooGkL,WUZBEZpn,4231,37604,5548,28052,57925,77843
GfsXcTiN,gZBbCwwH,NVXhgnJk,uXBVXuEC,eekgBcRm,XUlPIPXD,35074,89019,6165,53186,67139,56436
rqsjmfti,xCLPWRJY,aQnsXCBt,BWzEAkoI,bXxVfeCt,rOJjLjKl,83798,57442,38791,17768,74613,52113
pIbsHKwT,mgqBhpcb,SqmGleJI,pGQFnAbt,sDQDWqZe,ddagftAD,81272,60337,8756,30069,10282,45994
hOUcwJvt,gGmJfxWy,POoiZwDu,OyDLxxMz,iIOWXHOG,YpDWPwae,99123,4690,68101,84310,32009,22019
FoHVtXiA,bkmMuvnP,ipkNScTm,IZeLTjlA,DKcKOSiG,qjPncpCr,84846,91331,72485,65544,52594,86918
zQjxDAZY,JiELzKXi,tGELbPnj,czhERyuV,bFLmONVE,NtZvgZbR,73183,59023,51580,48760,33387,56229
eKEQjWpm,EfpbwQDV,uRPnDNHK,KlAmWELp,PKYWVxLs,GfGgsWcr,33570,16938,21939,79500,87797,23176
GGMlvPvR,mDbXPXHH,kdcRCxzd,rPgFzoKu,dmeAxbWH,ZtiQEWbq,91133,32724,68139,34331,74263,87422
HBNgICLO,auHnbVue,OCVyIwdU,xlcixIFQ,DKXrBhmj,qvNzzrnk,55505,9898,50114,83231,64671,71584
NSPjnold,kekUZOzn,haKdXXKz,FoBiOixH,qKBobjuO,BLYQHgzt,63800,73984,54269,3883,13916,36760
HYCvZQDp,htRJmcXB,eQQThFDB,YrEjrNJT,AwjOPFoQ,dpCvlTRZ,12,31950,74799,23347,19347,84558
WuxosTCS,wfZUJZcU,iGgUePNX,PJbJlcGJ,vRTBXgfr,CIhBqGkg,59079,195,11947,23433,37441,52381
atnQmgrs,mfrOeSkF,wkzJWHkq,GmRRYfrL,JsrRVJKf,UiWoFacS,17356,19236,50829,76865,55033,40717
XjzWZnbR,ePLKBskH,OqGSNdbu,PNcQMNnK,NjsUDoZM,FYcrxNYG,72229,11364,61142,95017,81715,58710
iYyuQIiv,sIBicnzr,QTRUTuMs,CkrXFZxy,MpWbLtZn,cUusLQIJ,85168,76001,12004,29159,55247,81558
pKDlHEII,FaCaiLTA,gKHUenYY,xiocqEhK,GBzhUCvL,eLcaQxPZ,36588,94245,68285,15398,82368,23961
snbInGoo,amCLmrBt,GOyAwhZG,tBiZCjfy,VKmGFIVr,zyxuayYr,60721,51116,18341,87085,62053,73189
dtlKrbHG,OLzIEMjn,DXtBTHwA,HPyGzWbz,gBXLGjqo,OMpCWiuu,62179,83298,93018,18537,99734,4364
WyrTJsrP,dlXhplcC,JMDlsSCX,BRNUoDnV,vqsXWoQD,wiBIZlxP,5003,98521,6925,6492,83032,51870
PmykdRbA,MXvMRcvR,IfitcCJw,HBPWeesT,rgImBqYf,XTBFqPSC,41177,88686,67399,9248,68684,95149
jCtlnwOj,FXhKwACS,pjlILBYw,LXWVFOpe,oBeUJsay,SeEsplbd,72774,41975,58604,40748,22626,982
yuZKMmDV,bsOLGzbY,YFuyicmY,tmwltBGk,aCZSzxGc,fyVYUBIu,47195,99793,97174,67940,67795,13503
JDdkzHLV,EAPxAUgp,FczIdhTU,uRrFCiMw,EBXdyLig,Wpspflkl,30798,95753,72212,15518,48475,96361
PraPAUJg,BKBqvEbN,bnfuHcDb,ueZjCvys,qmxJVbTu,dRTenbsT,50945,1145,89982,29041,5451,76398
pjyhcicJ,enJuKcQB,GowsZvTC,WlzjuOzB,DjttsTFy,ohbpqhtn,71824,28545,14752,56394,66735,74278
IoeNpqjp,AEViDepJ,RadTkyCl,JvIbrirS,EpKtrRwf,ocIgkMok,89228,65164,56481,80918,4481,48811
KrnRBCbI,kSDQroqM,EcGghCfd,fJsCOvta,aftVExht,NacUTPBf,82946,8056,4453,85767,8609,96419
nailngFf,aOlHQSVZ,POLufiJt,RPSzxSfU,mqTOCTAZ,dtfbwFsw,49974,62621,74902,88512,60481,50697
vHNfWRVa,LroQAERD,jftOolBq,EggkKHEY,UHKGkaPH,nrrPbDwN,81904,30887,3972,60789,3426,30156
nKbmIBcO,uALXCuxT,Frfsuvaj,TtCBvqzK,Xqmhfuny,XqGXXORw,63690,19222,41685,20161,27720,1956
KthFQcxg,efrDHWPZ,BRTJiYnM,WaDkZiCk,JxOMiAxZ,KtoGorcy,67884,28455,93720,13361,80587,50524
doZjNZMf,XWPRgNKQ,rFJSOWxr,vrpbxuFZ,AfbwkIfH,HOpzrDyO,88199,26425,22012,79749,42259,12983
RJgBaOmN,hWVkMzYJ,cyunmddP,okIJZdLf,FGcugFLI,KTElJLxg,66835,79943,7967,68465,75309,77879
kPZUKFIk,xKUEyGmp,YgbDcfrK,vHlMNkpC,vYLDbIkZ,SfKxqeLn,91404,27608,41390,53445,61693,72262
tUaLLJbB,EwEIHXhM,klQNQUcc,FsmcjUAX,YNnWfFXz,wlPWvrLk,84694,59792,18482,76165,33108,91646
rgraVYkk,yJoXPEhq,DscOggmS,YlbICFkT,aeNkpaWz,JixgMMyX,41194,87625,54118,45109,43206,98697
WcyjIpJD,VyRWLlSD,uQAZdJVv,lgRtNPqS,duxvoqeH,fKOaPqyg,69652,47890,95564,38404,81485,77183
JwumsmLF,veHnMper,HSXnjIbk,HcSmGLNC,cCAYJHFy,vaebrWxl,97131,99818,6723,70479,98365,61021
vYmdbuZj,IqaRYeLW,sLHNaevf,uBBFyZcv,DszpufUm,uQDwBBnj,95575,95737,9510,31258,83806,23572
SfWfjels,NMxnFzWU,TJJJUGmz,ehPFNpZo,zVvoQYAU,PheSxmBa,70205,68687,33487,58632,72442,63857
cEztiSui,oFmdicPZ,xqClqQbo,LNafhlbI,ChnYlpkx,LDlIrfWw,92519,72236,16525,44612,4002,17360
YuKwXenZ,UYFXKkcj,GboCtOEz,alkGudLm,dqQRYRrN,ZaRVwDCT,83285,72472,32276,18807,31044,35067
iIwzEBTu,HtQMkpAR,tjQZjdxv,mySQBAue,YCMVFJJu,bXtrZSoc,35979,86478,8792,72403,56754,50989
CCADabDa,QNbbmplW,fLVBdpRH,oGcffHZm,rdMovuYj,LkPZsFqe,80660,63104,57525,84079,29069,54105
MBqNvuqp,xHZAGdqx,FzGzVuUI,XKMBrtdA,BBwOCbLK,AEsFkvPX,26296,36267,18499,11700,65044,4728
cbMJOBfq,iakqTOcz,SYebPvUn,pqHyUgSR,HAvdYyqa,ceqAsqlW,58693,14898,3714,16703,42931,54964
lGMOwIFa,QvGnUPAZ,mWhfaJVH,xXqoUEVX,VLYNRKwe,VLsolaxM,35058,7011,87576,14701,21232,4914
ikmIWrGG,HMSMFDXy,imWZIpYm,awFBfOdO,oerXxhqP,LDXeXzhk,92877,58529,19018,21497,94400,397
gXsXaflH,BdVIhFkc,BfMliinx,oLHtBmNi,nyeNeBNT,MDGRdTbB,66157,33582,84130,75259,31328,29721
UDlYbDde,oiARoJDX,KJcZjfLx,kGALkFKW,SVMQoxBW,InCyGlin,54620,36454,14737,42407,1514,27987
rRuPPqfI,xzKZstjn,NEFiRpKm,AcnyVNje,xbXEoJDI,IeQeyigo,99321,97987,49889,35023,2806,58227
cdCbpWOA,TikqyWKB,WjziOCtH,eOetHdMu,YBDhhAyd,hWUjLZvw,70723,19205,46059,50014,9699,95109
iEKRBxvP,lAaUwiRe,vrZoiTtC,goDdFjzQ,BGJXzaYG,xLaLxuHv,82483,57468,82493,43164,65847,87829
jybxQMEo,jgwAQYPV,hLELEbWC,JXjtKFLs,PhOxzYvD,NEWdJQjt,55242,37478,44577,98427,8301,10242
RfzESwYM,khEmCNge,QKWIiLkE,wQfbgxOR,QHgnqVCv,uyyVZicT,36566,57590,64928,88046,46344,3692
zLlrGmxj,yTxnGSNE,jwJvskqo,APZKkxCE,lkVfmrea,oHCNTTTO,67728,76032,18693,21657,38997,93456
NCxBkKVd,CPVnLkRh,DsufJaUw,FUMmNCby,OZFZwcFx,SSmWwIud,57670,32515,63022,66936,63316,30762
mKnoQRvh,bCmwZDNr,OEHgHsJB,VatlDFGC,tMKKwONs,IwgJlRRB,39166,2167,28593,23780,36910,12473
WdFwIdTK,hjbsQOMA,HxXmHPkQ,QSHoiEJb,pCNnkFFy,kSCTpEWe,31875,11832,6513,22381,58123,86470
DtEUMhID,MfltZkwI,NKlmYsvA,gnueiQlD,AljAMWeJ,peWUsNsK,3305,31215,73870,21264,81425,61411
AeAFtjYQ,sYAtMEEz,NSLGTNKx,NBFxcHGU,NzIyGebQ,hZDITgdU,77938,32711,20932,81748,21049,97901
WxuPsBwU,UMIfzebM,dtFJBrvf,xJActONz,aFABwtgq,EhKvQpen,66674,11981,94116,56124,32035,5513
yZKyJAzk,uprftGVb,osUbzrqa,nVrJkNTn,hHpmzRJX,AAyuNkBB,79484,67350,60150,32283,80209,74281
ajsvjXwD,inUzZJsk,UTrEoecZ,cNrBdELh,AgjBRtgY,DNZiECvU,86260,55992,67382,30622,46230,70728
hJKrZaom,oDBrvPvl,qIFBXbnt,gIIwOnck,LNgstxdP,DKkUafUq,14114,33597,47709,19639,94482,76175
OEvphNAq,lkhjwXMR,fpCYCdDZ,pTqZyPbO,KzPCxYfi,CDzQIgNA,32493,74404,54598,51297,45148,28288
ePMCbMpI,DjGSbiqk,MxvwgtlO,QLPQutZR,yxoSPrtG,byNsgptS,82369,46955,11904,65179,58190,685
oMrORaKs,SmOAIUTZ,EqYjjPrF,hSKufXIm,SofYhxrI,WdkJtaVK,506,17251,98724,16935,72992,89621
CwBPspgP,dkqbphDo,qqiFbVAn,zjkyvGJJ,BoQWKqfE,yKAVbCOP,47786,32122,29085,86759,37335,88800
tNBruZTd,slllTSdA,kXGhMeJn,qJvYFcxN,uPIKNOAJ,fLnOYgRe,49718,88423,35053,72539,27869,69218
knFhiwZP,tadFrHrg,xSfaAvQO,srzbhvko,PmDULkWN,ojAxDrfS,37893,55265,36891,11250,28363,60202
NCOlmata,bUZEgxqM,oNKdIwOP,XkwVRtzp,QVEXnkbu,YyqblZph,27802,84075,85993,35299,37638,25767
HIxZCVrl,txNySUCO,vdVUXFtr,nGXBaAAl,aSCHaZQG,GMGEQSgU,12287,53127,88859,87366,65988,54228
CZDDjSGn,ZDRxVDEO,Piihajwh,RrGHjocE,RtToimMi,hirZLKLL,14017,54873,93921,57363,58725,89842
gQslxSVX,KSYCHozZ,RCasxeSr,xrByAixQ,qRqnfVxS,VOKOIylv,79300,5456,20723,2426,77703,41497
ApPffyjJ,RsFrOBre,IVGVUyJk,ZkyXKhAQ,hNVFaTDJ,eZXxZUSV,80418,54369,88567,91136,37363,37548
kiafGKbv,ttxotFMg,cAoZDgLy,iineEpZS,hjjqqmcr,PiPKmZBA,52915,67619,73498,8262,93137,83133
CwujBvse,KxQnsLcf,XjfRLpOU,CivlnPsy,XeADTsym,qoFenehL,56723,60192,5570,73954,60488,47012
wrXonTkl,UjrGXenq,YZwjNUQv,NsXeDrgT,HCulQVNb,ewCkQOUi,93254,11915,67266,61191,92754,98529
eDstMOrg,EpZRDXbN,mvfbcgzy,xmHQKVcD,YWEXcbsy,aIugcdyN,64814,30462,59231,19566,93588,59896
ggVoHKmG,xiJyhdzI,CKoiKLnF,HlryBVSx,BzxWFBzh,oqznJcDW,93272,16708,80115,92082,47293,7642
FlYjjqVz,WrKoJghz,USQMxvjG,zgUiEsZn,dAcBRApD,LfKTkDOK,94931,14624,96123,63896,2234,75481
vKMYfmoa,zMjuBvKs,ulerohtX,RspaQlIT,PXyzPbxm,TISFnMEj,4415,33164,81134,52551,46682,70277
zFKICWeu,eBirsCCa,xyZNIQwk,rSKYWMdV,GFskVJZf,fLkIWqEq,56478,22466,44145,50937,21651,47348
mkAwIEai,LoblxPiC,NrNYIMfQ,cMGKlCWp,DmvsNgSX,JnOuLIVP,9618,24953,34311,27145,85921,72611
cIKqxrNd,gLzPnTlC,oABDpSgl,JFUKGBOr,cYgunrTj,gnWnlFmd,1157,40251,19022,48772,38784,60655
cfAViGeu,nHkoUMvQ,EaPqMFCF,wBLojvUf,wJYNqLAW,RtLkaPWm,71358,32723,83759,66720,78329,13963
lXimYoMD,WTwpErOJ,jJLysWIz,iKpucEzy,uZZAFefQ,BWfXjibn,35546,68519,74155,58211,42615,21421
VJnIruwT,rDVwlKvJ,UWCngZqS,vXXLWixY,JrWkYTQu,fQfEzQmM,15025,99692,27798,92585,59833,39786
IVFIkczs,cnwobqVs,CcqDtEOW,mAzdnFZD,nefkgNJe,KBbkBNID,16617,61770,93689,30716,45951,97711
LFYEIBbW,zhMmXXnh,uuURXXsZ,JwJRTYoO,VcfVmiZm,XJqhlgEI,34617,52244,74102,30816,62268,73152
WaHdYDKP,zmTMTfXz,dRlIXsUQ,ujagFvHe,SlWHZXuR,SMcshYjD,53876,83463,81166,26780,68005,45577
ZGWktrdR,NsCnfbMD,HCfvbGts,nwCsjUqn,JmidmviK,zSWAxnFv,76597,93376,98934,88934,23194,73444
HuthXXaQ,WkzxRHTD,CJyXaEOQ,OARQFAAb,xDlgmOtp,RQtUNrZG,88820,63824,49647,41553,34346,56751
gwzpTqUn,MulrCmXS,AevRADOH,LIzlJcIM,JWyCDzSw,tWJQKwEi,34252,27149,79667,45409,27457,91034
vCsDEMiu,FKAXknZd,rkPcIZnC,jgnzXJip,GPHTkABC,CRQjhqwP,21872,33549,56842,76515,22569,57075
qmsCCcSe,AILdgQVO,IeEUnxZP,NRpxhWHe,AoKHfNzj,HNXhiCix,24988,54950,29809,7891,42190,42831
PGaBeVln,DhzQwryg,QQDtSGmg,CSvukEuz,ZBoujtic,kBuIDAxM,31075,45734,62553,12362,73588,90403
DpWjhzvl,nNuKUCrN,NZFGEDvA,wSNhYYCw,uCfSAGRv,LFAEGjJD,99971,48461,15030,61517,1791,83098
jvGxltby,HLTEpDTB,fLMmuRKU,IbigihZe,rBnQKFwI,msAYBuNe,74714,7018,65348,59270,20359,14836
ScVKESWp,sjrndCwO,UIFdHFDT,YKXWGnsi,eJuricWI,XoIxcEdG,89876,6588,76318,20122,21762,68130
YOZjKNWA,DDVntgoe,EhXSlbdC,IQqGuaKO,mmhlHYHf,xoPDmNYT,5450,55368,15186,70561,18418,1828
aQFegvIV,SyvyfDwF,JtDemXtY,oRcpvRMF,AQiViynp,OeIvTUiy,96336,53446,31682,13643,19775,11408
AvSaFDue,cnRNjpSe,ILJDdVtO,rMEhrhuA,wCrhlQuR,TbgjDdMA,45323,21469,81354,89361,70143,30079
LSRSLtIE,EZevprIn,ShlytTLR,zoAPCnQD,GwPjGqJs,TZczaSqd,44375,98667,41162,40749,49981,56576
HVsrhGQl,uPDYxLYn,JWJvAibj,niLZknQQ,cmKzPPtE,RLvgothr,86844,46147,6626,86305,23768,9414
gdLfzSGd,JddLPRvz,eRJeMzhd,kTovvhle,pkAIglMN,sqEpOKOy,68043,5597,56334,90329,91138,64542
GQaHvBOZ,qLrjagVi,cSHyRvFb,jMivnNeC,XTEKIsTs,oMJWjDuW,42751,82322,46748,50534,25075,393
SoAqbOLk,KorEoUYA,fDyCLjGI,IuIJepYH,AYHlzYbP,uTSwedTx,78066,38686,32150,49599,48646,84129
cYbdkPKa,mcwseuNG,ehLqyFDg,EsjDkSNI,WgPxfStM,HYsKKIMc,90565,85099,36611,12958,12482,11907
yCvZMDVU,TYvIpJDL,FQGLjlbK,TaiZxxkN,osyJBonO,elKUbuky,41714,31878,21134,81390,16766,95253
KORwcTgX,uHPirwYR,pUJOMIIC,kFqKsGkU,zcgvkYhY,fJYgDgKF,58168,23006,65882,17872,43598,1214
mhvdnHzU,QsyFFDYe,cvGJKUbD,FfpXDBek,tMxWMzYf,qBVFTVoE,81246,60228,60433,69667,11275,76054
txzxelUz,CKoNBUQT,GczgIyoJ,NMUfPJXV,rABhubSq,MMMPHeBN,89353,25408,43531,98333,2392,44879
xUSGOJbp,SRdiLiwN,bRMjtnUB,Dybgcsnl,meWnuQyM,VTFZxqaN,63214,32699,69587,81976,2922,50824
jKQIUlmq,LSgrXMMr,DYArTdqd,YUJiAXgz,uTfJFePP,SEnEnmAY,4224,57265,13778,85022,90002,38765
CckHUbmL,rnxaJVEn,AhjSVmtl,wfxlfoiU,hKeUbkrY,LnGruXmR,16539,4374,32787,20715,87591,6983
WPeCwtqk,EnuqiqZa,HWcoUdzM,sbGbOIUj,nRhCIarb,svtIQesy,86579,14771,52788,17158,21605,74490
EgzGbAID,zXlEtORn,uTbThqni,WLSJmEkE,DjqbOcxh,LDvomrZr,52270,39046,48661,18326,30887,81328
GZgGmWoO,HARuebMv,oHKkqmLf,bvdUZlSt,JfCzEfPr,uUQXhTfd,43016,91476,72597,49301,12461,3504
OoHjiYyL,QZsFeDoL,sWDjgILg,VECzrGat,kHFHRjuP,xwTGCtkR,79364,81682,40721,64657,43073,43809
NMRXSbRc,VqchyAjR,wIMIXSLX,TdVWtAMV,bOkfJVTx,eDCFvjbv,46715,38871,4735,71108,91795,95154
lJMNGqxS,ADBffGDj,irUGyCWS,LOYbSkRh,BcEGJKvy,imJYiAOV,71237,87410,2688,85930,37697,71463
YcUsdkpf,lFlkJiMJ,mwOIeAbw,IXRVYiXa,pYNsxDAZ,INMeeHsO,80679,83603,99829,12687,75400,43184
iqiZFkXo,sqONdSTH,xILBJIqE,XyFqQRRL,KrRiQzxS,FqeMNIIT,41301,39406,22274,77808,94961,63688
KEYpmInw,wpIcJMMc,YXCCRHbX,pkNCjFsH,KHnwwjhV,NlDWbTRQ,4333,30195,67120,82451,63236,14579
LAtbhxDu,xzOKVQyN,FIbHzAEa,YtvDjNzB,aoYZpXkA,DNropQgQ,47725,70689,54751,27401,62584,32443
vAuSKmAX,LNVrlPuJ,TCcYiOYQ,OkSlMGhR,vaJYDdBe,buFIaKrF,75954,97379,35512,32140,54150,80541
KgGYzsXV,QnUWNfUq,UofGfGNY,GCnVZVFk,xijXnHMb,wsjaayhg,38777,54048,76798,77457,13702,46255
qTEVIZXN,nnwEXKvj,nkTRkQLw,HUKpDUPT,GBZjspPM,BYusGfOi,97402,61797,85850,18368,12647,23864
sNSQWAlj,rtIPsJLM,HjyzhFey,mbYHiwyb,SAKOHCmk,oGthTBXt,10971,74191,59806,12929,33361,31934
WYblshXM,RURCCqvj,AsKaUSPQ,FCkYZYmv,qTfpmXvF,bBTWbxup,69396,36864,57520,66911,82501,17631
dEJcovXR,yTKShwbU,dPoPAOCZ,vFiTpiNd,fBkqYfci,cChiHuGT,26657,43679,7522,21930,79650,75419
IKNBFUso,TZNszebh,bipIYXTB,FvEgnxce,nwWTFllk,wUxfMeAt,3064,32474,47228,94443,40237,39972
ilkLyAuV,tugBDTGs,tjWfhyXY,BXcCvveV,bKIEzhrk,YTfLtsoG,82063,8201,13491,98915,4627,2973
kLHmPnUs,XAIIyKeu,uQZnbnoF,pMAeMkiV,hdjRCQcl,flJdfHBE,38096,75122,67113,84151,95152,15315
lfsyoJjS,hgFzPyEQ,JySOACiE,KQpqpPhG,kdSsExhz,iwtrmUqR,67,64911,66657,18925,62951,7913
RSgkwIeK,xueHzSgl,ZJorehNf,TZbUxIfm,VwxUEOBX,TurlxekE,36880,11838,74901,26950,51560,85816
paCYLBEe,hZpHuvJP,SmSYGWAP,ZsODTwhb,jgvORGDm,RIqIwWPD,16892,77194,67656,60322,37477,63556
xIAFeOQH,TkIscosj,kyhrqccE,VQAVppfJ,lnJgLGfq,bvFMLduw,25823,28459,77251,3751,83565,81147
bPkJyXiv,qHGpJOwS,BDJqbkYh,cUJQkzet,dyueIvSN,EsBEZCCb,95964,68960,32854,4295,84789,72715
dnhaaYQM,AewsnqXj,bYRYaVKL,QEaZQRWg,erDQWSne,fVbEiogD,95580,76972,48749,7206,10215,28334
EWxLkRNJ,TweempmU,uzEDaQdZ,gpxJKziu,apxZuYIB,bTFoiCKO,86540,50197,45973,34350,65563,24252
psdWQXkJ,xzdxOZdF,oNVtvavG,DhxiOqBc,EUBuCgCr,eBjwCTRC,49940,64406,44508,31486,61178,39975
QVyhXJFk,TWZmKzvD,CyUVoafZ,LQZXWYHx,SkXxoTth,KsvzDMWr,84142,35051,18878,7781,17269,95362
DeVpRDPg,vUmoMUfq,CNnuqVRw,VFDGHbyL,tjsXkZWQ,iPXusTVe,97599,56629,79797,13007,41580,21864
FVfpGbNy,QkIEHmhF,VxZDPmxF,ABryUXFS,aYhLvNgA,hrOBVkSq,70536,90414,74823,88793,40068,70326
pxmEABoN,tUBKORHj,YJElTIFC,tzHFnndr,IVkxgfST,HETHVrOU,84734,3320,60463,62072,74874,59750
YAlZLwuH,KuScQuZf,VlQpojye,VCmiQoht,zhKUahum,qKXhISSU,83447,36715,43585,81276,7212,21944
hwzySjMj,Vxgtfdso,qkzBHhmB,iYXdKeQb,jubkPTOm,hSHkIuFK,68611,21386,19619,54197,55335,29527
CyVWOuNb,EZVBMPan,IzCaeXWW,khcJdJwQ,xCsbIpsO,fuNnTefW,40388,82681,93121,40614,47259,7136
RXuXjuJn,gngNPgNz,ldQWjyRB,HCoedbCD,RKfPOpnH,FCdAvOSX,43435,35555,11839,37633,91786,11877
UvCqWCGe,wIjIgpZm,HPFAfbeL,LzCBeGju,PtiAUGdY,CtBXgaqZ,54613,11557,31911,23713,54413,23918
eqWwuigI,LTFzghtm,gstKMpIM,JeKfCWNa,ClcatNHh,sXUZdDsE,99805,23199,63382,4873,53339,40114
eHuZkDHJ,CuDErLeC,pGtGQOUq,GVjtZZIo,BwhmwxzM,wMBCUqQY,22934,4862,68819,97203,99958,13250
gxJhVvNx,vAfhKJxe,HRmOzYeq,hPDtbnLv,lefoGbYx,leWgrslB,21113,449,23911,30085,65794,38147
LGHahqnE,xNoUVBxS,YprcLgLh,rpAryFzz,ezUtLKUA,XvFHlBZa,94438,4924,99926,11714,45318,59626
NYCigkvS,GQjbYoBn,PrfrRnOU,PBhUkncq,RYlhdMPo,FqIxoqRu,25099,87843,98792,62037,53661,87309
LaiHplpv,yaVDeGOb,OXgdiDNN,TiaVAiZV,NdAeCERB,UTVjShrd,70345,11984,48194,15831,95095,656
jFINLcpL,QeVXbWwm,eOooufqN,lFiDhUbr,FZDFnocn,OGlbxnuq,83465,3032,90062,57660,12793,33908
RnVTDVBV,ocJUkKJZ,eiMjfHuu,LiwfyzTO,BHtgbaDN,nwHRwEBu,76937,21445,40815,55976,83519,97723
ZfNEZvdu,twUwupVl,gyzyKoBi,ChYPjOjH,iGjcwHVT,qpGNyTny,90376,16657,10969,91342,6631,68802
XoFpPJcu,YVaIeotE,pTZKKspz,YHzMIDtY,FGBadFDK,kaaZTJxv,27858,61074,83223,66891,56973,80200
wvBWTEaw,NqhwRnaN,IvjQcnJi,XxAOyiQn,DUDchXDK,SRcypezG,79695,62770,93126,25360,85800,86211
dbVgoyWd,UtHXXmta,YlenUxSO,jLnxpxSp,YfMxKAmK,qhduHqBP,9613,19255,65193,56231,2595,44813
crJmqQVy,WHwDJeLw,CRPlJlAC,uRoAizEM,BCfgwnYm,bjkGDhbT,18965,20502,66513,39244,29646,47285
sNjAFbCX,RTHsReaY,aLDhhIep,DtZtuFoC,YTMuIQWm,JvrBSXju,95968,17644,45796,83502,96553,37076
NsfdXNvJ,xppNMLgK,MeUQPlhV,RlQlFzGv,DcNxCXTv,HILLPXMM,66972,42685,55308,93447,79173,12463
CeftLdID,xAJmeBay,xrzSgtdY,XebVyNcM,ZvsoLAZy,vLcTBpKa,74748,69261,85087,85112,69122,8502
BmRyTQDh,krQCFOhG,ZEVwEdoc,Jcylpxvn,PfscUZri,tmGnRoam,52279,26151,93180,69185,59874,24342
IamhFznD,fmUUVlHq,NvEmhtqr,Fzqoojhf,AhNGUWLh,nyGETgJx,78280,37346,88491,32532,56912,72980
XvRRgBDg,JUlPXurS,TNlWeefx,QozNaert,lWfSnMrl,cuDsAjAo,36855,16100,6674,20173,44403,75102
kIwGLZjX,HbjxmVrY,fFjrWtHn,fiLcpFOR,WNokAoBL,oYHmjhdY,60823,41830,26667,67367,22911,7849
ReupwISe,DHJESqLl,nLCciWby,RRWZDhFg,AHaWgMQb,ebcCkmGW,23625,80251,68386,27428,62720,64861
vApEptni,mWiHzBYb,HzwKeYuo,yEXSyRJW,GQRVdZPt,TFkXSDvW,4195,4859,81486,60476,47769,17593
maWFeBGX,KXMhMqvW,VtMSIZnh,CVctXuAt,JFNGrENb,eGHzpXtE,33212,88975,4194,9674,34085,3419
aXvqBTYJ,QcvBpKsa,JamywTcj,AeoIIrbw,oHCkyTdO,HDMNKrVV,80829,60482,29588,24674,23794,6121
rmGutwOx,NUZuiLkj,xSOelXuw,sAxEPLlH,JKnVPWQo,FYJRINpw,59323,10863,3276,48075,87819,68331
RziVPnWu,NdetRHZe,xySZNBTK,NUpykUur,BPFxdDZf,GVjwwhoI,82148,77217,41241,12107,25704,7856
mGoWDDHd,UVrmAufB,VMtVQncm,HxDqenmT,TkDAlajc,gxEhCYVb,48091,41273,1415,37323,16067,61944
dSwbDRUv,HKfCNqsd,TuBFZplw,GXYPPwyN,bslqfhZf,UjDoZDBj,85295,17189,85442,35355,96268,36791
SYfmCAYb,TTLtxLPt,bqbBqafb,hHJaxcia,xobFyWHr,PMVURecz,44972,45003,9121,83709,86625,4031
zriUHADl,QCokpYxd,tWhJTaov,NuhUJyMV,eKRQiIfc,CDzJcNpK,32273,85060,22635,27846,74903,61107
lWdSDGTx,FNXYsXXn,vfzqoExV,qlsfxZCb,WqNlRIYg,VuqXEvrJ,73319,84798,50206,54125,68686,55979
mPYAhKsg,bWxPavHh,cqwDioQY,YbwdRZwj,iGgwxeMc,GprjLmFJ,40539,58005,94672,52738,89599,39347
jOalcZwo,xVMNmjhd,geRoVWoO,OJffQSHw,SAvilQRr,qngaZuaj,34709,42869,42315,44671,57166,77588
RNijczTA,FXLyVZFF,rLngEFil,oUeiCZhl,phcKciGa,fndeukOp,53792,95900,43971,99032,8125,57231
TEuGVTOY,pKhsAYmy,CjdlgoxJ,uPHzQrxs,hkafbliE,HHJaVBlY,65114,77133,36382,54810,85370,58752
CjWHDCAL,dbVBOWRG,rPWBedqP,TNgcpcXb,ewaTyPXb,mUXKudDt,63791,20653,54021,89017,81163,47489
YZxLXowF,FAyuPAsx,SeCORteg,HucYLYRY,CIXwqKeT,jaBGlIVS,42851,45791,77325,47374,63983,73803
SBfgoKWb,tGBEnCnK,cAJhmERh,AMgafjZU,VIQuPMbr,iplcMCNf,4812,74640,15463,25164,15100,7237
XGIGuwhx,EojcBxVx,GMgIeJDI,erJvtcEI,otqevNyw,vmdKmAGg,81478,84584,43155,47039,12510,29043
QROooMRE,BMbGEavp,cpFcqFny,UhfBUjxW,hqTREfzg,PuCSwItO,83199,84993,61107,53096,58016,83613
wZDXKkPy,lTMNjWFd,xyAQsOZi,Wueldzep,SehJfCpz,tiUNYTgH,24537,67185,46695,51830,40438,97695
gEYKeGcl,dyqYBoLV,EwGKsatP,TIrSpuYM,SWTStLYw,jYWOYQBx,26319,38288,60264,31802,98981,33211
WegcqytZ,HVhadZMv,uasAjRyo,IaLoQrMo,lMcZwpSn,EnDqGbxE,92914,97195,26857,11630,31317,28696
BZxfcFKb,rFBIImbj,PLktMibn,wvkERHpG,ZcltUQvC,uvvuoDFE,50127,77598,87335,11177,58021,98329
EzwQThjf,ITwSHUbp,tCsHACCB,gdhguBHo,aXRgPbsT,OhwxqRQY,51053,65616,95475,71838,85822,50314
LIxIPzfb,XHHLajsu,idBjyfKs,NicHVRCI,KyrkQshR,vWgieVwr,33281,67580,61918,8539,6032,91521
cRUketab,FLWfEtvT,DokHUmMu,kZPsSltX,GSVDHKtk,rurNKDWu,35394,9081,1967,9717,89034,60749
xYhOidNe,HnrinmRZ,GbZuMkBu,HBRXMLoN,QLiNqsot,NnxDuHbY,68142,73337,21879,45208,11300,91097
jojPTBfY,KSZUXqYs,NWWTVrKH,OxGzTqaN,xooSRGGo,KGlhyxja,53908,71996,12602,58895,49415,32123
arYZRcJx,hEiaEdBS,upkZjTSJ,RRvXNmSa,LnXZbzcX,DpomlrpT,72866,55657,85856,16750,22971,92235
bLLdsRHz,JUNeGVwF,mZcOLqkS,NgZAixJo,xVJuHBxI,TMOYRYaG,70629,38195,42717,64882,95184,68043
WzfXGcgv,HyVEgxPt,iQyxZFxO,bKdyWzpq,thpPRdUX,OqHBoDhg,3113,56531,71102,6456,96974,70386
uZSpSDLx,HCEwlQrh,RuMjUyAT,LLexFswT,lkIjrmet,bZKJyORh,69714,75413,46747,95736,43865,12911
hBdKNhEW,EWJRAvdR,xYoadhPe,jyVAdXXS,RniWtcEl,eaJXDPwo,88181,26232,59223,22292,59157,68543
IwTHmQeQ,MMdDADFb,wzVBhMhj,MkEFiXud,dINSrFCw,vYGBeRXa,85533,86566,3524,48643,52350,43806
gYhbYvJU,urhGsqpR,mfwaDLze,xCXemJNy,QYgYMacL,upMgormA,78860,46939,52544,17173,65578,43856
WWeTHLsj,remyLmpY,YbXledOb,hdGPYMNE,NpDZSfZV,MmrZovtY,46545,91748,89835,35534,87173,17825
cTAQIiHQ,NncNtsHC,yxfltNGt,YUjLHZUy,QhmSSWSp,vzUQkoBN,4231,46091,49788,15745,51203,21941
fOXzHojl,qOjZZtGP,GNukWPOV,cXmJmFpL,EFGgKEoi,kpoHBCPj,30990,40214,40884,64105,97985,90300
SemYjjXc,TVwSYJmQ,qRMXpKyn,OebtRfsd,DeuwKNSb,xkSXmUnz,18577,22338,50192,24328,19709,68779
fHLmccgR,UUMXegYk,EULudoed,CZTlJqzE,FjOkkJDy,BxrESJPq,10302,19891,55408,22101,78643,43713
nlxDWVRy,bkuEmIIF,QiUgGyuw,grRbOnNJ,nCmQLvno,xeRZTpGl,13448,61595,85649,46740,65214,42702
zkkEUEam,pAERyYeb,bCKXglqI,MZRtQxwh,nKFaXdOq,vACKmXwt,85832,21831,81633,53949,17611,60818
sQUlnmtl,IWMcVDER,ruJzFAYs,hSfLgkVR,xiHFBbEl,hTHJXGsM,8050,67069,30137,8916,52305,92356
geaWTZdq,fVTPduhi,eIKfhYti,qtHruHar,lSPdDodV,hGnKRoWi,65777,46519,84105,16271,28400,14428
AYKPvRNG,JamKRVCr,SqIlMgFk,OfCSyDQS,qzuuCVOK,AJTPdvyY,8381,1042,64144,5474,3467,23221
KgNeIXuy,AmBHeUIZ,iDaxVnUG,WaItpgwo,RwrKguUv,OiBFqdnC,25615,89140,17275,94467,4564,73941
FxbeFyDZ,STROcRYR,DxTwxama,WWdytEqm,lqRqsWwS,dRbOhIxE,5643,71768,75813,31732,32559,44822
JEbPKgLX,CpGCqyrC,SSVySDJw,MVJXIZpJ,tiNRdTFC,EGRRnnsV,2533,80433,79545,87205,10384,92838
aCMzqtjB,qVVIFEST,RtGpSdba,UcIPlrJK,rCwWKGKU,UnxDZQqa,96042,57502,22942,49447,50447,28893
fBGDhFNK,KUTytydA,bDbzpvps,ARWZawDN,NFhMMuDW,VTZusZIt,73460,58214,80495,88982,49410,98691
LXxcKsNN,TXiTBTAE,VpnktAYC,LpvdOVVY,SetkVjXW,GDGhdico,6964,14943,39234,21455,68622,15123
TwmiczTJ,UGaDpMHL,gEnolsDV,tyPLaceQ,LsHSJmJV,pbIgEiTI,12883,40053,14064,60448,20595,44963
jWqUXYXo,uHvuiSpf,EUQnxKPe,PsMebovN,kLZhhxDg,RwyOqXyJ,4593,21076,45443,68131,11267,10735
tGuAYTXX,xlLrYbIe,NjephrwE,PjSSudAg,BVDzDRFp,AwUnVFXG,96525,4567,98059,50774,87458,70686
SlgYwCVP,IxHzJUKP,VCEQMZwy,exWGAWMs,zQtPxiMm,BLIkBEaH,83189,44264,3759,46043,15314,96657
YUglNlbV,CbjEPqXr,EEgBWRUf,phXEJsvL,fuUWWQgf,uEYCprwy,24436,82272,43678,76638,68255,4788
AawdobKi,FcVaTVMp,yjmxxApz,cqxYsycR,aIlfiBEF,qeJEcVuV,13633,80155,92177,42028,61554,6580
aeoVkNXV,zEabPpkI,LOdccRrC,umgtPiIY,MJDIlmZc,gyIlbLLO,9356,96376,12728,15175,52588,43335
WvqmqPyW,eXCeGXfr,xeYEqQes,iElIcdhX,uhmhlbXR,CHfxxINK,58755,86242,44667,11618,70944,14745
NGBJiJjL,UOXuGrLp,QqtfmUnM,FKtXytnv,VCecrTKH,WmzFXKad,69535,14544,61254,99994,13003,65075
CbosSEIu,WvKqLcXH,vaHMKpgf,QVVcZLMb,xLneLNiK,IqhWgDCI,75957,90244,4027,36620,3162,2337
czqWnLxx,AwKSOXVI,eksSwYff,WeXRAcal,DGbtVbvN,vItqNoAt,23043,74469,22651,32111,93772,76369
BMQaHfzk,kUJSWgXK,xJzJDceK,LWVLJyLm,UNDSekKi,TQKftVJC,57845,72848,35593,87234,75618,36478
OWZdYtOP,icpTcgDK,TrjqrhYF,UxbTVUMq,aJqdxcaR,zTrBAquu,88963,25206,54087,35853,98658,38156
HFJFZHYK,sLLqRzyX,QLzCPnCC,TMXWKAAl,QQsJmVAO,soBSXPVG,86321,9434,19104,2335,81747,29733
HYqyGnLE,UwKeGZfj,djlHPMyG,EsbmAcVG,zqCTMwoP,XexyRiMF,32740,39300,47426,39183,35888,69140
KUGmCRRo,KSXAFhcf,bnbzHnHs,PJHMRJSO,xImLgCkN,VmWwVYkO,84112,34768,26360,84077,56448,8425
VObBurKz,mJVhualX,CbkbhPfI,FeljLPjM,nuOBClxh,RQlxyKQa,65135,75953,4048,48711,47720,68624
xDmpRYrc,njnOQFts,tMKyJqbC,hmoVOPqd,cnJkAwwU,MpOxUcfk,83197,63672,39561,56816,83502,93746
OAWbywlU,SuWwbrLV,gAHFVHAv,CcHHtLqI,Myboaobc,yEmcSblB,53743,14801,82132,34390,24048,47257
oXDsAXmc,zOwHBvAC,BsHnTcYE,dgEfaSoI,ocVsIraW,phYYQhiv,54700,52767,90314,48110,21104,11315
yGGjjLXu,FXxJgYFT,jctGAHVa,zeHebnPi,GYTZsOBk,RqQVtAcN,47594,99447,86660,21182,4532,35218
vAQFUKtr,bwuqacYC,XJhptrXk,peRpqTvc,uotzaWjO,HGUCzOSM,29871,56039,58123,40591,58716,97026
IaPHtIxC,JuNqIDnV,AvJhsQpT,TviZtQUj,tkPWsdHu,tCKGSHVA,28790,81282,67398,92301,84826,54933
MMmcCpxu,YBsxPnam,WGXSdsRs,oJRAsEZS,AsGLBZDj,PlCpfchs,59674,91267,41294,29868,76503,22835
SDenRDUd,qyzazAiI,aZiggdjE,LtVnfLSG,FtRHApJw,aipGGBgb,86391,49059,5448,87353,69856,714
JULWCqqW,PtkrgEdL,cXzsYkHA,CEDuNAcr,SXhsEzdF,rJejvWDP,508,60907,50739,97622,82513,45115
JCqGHLbL,AyMYnGfI,lUHtXgnO,BYBWUlBO,DjHlAicw,hiHQXkjc,71325,7162,89658,79761,67696,15824
pgnttoeR,gPDkOaTc,nMmogLLm,amouwyJH,caCpCMzB,lTLwIBDP,98310,11217,38310,4245,53531,99263
INtjJIwj,WkISfvRb,ShWdRPPd,hTrDseEz,SqAWwGuq,ZZvpBCpA,38120,92831,76819,81478,77741,71824
iEZHcrmg,UsfwJDFK,QTdurwsi,DRwKCyFC,MuZfiTWz,gMLmebsR,16552,67582,98648,30094,94654,90687
kgqCSVeg,ptkxKKhc,rZQkwbIF,BubwgxOL,cixseNai,VYHAozlB,71494,88491,20137,66931,30120,19573
zptwQgvU,trZpbNUB,JIuawhRY,wwnZWtMm,vrCFNxPm,QDXPJHUk,10789,29561,55392,76059,38149,57302
dlMpmXRT,LetabuuB,TaTFqEPx,iJLkabtJ,xTnUUtQJ,DFIzPEgu,57975,4203,35775,24016,13398,59333
PRukdIaU,qtiFmUdt,RoeJOCKm,DMNSYVSR,HUSnGNGc,uULVjORV,56022,68339,12160,19860,86569,44676
TTpvyIuZ,eFmAHWZw,jnobjOms,ktFnacJU,xgJhLESI,KVYhxxFp,84679,43508,10454,25200,24026,75354
lgAhqEsn,DnXCynlo,YRiaqzVc,FZPaUvtL,INdsemWG,oUdnMJnP,47105,19219,21980,29503,14987,12427
IcFnZuDS,ADdtiVTy,QLqvtjRR,njPLzUMv,YTLYTeni,txjESjbz,19888,58241,52017,40178,39687,94926
hZRDtplu,ddYJBVPx,QIoJDwCZ,qeEOKEns,sPEerXNJ,uEPVWFoY,24853,52404,57930,14801,16643,99697
cZALCUIh,wEaugxqP,KacxgfmR,FqYwnphc,eQHUBlJJ,riQJAIDQ,24092,86205,77455,37179,42556,24862
AClFwxvG,OAbxPKbJ,jmoiqPdS,CjMCYpYI,SGgfapCm,mOOQJoDE,42655,22190,69643,32974,82954,57596
bwzmtbXW,CycOcHeJ,fAYWxDVn,uYmmYqkc,EPjADGbe,gABEjgYX,35043,70753,83744,38568,44276,14683
SNmiqiFB,YoBtlVpn,tfRTjdHO,zfQyqqTD,auQNCSuV,HcgcWntQ,26935,4296,66962,42958,67547,64868
VRaUpJfH,ESnSlAXR,HYWdXFTs,cyvCVUme,BrCwEDPq,UGFsqwPC,84989,74111,59654,38579,94828,92998
iLIhZzUg,TuBuVMDA,MhcfyAxj,kKRVKhGw,jNTspHKs,ymaHVRPN,23587,14700,35019,74526,40439,42681
loCjTKps,tHeLZHPI,GPocNXBk,pQMBAFxZ,drWJAxVN,eHsYGcOr,95262,83700,98884,91492,57366,99241
bvxKBqxC,uoPEhXrK,VIKEQzxS,FZXZKDnT,gyXOtEbp,mTeKMhNK,48383,91955,44106,77064,51296,61182
TvBHdtHm,pAqJFdfx,JugasJCk,OimtvVvc,pCfYudhb,sRvaRAwX,88265,69995,90415,1760,23158,4956
IwKEYjHS,IJVVpUPq,JHcvovcy,CxCclQzO,SWDYjCsz,ZjLOTUfD,33913,13793,86031,46493,88521,84449
xmvhMvpW,LlNleFLk,sgilSuJW,HCAuMAGv,xCAaaaWT,iBgtXuAT,23298,85019,64178,33226,77846,69313
weUVvogy,fmmTjciV,EjiDxTZO,GiNGkZET,NjdGvrlr,yYhWfJrS,97346,61089,25425,3130,72266,76747
vfYQViUe,XjNXfFFn,AWCHGpTo,gacVQEOg,tePyXasW,BbWmFdLK,92906,57706,90738,56385,84036,16390
QxsrXncQ,MubsMFAy,KyFGGpJB,YjCZNYUt,ZJpSyKmz,yOzAYOqM,90578,78877,93978,35726,63929,86276
LZLXgSTu,UoyeKBBB,YqrTjPif,jiHOjKMi,YNaxrrpl,wRyIVSnT,17824,47537,79140,62117,31354,43984
RhCIULMJ,ojNjXulQ,RFrRxKBU,ftDefGby,FRibdPOc,vqTpNPMR,30652,9103,8541,62446,29714,68119
jItQyLJC,tjbXbdni,eNuYFuIW,xXnjHsjb,eNjDsEIm,OMLisrHn,93564,53537,72473,36829,32333,91039
rCceTloU,vuoMTuZv,GmQAdGji,OEJxoaXt,NfgDVnLG,AXcIbGlS,33515,25401,72316,41238,92788,49361
WESPCWCW,TPHyENkg,poUURQtd,WMXWQcgO,kpJHWqtn,oyXsFlbU,32057,33147,77618,79459,96852,2
tMXUhPOu,MjHCAoqB,POVBroGe,UIsJQwZI,EikYrWFU,WGhzXHOu,49409,50519,19234,9522,26148,17441
LYbJdCFH,jsMZjRcz,hwbRJolA,mPHBawGJ,lKEcqVIw,MmISaaUv,4691,22914,66531,79694,71822,5074
zvDKQQju,neYLhrTr,GGSFVAsO,wVOjktGA,qsgCAZbi,URdbsSvn,98151,79134,68041,90954,10806,8280
uzLTtFNn,glPcoNXU,wixlSKqT,JHqwkQGA,tovNNiMj,FuIcvXYX,8879,44575,6276,62231,88500,82025
ktyfmgna,EkDKFOvt,LrRZYyCK,sqhSrUfL,FKmzOXJg,cECQtNQI,57677,74063,3084,71287,35139,2655
pzCwYcgo,EpPwMvZb,DVFnnrtM,iTgoPfQm,JqmBPJGG,MwYfquSS,51060,83268,60772,5382,85838,4014
WYKgwtaw,ZTRQSadr,xZdVXKbp,EOyYAVwK,HcDaLfyh,JosRxeCf,45838,24624,54140,8484,37274,41385
sVJJHBnx,rGHdrVeN,qCTTsMQO,HIodAeLX,LWVnelvJ,jCBvjieV,69912,74786,87043,4822,15437,69756
tVvJBpdg,nFlCHwjr,gotPTItB,GrCDMHfV,FJOaZSVm,SjRJdbRX,41203,75307,38841,48128,36724,19110
JUsMRZMH,VewmErfy,sPMPuRJx,fLRPJLVl,mLCqCzkQ,VqxCCyUW,99624,95865,28994,83648,45608,27030
YIXuzcCb,tiAumUHe,oXrPxtRi,FPGlPRkK,mhWhPzJH,KrGKFBlX,10749,50745,647,14496,90344,21138
IcJXpPpa,XuzeDpKy,nKnrEIsa,QYYZXhBU,kovDzpWJ,skrYtsSG,73187,49501,67407,37323,90670,42907
bpKbAjNS,fQUYJmLJ,MwBXTHNN,rylscrXX,TWfjtVVI,buyOGvdh,86740,67383,89403,33547,18036,4638
YMNnBPrB,nYOPDLWG,KVvBeAtO,SnNkRzqP,OZzVpMbx,bGPxFGjv,11661,63682,16815,71380,66783,11552
uIyMEqOn,sMsmNJpp,NjwmhJXK,ppffFPBl,mIrXWuLv,reKLAQFO,25531,47882,80501,77744,70486,35781
AjsvqTNc,GErvotoc,cbCXlUqV,JTcXwejz,UIDGsDUm,tihuNnzm,70754,98111,78587,70357,39803,9824
krdsxdPC,KemXYzbA,hkklTIdI,TZQIIkdA,oYmTcFgZ,cyxMvGJw,55255,40483,11526,60649,63603,88040
ouiGureF,hiuZylqw,eKqoaWJp,EpSbfZuh,UQlBqJto,CfpsBRyJ,21329,94511,58368,14057,44743,18495
NgRjRbgF,CQdESWFN,TEanvTAK,JSStLKrO,xxadpOqm,ZCVijQum,99849,28117,95909,623,77733,30689
jcThRmNN,GHwJHmZS,KmelXYaH,cnJIrHtA,fmIRZzor,itcQAXcd,93768,40726,19131,24919,87402,52674
WueMaBKF,iIpSpTsn,QparJmEf,jEZrCxGl,vbIXZaSv,cDATTzyB,69931,51345,91090,34973,83728,31090
JHgVTTtP,xzJFlJGL,AlxTxHsK,qLYuwcpr,EDRkCtWE,oAVQxOcQ,35790,85933,72251,97813,9482,86500
KNsWmoRQ,ZCzNpXBk,GerCrxkR,EuVnnqgW,BGTfoeHi,hhrUNvEm,33711,90569,65502,41098,90744,82913
uEhCnCkO,OziYghDn,YOOtdmUp,TiOBkGmU,qTGapcwO,nCnJlbSN,56462,44139,94206,59184,22882,85054
mcApLzfq,ZugYJtZR,CPBiPgib,zYzXzGyp,uHxPNFab,rvMNdRcs,95120,59745,78075,12835,74680,86983
HVdQOtxb,wOjYUUuv,bcPtKOWv,oVzkTywC,HWmNkumE,QbupKoMG,2983,21491,56763,11358,39461,281
qwhoWXYa,ZpXzTDQs,csMwdXfr,pKPxmmCU,KpeutdGy,ReqnsUsK,95071,1277,4197,9525,40482,95279
QehvwaXC,wSosNiLw,FDmXkNkF,UoGJfgnW,vxShoSwG,CSxySJnq,59441,53860,4013,87651,6322,17200
lNjXqaps,mgcCaTTX,zactffWC,urahlUvT,LiBOoyvu,llyjykoi,65611,92643,51233,4924,54486,46833
BLItxwdB,bJtKGFxy,cxKzrGcc,lXINCgaS,GtJABVKL,jQUqoeRp,81068,12546,42242,5533,17274,59857
dcaMWMtl,xrZRCINB,mFVuPYeJ,VvGiocBB,HmqzQQOr,oQXryaRS,3235,43822,44598,80862,50111,47623
cqKOuwGq,wBCWQnyz,awbowIOa,kkRtNYuD,RfDdGYnY,NLcBnsiS,15317,16766,17242,54136,77224,96469
ruVOsFid,nyCxOOHc,BiGrBIlP,vaepTdWy,MeCSxfTK,zdBXngEv,97981,19433,58729,69404,28943,73997
TKlRvCfR,JiEUAbbF,qheCGyTx,lOVjdKFS,RUErhOFU,FTkGfSdb,75741,64577,9161,24246,60297,38642
jjMmnfes,WODHmlZh,KXUNSrfJ,ZQWFEAgD,DrGUCYgC,EdeLpiyP,59438,41673,89658,5506,77748,12106
wEGnTjos,DgIzFUiI,UBPgmxhF,ZsZKxobL,GFUPOlYE,EMFhembe,14963,73051,87643,98650,7909,64576
bPtqHzsV,jbrzpijk,LsfrROvq,NvnzvciY,zNLUoSdE,hwymperY,24407,82288,84011,28064,88177,56487
DdlpceNL,EvKdwjgr,uRpSNKIc,JVPCLiUo,huCoWTTa,wDINIWWE,94160,62382,34020,10206,31494,26269
kYSYIzLT,nalUvznP,SNIfTIMr,YEOpRgzV,nvdWyiNq,EqbaUnNl,12158,34311,61596,62556,78899,73689
pAEEiKyh,ZlUAsLTF,kwggxKca,lYzFrYjY,tWmLOgdJ,fjNNiyiy,16625,24589,56081,44086,42944,48739
HxXPSCyE,sadaprKG,nOcOoLMR,yqCDWVoA,fpANBRjh,EKPlTKDk,27190,23691,15823,29036,56609,66822
HKwJNFpv,kmJQDlHK,AuNAVrAC,DEoGnNsl,jrtQVgfB,tGqOhYsf,84596,47209,90948,22928,38411,39861
hGrZkLHq,GSNwJXke,utyvJmzJ,aaskHmxe,dBvDhmkQ,DNMxENwt,78908,26405,70888,48221,95932,76074
tqGFbOqY,LlIEsqEL,YQQqzrkR,ImPInRIi,eQwELokc,fANxHscu,42466,2031,52287,34398,1280,68678
fzTqixyl,QyPfsYqh,wEEnByQH,SnfIWCFA,AIzHNXLe,JdRvncvM,35006,16472,78618,1054,93461,97930
gphhSpZw,uyleerPU,FCVuziHW,zOFvqMcS,PUeNhMsr,tKEwEEbh,68923,83483,59390,55581,83985,55956
amEjOMTw,hmIrorje,IzOvxOlr,PTDMSyPx,gYSfbjmA,iyIqOhbo,49793,71463,37964,95582,52325,72925
gDLUxzlF,qyQrPUUD,CviGJiTV,BAOiNJWc,LwWOaGtg,yQtukRxO,2865,99526,1626,83444,35817,43863
TaWHTmen,NdXEvzOL,ykSHBrKf,JsmwILHC,GeXGATao,PNEJwzhn,76828,95338,46941,54442,62304,45249
tJmxFgpz,oNtAaInC,KBasNvgw,wSaRPAep,oBdFrxsH,JenHfjiy,85805,44834,76366,14265,9524,30225
pSFjmlDd,UnwuFzUS,lSLFFpMe,GHIMTwZA,BCJgEeoF,gZMpZOfx,2000,43603,15455,42433,64764,29949
KDhQeBMP,gEYAWtCo,ArUadWrE,OEqwIhmk,jcuprWiH,fdtUFxpB,61257,51564,46590,39789,58473,42325
Brxkdgse,ikUaCEZI,IYAObJrF,GGGsAMbR,sBxkmftA,wpJXYIrr,78846,62786,23833,63147,48136,48701
owZsopEe,zaGRkRyi,yKLSIilh,KCveejDq,pnQHRRKJ,RTPFHSrj,98443,13691,97183,45278,97649,76726
UGfFYQfe,MAVbHrqG,EWXyAPAJ,QLPsslVH,VnkczOkN,jGZydENK,92360,94534,89517,50015,80134,42905
VEUybOoM,CqFKwBDg,ykeGWIAQ,edQNSxsQ,KOzZDZXZ,lhNMVdPr,59251,96065,72760,46398,75601,79286
YrPpZnSz,gOSGlhXI,cKCByBVp,pHcNDqiy,lYQJsjQV,YaPHjgZC,45382,2275,70426,32602,97581,21255
IoDkQLPR,KXnVzZqP,zgQOOnNr,wgXJmVTb,goqgizCV,GRiVwhYM,94841,72081,93501,65375,69745,44830
JsewyWCb,StOhwrzy,voxGiOAE,KdLWMgdt,FNTtiGQg,alimLZoq,18238,77688,45191,96875,19227,68939
iXFwLSgq,wJcgzEUV,hkjddGNb,BRcKfCNB,VaGimTJu,lRAqOEZd,13445,95488,64126,62112,32345,51211
miNjCZYS,yMVrRRrN,CXfBmXGA,muVRolEV,sfWViSfR,LbQawCow,58755,73784,29191,49871,11790,410
VbzbpsWu,YmycsNSz,FmfNWMJs,hztnQdnT,wLFKjchP,CzJuqsow,82274,52156,93466,46050,52636,10942
YGzXRrWE,DhWjuHcL,LQnvZTGL,tBHqICFl,gdCUIpkm,boXDxWxx,21487,60317,49819,97197,66331,21538
tZoDEqFG,cpoRcGGU,QKAbPiAT,NDUzWroA,armDbtlG,DqkaVdpe,93256,37228,30039,84737,83752,71005
vFAjUUxw,aabAnsBC,azfQoMnw,PhWfVknq,GHcvtqeb,nVBluCTl,80497,25175,98904,24007,78207,41171
WWpdTXzc,hzRBXAhO,YFgUYPaZ,EIKWupRI,dJAZHBRt,EBdlcGYc,84412,77976,88841,15176,79710,78444
sjAiOVEy,kbMqybHy,pbterOWc,SThVAfQP,jifoTdiW,eZcKluad,33075,11051,39890,29874,46586,30368
xaxeZisF,eAjWBpek,dvjOfgnk,PjlHQajY,TYTSOwfS,stuKPJff,45657,28661,77965,60032,39231,18788
PUQGgGCy,uxlTkOLX,wUzwPUZC,cMTsIQpp,uwHarvgu,zAqZexbj,47534,94750,61479,24350,56708,36608
sCqLLgyp,kVItmEEN,tozBmZUj,bZdtENoq,ehVnghVF,ICxbkfwj,17824,92862,79645,66865,49946,4780
mwlAZHhq,xSLfszsa,XXIMbnNF,qmojmsLB,LSobGYZa,ovWiFgvz,25586,22596,6097,77515,69877,84529
QGlgIsOW,KzekfWlt,QdNqMagY,ZkzBFukC,meJNnIWI,CCyXhXMK,40771,69611,73737,33053,86867,72472
ZTPBdJFv,TJBMdIbk,koewWGya,mmvbUShD,oTZBGEIc,bOMTJwSc,67634,97641,30875,2714,22589,51654
QVmWJnJa,kdlSvDov,KDypjxin,BclkBkhi,WNKjNGzr,babmezlU,3854,87314,42484,38094,52209,36410
inmkefsL,ZDiyMJXA,ZvjXjZlg,iAiKaDbg,HtcbpNAM,NJXmddfw,61168,75765,97984,54548,53223,81315
MezWKIai,TLxCeDqm,jCCSoZhW,QOBOnPmM,bfycLuHg,GlSaOMqj,91249,41030,49228,58997,40352,69378
dVWKMOau,TjTtrWLf,QgdSkAqk,ayRXuwHv,pgymeHGX,mCthfbjt,22115,45282,85847,89928,80140,82878
fMFtFEhu,jUhhuuSa,qlbCCcJi,aLexFZqw,BwDcsZQH,bxHxrKGp,14430,63989,65246,68932,79441,85698
EzLVabGh,VcACoIkg,yMSTsOGJ,jNyeLopv,QWCniRVe,qozUjowo,56728,62363,24622,20142,15293,61868
jOCRjKXY,vhSZViJm,tznUDxCz,fUdeiYxt,YAzyOLRD,oKZPaLmw,91181,77354,98723,22702,39636,18557
qQIXbfZQ,YgQmvceS,TJhDhZAF,mROtsfTe,oxcZmLyp,QMfuzCzf,62077,83260,59507,83935,53020,36117
XWrPlZCu,UbWhjBLw,AdrAYXOg,JAICbYzg,HQORSlFO,FmFqMMXq,54409,83678,36211,25665,70405,21363
hMlMOFpZ,zVvRSexC,zmPnRbar,MADeSfmA,SUqIsKLB,VMTmSXfI,43444,49399,8610,26687,32755,85671
bzAYqasx,UzVlhvfZ,VKzZSdgD,uYkKnXmg,NxigCpZM,beQDiQrU,64167,28755,14803,7957,94665,77039
FWptSTFL,UthgVWgj,KTNQkFrh,ZyueLzKa,IUDxkLfa,ThcmNRdH,22678,78384,53285,65045,55801,85959
wEjsQQaX,QSdDjBMw,nKOdxATZ,krSHZinJ,WWAnuXlX,YevlBxbt,31994,45806,83733,3181,16535,28777
DczhMVyz,RkKMDyDg,fpDToHpB,QFoWyJLH,TlDFXADd,svGBPNIQ,35321,29006,41803,73546,29,67120
svxNNpJY,oTagDmLp,xqfBcVJz,RkEmLViN,WJweAkpz,xasDBHGX,60416,32797,55533,21003,78825,32963
ubLmpFWW,EHcYGLdY,GUZnbjzu,RnaUFPfO,IVdPhMvL,LSOidapC,84671,64323,3345,74578,53128,29444
reYrMtMd,izWzYkYL,MBaSduDT,rKPcMmfL,igoMcmKm,GxXkpZci,11061,56117,35737,89192,70113,76979
qLgqwuFn,xCiRBvcT,XvLHacDa,LxfNVKmC,VePaVkTB,zvMHCGot,95965,25393,19255,60339,34664,47332
DQbGxHIC,eqagkszo,zHSmnZVi,XrnoeHFS,VodFUqlH,fnRskEnN,32575,65698,44589,20530,95630,5190
tzwkoJoz,RaCpjZcM,kLTKmYfq,HxRkJsGR,SIhmdQmm,NgobdOYl,53547,97407,38015,99966,31794,12207
fMGoyZHq,IefhWecr,jbzWvGjQ,dryhiOhn,AjORchyZ,OVkYKzVW,55024,92515,10044,96358,42070,16850
HqofuXbg,gBnoVtUt,ONWJdPnc,ADxEIwZr,TrZRvBLr,naSAFkxo,52427,19717,69026,13986,54749,79667
pNtlaEcr,ZvHTuarB,yViuNgAo,bJmYcPYq,rqKPjpuM,jwSEvjtF,85278,36605,47380,804,28839,84804
qFQAbbOv,xvDoOXTg,srcQRKgN,NSVAtxBG,PDHYxCbq,MOEGZpVa,23248,53728,26787,99546,22287,39693
LnpVHUGp,NPJtpwqS,saVvkxvM,qLuMTGxs,ZEbqOZkd,uimMcCnE,69479,95451,32143,28181,49400,81539
tkQyOkjH,JDVzoiiU,ZmpQXdOA,sJPvSioq,aKJnAvxs,CvRAfuNs,3196,6906,57391,60675,45512,37388
ZDiHjuoi,cHtqQFKL,DPkLVtiR,XWNELSGo,iRIsvVQy,SsQCqzkP,54206,47079,78195,79698,29921,4446
ULipXFBp,lsqNOBPd,KCEOnOcS,xmVjzPMN,wBIJZbio,cYGUVUVD,61249,71087,80893,46946,47552,89960
ByXZFUYe,depMKZfG,vhUdQrKj,sTQvWyeq,vPyTZLHE,wEeyUwEN,55162,89989,95814,31684,90838,52209
YpmKPPqn,ZZNxCVls,cslLffnd,hoYAmSaF,HzoAXarK,YhxruPFE,4918,13096,6763,38658,25102,39652
npXxgsti,aCwIGOCF,wVAljFFc,OwlhvfjY,oGlgmaBz,BHGgksXj,49535,8796,5855,54477,60490,49028
FEGmeomh,uYYoMfHK,xiMWeTKq,pSCBVeUf,tAERuqbq,SsgkBPcN,63098,67636,58787,11950,56176,57630
SrVSXjpa,QXKGJpwK,sEONrUzF,OIrEPCZO,wqZmqMcg,YKmLOjdM,79478,60698,24748,31546,52984,23532
GOiLLCfh,aBpvAAOL,smIFTppC,gIgCidHI,ztQUIMKH,DDelRJvu,13254,20241,91496,94485,75554,25238
lbZuFhoI,kIeQYpsM,VbNJlkUp,krQzVjEy,gorluhya,ilPUkngd,1156,50060,5006,4751,89420,79564
KBztxijO,HeIUSdXv,hkszZjFj,JEybuDti,jNJicEMi,DCIpkhKQ,12128,13505,78517,33790,2647,57531
rzKdjKBs,eLyXMRTo,jomfDyij,OUqXEDIJ,mKTWrKsr,fUaZLwfM,4186,47649,77297,23936,26175,64395
dnsdtOXW,AFoTQBaj,aJWcNcOx,YkUpWoOF,tOBYoxnY,GGyNwFMI,54204,29502,74611,14993,12037,32722
flvdoOUh,wTmVocGV,ziUTdCUa,SrXDExGe,RcWQwEUa,TgtDMRss,12860,16564,49558,53287,89073,25029
cctMESAf,IlXxXzCW,yjbbNviX,IRpBwgAP,VkTgCSxl,gaZQelfm,91247,16570,77872,71335,6501,43618
grrXGpDd,frcHttZz,FTdbrzlF,xBubTgyS,ZIYZRvMv,PfLxrrJE,43381,79849,71865,70739,8656,19627
vpiWswgy,YiWfTRJY,IVlNPcrq,aUmyHrYn,nMEUYsgy,GbHbRCoi,2207,30592,94869,2725,22353,54453
eJvxqXcN,wUakEXtC,suOcsTrl,HEocDWax,BljedZCa,tzkvzNfc,72278,5079,88791,8641,34070,94455
pEmXNgyw,mINcwiSA,RUvQWYxZ,avSUGKUD,EFwjGIgr,FsoKsmkC,98119,36793,99432,26409,35355,90091
lhjLIWlo,cUWLDSCg,nFisxuoY,MWFrWsBv,HZOgNxga,sXLBpcIJ,68487,8724,71599,7792,86158,72016
hoIssfXs,HOlPMUGf,dgQgINoQ,cjUYyqRN,QrQdYLDH,wuTeEOnt,84863,20816,94380,57535,67096,89503
lQsgfpRJ,WimSurqH,NSPrgCTD,GyjwxbsZ,nUlmQmWZ,YBqvsZLF,96859,22401,87389,98836,54201,4143
aGIrYdCe,njSIMONi,NxfVpnZj,IDBRMyJh,nRXcNRxE,ofuviPeU,72020,9393,83710,93217,17341,44757
CSAwUygh,jZYhoyxA,SLMLcDgS,tQGekMWF,fqCssdtD,kFghvjZU,20722,21826,42485,78430,70923,24533
DNZlQqYW,NLSogRdj,AHqWSTVS,qnXWICLc,RLhIVUSs,jZPWBAMB,73443,50372,7243,71534,59362,32223
EEqSaIRI,PSITliwI,qgKDvoSn,xtAfuFvN,JAyxjhTC,sdgUpyUs,5900,94636,1790,31622,96330,53399
tnlqtNJP,qFVYbgZa,GzrNpZPQ,NJjGnuYp,WFTpPQzT,sAnWQoKc,20963,24849,4791,77974,59580,72559
hnRwaDNr,HTtlHEjM,vXFPPzgo,QLDECZEE,tQhGkMlk,XDVkMClq,59581,54677,90562,96970,13626,64395
XVeQNlsz,AQWDVSal,MjWnYmOA,BQrOlxjz,fPQkchGl,tmKCINNk,81530,11127,67156,15275,10821,66613
DfWltIDU,nWTcLjJB,yToqeqlD,fxDkrvWP,lXDfWQzX,JxNFZYKa,71886,39584,24058,71517,17980,91806
pIeGJBMo,VtdaDZdJ,OUVEiVXi,DLHViAcs,ByXZZavk,iNNBsmma,76748,11118,13729,76970,61752,79390
hQkZcGvF,AcyKnqLH,EKwcsOqC,EaHkydMk,pOxSbdHl,iTYyGshw,45640,24741,29497,71400,3982,87704
FlraCXTx,ASkyMxtq,YMqGlSVa,IfNZzqwv,bokyDuEu,FnHTLisT,13627,56756,99300,90752,89790,82379
LVtNnisq,VjsyxxSi,qHfkgrLB,MJiuWPcO,czQQHuFD,igMhHvmH,38307,94837,57301,33711,75790,12511
cbfSYuiZ,tocqMZUF,wpnnBRRp,MpsCIybi,IRhEXheC,PiEEXiNY,55690,48828,15859,55499,66836,2363
KuxTgISE,sMwAePxn,gOjpMZrk,ZUrpbXEp,VngzZMNp,kPrOafNe,63206,79678,77595,38369,30009,13632
ggQSwrvy,gAdaJevq,IzzTmwca,mBwmTZgt,avmbbjDb,MXyKjVGe,76984,85998,36813,75950,18438,12900
YEcJhhgt,zQqYgXCC,VbxdKasq,WHMkWGrk,qZxPeiFp,LDiLIKcv,84155,49664,35764,33236,10943,49138
OKXbnlIO,VmaeGHNS,KavSdVix,CihzkJEg,rDrClfzS,IooGhOrM,56307,49682,27305,64955,66536,5789
spgHoNGn,bKaxFWII,gvPBLzdf,jFeBzdQm,zfewpXEo,ByFLOwSN,79871,52190,32686,59999,37535,40769
JxZpfHut,aobHrFyF,KoSvARkC,IBbLYCYq,QFMwHkyx,JSlFDuqE,20450,698,26042,23910,42421,5037
kmjTftnb,bXJBztEn,XGPTLcWt,PKuwtlrS,EFxDdMbd,BrJqskzV,3953,141,42185,27566,6132,11494
rGztickg,SxKEaQcN,vLZaZsmq,FzSsKWty,AdtvDDYP,wpqslxXP,3013,53058,41396,28373,14620,20503
OXlQnfRt,LZZxpsch,dbDCacef,JfWNqToh,liLZJDyo,llMcpygm,59065,46820,35340,56427,91046,90360
xfnSuWTy,RiCgqfrz,ZeHFesml,HebCJhBx,BYtFoqPm,TBzmnDzL,31864,51917,79974,92723,45751,19744
aTvNtcob,KYKhESOk,GMGLrATs,ngbdPSMj,aKQyCUBN,xDGUhKVE,93611,60623,84748,77235,89846,47176
BZOjJzix,CayWprAx,ohdqjSYS,WDcvBEGn,OnsJqGKx,wvCOCGrk,74761,55705,5055,26275,12811,56726
phXXwlQx,lLgVjyYl,cRHmStSp,qKHoOofk,FZBwvSZf,pPXVpGlO,81768,83228,6842,34992,21727,42374
HPGUVRwR,jXBZszTh,CKZwpVYF,EvKKeTIl,pNokGxsj,PcrCFyuz,39066,67459,95137,64515,61872,74170
pcpVaoTX,gWjAttaf,YSpmSjjj,UihgGCEz,EbtuTIiv,sPysZgMd,77009,2399,36577,54916,48296,19776
AnbUXWEq,AvSMGuyf,kVPQOWTW,DRmcDyxY,GYZBClbL,uJKDAbrK,49662,33095,80417,20870,22278,59108
PsxULFpr,IEsjEVyU,oMINBhtM,YRyLorIG,BouWkoRB,qZBtvCCV,46232,48803,98991,4024,24933,15903
LoWtqUYt,byLTLhWE,RcAWMlGu,LtERruUY,WxmpRcjE,ZeAcfFVO,68331,7494,1610,23230,93444,30450
tvmZXKes,CbQJgpJU,gaAttfWU,pdyPdXXy,pmoCjwCU,plUrMwBk,25317,54476,91783,38402,47078,2868
ZcMJJjBq,WUZlLwws,uasLzNKX,dJXARHZW,beVyueNn,SzrjZLKZ,35355,99640,18414,44439,51383,35454
AysHNdDQ,oqnaumYF,GdjGHJFG,KHPxkAOw,bxcLQhQv,yNVDvbTl,85350,90587,25584,23718,58307,16510
OCwXzjws,YHYPzKAC,hVaueRks,IWRnMPrN,vCcKwRLq,xDUNDFZz,29281,38431,35400,17582,54341,52896
tFyakbUS,JlnDoqJN,eDrXepDN,tVgOVPOz,ZSCtCyHj,CMqRVSLB,92911,8143,55118,52695,27469,67823
LEVQHoCT,GFTjRZkl,OPubLzvv,jxBtLiVx,fMDTmIzm,oVCZWDHK,44802,51850,29451,66264,1334,9164
NvNKeJCI,EQSEkWUy,lkRPHrHM,cdRfcVgh,khgnwtQY,BhhzaSur,87816,45618,61512,12289,50949,55964
VEvnNrIU,XJPSKMRS,gRAyUhcU,ElalxZxb,GvonZyBZ,kCtJMNlE,14493,26011,87610,94362,19732,17175
hnvTHEKL,NhNvqPLb,uyyWVYxU,FEzmFetv,FCnHHZCb,LPntuztJ,76289,4897,45426,52492,62711,53044
WihayWrQ,XGAnWDRo,cqFuVSCX,DQzUKcJB,GZoDKwxC,pDkRCoqp,93233,24293,92723,57367,90050,25611
ZEnrOpOU,HkUAzczk,LOuNvWMS,rmfPoJrg,vkCmZCem,oICtCshK,30717,20429,7921,72232,48853,6999
KvRrUPtk,BslKXQtS,zoVIogYR,dFnfeyqg,conpfcAP,vMDBOnaN,71515,46145,41514,18962,10135,21597
KNJOpLWi,aYrCmKLT,AzetuThP,HBQYgsHt,PujSWLJk,HXMEIjXg,56372,89889,63816,63079,17932,63214
QowsidRp,HCoisvlg,YHmPoNyf,TFOwmvYo,VeanGEWv,yrNkIusB,7707,22285,96043,21926,35057,66870
qtTiPMvW,KgpmgezA,RgrLFpyL,koxpsLGq,rmCLKXof,mlPuDnej,8686,29060,85959,77841,77637,3002
IgeNlJWJ,sxGtUfTP,KInsJdGZ,aERPRXJN,hlSitbkq,BcODzSeS,78843,22916,78373,69263,72302,34684
IrWVwTQT,mNDDFgos,llFUjfjd,VQYexBGR,fPKDcOmJ,xNhjNYnJ,62810,85140,66925,63566,21873,5615
xVqkaAZT,HEXmWaRP,XhJTifNs,opEMCbTl,FPBZimwK,jkOBMafL,13451,81504,46757,36641,16466,63349
SgPrUEfO,eSPaAToR,owLiRlFU,qNxefhBy,DKrXLnqE,RByVCnMN,78660,63773,64881,22196,8140,16773
setrAxvo,QhzvJrrC,yXHOiOYO,chGuyFai,HEQDlawW,extcpOGc,69243,97116,52561,68994,86832,1374
XbSRfnye,kAROQsbk,jPhWTfoq,rJakkwFu,yqLkNNNA,yYpWVLpw,98956,98693,67394,53577,65726,39732
GqHEnJNo,qbmzKGyj,wajOnIdO,oprEuEwL,tzUObtDM,FToYiQEt,52800,3353,39825,32757,98246,64907
bxIGPOGm,DkeaQEel,DoseDByK,NChKUgCa,ZkwIyTcQ,mxDrrIWm,20945,25179,94785,40617,78362,8109
NhrSQbfa,nNLudlFv,LmVFnukl,fkpSUChB,scdVBUwP,gBuXKzKs,86938,98620,22275,12593,37440,32325
FmUqlGpV,NeWwaTar,OlQyYmLP,kTnewNwt,pOqojest,TdaMefnN,33076,62839,57767,27263,35255,71433
fXtoiUvx,LdgeuZif,HrnADRuI,CFBTvyet,OIgIxwkU,wKsQGCJm,49612,89856,82630,93971,89256,28109
ESFrjMJx,ZpFVfpAL,RVVQQurJ,VjasYMWC,wAqsWsFC,vUyTondk,79069,84176,74643,6814,21556,46318
pOLmotjD,tRkLmVDG,GyiPmIDx,JqIKCGWF,LsoMmCQk,OwNjyjDo,46415,79630,9442,22856,14402,45178
Jakjbftk,KrUaTDLM,PCmgXoGX,TBYexpkB,cbnKvaxW,ccGSETYA,61326,62064,66265,69325,55493,20175
PRyDkTUt,MyflSNuE,fTgTvrbY,DTSglWXs,zLxxBuBA,KWjSYojg,94101,10889,93740,38645,11173,37555
IEEQUFNv,caiODNTM,QSBFCQLo,uPlNYsuV,xtUycpPg,feHebRjC,5561,57157,82153,17026,56747,31376
axiEqxUG,JjjFsDry,qmQuydQs,vuodeWDJ,RmcHMHNe,cBLVOwUE,91409,8210,47393,44774,19403,48399
vXCWhFeS,qsnZrzVk,SyWdWVwy,coawHAJX,SiqeEsNr,sKhJizvO,55134,33396,18291,48141,77364,27414
FVHbGuFx,gwcCTJKd,tZIskwYd,MDcmXFOu,BoJPdMGw,gATkYkjX,48415,206,76768,38401,58944,90062
MldreKkS,UctAKgxS,KTGFgkjg,bctfnMmW,EeMgMyGu,dPyEROFK,56519,48563,58615,36567,16194,77684
VhGokPQb,iIFUnmmf,VIECtrAS,hbWoTluR,VdxOvYww,mGibJJkh,26497,11750,57608,52480,67592,45970
dJirpbAC,DaStrHFU,lweioOJF,mKqdtQPj,edJSZAXG,AZXTalgc,10728,45744,74034,53182,91933,62026
KcybDHzj,FFaqKcKM,JrhPoGEU,XoISCmDo,rYbpXbhh,ejWxdJpf,14778,5053,64777,44497,83196,81518
gZIyhuGd,yelaEaWp,NQgJuElJ,MongLwhQ,JLBYrLSf,nWOFYZby,1725,16421,79159,85603,19869,48677
bjSrchPa,ZOCRwiMc,BnCGPCkH,wfZKCyTb,kLcCZCam,PKpfaFBM,12222,9101,47155,12309,72862,67461
ISEYXeMo,deNoZpWx,xsEZROdZ,EsbPWoSe,cvYQpshh,GmHvtoxJ,92954,80352,45914,98044,8541,37412
oRysigSr,vCrYuivV,QouLubLS,ayAVXpRT,RkuAVSyt,RTQIWmcO,63641,44659,40375,19539,33821,91411
WFkjdIxM,LJVxiNWH,aWjfwAGT,JipSLtWb,daRVhxQJ,AnHdbWIF,92500,34252,23807,48729,12193,78356
LSoCULwI,vVPLlHwS,PIILrodk,LwTQbThq,dzWcQJqJ,IIkvwszw,16058,94245,81469,5300,71935,77668
xFjYXxDg,kNMQdZAU,iZAiqyfA,OEAkjdwf,kXemmfZj,JieaihVv,68591,34363,1734,62533,46334,52622
FXjhfkty,UpQjeNIY,lHRvCNff,NhJRWXvV,zwkMYBBl,CNfrTQIp,81363,14551,57834,5841,19829,61437
aEalaKhp,ShRUUmSh,DlclYFXt,tAkgmOIa,kKLRGnPm,qaRUDLhg,31621,63034,52793,13493,84694,20
YWIolshx,RTnkChlt,TVmofvTl,hVvFviSP,wnGBlzqD,iXnPrTTO,78934,16418,56702,3342,60961,12713
TilLRaeB,RPTPJHca,qTRlRrUs,hVKedDIz,GjHpqiDB,iGgqTVDf,19077,67365,94029,34119,84071,58762
skjioRix,krRAfdKX,jGrGGTEe,vLoTANVf,MymzSQVV,GQShbgNR,46246,35562,10824,43850,88109,45983
GACGXCPe,ixLdCdyy,ZYtofnFB,kJhwxQUN,JYGmFndc,wDiZIAnC,6578,97214,39262,76241,6504,43887
sXlCujvt,pgtluyAn,NQRLozcg,QObsCPoN,ZUKLDqqb,jVaNTjAm,61726,34196,81947,54931,24861,76544
zhikHHbM,MfhnlVOi,IrwAWNZU,saglTxvA,dkbJyEJC,ruxarRdb,6328,16050,56781,37748,14641,9935
HixvXMqj,wWOgpZRw,vlWKiMYB,sHBlkKnO,UjzutiCS,zqJJOAbP,9100,64509,12500,88206,60245,57216
TzoQLibt,lKcFRoLU,xUZFYFen,dtjEMULM,SSCzVFue,VVMVvzuj,9885,36223,28627,50316,5688,70828
ElgecrRo,WachynSX,dFWaDdxc,AEbylVWT,oDRoqBVb,FVEfYjka,50591,95791,33314,88980,46541,20795
bATpwZgY,UtRwvxfU,CaALqbfE,FkuSYwCV,NjNnqjsq,juCURlFQ,12552,99605,5851,16038,22698,56787
jYqJVqhd,HazHIzcu,SrhdaDej,xbMANrKg,zzocfleW,dvuyplrK,83351,34771,24645,57224,77438,9843
mIspKylJ,vCVVEtZD,QgJPhLxi,kJWsaXEa,HMwoGTOI,ubwckChQ,23139,64080,12427,15134,90928,86766
ERXllSer,GxLxmipx,jsZfDTWr,uvpskCiC,ASaTKgvG,DTySBgUz,70065,72802,73380,65996,20006,4789
wMurJQCR,gRPUYkUc,zYLkrRiy,zwuqKrHW,NgNCkONm,ZOuAucQC,34562,43553,6919,18954,61460,35040
kCCJrFvu,ZYXBvbJr,cGaFsWRp,jJXUZPsc,gpEDKyzd,JaazjQaD,78445,13534,92004,18387,36438,78478
PCoHRlOM,vHhrOOIT,kkDXdudI,OpdieGrG,RFYNPpea,DPglNVRa,92678,19992,18964,43596,79727,54865
uuXNkWyZ,WioLoIXU,GflXFcjA,SSUcBeNc,NRlOFPjb,RuYpKaNd,33698,15877,99656,28751,1151,93281
XYxpqONQ,iJOMlSFe,vbeoZBYM,TdVqcFrs,cwyRPEiH,bNqGxiqh,44182,81554,7787,78225,59408,17030
XFmnYIcT,vXDuKJBA,mJNuLiSE,IPdpIsDq,eFSETuVY,GnalHwhA,27685,10076,24548,59620,41117,61331
LWMKTKsh,IEsTYgog,IFXUyVXn,gAMALkGA,UuyBHcYc,KiPFEJNX,87632,29298,39842,49929,95389,45959
fmGgUZSN,MzGxrOEg,DZCbChgv,pyCwcYEe,SkZyXmyT,sSsrOQkh,39286,38495,37984,56753,66882,97717
ywIpHUNh,psyWQJGi,dGTcSTyj,AOaXMxFF,pnqZQVqk,qWzAkiul,60063,78720,83652,4461,82841,6378
TAesUuuT,CvdfYQel,oNOkZlXp,oBRLRAax,vzdogocT,hjXaOxga,67287,83875,42356,12515,55429,85527
HplkTHLl,avrHRjCo,oFlnAqAB,qkiasUsN,adcmuUaq,JQKKZdUu,12648,14513,84974,99913,34204,84953
xZOoRAAE,yFMocyFj,cMimSUCV,ZFyrnfxz,HCKNyPdF,KRusIVXb,32045,31751,67617,32034,5536,14446
TDRwoqTC,hiRfuwdz,tgUKCbZM,ioLPPddR,oPoSVuay,FKpPUisF,94129,83490,79341,72274,26628,47958
DkmvKBLf,FxObEwdC,OZBDtxEQ,LRBgZPit,pTWSmVFz,rSqrYzOR,67853,97970,93823,21272,1576,41506
mkYRMrAL,ZzuEzkwS,nnpxLcXp,ECHRYgPi,FtIEnjUK,bwhFFLkl,41171,24125,74732,2015,65833,89577
aVqItBpo,cWbQXvcZ,KjCeAMSq,RuTkLhHw,bPvaDOJO,XnjBpDlV,77275,82998,58377,46761,87587,52414
OEUhokyF,yllrdoJC,zTuPhbam,IMRrxhKk,aJuBVQyM,oFqgztun,93346,2576,27386,50731,48950,66622
mtLxoqxE,EyEDfIUE,ILaZZoTU,QBIBMTju,rBrNooTc,JBUEvIqJ,5282,88005,85002,97079,49332,2471
vjUSVdNr,sHjIECdF,vwdobCKi,gtYlHxZZ,adIEsKbT,qBhGDJfd,87429,10457,49515,31160,98298,40635
EdEAiQiE,UUZTBDKD,ZVxOIinj,moVzVoQa,giaEknVb,zQJuIlqH,97923,81343,78781,56196,67418,28857
uIweFgDy,CNQjiqZn,sntHnVFO,dDrvdQUf,HRnfwnkP,KdcBKRFc,19927,15498,17311,26943,58466,16056
UgHHoIAX,bxPMDaNe,WYfjvDRv,GRZuGpvk,qECOtwPx,AVFqIklV,66610,82097,22637,69903,48513,56902
WXBUbHRS,HDjRCYWc,FaRLiUHU,HSbvHcPR,NUjVgrHh,rTNJUcVr,20734,79520,56285,25377,98462,84471
HNYTBPOV,kkyIZImF,QFAnBDaV,lAmdxRbM,UaUHRJpN,sxfXEofO,14371,74007,13578,4217,48613,52637
UXgeomoe,kKpIueGf,HKtaOpQg,bPlmvwsb,LaCPGzad,lqpyGisU,77963,85517,89000,95590,9628,98573
kJkeBVnQ,hpcukjXS,vjVvcFDL,cwtAQZPR,VpzcetHo,LqOkiubZ,27745,84524,36962,3068,87235,65591
huCbqdKb,tHFaVKVC,xJWrLGtv,LXiPwvWU,OcbWadkM,hQoDiyig,21911,20719,91563,77017,18946,29078
eksyjxId,CXUTmWoR,wyJAKWaR,eztNKHvb,zMJfmGrb,sXSSlrnR,74825,49186,20502,70565,38678,26221
yfyVoIgF,vWWRusEj,GqQJETMb,ymztkDZc,MkgbGEXp,meLwWRJj,40472,83268,42746,49637,92971,82301
QAvLKYxt,WXDQfNVg,jfFkcmCj,JjEvqAKM,ffRipqRY,klYIkydY,75346,15173,69438,59417,51860,43385
BAXdIbay,dYBZuEsp,MhdndvaZ,TWYhJVAh,FduVfQop,JUPoAVsQ,2774,9318,64189,96669,55298,51675
NsGnvCeX,oqOONzyg,zNeilFux,ctHgiklJ,twyjdtfn,DiBBRCDK,77796,26156,1310,45346,36736,36032
uzdAcJHD,dtfXkSZC,EJiMkioe,XczUuPGp,yxhSJdme,VURWrcbN,88051,32615,76411,99579,60033,62742
DfNazGYh,hyVqebub,sTQJSxuI,qSOtBMOx,nYLKvGhF,GviSCuxg,74381,86807,37536,75344,92128,84921
TOzIrcfu,boXvJcyN,kTVFqiGd,wuHMGJdW,OtpQOqdF,XLkqGtxm,75787,13340,87976,78077,73802,9058
zSFmddar,SadRfWoJ,OshmnPzt,NrkHpDMk,xSnhgdFZ,RFuuqGcj,73719,76314,8995,4843,24081,48183
qkXkKBwD,YpfeHSgR,MsAAbzcQ,ITqVYzzX,UgzLoxhQ,TcvejccW,64313,52012,48137,63530,77296,56446
xOzXuEFg,XaeWXuFo,HerlMYjd,dygDTEig,pJIoXyse,sOKCTHFs,81170,31159,62899,77315,15067,11568
lYorJfkQ,FGYJSBNF,gJRFZDVD,BfjSbXDm,bzbXyRWU,ROfiBlnN,85292,89897,97230,15305,67991,26399
QtpcDPhW,noelehaR,PggfeJIg,yBdhNGKl,XMvQMzLy,zieThBrZ,93106,32107,1130,4914,62929,76340
cyvIeCsR,ZiKgmwbV,zvOVIdGI,FLdwRqqA,ZSZdEQzq,ABhlSrex,12419,93453,80668,70909,94151,80582
XMQbicZr,QTPkWZiR,ptCUaKNo,ZOIDWAoL,xKBtASEU,hWPIhXCl,47266,77640,71812,96723,19658,49295
mrqcmWMA,imnZVfJd,fwnnTxkU,RvyDjNYE,kydgmbJr,xbpnOLOH,15922,25950,72635,75283,8405,85175
dfmcjsmf,rmxMVlSN,lRkEKfqa,kjVYprvW,CXGcqwUy,EcDNUlcX,70826,46384,9003,78747,35317,20024
WaTPXXWq,koufhhVU,QjVszZoy,ObuQPlAF,rrjBeseC,NiBwtSPt,27465,35110,60476,721,35397,64842
wWyyzsUD,NMjSZwns,aSKntEQR,pCFkOQIk,PBcEqPsD,lsHkENqn,39844,69173,49827,30945,52597,40211
nSzBCOSO,ClsSOrEi,wSPPQTyM,AvjGZHXa,YStrQaqk,WZmjffnW,37429,72628,9809,71757,3911,69074
MJSmGZpr,SLwQIMiC,TusRdLVt,wnaQqDVg,OIUOeLCH,bCzHvoZp,69927,39654,38860,53534,43366,5739
nurzuMib,wKhzxjYv,keijEMRd,HnhnVPOJ,JHZcCrhb,ztrZPPhI,52032,18095,5362,43769,79884,10209
xcPAAdVs,SfxvUMti,kcbgbXqM,VAWGCuKH,lvPUIadD,XNolmibA,96248,29759,47503,60229,27256,61351
JKYAdRpY,mDAjTWVQ,PaLDxntC,EGZnYNYY,XYvtYzeb,mclmNWex,59657,52734,35335,66759,12170,71604
XCgcDiqC,nHPQRLTZ,DPPXSZjF,XtDZisaV,fgBNYbuj,IovdvgHJ,13053,4052,86757,35493,96800,98570
CvAIyIkB,iJEmikYt,VrCsaaUg,CMpxtReg,moqqgHOh,sEgFkluI,93041,98086,64834,5793,25631,77728
GgEMiNnI,LuODjSCW,yYgAhHeR,ootRKrdC,VYPVSmoJ,uQIWjPxw,23916,37910,85137,36110,68015,79392
rpetoRQA,LWlkVHYP,PMeTagIe,fxHglAmx,BbdfeERU,KAKLaezs,36461,86567,58967,11875,57740,72804
tVEPSJEY,fvfXgtqR,CerPdVxA,ZAdBbLNk,QDYJfmay,DcsyjqvD,14389,94497,67907,68741,99079,89412
lsdZzKqn,RKdqsRgG,ayVhWjrg,OtWnVMKz,axukNtDr,GjiUYfKx,11098,93181,15825,65233,79413,70984
mncuiaiJ,bhKWRRsq,IYKqcmVI,aPNGGTgK,TyrkUOqh,bQqtypLA,78510,60205,84295,78077,19728,19484
qYjcBjin,CnjfAajG,xVYSxNim,wcoywMKT,nuNkShPR,tEBQKqVD,50171,85820,52590,897,52832,31858
oUFyrBNR,EDnRgGAC,ONheePXD,OCMeBXRo,SFUqWaTZ,dAlRLJOY,99339,95475,7634,31188,80042,13758
CLpdSjPa,DKnlUkDi,weaWECvX,SbphryVi,uVKlXoHR,yTOoDcxr,96992,17941,90279,68887,1957,30078
PdMTHJZx,oipIUgUB,iaooKvwf,qFIrLWTK,GNNEkjAt,vdcKaSMN,39612,6094,36038,11080,6860,52710
CNRVCAfk,PgiDPUBB,yZgFIwox,YOMaTEbg,ruYywyqp,SFoarOnl,95534,29160,32329,11777,97125,86520
qDxrVXen,BFZrpuwY,PzwtpjGh,jSvDPAeC,RMcPRYAb,lXOleWFb,55039,56377,71116,14992,29538,33422
ZQFABDLh,veNfbLct,CQtcDqBH,rJiwpMqR,qNxPVQCw,hjYMfRbc,69653,19202,71994,98465,35850,36640
DfWwhBjT,fEHoIeFN,ntuAZokK,JEbeXgMs,NfGBUJWz,DCMZuJRS,79993,32070,51936,80637,95762,34001
kPnbgDtA,WXSJmisa,mwVRwxDi,cErVdYHq,kbYCfsAI,oVjoUYkj,28462,80725,17952,61929,55177,74408
dVLULftp,eHOPVXgH,mINGLvxN,rfcnnArY,GKPvXgwR,vcItPGGI,32279,34640,80466,66050,71665,83197
auYoNpTc,pdCAnQEu,JthzOZGV,oLzlWJtu,VyUrDBHn,LRrevtYo,55931,26294,92054,39922,14595,96041
YSuONrlD,ZxvdwVxW,oIDSIRvP,uvGpUXom,zVZqhdfr,HudYlLSo,9053,45865,56774,8235,64106,88533
tAtjjoSB,UfgmgbhB,StYMjPHu,DKxJrwBv,NtfVJKpU,IADDnXrp,71920,64661,82957,41498,71660,76897
yVXsCFQF,eEqVHpuy,izMIOwEF,NFhPrVnw,kDfGpEmx,FkVqkLvu,29826,36768,83376,58573,89411,4919
FVqgMkno,wvGIfEtJ,QmsUpFiy,wvFWqoXS,BepukyEv,GztXBvSq,14718,51776,24467,53150,92395,70732
MpLFADpl,DafhmITP,naaqJICd,VIdhJYuo,hriwhFgU,rlTVZJHX,20428,67654,9182,3111,17835,77407
xgWAeVyi,kZFDjWaM,AjEzPswq,TkvILbIk,RlQyahxG,apjoUdnh,14487,11732,57155,93351,80273,92426
fhNFuSzK,tdDBJxFu,cIGWitzR,JbRhwoqI,slMRHRhY,hQvbCYkv,93378,9053,99507,31623,38505,34825
OHUjEKHC,eEFlyYpP,RTTYuTuv,FjaKLacF,obEMvBST,pYmbkSHj,6127,99539,59289,57594,24745,23384
JoRUVbko,qileGVfc,MRzUPeAG,zklCBIBK,qbOwtmNc,dTfHmpSQ,66658,18154,36337,46840,15569,21626
tSmxqrUr,omBuKcMJ,TQXcpyVi,SJUzxTFf,AEYvtKlh,yxNQgTFd,20310,69781,69570,96910,10773,84456
jnFuCNKl,MzqhebQH,gpeLnZSX,bqjPmNMv,QXEFrcVX,tHZWXGtq,59000,88144,68317,88636,98100,69325
cSHZrrjb,SRmqIIoV,dFmAWkCh,EMeDkZSa,skKnCCUu,yCKNxDkD,75386,50167,4514,84876,45560,38540
LvPynMyZ,crJUSZpb,XWsdGGhb,SZfHHgAg,eXOAWiPq,WpnKhbSj,11871,68820,60676,10015,95462,22897
wfezYUtD,xBvmPifw,svZqkBhC,qFmvvwtB,OoDcvteb,AFKhWmDp,20937,1710,32294,71578,34032,77527
UlvtNSmZ,lTobQSdV,ZFUjAknH,TbvdZjOf,YJggJuCD,uPYyYpAJ,62269,76362,51322,6408,5028,24578
YwBzsQFV,RnzecWri,ybyfkMhr,dQcffobv,YCWbXuil,HAInPiME,379,17585,12254,47313,26968,41827
tIjEXiuS,yCjvhEVh,WovYZdVW,wryMlALc,sYEdpbMC,GgCwBSti,79140,73819,25220,36417,91542,64329
OXPgENIs,UqEKeedG,uHudzhvv,YClKPhsV,eQjXvfoB,YGpJclJf,28652,23214,90335,33842,38899,64823
wtTAqDOz,OgYXoTlH,nRunhYqL,YoKVLhTL,noMAWvdZ,puWqDrPp,76398,59399,59991,56786,18924,93668
AIxvJzbg,BBZZZxgE,UTuHlOUf,BfnJXPRp,iqyoySFc,yZZBAnDG,22755,38346,51609,22078,2737,85687
wPkeEAfX,UMfeleVb,UmIdZbqy,EOqOZfjn,aBOOWpAJ,zeTpRuzv,12424,66296,87911,32860,44691,41874
bDkDBsCQ,IOQliTFH,JxhZudsN,bVeCbByS,illKPepD,rKCLBGAc,82004,61516,60476,47350,83163,88032
rCBawfET,PLzGNxoc,VunZxAEm,eObgfGsp,CMdVYgDL,IIZNAzaj,66008,86414,74413,14204,18528,89594
pSPmKzlY,ldyFtioC,ZgnqTCYo,AIlOxnoq,qJuRnBuD,WQrgzZEL,73943,59614,60603,3773,61719,73007
laRfmEWb,TBVBumva,fZlFOfFz,egPZBNUN,yDQSsyEv,poFYPJXG,91742,85627,33976,59741,81266,4894
LXHSvCDz,iqpSJTzQ,hrRtroNS,ymsnXCzV,fdFOanEF,dtBpwuKg,3807,4088,6816,57266,96034,75012
ESMshioI,dJWgGiSv,iunWmtET,reuTMLqc,UPlXEpVJ,LjNDyQQE,71391,88103,83801,88180,57241,30440
ZokkGUYx,cUXIuWrh,kWKrpULE,NcasnZgT,FagZhKsd,XruCHsFB,25633,99180,76909,13992,73998,25250
OpQnQute,briOaImr,FsVaEMFF,NqElrBUq,mgiFqhQj,EIypJypM,35478,62381,35584,94770,47978,54299
xqHVfCVI,xFzWPtLC,DiHAwNBa,XfksFwJj,rqDxmxme,rYAVgLuc,88593,84606,37631,37898,81765,460
jLptcqBa,hypukoYE,DRgcdkRb,JdUxRaIA,WcwIKLdB,kSptbBLd,26089,16307,43158,45973,12313,55446
nPBYEpGC,MXrNCauT,tUinBYhr,hgMlXBus,hoOvhVxu,CMnqxjaE,25787,34822,37795,26367,51576,9368
ozjmnlnd,ihQUKRuq,iwzqfMlz,wqUrYEjv,vXQhsMxW,FRfYdGck,75001,64046,8166,23565,75756,37605
rMZuTrdC,TsNQTFbg,HYuLZhUm,JtFneFEL,DmnrYuvv,zlKEaStU,89271,2377,43268,38867,23441,20256
parlJqYi,ViyHPGBn,vCGkBDuM,QYvgDOlk,ZbpqXGew,oexbLGaT,92289,84962,20808,56954,13839,95623
xupDKgFW,cfbFcfdG,fRxrfwdu,hIbSkGhs,ZqFslnEg,uFDAsOAy,30732,17725,92354,61030,52411,40668
HFNChHWg,wIDrfxve,RwLVULYD,AxvuQfVB,CbJUHMyR,uLgyxxTY,41609,7459,33564,3365,66834,82318
iTzCNbPL,NyDdxkbt,GAqiAhhz,AaSDlSEi,cPrTLtRl,mcilVcgg,53778,86574,60473,19803,19802,68384
YbAqJDxc,pzZyrhXW,eNIPtCuQ,XDXgpjim,yckvAHEP,QGpUdrXm,16238,58909,48427,50088,87589,19864
dpmccqJi,sBvNKsZd,WaLCSHmo,lWcqxZNk,xcqZQVmv,PYLuaQIj,31484,17999,8355,76147,53220,87438
DxAiTiVa,RqVHZVpq,GqlCsCmD,ydmjFYuS,yLmQtmYf,PVZGkqUv,47686,53462,60054,73095,12974,56351
QUQWjFpc,qJSgCvRq,zaFBreFo,dIZTAojE,uYcvAyZq,TsSDfvsZ,64044,73737,90364,81920,47800,91279
CDysvIcD,mjUjHdlz,NzgxTjiy,LTnZCxrU,ToDDbHPz,XRUOINXs,63283,7296,28806,87005,58704,70174
arGvCvuJ,uvnEdPLj,bbSzZYtf,IQSvHalG,fSVgsKnK,Isitigyi,27,27062,39727,81071,77289,75509
uovfiQVF,oseVNyEe,LlMhSuic,mMhRxVtR,uAzTKtEb,OVXIRzWe,55688,61495,62031,98888,15711,5850
TurdGDYl,AbladlvE,VukdAWek,HwAcSvfp,eqwKaRvp,QhJUkyhL,98576,1504,5401,27632,77008,65789
pzLVlBSv,QojLiEUJ,wAGhNjNT,iKZvWOFy,LwhTAHub,ieFdOrTU,63302,50682,8662,6229,30660,82013
KwIcfwNz,YYvgLXpL,qeCozgZf,rgDzcgIj,KVTBBrpV,PxeGtXOv,92420,88805,36962,1469,27087,31008
zRfQDlFu,pNhdTTsH,nxntHVYy,XnWherLL,qSdWPppM,xsAcUWSV,20058,22041,97520,81015,33263,230
ZsYwcUWO,irQZCLGf,uGuSdNuy,VokPngiJ,ZnffUMfS,zZcLjQuH,70305,81704,14306,39123,63040,72565
faJBYQAM,roVbMjyn,RqotajcZ,xXroJYWu,TDSVFkxO,MybRUDiR,93821,10990,40068,67428,94749,79936
QbjdSQXy,dcJaYiZS,pEySmzdc,azKsygxP,fqxASlWj,rVcaJpXY,97745,55561,25329,96187,57545,74735
fzBXCeoH,vRLhaMuT,ZDwxvUcJ,vQeWPSsw,uoGkxTZR,QgZAdWDE,5268,42108,5093,10338,22897,30646
AiygIkaY,pgdongIu,lalgEJFW,RthtJMGo,rijxUVNN,zyVWLWcD,5417,75607,37438,9322,15615,50540
kVuubbJM,KXdgFzcw,WOZYNQjs,LVMlusQq,OIVIQJru,aPkrSbAu,43137,33450,42613,93693,98688,70507
VseIbBjP,PENMihhv,eRxFAsbd,yuCtTUon,RfDtWylK,mkKfSRJD,9605,65920,43426,41941,29636,4052
BypPyWvT,emLgyKMj,QkOwlKYZ,mCRcfnsu,SYzPRZbW,fLXQdngN,99206,96044,21524,27583,33764,93016
dCREpILZ,BTkPeduS,orvhKyPr,lUokGKsI,RNIJcDCu,cQHiKQmJ,73883,4085,9720,32348,72142,331
sGijAZJP,gJRGGGOA,wYsXOZzs,rxMBkOzi,oUjhJYrY,dIOcEvwc,78250,20908,31313,52210,46316,58375
zWVmczdA,oKRPeTxF,rdkgfjJZ,NjfNxNRM,rfDIHFtC,ABJhCcbi,63252,56173,80564,14832,91322,84492
gCjMDSXG,EWuMlaxZ,pInERbma,lNsgkYjy,lkKYXIXg,ovVDspXS,38519,23692,78809,5834,93450,35794
WxUpUlGf,cFLovarh,NbOaVzKM,KXjDPBGP,BQFgtZtU,yjfUYrRs,51387,7756,14134,89224,62893,47218
UaTOsGeQ,KgOEMMvC,qZqgHCWN,lRGVIrJl,ZhsDgWxg,KkdnmkxH,99882,76784,23276,60076,3323,61632
OiqGfOPK,LUlZOJsY,yDTAUKQW,dDxvLSMF,cbQCFckr,XABrACZM,22988,95278,58812,15882,9340,63938
SEBMOGDs,wNrzuAll,mHrShGFr,ixFZlYqh,nAXRKPLv,tfyzIPwo,65553,83959,48445,81474,47032,89639
KDYgHmvj,UKhoGbnQ,mxyDEaxq,gDNxlSmc,bwRuITmZ,NUVXOIHF,99541,76809,32999,82281,74110,39208
XQnhOOgD,PeJzdCzg,lomicalO,hFUyWSoz,WeYvFzCh,lACJLSly,97978,36586,95037,68185,804,72623
NKKnkXtA,juNJNhqj,KMenHnRa,SxSFoVGN,zQKSGtui,BYhZPuQp,77730,91318,18764,76592,77556,45534
dvVyZnXX,uvHXQQoL,LTADiUZb,rtCwxTyK,YeGumvmH,hdTeYLcp,36700,76169,74115,14830,42007,52574
PwMZjnyl,bGAUKNpk,NRdzCamm,GCYaNOhp,rJXBKdRy,BCrwcmug,58641,80642,59994,28376,33344,81670
oBaCuuLW,WWcEvLAF,NJPQoZro,umckXbeK,gBPqjcPz,pwwJHbPC,15804,95726,2579,69234,68427,69120
SAtmSZym,DaysMKnE,IOoaleUs,TqEPvRyH,ujwrmoID,YViKaotU,85065,21536,58671,51831,29043,63706
CSwpbAyV,PkqaMGzh,kJhmnyOf,vLWwGfSK,ammJIsRf,ZnKXrGPg,92729,37412,51351,57731,61303,17277
uYwDeclt,qQfISmpg,CrpnXGLD,sGvCmCTg,QobVCPqQ,OuwHJgKO,82134,19758,52187,6148,69275,37736
KQEOrWYL,iRenwCRN,VRChxslI,UMzLSeaa,RKVMkSUX,YsqwJIZQ,30165,37725,53420,98611,1721,60431
DSjAApUF,uxxMolgT,aoncbFha,kEdcWiQs,NnzRysdL,DyBrtlgb,35500,98985,92226,13269,28959,65739
ZyaDinGI,ydmbYWqk,KYNuZHuF,PAvWVPpa,HWZeXNdh,eOZewmpH,37142,29006,52051,60673,46480,61785
rpqetkEM,rUFtKshr,qzuDVSLz,ILSEEvMf,QMiVjjpG,yoXaiege,52175,59897,8699,76459,40611,76292
gyGRjnFN,XPwSaaxC,UcEcYzDf,QFBckEVL,mwbYsKky,OwzCffGq,46483,18025,69209,3733,95594,29977
ciVtlgrl,tnyzFQJG,AsJtmAJT,HmtHBhpz,hyueRoFK,lsoGMlpK,71535,36510,92260,70933,91100,31161
STWPadOm,PVtGFvsg,hzHhYaqF,iiFziOct,gQUWXrog,kmuLMWsn,1145,15877,84531,11430,37307,74744
wdssCKAJ,YOokVkqB,RfuNXmhI,aUOAPbfN,hAAcvTUm,WMbmweNr,98519,11604,18267,27992,48543,88865
HOsyTdWE,sWqVxIyH,RQWGmRNt,EzzhbGPX,cHVJHAXx,qZBovKEC,6670,98421,59537,32576,37124,76530
VcSIBWrE,tdjfuMCs,vVpefhjX,diQhyjMK,gQaRCrbq,EyZAJCVZ,69175,90729,17279,93191,29494,64677
KDUQwUSe,sUPaGBSX,xHiTgRyA,bGYqOmti,tcwjsXiT,xOVWzqqH,97837,36375,60624,90814,14863,33277
KCPBuHFo,NMoLzffo,JyIUgOWr,otDQtmGC,HOdOYFGs,eiDSfYCv,51566,92724,27387,73928,23960,7766
liPXINUI,lxQOLESZ,nBYsWItz,BiCvNuVu,hHfnAdBC,yeOIdHvH,17516,50387,88760,3118,95806,7545
hdvsSXCZ,trJSoiNa,AYBuDjDO,AXlEzCZk,mOjAhQJM,WnweRDkM,18982,81988,14228,34380,97386,25037
QQnqfciC,UNVKGOXV,DnWkhxGY,CbEKKVbz,qIbBIaaR,aWadYAIt,49771,22141,65792,97484,60606,97389
EFreTFmu,cEkJNyVT,drHMCjvJ,uomihCMr,JJOKlHxU,hsoLuhnK,29215,29441,65479,58443,86326,48316
aIthamtL,UcbcMYBS,CrSEibnq,VUQTjpWf,LXXNlLhq,fcICzcsm,91605,76695,41234,80805,54380,17733
neHXZmNl,iNNHDrZz,CYnAZFNG,lcselXZY,pOwLBHMa,VTpPYdOv,73731,34143,38044,10808,53621,21725
fPNAwPsN,YiPNpVkG,RGstuIBv,TRocCKGv,TaiUJunH,MrxHyPyy,25254,41529,97466,1103,22558,7251
zChKyMEb,IpsZUBaR,xFMQYmRg,cSdXydYv,BINirrpa,eSBaMFdu,787,15750,2389,9782,91676,42253
NogFsigV,hffFdknw,cfVjIicL,VLqjidTf,EGSBsPXd,urLRhFGZ,92503,73226,21369,49401,89494,71004
glsBWgGR,vKGiKnEt,OFFUCLPf,WlYZMURG,aTAyNBIZ,gWKMBLQP,45581,41773,31813,29776,64019,26641
EhZVwCfs,apBJpivM,VGmAlYaU,Nrfguodk,EgiXjVAb,UQVheLCP,95420,1598,22217,19309,87990,82151
mFIVLItk,fJJrMtpc,aVfFVdZC,kZeXWFmb,DdWcugNE,IVbzFIhG,49765,93551,4702,66981,82645,8532
eczEOeSy,jsFQBgFn,WzPYcydz,oUkEZqID,PaMVIJYk,icoeQGfb,68221,17071,98216,39395,81034,76926
KKfPMLpJ,CNqQgPRA,AJCKaOFz,DQlYjQPd,dyJZjTDj,DFWMscEM,67859,32840,34473,24078,45830,2105
nFuSSvyw,jPduXvZr,ytQYmgvW,CYCSDZQE,wCLjsUPZ,PJODVnXG,30638,58608,38140,92428,10328,20988
zSMqjIpu,petTVeKP,tmiWxWAE,TQEtEACy,cLvdLrZo,hynvDhWe,62352,31826,91325,12572,94583,9628
zbPSFcyX,lTTeIZYr,Ohisplsn,RPkrtUWb,iPDeyawN,uqgVeuzG,63732,13991,47221,16182,73317,92926
yagWLKNi,EbOWFiZw,ZBxPrxZN,kQNQHqzF,hxknVirl,gwzYNChA,46485,66003,44391,23297,4468,89431
AwGaaEuK,CmGhPwri,QvhIdmUc,hdCGGLSf,xlXKWkoM,dTCutTok,33066,76798,10922,54373,17783,53991
RKxGyJTZ,XaqxlAbr,DWeHtkog,skBDjCBL,oJxNPMMv,lDVcekOk,48249,2868,1262,98040,13022,44689
XUGOfgXl,EKNoZxMM,QwttXUwL,DuUPuDNq,AiQJJWBS,WULjooVi,14114,29750,45646,40728,66235,29416
eNYTUSIZ,BorSVEOr,EqJgSCGn,UpHitGjm,PYoRmQPZ,oFjXfeZy,89278,71540,27272,22780,23330,12708
TGVGyTZL,dZTKsxFT,JFvMIgdi,tsaZUTOt,upLEnkzC,uutDayMc,41972,82725,24542,31162,28320,31193
LpZkCCId,NbsFYocr,RsEVlsnk,YWaoJJHL,TGJHaXfY,GshiwNpw,7324,19048,63279,77251,9037,6826
Yiecmsqg,fpgmBYRc,jHYFhMBv,FfhNmuIK,FXSJhEOl,qUseqbUR,66208,84353,49395,29220,27810,87478
fdYkBaTu,gLmnlMIr,qlDkMKYj,oqUZSWMr,kJoDfyOO,oTYfqThG,3288,63962,12012,41998,92474,6658
ZXZWVPXn,FRxnnieG,eygYAQBL,TOiBvUTC,zxvxbCvU,flZXpAia,38736,77357,21579,70345,32261,36501
QOnCmFsr,smkIJCAo,wyJfTEwk,eiIaUyQc,lJvJJVHQ,PCCcqHzn,10059,69791,5620,52256,57594,80034
tjEKeoFI,FxokjoSj,PhuqulTa,LUgxebSh,OIMhGtVu,ZyhXiRuO,67026,20310,2495,29234,43878,12127
HaqksbaN,UkgUzkjZ,zBzteZVi,PcpkcCiP,tDRbQQmy,MgFjYzuq,77408,45061,54911,86101,38948,38842
SzzbEAMf,SRYUTCmp,edLlAIwT,zKhQKOxt,tplEUsPw,MpbSCPdI,717,69694,39000,70010,77086,97362
ydTgFSZE,nNRmYPza,zXzhlksc,DIvEmNfM,nQesPRIN,NgrhxfAY,12131,48500,34535,49698,60459,4223
OsNoamjt,IfhPHFoI,wdqAiBJv,TTRVAlEB,aescjtxj,uozBnEpb,67812,61936,43255,98954,47152,66057
RPMwDOLo,THZknJCb,GSYLIBvN,poPfZrjV,mJCfSAXk,NlGigfZG,28219,69691,43951,87635,59329,54394
JqjTZObm,cQLDLovB,GUDfSeGl,vnLlSLUz,NAVETyAA,GYwfSLHC,65791,3585,66135,50240,77847,8633
EtJZucVk,UFVCRdng,iWZLmYnS,skpExYsM,AvZETeZI,QzoIZRvt,71802,94736,49843,48621,5094,59749
aPnarbdj,KdobgUDp,yyGlfmik,GfPRIlGt,QoEkxfTu,xyWyPhfA,50389,12636,60853,14760,90972,98484
VxEXgyZo,VHjoukFg,mRNkVSdk,jzccDrVn,HnpdXvRF,ztXwxFsQ,23320,54056,56766,48049,8766,61107
DgkLjSbh,gGdqIWGy,OUdrlURP,WNGYGSJT,VkiVpnys,GoqKmynb,45775,30849,41564,18709,7753,8646
TRPqiExZ,QBzyLzPA,deBlwSRf,dDvAoUBd,VNEQjxqa,ypTwnxfI,95125,95238,81462,94671,37737,3844
Cnkcnqow,ougGmTMD,QgsxRRTu,MUxAPbep,VTuQmREJ,fFEDzydW,74815,96584,79194,35091,64983,86973
NrbEadpY,zneRDisk,uZgBIwjm,CSvngQmd,vCEornYY,NAaHjalm,29897,85447,92704,29229,97235,44382
vPsmBgPd,qEPJGVEf,ZoymxYGF,mVpaOrOS,EMhHgpjA,gbrTcyOT,39357,92603,44613,45035,42189,75486
tHxIOIcg,UNxTzzJb,JfArczPB,KZrufEkx,YCGhCTvg,iEyKLRkA,75628,31608,17967,25749,89374,95632
EJIktFDd,pQeNdWWJ,lmOMMpHZ,WbnFbyCO,JxtnXltZ,cTOGmyNj,34892,52127,2256,4667,22979,49101
GXLhwJxS,ataIynJw,OTKttHnU,HeuBCqZo,yNGyHPqI,AhrkcHyX,7908,16647,27696,95162,11017,77782
wYwGFeWc,WVGpCZTs,hCTwXMka,IcteNJZQ,TmCZfiwq,kCZXCdvC,84373,29253,48080,60458,15850,13011
eRnTtcgl,QAXRcmXa,zdzAlbPv,uTuQSRER,rqhrjnwj,pdNmnioP,98920,83729,46091,92829,81465,17137
SuOGzliX,QXpuEQWm,lKeieRxR,eVFcpKwh,mSJGwByY,csugxxoh,55639,52263,13076,52097,12069,82937
sETtpOEY,wLHbmbrl,fBvzjIqa,RBEataUW,ThTsqwRj,tbLTWRkq,20119,78168,56296,18223,76440,3733
uDVigcMp,rSwcUGaL,aGQHRVac,zFQEgATQ,QdJJWQWk,HvHLJPSh,71138,57831,12176,75957,9975,86943
lvjClneU,zruvQceo,OiFcksok,adFEigat,kCwmPDnx,yNEaAhqs,20556,596,62919,22389,21914,87400
QSQZqrxI,XlWQYDce,xGDbtbmf,ghfizUEb,RNiFZJRh,kShAQXId,8389,54653,44440,41458,50374,65180
QqyxTKTc,CcpfUlwI,BPtrSoPn,hNBAlaOo,zkSETpui,TMOpcWBv,78689,42840,57731,47548,86028,20868
imomRGgG,dSuuMNOa,jQkmljip,tmcYQMwV,FyZecJZe,Fybsigpc,16864,28488,33984,56641,86079,83535
uigsQiSM,RMyMZXNS,CURMbRPg,NHUlkRoq,AOXUjrmZ,bohkKdRv,85780,10950,24822,88930,13223,42247
xdgugAdt,ZoFBQNHy,gEGsfWRr,AeiYxOqh,KOFmleNz,aVDhjHSX,11722,43808,16578,58208,47486,73301
CkkoUokF,UybYafKG,MVSBUzdx,xJytVSst,CBGoFjFz,OtbojspC,72417,22130,54765,6046,891,87594
iplaQecH,kXeQmpzy,AQAnSozQ,YVmzegZl,bTGjMrdc,jQwblAhZ,61208,81919,93136,82737,70931,63766
fpefjiKZ,ZzUZWKRT,XMqWsLwL,mkiuskBH,KsDyioAY,BQCPhnsA,53501,65984,27996,8532,88229,29796
VjxQJHyQ,kgJfQhjN,AxYwGVwr,ouTtGfjY,qdlgCkhn,MSNYLzJR,51012,27448,12990,89368,72695,26422
JzqJeFwx,jneAeKdE,sviGaEyT,VekJnQof,HAOSyKFN,fooFKRlU,65906,32622,45653,9292,32154,68921
mIHsulgY,GPkmLGrj,wWQZVcvq,gcZOfKZf,tRAEDnfA,uLMsxvof,86782,24634,67155,39484,9317,90719
eAcQxftL,svuNGXsN,YYHXMDhR,CLKfeCPJ,RfquwKJt,PStUdQvx,87403,7723,59558,74497,28706,18009
LSJHtVNU,RmCpynce,UbFTNUbq,DUYWljFj,wyZMuDxA,xVyYHIIB,11291,80204,46967,31539,69628,27319
WHyIAxWN,WkAqiVQh,pzqVlqyM,hdcPDHbj,BvBAqsxC,NyRObBFG,55351,27905,6200,25651,60967,60027
oTQFXhBV,kvCdxGAw,yeWqnwnh,xRzWYBLm,vAfUdmaj,LhLXaUKv,89810,2808,65730,58091,77950,51884
lSEKvCoA,yFBQGCCl,ckQRnDOL,MRPOPflJ,TCANcrBv,RfSIsxXW,2584,75695,49101,48960,40022,39815
wUZXUSfQ,UuOPMDen,UTFlBOCv,dIiJQWSL,Qzrrmjli,cbCOahxA,34623,97886,78344,34296,42874,26031
ieNwFUzt,TdenbsAk,IgAYsHFU,jKLqxWud,FYPyvAZW,qYBBhecD,54174,75199,27615,3346,52690,38894
rjvmOaUG,sLzAzdtr,MyHUWBfA,UNfzqbGv,kDAamnbH,qJKqjPSv,30387,26796,5218,11652,94230,34351
OsUarGdY,SYFpFHDf,XRzOsUhK,duJsslrg,tEDFQpkQ,LSewldgT,40224,87124,73632,22188,47742,93427
PHGUpgqz,UkJVxmYq,tVcdAVAJ,gHJsTLxt,wEjnzKoi,PrekylGT,8303,84010,36252,63909,14297,25413
mJlZlPTf,OyipCnDO,YbfSMJAC,mbsloAHw,hlcGDXrs,GCNhzGYJ,84299,83260,86381,88633,55943,15122
gcWjWdQy,GqWPtPUO,siUqwxhl,jMrbYBNw,AVvAMANN,seMJeKMp,90155,31090,3528,28799,93913,36853
JxJMBqbH,GEZTnfdh,vYNZnGtf,lkawxviR,pFnkVoST,CEmafgPW,55350,37833,11608,7560,42863,81795
EhuSAlgs,deQPokaL,ZWayMWxx,KZcJDtBT,ihheQjml,gpnBcRbp,52042,74028,60994,68404,1729,19770
xatbLNPp,MMSFxPka,SeVAnniU,shpxtYVv,mxJwlKks,irZVCzUR,29617,68457,23397,22841,44964,84261
PwVtUckM,lycDUzje,PbIncrzN,xfevAHVQ,hIFOAVBj,DqyIirxv,86221,36279,51239,85983,68361,99085
eccaMCdL,tCdekRRy,xtMWrOFs,yuLDKOpV,ramkMIKg,soJpZmBf,30367,86383,11810,42579,90373,69668
XxZZycNH,HvQgZNrc,dYPoKUQX,UnRxmMHR,OwxmQWRJ,HOtgIEny,22920,93001,55498,67031,70801,94110
uTxKDoyD,sJAiAJUu,jRTzYOzG,aKDcEsnr,vxLusrLr,TOLXFkcu,10839,41459,26737,74261,4661,58003
jyvWIaJM,NFuOUNAv,zORaldpv,DInArbRR,WrUasiuk,wObjwIZH,12137,54752,68017,57830,12537,60441
UWeigluP,dMzwJwke,ncrBzrZO,FyENrKqU,XoWXbLaR,hQyRUVtM,91710,40930,96846,1845,13537,96025
JwQpyoMa,BaIKbDOA,nnbvHVBo,ElPIeZZj,PcEParNd,RMgNYwdV,14578,5134,42605,50111,38225,26754
kxgGvEIM,ZnwUYCvY,dMtUVDRA,VrudpoEI,OxAmoeHl,StdyCqvo,8374,67677,19020,66178,52724,5598
iLHOLNSl,cFmKAGNI,GgVnYQib,oXwonhdk,oQQPenNA,kFtHMzSP,35806,69888,450,85068,10270,82271
OLdoUJZg,CokhIXGm,lmtJrovV,UwHrgeRN,thCdsaaU,grhvzldr,11714,98603,46936,1942,8973,17156
WNMjBqCD,odOxQHJx,ygaLYSqI,PbCylKsw,MYSrZNkR,XHafEPLo,8159,46130,57052,43410,52737,69151
FTnlBqvm,iZvvTBIU,xCtHgXci,HnzaYkaM,QSwpOQdk,FOpsXZfw,80237,18568,60650,88322,28277,98878
ecgIisFu,NNjHVqJD,ispOkEaF,hxGXmsum,nBPylFbI,ubgiERhB,91193,94003,75900,91166,43374,10223
mQLCIHjK,ImiZoZPv,VgBPqZXe,euwENQyu,OBwTPeMJ,AkSFsLov,35758,3873,7989,10670,90434,44404
KqDYNXfl,qiLNWOhU,VsRyfvrT,sFyZJMHG,sskGxaOA,WZGeEAZP,32960,4837,58940,46449,61438,59172
rLTTySDe,RNreHrHg,wXlJEzHU,VHvhVYLS,jDUUpAZh,UPsJfiaZ,96651,75104,67562,54346,35003,6192
krlAnWdK,XTvhiXXg,SuRGRCOj,UEglvFDp,uoKJzVdP,frrNkcRs,53187,32811,638,50220,80911,97175
DEFQRCQH,WxIpfZgj,FsYIAGre,NqyWzlwg,JUmKCWpA,acUndQtr,13440,68801,72073,69293,14989,60144
YBpWOdxj,FapjFtai,ebOqzWeZ,mkXhqmLt,PQRFSskJ,uzKpxfDi,74543,45512,65638,84663,21848,28388
RbLqXTGU,cmwBFSsQ,jlpnUmGz,WVPKgBxc,iRPpzhyz,uGQiiJLg,62615,48486,68500,27622,78521,32541
XiwIIcfP,yEXrELIP,BDPGiGlN,pLYhbUIM,HLZUclxz,sfyeAzzn,98292,77659,36764,38575,99914,23431
dzrBwOoe,bFHhflTY,TreiVsPg,pkyUTRUM,MLiSbwrP,UDNcpgNS,88266,72472,95668,64758,41017,65728
bkBdiXjv,LmreQvKx,yihUCxqg,mwEJLoYo,cZaoPnvn,ysjjFDJA,62362,75254,19234,77691,89621,62873
yfUwEngZ,RHvLdkVP,TCusliBF,UzTTTmCl,XgDGSuPn,DFDuIpmE,46117,25224,40791,52795,4942,30720
iNOTPZnj,nyvOAgTW,NpHaluyw,UxoDUEdy,AMHaKRqq,fYdTAZVV,50712,25305,2641,95648,57458,26270
ahbzYsgX,pLvUbgXi,SnuTvQyb,ZazIIhXd,ummAVIYU,wFmgmesn,30783,22108,31234,74393,84825,12055
chbGlZZt,QIrMAvpA,ynftFfDx,RIwOPlVI,hywWGHTr,rKboydLc,94372,49760,84568,60477,63218,80428
LLCethTh,QjpOYTOz,zugAcscS,ancrMEiE,kwfJZJbW,zntnPKxX,70849,33435,89047,2172,26038,53172
fDfmrbNq,NpipVxAj,yYHEeyDC,ycZjTDuQ,PwloWMWC,bTfxXlEa,84853,27510,63849,98319,65616,80430
PJntTZbv,LmSrIAxF,smTdhHyk,VFDZMbMF,jKDzIaxS,LHNEABpP,49262,51948,634,31801,68532,33963
nFtidbKq,LGQmYXuN,RgMenUUj,zGOKsnMp,glLRykFV,gYlIfnnI,80974,38348,8736,71550,46970,47570
DNSRJPvx,zMoeaVKi,vVFGeCyB,xPxiiPsQ,AosIqPRR,nPULpJqk,33558,40516,47779,79482,61196,1502
SBqUESjf,RqMHeCWm,maiTqLVA,mlwtHJKv,pVPMGHsH,QozVgRGu,41377,94065,83114,58503,37759,12190
SkZRptza,JWPotalG,ljyfUoGm,RPFWugTU,XbeBlKCt,RzopaKmt,96683,44447,24552,59360,72281,19222
DumalRgP,BwzdgQxM,FulPKRAO,PPzSISLE,eYChZkPq,wvjfOyOi,70913,1997,53921,45226,68585,39741
YBXyUBft,qETYITKm,LOarcqQN,dDDRbHHW,eDxGrLmy,gamGIwRl,25410,37125,24364,85229,39828,77095
ejrdOmAu,tLSeItZT,jcuDAtJh,lhwVtpGi,bFPnQnSG,YHYYfzfd,13593,11239,56760,97154,69449,15290
iEnIdZfp,nTflkPYy,IBqwlTzn,tqBsiaRh,ABoVwQLc,YIyPEbOw,59921,83938,96637,7821,44940,21435
MoahXNvV,ZNnFcufG,ojQZYwju,QsTaocWf,EfNysUaN,ZoXfBpyZ,72287,10006,91316,82966,31032,12967
CXGctvaO,myzrDYAG,iuteOmoP,wCLJiUYB,hTsFQuHb,ukTmGSgW,29294,35466,21927,24980,37701,7992
wYSYiJSk,TeNpDOlS,mejlKbYe,hgRgzrnC,ZdGISrQv,WRtxJnCj,58435,55633,89507,39087,34696,58929
QrlJwbnO,cRMztfBP,ciezjfRw,EXVNSzjG,vpwjrJjU,yUzEnlYi,67944,77024,7069,63079,74458,37654
XEPtrIKV,bTOmuBOj,ZRrdjtPm,eXzskjyk,rLuPdrXK,CwCPwklW,35927,25050,61036,25140,39653,82513
UPFkwvrL,VksDOolI,YgBsabnf,TraTyGgt,NuswlKUV,RLBugGkm,48610,67449,17632,56097,94778,83560
JbUfdzJr,RhtuNGwS,PZgjrqGF,KbKYIIsl,mEvNcOEo,kBepfCcm,56248,4369,59308,69157,56358,14257
QAyBYfJp,RodCpbDr,YHCcnQFN,hwXzqEtw,waCbgrAz,YAjZItnE,90868,53802,41955,71142,74570,95268
mkGGDDpg,BSZExQjK,bjFdLLTN,ccEpDahM,YQidJFwh,onqjMsra,3003,31735,89527,81913,9514,51166
vmXEQnDm,KEVcVuUZ,CWljGoTv,JzoluiOe,mSJKavUA,nlIblcLU,82573,20593,22964,94174,77534,60149
NDHitqmO,kKrBWpvC,BJromlXn,TvaOEQKS,xScAtYPH,kxHHLSjr,1927,35027,83486,407,14809,10100
kOdfNmDd,meuDbyLM,iyAhAFUy,lVqewuzl,zHLronmk,JrFcgdFi,29497,65845,99820,96380,73435,23586
KlOiTBAQ,EgEczNbE,CBBznClN,egjhdAvU,OLeFzAeD,gYaFDtGu,13418,17180,25489,55040,22180,87689
WsgcItcq,peDVdsoq,mHNllasP,hrbNSTub,JJFxmhtp,SXQbsiBN,85018,23564,12023,66783,4870,99668
mRHVyYIg,fBbYEiDx,XeaLkqge,BVylEAua,ObtUcPbY,IPgqFgJj,34553,61521,21791,43331,18541,25158
CwYbSbqe,LDmCDopq,RCduAgyG,SxqVYUef,jJtjvRMq,AZzJUFih,86686,84160,46639,63990,8661,8940
FcvAZvbD,GXebIyZq,SDHWGgOO,tCjaCzab,ermAgTuW,omkuisab,366,44188,50127,23341,34945,19040
XqdMAlyF,ndJirfDY,kWePObbR,ypJGsUSe,BJsKSGwz,FrYTkGld,23994,72702,19697,37921,42906,20995
pbobcRDu,mjOCGyRa,GvjCCbVb,ztMLmPfU,HAWGSlJw,jdZEtQRx,68687,304,28836,24295,75575,44531
zbZnFTMG,rCNSmqFf,ZrIAxoot,aQZLpZEp,iEZHYzzP,hJcwxVVN,91788,19677,13019,95842,57160,63815
KPyzXYse,venGLgcm,XDwSpnmY,JxjfWDZy,taHCWfmk,OMweZzJX,77975,19799,82028,86105,21824,57619
PvKSIOdb,tmhwGurj,zIZyoqoC,sJHvpOyz,CdqhRAfn,AZUpzKqu,69682,44089,38295,6442,99230,37559
wSwPwEIr,vSOVDgOF,LUmzetmn,zuVDpECo,REAcgYsi,CpDpKzzz,24663,42434,6141,36917,78393,85156
OBnBtEAP,kxHQmxUH,XVXpsYgf,LBXOAqLO,rOvZfeLl,yzLLaazK,42437,58428,94108,4004,18227,1820
YPHCGpjT,KffUdiqQ,pdJepGqO,SruXmsDM,SggUJwsi,uWbIvCSJ,589,39740,27601,68013,70359,10766
wCIXWjjC,ZfqCxvVe,OGXMveKk,SYljmZlX,KMAFHIVO,OttBVMiM,42727,30268,63988,82792,412,96632
exkQYGLt,ZGazfnDB,rmZOpQqJ,jmzBInLo,UcMOyEde,KkqrTpwM,39317,60118,5805,39186,57267,69401
lKDXsxmh,WybuhHhB,dpMxRFNn,TszPuSGr,voAzAHER,pvBmxUZp,99160,64487,48821,83615,1084,67275
SlXZbQcQ,XsxJlqRY,KebzilnI,ZIRkSOfX,ebpCWoNz,iGdQmmwB,24611,17254,31641,29795,77629,38648
RiLmTMND,kMpzKScy,xJxroFOp,zRRLkXZd,ZmsQUyGU,uypgrBRM,69566,79834,88583,8705,58230,52142
CwjzQwqC,piKxLtnb,MwydTQCm,tsggzKRL,LmdUizPB,kUksKFTx,63547,77640,39006,69656,42993,28216
GsfzYHGZ,EoTgXfTr,BCotTZXu,uAGzRhZr,xCTOwPuU,dzBNPrjk,73981,34232,26184,19061,47533,71259
zJBUeOdU,MxFCtQnO,nQXoKAss,sTUHuAie,TRuBFMiH,rdrbyhxn,98465,41080,79479,57547,65684,12052
iGnOcsPM,mmcYvqIT,oeHiBPVl,dQeYZCOL,HfbMzjmH,agKHObcX,98621,18301,20946,51399,93699,50565
TXNvufIu,MGLxiOIR,gDBqGHFh,kRYeoBuf,OHOvbtkS,EugWpnvM,82825,3201,98072,21576,51618,91496
gvjCCqez,PpiuOpNT,hiEYJhTp,lNVqWKSs,kZolYIhd,dOiacLNj,86628,98949,90855,92378,7655,1240
DOCYQQxP,JoVsZuVB,QAMFulgs,XQwTCiIT,oaExiPgg,BvRqPdrr,67235,19350,5865,19079,74657,47026
AHQLzuVx,ZjBzHVfA,MNaeYNcM,AoWsZRaX,DdVbtEWS,pfXxqKrT,5814,20669,74959,83518,11534,53244
hLYhsfTW,BAvhfrkv,SQwcuhPt,ZxZZaywG,DbinSyKa,WEaLFnJg,89508,53534,52482,50889,30557,24457
XdgPnfAI,EdqhqTqR,RkoNgffg,HktLWmSX,UdREORSW,eMrqLAEm,60021,37975,30095,2185,1259,94410
vHeWYlsG,pcYrRLCT,MzfqsyLC,RwAbUZQP,WZFnmkyd,TvlrjeNP,74522,95966,92448,46373,67930,57716
yyYyltMS,xKahZouu,VxazMLKd,uSniGvax,VPrSUXvf,SzoEtFKm,92402,21207,32995,73786,37133,35103
ZXHWpMxc,DUYyWREP,fXTbgYlT,xGXKLrnc,eiAhvpsL,pXlNDxjM,19104,28112,67569,97209,70288,72338
xhtHYMCC,wbFtDDTd,ozyFcFjt,tzRcfWSL,sjOfeYzv,uiLGXljn,10003,47755,54462,35086,91718,62506
aniNnSmR,QiafTDTd,OUYJlRCB,xDxSABpo,wTcXAezT,fSMTeDcG,80041,92861,62689,93022,8962,81024
qCSpaBkN,onLiNHOd,JEjUpbBB,ztLgDdaO,JtUHMtrW,jFrdpQzh,199,80308,42139,20751,85031,39773
wvwWAsKT,AhpuGEhf,BHnncfTG,InRfQqPi,VaomAann,gHvERATR,38959,85279,1923,72578,49158,47253
pOOqzYJX,eWkQBfbL,VEoJCHMo,oCtjAFXu,XcIcLvPc,mUSuoLow,42200,34473,70074,37692,59728,23440
RoLDsHcG,JHtkzPzM,gvwOVhmD,zjFUHrTW,JkGSqgma,XTmOPIEj,10675,14888,99433,52625,47365,16121
GTBDhrid,LWAEHSpx,HKRoZVYb,QHQwzZZk,pFdHwFYZ,LOfYPqrw,11662,60928,32525,22956,12152,19371
tyRgMcNv,uZXfuCHw,khlHqOEb,uVdOljcp,fQctPzgg,XrbDwWlJ,40626,82036,64592,64735,97620,83027
XIxDZSiX,wdXkMwaW,vstwXlwl,zcCqLNlI,WzMuSmhM,nAnmWRcU,15245,61146,51349,38270,75927,25171
OjxscNdy,vmQAmwwy,AIZIqQHu,ehcKqcjJ,ltJIppBL,aJnXDmmQ,95131,68828,4705,90886,64603,59257
USbZmyHU,JSdzXyso,eogrPeeF,cuGCiilR,aEUHetrv,jGddgaSW,84027,63877,26778,90334,28322,50275
wEZryYti,tpEKnYDf,WpdYvRdW,DpqBmyhI,wOdNYpFp,PlJLznym,43882,99438,46849,20808,16740,98197
bzgTsHUF,AVCkVrjx,tHjSXUYZ,wkgDAwPR,kwvthkEZ,fMGzIMwv,36691,5927,17438,1502,47426,64419
gnXRaOeC,zpRTWJfN,VmUmdDhT,fLjDzlGW,ELSqHDlq,ltagYLCB,96087,37486,35786,27509,4732,54192
DzLfMqSv,gBWEmync,xVelAAeR,NolamQSr,LinDKHaG,nWKASNAX,78018,80681,31681,57127,42078,4143
PutdgvFe,jVhdDezE,PCzDPYVQ,HGKHtxnv,BSaKDNVz,PvqEYYsF,93699,66187,47646,60962,80680,86472
nNzBKVif,eajMAdqJ,GEixPLpZ,FXJblCmh,DkMsEDkH,KRiANluw,64875,36757,62972,2644,4265,33192
UQGFVnsI,sutxzExh,jIoIyvdl,JeTbrCmc,uQGEdrNO,gYdworRz,28141,8653,98307,1831,73065,7934
iGcbzGnR,mNSsIQsz,XhhTCcEL,lsRWaHvT,OHWaxiQr,ofHebOfP,83061,83508,96184,93237,6599,86202
ScaUoEWq,zzaZdMwE,GyYVSMal,ruVnFIJE,UnYqlUCr,vsiooXip,81428,39219,86274,5712,53140,58125
QeVGhpGT,GZHViakH,ZlHyrkrq,IQiTTEFi,wKMCWwTb,dlGDFnhj,98587,24849,36854,78390,80097,24073
SeOJTZQv,ZAvahCfO,nHokjChe,IecErBzq,CgYvXfZa,QwFHstqn,46827,27300,41202,64284,24783,47154
osknhJWs,DXJrFLwz,yYLdFQVK,NQTfsPnn,tAjysewF,aFYfxpvO,53393,84754,24989,78413,52792,10224
GbqUcENA,NxtRqMWV,lgsGWhJv,OsnuaoaD,RWwWiVgi,eHiNWSWv,99257,28060,79018,99787,97814,58036
HiXwglWT,fnajDWXl,XmFRFZPK,CxYvwzma,TKuffJiZ,InmLzpSU,9286,96456,55504,74372,44107,40000
tNtNfNYC,yXNSOiKN,dSATfkNm,RmEsnjMn,bwXuFtWx,heVGOpNd,84181,72739,88666,20591,92222,37929
JWqAuTRV,YmSvnQND,EuTPnaFg,thUMtisA,wpTWrPia,gFwZtNIE,73304,22932,39553,31616,9700,20923
fQgepBmf,IXEIlrho,FXjmqYpq,maYromof,uTWeqBxR,lKQekAJE,22177,63003,53682,29404,95751,24346
AhpLZdAf,ZUXWMKfJ,PtuYyGPO,JTcILcMj,dCmpATwu,dsbvRQMt,26068,28847,21255,15711,43589,98273
wgnCRgsx,dnCLcmOV,LKMuQKCr,kpMFYSQC,KPFWSiRX,zWnzmQny,38943,74337,53720,13053,35057,30107
vJeRUsoB,jKWWuPnR,aqJpcdFy,ytTOJLcT,RFXzosFH,bhatyejf,25545,26270,47887,92691,73463,64288
lQepGlCD,VKnLYsvI,FGOgXgrq,QFnqAMBr,RopcTtUD,tKJqHStW,22352,81623,98360,1768,82268,91330
mVoIhOVK,PrVmQVeG,XnFesNxh,gWxWIESI,iqWwQpNK,BpWocYYr,96450,45447,64741,91736,41788,77394
nuMzmjXB,TQBhLqNI,EsqcKsLZ,EzHsQaZh,ybcYCpSw,dHcmlIWZ,57040,28041,95641,60140,11990,30352
WCKREwjf,RsZtNTmf,gLkKPwKz,DvUIkDsW,IZolBtqm,gssicZwC,74053,63470,90341,68834,21562,28694
gOaZNxAf,OBbGUnFP,rzBTJagS,ZBcyUoqC,TMefoVNO,OHBmQkJy,38349,70974,53454,25297,21097,57295
oniTCPku,OnDJxxEi,XPBRgdLG,NhdGStRn,LImcPnnz,SzZvtXvr,6008,36141,73006,6436,41775,69349
kTeIlykD,YDLhjonO,sMYxJhnD,iHyUAWfi,sVKvcvEK,GEAOStqg,28393,68048,62728,99760,26688,97443
sPWHCkuC,ARoDIWID,QQcXXuJu,NfrndDxN,KxWKGHqy,meWFFZXP,34536,44959,29193,18812,38454,93561
ZBEQPfmp,lEymcSXv,JPpDSqkM,vOIfBroz,YtbSmnuR,BmeyayKn,86579,90751,84432,27065,27302,38137
uXzYeRVf,NCHyFTDb,gHYSmmBX,lcrMuOlb,imqvwzJS,edHDJcZa,35382,63435,53735,7865,76040,49066
WCrqVHbp,TRZhVAFW,uungNWTJ,YALSZeeY,svRCEEUe,zvLrbmlN,47265,48389,81063,98352,13705,43555
oelBUrXm,VpANUuMb,dSUEMuOU,oSnPseYT,zaCXTyrz,esCSRIcs,26269,85004,29870,4072,22370,11746
rwjOwvHR,fbaDcBJg,SiTCTUMB,kycYGgii,WqdthQst,vznSdROm,43950,51266,4137,71291,43866,76391
esnToaeO,ORllryfN,PndtCvYP,IaIkcwgi,aqdaddWG,tScTXELX,48408,78317,84765,14577,45814,63335
yqPEBDqA,mzfvAjds,EmAiBrEW,WVKMZpUT,vJDqFuLY,LzDeXMup,19609,23916,85763,3148,15452,33615
wfUqgCrl,mBWVniMy,fyzIvdGT,ckWvYmlB,MSZBfTZN,MXArDJld,24823,17866,50883,32576,5630,3497
BFnCWCPA,heeXUAMg,oiMNikXX,cFoHvwzt,jlgWeqIs,syiboZYg,13047,11706,56613,34423,8116,98546
LovuRbnE,pUhGCeFM,nYsRwowG,yNlvnBPQ,CbLDMKGs,qsXmoadb,21626,41136,65020,77125,73439,75791
tYCqZAIt,dXwOjtzL,gKshgsPn,cJhUeqYF,WGyEnNjX,oXNmBTGi,63249,2809,17839,10488,46742,4298
FCzWAomO,oqCAuEyk,NVFasaFL,JrBYPYxw,BPxQQlsa,PhRcbbRj,31504,6627,73855,5224,53977,70828
MBBKOUTG,LixsLqjo,yqaxcjKp,gDvSMmkF,LENeQsTG,QnKJEOpf,32127,24421,35898,1397,86455,99538
lrfSMPWe,MWFDaEuU,DFfjQbaQ,eEnTtHaS,hSPBpPwZ,jTkAzzvJ,85345,89569,36231,92585,66505,85796
XgItPQfI,gvTnQBpX,iHRqibIM,GkOCMBZQ,PJJLHcUS,EgTYhGEM,24572,25010,29757,9069,54726,23362
fkJQowFX,thbNiHWg,IHegKdEa,sKLGsZin,ewIsGoKj,ecIiHrQR,11062,83581,37061,34514,49532,13154
wYfjIFjv,eAesrcHz,LAGntABu,deTUhQxk,sjvkQuBH,XEINxqoT,49216,75485,44792,96014,91389,71744
sNmluaWQ,XozGkOIR,HFIjjLOt,xyBxfNIW,IBoPpZEP,QttYsmMz,5262,56171,50581,41950,15533,7711
sATGRZSi,lCOaFloX,KaflLniW,SNeNYebO,zYEhFHdY,JfIAiTmg,42341,83374,4482,11779,6862,31224
XlUTUZgz,CCzocfvH,jmSevWDW,hApORcSx,PjHgkBjH,oXXukCrl,49056,88331,59886,62113,54472,37655
EkXxlLcb,WDbZUibV,LmjPVFYR,dMozhJuw,MSfHItJH,vtukULLO,90607,34938,57185,75723,38338,8276
xoWrIpIe,LTxNzIVH,uwMLXtwd,hfpGYtFA,ySzOnHkE,nsNzCaaD,31822,20255,98961,4395,32762,88391
qEeMzZEt,qOfiBisO,DkDknYGS,ftYKkVgN,mxRmwiDK,KTzPIteA,32539,68308,65968,41402,75734,14289
AWVbtUcK,ztAElsbQ,bVKwgXHb,EPXtvorp,DSjRgooh,jSzoJTlH,68336,58594,23330,24128,3371,60632
ImAvgKlG,BUFXAJSn,YRnUInGc,YBLLHXrt,RETRGWgy,DRnlZHAW,76117,24182,70888,41935,90568,50877
yMQOWMtn,iJvaMdod,KkNvunEv,pGEaBtpK,iLwwAbkB,QUAljXPY,42495,85479,32635,61456,47051,18910
HpnKyCCb,JwvOeBFa,qmifDkpb,nrPWGMVZ,oxtIOdYi,qogFrhrR,8341,61273,93938,80512,1030,15752
lsunGUgb,afMxymVY,rlqHSaDN,qrBBgFeP,YjzNXLAl,ImrnFsut,30792,88200,46538,72202,12256,1823
KrtHQHzr,FIPrOWjR,xznacfJD,dVINeyxn,LchwAWiS,wIeHyVkP,45899,75332,65592,54199,33318,28227
CwBuhjDS,ouAEzizj,ViElMvjh,QLTKLdhB,JrHiwEQL,YwWpCfSz,1361,66296,36214,841,71853,91858
JKdEZbgV,jHHbaUAb,TuRdmHTe,oQQDNDqM,xPRcWfEM,ctvpnmOx,66481,20879,92679,87562,49252,55815
IIjwAzHh,xaaMtavX,knsSwyKq,tSGilUbE,yyrXQCXF,MzxbYWqe,93847,53853,2961,52265,30788,54932
NPLdgFtb,refcnVzs,CLZqTuNM,QnalLLWZ,qYcZbcVq,tAVxhrpI,74601,70054,95124,9099,36476,74494
LeizSqyU,wBVUElBS,CHGMQNsB,eyJjtXQq,adCLdPWy,Lchdwwry,45381,82333,5618,30776,73112,74326
hpXpzVqh,MhYFVlKK,rEhRvANJ,VmIZtiuG,dOPVZMNo,pSxUrKur,33454,78846,7321,31248,24422,72799
fhIQRAOv,IBOPvgHt,QZFnBqbz,BbCHORqC,VAIOfHKI,GXMlVdaF,57551,39705,25406,59680,19659,70919
CtwNdrCY,LNvqpvpP,eafXhGxt,yDkrrGQk,DJfUPrZD,XiygpYTA,15443,84301,10423,99881,49224,76705
pffuNqHF,UJtEmYsY,djStEOkZ,BHEbKmEB,vsQrHoFF,EvBOpgSP,87357,12627,89426,82773,39932,95686
MtJRSLCd,ydhAhpMh,lZvauUJJ,hWZBsAPR,XYnuLpYv,kGFcmGaN,67701,71815,66186,49200,40981,8799
jUAfhOfE,lSfDxrQA,HiBksUaM,GelMtwzM,XypSrQdy,vwsHroAU,5421,53179,37859,33211,62659,68796
qFOQRFIs,DmffajCA,OJRvktEe,rpvfnAxe,ixBxSNVD,SwWuknji,54200,8755,88864,82986,68015,68452
NLivdaza,kceXPvtn,wsYFTNsB,MstNdCMq,hqFZtVcP,qZZqqpOw,69508,1395,83684,86742,2828,97214
YEjsatxV,gWahFMAF,ktJOQsqw,hRzAWAPW,YRCYGSLp,YVYNZpOB,23682,13527,37914,71164,93778,9687
mBxWZJYl,gvowSlQw,IzYbQLqh,ZfwNmYSc,FhbKoHYk,aDlkhSUG,19057,99140,64992,6854,69215,15920
JMwawHzn,wbjJdRxJ,GlyURKRR,qDftjxYa,FWcsYvzo,QuqtSsWU,13729,36653,99248,21720,32115,75344
glQzSvSr,FVwcmUnE,iMRImSND,paQhfAzZ,eAHFgOpP,hjCKrbLI,44227,12956,71946,87772,57118,9734
USjFfHTc,RSPpXbXr,gflzXTWV,laLdiKia,qNcaNPCX,KQyjOvEE,49547,32759,27574,30717,46403,90489
HqNhOEqi,tWrIezIG,bjoqqlMQ,FGMsdbGk,unxDBudG,ieDpqCeK,85094,47055,77165,80359,63012,93427
YXAsGKnJ,weVpyGtz,FyOxhMfa,SmzDyixo,dlxPQVOc,dkLceJqJ,78747,69722,63603,78694,10290,53271
mnYccrNS,kmvtXlXU,aGWdiPff,GKunfJvC,OWwoDNxQ,ztKIdtBP,72838,76604,39581,55366,17884,17007
slPuoqGQ,JnXAseOC,MPlAAAmN,SjonFRiF,rkATyRCG,ggPlezmn,93255,93676,65976,59593,82600,15409
PajwquDB,YAfixOTd,OvYNvCfC,OXMVwrdm,KJOFBZgF,RgIFIeyE,9058,17510,60257,65801,90627,496
kpAAkGiK,dJGBbcKa,LizFzLhR,cZOgTLCS,XvPUqFLH,zAXOPBFE,6090,93284,30540,28952,32927,71188
imFeeDVz,MiKYYJJE,OigcseQl,kUGEHvuq,dPlmMNDq,uxeRBGNp,15118,49441,76280,66931,42083,47240
XPJKAKbS,jzOMpDRQ,YpDHvXgf,hkianwcV,sPPKbAcF,ftgwQQxT,40077,30543,71136,59699,96682,43404
BwLaITIE,oXEShJYy,bAVcVmyf,gsHrdfuW,XzMPViqk,kPWRnhLp,76389,35170,47416,18244,5135,98676
WOTyhBLl,jzOZifWc,yheJSHPS,mQeNfcVg,eNexhxkr,gmYddPYx,33087,35829,99040,7412,5203,52612
hXcQlxqg,YkiqLBif,bETYNUpf,eggmpVBe,guIWaWJb,YSbijeHl,99334,64104,99594,60362,77015,297
EfmrbnEJ,MZBOQRNn,EkInTZgt,RAkZagMM,gjYzVoIC,CJyyEOfa,4072,61642,30118,28939,29474,58147
QcxgeLlX,WweqrMHU,KdpiKGBN,nczKAGYg,MJicNnxM,rmabsYmp,71568,47986,39729,85664,62411,92674
IdyElCXb,vctwDBeI,QkMSbWqp,ZfpuZiLC,uzofuHgK,eMIiArJc,96125,37990,46880,66093,20774,44596
NkcXzTGz,oBLveCHQ,hqdgmBNj,HDdDVkNs,laujlLXA,ssfQgUsN,86067,8665,74124,20958,9612,85775
PwwCOPDQ,MmWSPRvH,oeqQaFpU,RMsoQYOm,gQuiXYrk,hppqezss,74122,80638,92715,76089,68287,31745
DjSICxRN,qzVyGzWM,eGWijocl,XMJvEJvE,vUqkIJcn,DAcaNulj,64851,77251,99066,29985,50770,65773
NxrUQYXF,OCYxbyDL,yqMQqZES,wQhfKoMv,OcyKPvoM,KHYszDUG,79470,12518,64175,13654,42374,28324
BOyevbUx,RLyblQVP,rQBukTEw,ioXJASzc,OKPZlswl,bqprzcGl,50398,2027,23612,89328,82327,45484
AviofItB,WVhFcagQ,QGdoqfSo,ZPuiIweU,QickazUn,lNnxeYiL,14423,85867,31115,64873,72669,49805
MUIxpcYt,OPmRsHFV,tewwahoX,HVhEQbTd,KwTnQHMW,QyAOkFih,95880,81238,77697,66883,33270,25906
uWPbIUjT,lbHtTaGi,QfGsrzpg,BfIRvGwd,RhaBDsFg,kuXYGBkM,36754,45306,28485,86436,4531,71586
DjAoWOZs,JJPhbXhG,ZFXUHcYt,pgrrAJtY,myDyBzaZ,xmXpERWz,57503,56210,66736,13329,53199,75529
ygNYTnKL,hGvVDRTR,mSYFdOpQ,ARJBmkiq,FklDNoZK,sBysoUte,42113,90699,15389,9932,60669,54717
EBXybdwQ,dhFwYJTk,diTlWsdE,bzkxYHdw,MUclULbQ,YHxEKisf,50373,64569,53015,55494,9410,82115
UnnhcqkM,uspUAjAl,rBZfydYM,SblXcxlN,KracwOYM,rAIIKDFq,30859,81727,17544,26306,1651,46007
McRomsVe,SSxThqdL,LjTbfPSd,tuATjain,YMhycUkb,eBkoChQo,93433,61200,4674,28645,43564,23246
EzPhoVtT,KoXkoWIY,HZolFNaI,PpClBxpH,saycPVVk,SdDaUPip,20940,95358,78073,9931,9859,13201
zuOZydCN,labdTFgu,loQGeOcj,QEYeIRle,iYWdcqHd,enBjFAUn,22133,24726,43594,69224,49591,41527
hzgvLQxg,OTcPNogG,reGMsdSx,xexwQzZD,FAXwmntL,mbWkWHvQ,31903,92492,29523,41993,58492,41360
ZGyeYmXe,zvhHJiCD,IYWuepXa,HrzwZfWO,JFXhAIHr,FLMScFvw,95260,57372,64493,11908,72938,93709
kpLqYWtM,xzltuUSc,chTjfNTl,OLWGjHeZ,FpNDVOAD,UXYCPaQU,37410,4956,29071,35219,90170,13554
BWrmaCpA,DRGqbTlH,eQdStVWX,KLpzzvDA,LYWdHZjm,UpAruIZJ,99190,42028,32014,89168,1537,59084
DjemcpIf,svjVddns,QhzNSSTR,MUqrZGfM,DkQEGWAl,egdnpzBf,7349,31975,10988,62000,76164,62079
FVtNfwVY,EmWQtKPP,BjCPjPBl,kZLLlJqw,AmwQrIfi,uszpOoGV,55841,57915,3218,65604,98554,53842
MJQJCQTG,VZAqCmkH,WDBoyqWq,LopfqnyD,lrzZKUqB,jNxrAeqV,57222,89747,62184,5559,62059,38480
ZBMirrju,DBQpjyQg,HZhVDNtm,TFUwjLcv,tuvHwWZq,nxZTHwZY,33674,54512,8283,77862,31237,7000
tXBoOwWW,tdsESJwx,dAwPekzZ,ukHOXBGl,utqbojKV,VetorCaL,73730,22262,52167,65891,99554,29046
HVIKOSzT,UFAYyqPv,SiuEJGAf,UDiNmBhb,dmeKVkgr,uTpomPua,84533,83991,46,19364,22557,46612
dqsPfFiH,qcVvSUzp,RDQqrfvk,QEBTHTsY,KlqaSKdZ,kAUAqJWC,16671,99004,75428,73210,66907,88542
JXGMVSsZ,sQBXLXOb,lzGDKZlx,tgpYbuvi,zPPuuPnE,KwuDOOdW,49524,37210,94852,82108,71011,12419
CUtQfzPR,jIYxOwyD,vJBMheCd,EOuPElyF,tpZRGjYb,LxqDdTVb,93990,90638,13141,18238,78209,73985
pVVIlAAo,bNdNHYmB,BkxJBswq,RWCMoHaX,vbDNvQHt,GWXcrTDg,68808,609,47354,31153,93807,30625
iCxxNbAV,irarpvra,DvmLUbCT,fxUYzIgK,AWwoHIeX,WjyzrhTd,22804,18231,7569,97937,96165,19294
FwyzCUrp,EFThjvsD,TuaUIOhb,mIwSuBpA,bcsJqqEW,MnObZcws,38066,71798,61577,40725,23875,71984
gmHBXUHw,BAjQkKHM,EmiGshqz,qCJpOkHt,FHdlnFMn,rlQTSFYO,35244,23882,70879,18145,22735,20818
GQWontEI,qMLXYBcg,PTlrIGvo,FoTTiYCj,ZUYfUBdv,tPDpKBpu,72559,41050,13845,54065,39981,39336
xWpEFtLn,EnRGmLWP,SPNOobnT,KMhkuJho,VPRhxtrA,NBNgUuAm,52868,55391,83277,92495,38813,73400
yzwXARjG,QIbWhCcE,toiLBAtG,XBadTipC,jrpiDnlz,cruSLPKs,48001,80135,23509,14928,61883,64281
aOuYWkim,FvaHvoQF,TnPPvCeN,QVWyrGih,zaAynCWL,dMaEPLwx,63124,70676,30156,14306,23588,92450
pGtLRSlL,jmoYOfsU,ctHnwcOg,OePNbkTe,OhlWVyOy,qzhdHfKX,34108,58052,86614,72507,38147,31863
VfUuzZUJ,rRIEARiZ,BmwHReVO,LIpgUujL,IjQuOdos,NAGCaYIW,11148,93527,90375,27014,47088,62422
AlrgqmyR,yYRUhDwN,acBTiVkl,KIzllsFo,afgXpUaD,TcISOWUR,66795,51240,83624,67841,11016,87659
cNXVWCBa,RRjwkIXP,spivdAKm,najnHdMV,sFMctIQt,tlmhxFgw,1072,66269,83577,2373,68520,67253
GmpVGWAf,EicEICUq,FOlXXgPL,ZNrMLqPp,hzLdezVs,evfAUxnj,89855,68706,30696,26737,56941,92353
zHoWFxWq,LptPkmwN,adehHRfX,bdpUTiHO,AkOELCiO,qcDOxFKe,77478,26343,9047,34348,45220,77680
sNHzorfc,KjdsfpmV,jTnJBhDi,etJXEsLu,MScILvcY,rDtgXzun,33251,16862,73316,15139,19115,23776
ZDOZHzzE,dpDcKgGq,XaQCpNtK,ujlhKnya,DgfTBxIb,bfprQUSt,38391,91307,22439,18183,65605,69457
CNbWZEcE,cCEWWIWx,iqTStOEC,jccduZwa,KDkZtooR,IYysEfaU,54674,22033,37170,72627,76809,7884
VbHVnYVn,LfByRWDy,krcvJHLN,dCQWIJEJ,QHcrNLkA,oBzeiLBs,70819,80452,15679,85333,24471,99782
VcFvIGSc,GeCmmniw,cFPOkgEl,sCTRVyTo,snpvmXCR,pbHmnVuC,82715,24582,85993,51773,31281,8576
BkqzJNfx,ivUTgmwf,FGpWHhhr,CfduBZvw,knPOxOWd,GsoNzWye,85404,64066,39543,71379,38599,23111
dEdLrVDz,ZzuDSkaZ,JMbDSafe,oufKkzoK,LPLPimQL,nvZwRcRL,46560,79036,65373,47212,44552,73080
cUGQlpbp,BLrXxhiQ,GTWYwOrn,sFDnbxLk,TmRrcDsL,lXxNoIZo,30007,16583,60192,28921,31199,85813
KCMRbjHH,gioTIUnI,JToKntTX,vELFPsMN,HpjPVDhL,zYEFBgpH,14741,47250,50884,75749,71879,84757
NHjOhjrN,XKeqvihH,AMcFgzij,vlyfgaWY,RSPsdclF,etjWjvuI,71673,59251,60353,93739,73931,30969
gcSjySSk,UaUsHHml,awvquaJC,semgELYM,hHTzeoHW,QZwaNdWm,70989,47727,55144,71018,24305,88168
zirEiJet,MUiGelHy,mIcNcrWb,HsPOXhUN,cmLxYVVl,DvQVjBtV,96952,58870,25205,38438,25965,11666
XFRHirvB,yqjfpRXD,ucySpzrj,cxFXGWrN,RcXGqRZr,DfGJOfHT,54797,60901,43925,98482,86357,85033
zbfhHzfj,lRAzJvxM,aEnHQCuH,TCXgpFPP,lZoBhOhx,QqywJGBJ,59158,30752,37223,85470,66619,72469
fDtvuQwM,TyZoQiui,zujdGhPq,IbWHZjOm,WZZhpUhq,ZKEKqcfl,82840,85098,44209,13748,81824,85929
AYyhrQXp,ubZhIDOt,cyLVfSbq,SFacpoTQ,iZzrUzcp,tVnSczoF,79144,27986,78741,17926,91613,42264
MXAeClRL,AXSStqWg,WKduWdvt,mwEPVgGB,cDOnzHRW,hqztwvwt,89747,33718,28618,58768,12431,60498
sgUNyNoo,NKJrrATw,sRFOhjEK,EtUAQhvv,ulnbdwCM,hITixikB,60403,37847,2336,52175,91401,45116
RYFmvDcG,nHCxyNSt,USbvUxMs,BFRFIgSS,sYeDJzwM,wajflhfg,77162,75579,28515,22128,78023,26753
MhowpUox,ArclXKkE,cyersYYB,rqvGPbDF,GDqjOelh,iPagMtsy,93662,69201,88082,6621,39851,56318
clFstiZK,ANqsesbw,ougXYYgU,DwzDDNyu,ltpzDVST,idJrhQqz,64961,96115,30014,3068,29078,59188
odTOgQek,eERCTeyN,pHqqUkyT,KFYMuDyz,uYSBsVCW,okbYJViP,53018,38910,50163,80001,42166,99358
wGsvhYvu,zlTXLvJt,cQigLwrL,LEXwVyLf,hQnVpffh,QWnnXXzA,66856,87946,47079,33382,19830,5396
dAfTUnoO,wvAWhEHG,MycnYOlb,bmLyGfwN,wtwPqKhd,meGXvauE,35976,2637,11966,59104,72783,92764
ZIUDumCj,mRhtRmJC,PjRrKQWO,jWXEaffm,VznufPKT,TZTrgTLF,82815,90419,91530,16367,99771,19030
abXoYECJ,kDbiCMgq,iesnwfTe,yusiolRs,EuYTzXFi,mbMPJsyH,44448,4139,36419,33358,45895,2428
IfwVREFC,emIKHAaA,GXKNcZjb,FsWQSBQe,jhKwtaql,QKyJLZxb,29773,91763,31082,13901,99126,14096
UZFNdyLP,DjAIBZKf,knKKThag,rxCURzxJ,mTsRHJnB,XAfaeSlO,84340,46742,95986,77080,46701,53783
rMGyhzrg,EFeoeNXe,uwwexiOP,kxKevMkk,kjrdKrUW,AvKMStfe,89614,11842,83275,79705,30962,75531
pmXBGdBy,CrxAAPbR,ZSKpfrWV,TPahlvhH,MeUyUvtg,PhFxDGvY,79031,71529,95614,26163,68856,43498
TaygRCfA,Oaumeipi,jxqETkbe,SrzeqyKN,rMlncPMv,DyqOrFEW,68621,84687,82181,60875,20701,1817
jXWgVUkf,psKjGIok,eNvUDTrK,yNiIAPrT,epauVPyi,hAEUYSow,62818,61118,41279,39768,76316,10681
XaOMGRSV,ExiZAkRU,ZwxjmsBc,WIzDuSpY,uhjZnykI,THVkrmqv,84269,70673,52713,36286,95917,96578
GxqsRxUY,cUCqnXQe,wJsrVuBG,QVehSgAL,LYpxsRvX,iVIyzKgd,82041,30590,49018,60578,80212,51346
DkPORsCj,ugGHukYV,ryqkwoqb,cMmkDeKb,IxvsaoDM,ZDWyjrod,22407,62503,89530,77451,61646,45375
HjMarSNV,wAArxzzH,qHtjTjro,bUWFcioW,FkpwcvKn,FlqCiREi,10627,83347,20966,64867,25007,67517
QrBdgjXk,xTRLsQyu,FYJewjiZ,UnFZneBj,mBTcTcdL,grBvbpHy,39882,34764,3364,38846,83684,82231
zvBuQctX,ELruDSkc,vWtxLJpN,dFwsCthV,siwJJWwc,FHRrcrfW,49487,41899,56348,4595,21343,1998
WWnGlBnM,QWvpvrnd,QuWmryuM,GRVyxXOM,jsaGUAFv,blTGyyIW,38834,86185,99647,46173,71069,57262
rZTcusdh,VtXrjJHX,TIpOamzu,VKFjNiSa,rEKRYFUA,dlimXXKc,20151,18487,73028,95122,13936,29310
WRfENREg,ajBneRzI,nWtynSxb,OyBSDMtj,EQzjpiDN,gvwyemLB,55877,67246,13098,67538,91067,13921
yNnchsnK,ophnrNfc,qDshWMdr,KsxyDQyC,KlrbovgJ,kucSruES,87199,53483,83537,29987,13400,85854
zugHvlWx,jnFUPjVa,obaitopd,fADOsFxP,JiqDpnZt,GtApWvJq,67566,63761,96316,11565,71177,49408
IKkYWxgO,xXZuIsyp,jMHWAbIX,amepymOB,hAHRqqOl,TEIdyZEs,89744,96866,81632,83499,21415,63777
BdXYmSLc,DLTFIMlm,ikJGLCpl,jWQGojLT,nFTqTJru,AeMfHlIE,90774,16272,83560,67475,65048,72611
kSSHmTci,mVLUJUfh,WaIVUzSm,UqoNRBRw,aYXrkAcP,qEulMlqF,57160,46962,32064,66835,84355,36047
PpvsRBVc,bQNdrbkL,IsbpsZrh,VSpHKTsQ,vJYfjDvm,GofXJhNV,61375,40923,77850,42554,35859,49091
QyNyCKXh,AxVAzRtd,FGNTmkLy,KpcNJMBW,aBKxNUBm,SbsjUpFh,81673,48197,82049,26848,62652,7960
pNMEzNuY,tOFGCoLt,OEEFqSvq,qBdEyFnU,DjrsNDgd,rOkJthYA,75779,90489,37479,76950,27844,83123
yJfZeciy,UXvYpOAc,zFZgxKQy,LmbdTXOU,EtXvTqCt,AWoFRtii,3541,4912,49785,97533,74394,84889
CbsneVuU,mfegCgXU,nEgmIPiB,EpkuHsVM,HOrzvXZb,pdNvryCH,50215,91262,89323,39530,21285,65079
FSzvPBnO,EOWRZvPW,rQDTJUgb,GbBRcZKY,YWGUbkqn,qXlTRXMK,14558,38608,82385,67176,56609,92549
bligayof,YXUBzVWw,HcHIVcmv,wqmKxzIt,hZeiHtMb,SkSngZEI,23781,79263,60519,35274,86090,23601
keUlXnha,GXeCJjsn,XwIJSZJd,VQONEzBO,meCbPHJH,skZFufqD,11463,80863,62408,9071,35923,28001
eyhNlsjc,yuQwOxyZ,CuOWoOGw,lmWCbrhJ,KGrlLBif,UNBuTaaO,77700,72930,81784,83193,65941,2238
YDBCaMMB,gLeVoHmg,rLnvDdDJ,tGghbJFf,JPkolQHa,WUlWXrHM,22963,89958,48561,84470,86385,11499
ZhujHzqv,TwCSwqWB,dDtGMoeN,RmMAYfbm,JhlNcAYZ,hrETxnHG,6970,2579,61703,62408,34418,27327
zmPWrylS,cvtMXiPA,OsDNKnyr,WmGpsaRk,YiLrfHyu,mOVxmEQt,17188,13209,73711,32097,8269,60611
TiykqVFm,UUujDIjT,BUWMFRvg,sWIdEjob,XDdKrwSu,YJAVBkEO,36525,87431,40084,15805,4623,14217
quktGCWW,RydfXWnu,SjSUusbn,KJIvjZLt,dvqKNZxV,WULBTBcK,93205,49251,43085,6153,55249,20105
thTLefvs,wdGhJoEF,UcpmjzPg,BqoabsCQ,xERODRSQ,efmduWBA,98484,748,48864,4948,81261,56486
YeoGgqvF,BigHwRRZ,LzmCjnuv,zfXKGoAk,RBOBvYRx,qfIHBJIL,46792,64052,7693,450,55281,83168
vpaWNGYN,yzTgsIjv,IENRjxdP,ciHVOMuI,YcMAoALE,wiRZEaKw,98873,13561,59323,8300,9489,25655
DwaSjOcJ,YNsyksFj,iviQSxrB,xrzHudsu,TkbtKiDI,mGjsuYKS,90930,1328,48589,87838,39988,6707
HsbOADkR,tdfTcQgD,vTcMRHuR,aOkHfXjq,uwtDSoqT,tKhzxzst,99355,6135,39576,91421,54696,57087
qdIkkBPV,gMXZaqME,ZUIumodb,rgaUtQgF,HVHdczRH,Ledrwgbr,64176,73709,47924,18836,76453,53450
FHkgeZtS,JKtvKHOw,YNyjpKhl,ajsJXiNO,oUmLTvMt,UQlVISVG,21730,72750,29577,3506,33315,72618
vZgcQYvm,DZBUvDcG,ZGTZkAbC,RQanClbV,QzeUbkwm,UOFmgWzA,26488,93446,34360,89752,33519,10460
kSBFGYZJ,xzobxuLb,YMSZidOc,QKHmXvzF,jWFHUgHJ,kmNnHqzd,39776,93598,57517,78793,80951,38961
tUCrHPfT,crXmqQhx,nVhYjpcr,WsjwuQCb,VYSXCtBZ,BdxaajXa,15708,52504,506,41376,21535,19315
ZUQgHdKt,PSXZTgpZ,eOPunvfP,DTbPNQAL,CxsuPajO,NSlEkkKi,13641,89335,2296,14170,82257,92555
prXaDaRU,ySxLPCGp,oMOyTxgd,ZzHLwuQj,jNVUOhQp,tMRZwfAb,25373,69876,36437,36783,64212,16128
rhlwFNJq,hTnVuGlE,ByGZSjgD,uUffhVti,UgcTTGtF,xUxjrUeb,21987,1482,33700,78972,68631,57414
cSrflmRU,RalNpsuw,HVYbSlZI,kmOnsAgX,UjmVjuxQ,IrgafTvn,11083,48973,91427,39434,90788,7210
NJEyaRmm,KiKgVQZV,xdVrTKfF,biuewqEv,gLChqFPD,CuXDqMPp,26824,26940,46837,39580,79097,50893
paoyKRax,RYKZKSTn,NZoFQhGW,ioCirEVS,eUtkYrRR,UUbilVyN,17739,37437,62547,81015,34047,84391
huRoDBev,fMwULSDp,uPMhzMCi,UNcfNaWg,izXyaHzZ,rIGGXOMR,10921,96947,24799,31990,21167,3366
hENOzjsV,kEeybrIn,TIUIOaXb,UVMPuolW,LDKuGXQY,xiTOznuX,49173,48965,43902,60531,42904,15694
ksWNxvgy,DIlyEyay,iYIWZVQa,uzxRPHeV,IjvTxfVp,MsROajdZ,9284,82158,54022,46110,19833,20868
pjtvXYBe,aXXlBVWr,xEHZVWhc,eHSlkjXT,vNxSnChf,vPbNIvAS,99861,43879,95273,23529,42246,28475
mwxyBJLz,dbgDvxPs,EEiFzTLu,UrnHlEgh,olHcIAYZ,VSztAylv,53638,6206,79980,18230,12965,30369
enkwAdnd,gYkgfLwd,ybwFnnBo,VBiFRvZW,FcFOdwDH,RJlprMiT,80229,65616,72515,29272,10051,31023
WTINvChJ,jtzVfTGx,clnCrZDe,ISxHqcvg,zSyvppOP,QlNjbsSo,60662,63463,57900,14542,33273,33576
JZOALbWn,ypmNNABl,WZmnfQjq,CwKrubEc,WxnDWsHP,HxYiaIft,73854,91855,87057,37610,53378,70497
EuSuseUB,AXMgYMfp,tSASqLae,OxIFeWkf,CxcAskJi,iuRSqHrb,18391,74509,37806,56745,82824,60262
qCApgfax,MCOFhMmm,xIWARrkJ,clWdHzGq,hPCjNIyX,hntlkUJD,15649,49783,81259,13227,92252,11593
aMHdKmKD,NYojpaaX,sJOTMaUx,eQaPKDpX,wSnViWSE,iqwOMUBz,9480,8120,81062,62442,72420,78389
rPnqGcNx,vYOjnowh,dJhrjJHg,RNBQMRDV,jwrwzGRZ,VbVPdgkQ,71482,83474,41775,91432,1210,74564
BrnqAqcm,fgMETTpl,ipAfeVwf,fkVdZyRE,UBAyRmzD,AqzdglcC,96768,60841,60473,4426,25587,43848
srfdvUQQ,RAVyhpCT,mcpxfIhI,yFfXqjes,JLjiLSxu,PySHstac,90788,40532,29885,42083,92059,31066
uYBYPPbn,VmHVLLQw,cCkWLRLJ,HnRUzKmj,CiIoyiMZ,YtEpnTtj,51093,83440,12879,37174,48993,51639
xfoQfkcI,sOMHVsFn,lpHDRhXH,cDXZOfvp,HcrWfmvO,bMboIthB,84463,20757,13241,76662,2793,49749
QpPveJed,dmAmJMcp,MANljMSb,zkvVfkcT,gOAIWIwt,hvCbipyY,80015,53343,69573,85459,88764,72038
RiodgAFp,bTzIENbn,LXlObPzq,ZHlmfjQS,zENMDeJD,XgefQOyL,15468,38796,81200,22233,48151,15686
YrvcxexD,wBOXMFFa,QXLOfphv,sUPQIEYG,UMAJUgWg,nDVylmxi,73094,19636,973,58429,66730,5128
tMtilwKv,nwQggPwX,wNtWUFJB,pmulkgZK,PQlNzPCD,lVIZAROv,83242,99813,1722,15836,56382,65617
uttlMKrG,aRaIVtrm,AtybKVIq,oulhPQZV,ehXwphMU,bGJHJTYt,65130,25290,26142,24078,21763,63998
KgfLKtOv,dgEygPNG,vQfAAFyZ,iCskjlIi,FwVxDgWc,fSwSRxdg,53355,9999,67322,17020,7390,67594
sgtkUjNa,VmCKOqbD,unQVOELw,NwyASonH,WVCLQBOD,eyQyNosL,41070,95094,39598,6887,29288,48463
JImbaINA,nARdKLRs,znTJsDXO,zVgBQZqg,IGwPdqss,AhuZWNLm,58960,36885,41315,29369,45583,65788
yDdfLEwS,IOPtTMCc,VBkbnPjw,BZVXKpus,wxbZjNqa,RyJXwViw,65732,55840,5821,7106,34911,90791
NwirUbvX,mpIRaQWb,aguhBFhw,eAEXAUic,TfRXMqdB,oNAFhFHg,32330,51127,68914,99056,43162,95838
caUVPXpk,hiEemwmS,hWfegYVm,pYZPnjoR,CEKFYlYT,meDpipIR,49988,95640,55569,37715,83943,32389
EACVneTH,qVXLqOUL,HeZMfunQ,PdhVwvEU,HQObCtdi,NGWatlEp,57928,16298,66348,35280,84762,99526
UgXTtpyZ,mvSZmogF,npHfqtYP,ZLKerwwA,jjchpjYn,TVKYWFxH,15044,42221,28890,53371,60937,32910
ERFCUFLB,ODWRvvVQ,HOrRDEaZ,UGsknNRr,VKYlnnZT,QupVfYha,84845,63261,85689,90104,51633,9810
AxpJyyFl,XpBCgdQi,KrxWPsfZ,eOfmYLgN,XomnsJEj,AxitgrrB,1920,27020,34610,85040,80415,54168
SZUPwzHM,kAMjujYm,muIIIUqw,tHkoonqz,EnMiuAtA,weCqIsRV,49783,75399,9890,34327,46780,80591
BCWHQDHP,rgJjpOsG,BmCibUww,vgFCbMhw,SaoIeORj,XrtoSMyZ,33767,60138,57182,86862,26995,10441
CTdtlPzV,cwFaiyUA,GPQglOuy,BTGKfMko,hTAmCVCJ,qHEUiUtx,55400,24072,85953,35619,88647,30957
KiHtzZIV,qEQXRRBS,eABAIycc,ElAbqfhg,ZjXlrOCu,qvKysLlp,63283,74969,92225,2137,67600,66016
dUxeTZfj,uAdLUtqL,qfoiMdou,aEggEEMw,nIftsyxb,YsPUsqoq,91318,82445,85068,9634,67282,1174
nHzwoaWV,jMsvSqef,EPiLScGD,bPUpZzBb,ZBaSbkvE,GBbdgGLZ,9003,7031,16899,97467,18500,95773
qCCQVojd,XXmRlIyp,EOtkIIDK,avUCXLbQ,rOgMLEBj,QhIzUGQy,12835,93865,23243,16774,90480,82350
TLIYIAGr,tnYpMWdI,pUuEoDKk,sZBJLzRE,nluhcTkG,iixUzlhY,69050,90974,54132,87928,63010,35552
qKxAJfqe,XJiXBLOi,dUyMaPQV,aCdbrDCZ,LrbjuDqR,IWpTvlSL,12535,86765,7533,24019,49993,76739
LcDembUi,kkTrbxHs,RcqnYaAn,woQdlHhv,bWZLRoFT,SvhUesIv,42726,54786,94792,28644,17914,81885
HxQmdoDH,GjoQJWCp,KFfIOVbw,aYrvCBMg,rgVbqaYH,TvWSqaCq,88302,63421,2494,7552,49758,51613
bSPeoBmt,LcMksxGQ,hSUptBYF,ClrRUYrT,WqhBXXll,sbdJwcKO,45664,67730,77913,45023,94526,57369
nuukczrI,EmcTCfHK,MykMybTL,ZJtBIusp,PfIsozsp,NZpnQbig,23633,79341,68241,96400,18436,24290
nGWFwfqQ,kNnKuqHF,GrXALABx,sUCNpgfu,BiENkfgf,wulTzmYu,17470,46496,23235,12262,64111,33003
tAUvUzph,DoSKjjuL,TecGNLPW,cVwXcYXB,rErQTJtn,DKuwCGEe,51250,6014,75920,55882,59686,20924
TuRXCKjv,wyPZdVDK,BOnllrpn,AvDskGQe,LlaARNjU,ubUuLOmi,13492,95586,8063,53817,14479,395
wNhwTyEa,InlZlCvg,uFmBKgcx,HDQrcCng,SWMOtTje,DPlxFmmX,35241,9251,25747,13615,79523,76138
peGtNZze,anxDnIqi,xtrxgKNT,qobhmfLT,aTdGtvbH,XvkamxlI,12129,8381,97920,84350,60790,54588
LGtbiitg,AhUmPOKL,CAcpJViM,pttgZUpq,OzzVtwWO,LnWoAFtU,74079,32120,27254,89689,48253,4030
fOvPNDJJ,gGYROiPb,kEcvGEjR,EBKtCERU,ApkkebFP,uhvMTUio,3325,8255,77161,71008,84109,88249
IAqgLRMe,ryYsJHhk,qnsnpsgi,tHzBlfUz,STVffyiV,LBMkdhez,64349,71923,76052,53639,33521,27641
cyDrpCAR,MpWwyBVM,cbmsWqAy,fzjqlBgc,KUxSXWAS,SAAwFckv,49303,5984,64018,50520,9584,23853
oRgzSklt,evRYPnVq,DQeFSXPs,rZSIJtxe,CTPNKrdz,QFCzQNUd,97807,48371,38218,18178,2475,21472
UYfQhxHm,YtXELCMX,TRIMjbEM,NAitgwYl,fGmZTVEJ,TGgfiQbe,77690,21404,16543,48092,26727,19108
QjLmbTnu,GFcSdBOT,tMMphoPD,IANLXBcv,NcUamUtB,ARirgoax,14839,96322,65487,5522,28490,35825
TMqfhHXF,HvLYYmia,KdziamsX,JbBpYyUv,eZvUIGRg,RYrUDnOd,17533,29062,23657,43529,18130,71066
ZBtwgPKy,UECWVFYD,kJQllcvF,OLuxnqCY,tCjblQoH,CtWKrARs,69265,5327,23445,51328,50046,99984
JvRtLfCB,EOdrWYQx,fTPZbpAO,vQwetVpo,UHrucRQO,oVYMEynM,82272,98222,47708,77823,67166,30176
CNNYSQns,XUPMpNlj,qYtpQFCv,SMygQZer,EioyFRSg,TbjambxL,42307,1970,81320,98921,91048,69605
WHDBCdso,bjzlLDTH,vjezUKTy,mfSZQLmm,FdYipYwl,TbrMvVlB,51497,83500,2614,73039,52665,70565
yILkiPkj,QyriIfEN,xxHzggED,LZtZEaVb,SZDAQJWS,KYqPhAQO,30852,53938,60849,67733,69009,23415
EYilWZVL,iBpkLJiA,Kgalccgm,zpLtowRo,jWYUpAMr,puMsROBt,54563,69692,11215,53629,6359,65886
XSDjkhrM,YhNtzJJe,WumWFJBS,WOtJeUEa,fMJRruyK,HIgRymOP,66680,60578,77099,4692,51187,23402
zIjbQxsj,LbETVlKp,RqyaCYTg,lSaxafAL,qROlOvtV,tIsdejoH,3331,98632,16425,191,2645,12208
fnBczFso,PSPrLDev,smGFUNqC,KGUtJdWd,STvCBQIb,QKASzyfB,30229,42096,25348,8430,5339,23318
DOoCwZaR,lIhtoYhS,NxkPvqiR,LpIgnrdD,KrXYKlgi,CYejjkOQ,91404,91695,53647,12920,66072,72941
HkNGQoBE,hUsNosLv,FQoztSUo,XAlmmlqg,qiXCdQHA,ujoVVdzb,22757,41889,10948,20056,60439,85790
WbGIfTQY,WTDYoGCk,qKjMlnJC,VefghJsV,lSnvnzJt,jcrtxxqb,52223,79161,19662,6478,76017,6201
aZwGQYJZ,FLepFNmZ,nZGbVnLJ,qShVQjkC,hBNLIuma,mIijRnsJ,77359,45441,33578,41733,42943,69529
vhZUnqDC,ISHxaegv,ncVWcXxf,LXrSSuqY,oBLfsZZM,AnxnmfHR,76202,81525,76185,18367,64200,46506
JEgCzUwu,rhfPQhIt,DjmwsBiN,jQEBsFwR,uFXnAiMy,LOdruiCc,72882,99861,5212,66739,45321,68078
jkvGeQMN,aAHBJPpE,TfqZaBZp,PdvwQiyO,DwgiHZhM,osxuELpS,57199,54388,66947,98335,14052,46173
OXQOIlCb,WRkGdvCe,iNMTSwvM,fFWmMGxz,RUyQFdAf,mvnmXOiZ,21148,60144,70025,22695,29108,20225
yuyJPZhU,CVTPxjGT,xgUzAGJM,IseefRdN,ONoNwldt,WJfebCTN,92301,13963,34028,49656,54526,42524
cELSMRMk,aelxxEqi,IHZhlNEK,AzBUcTMr,ADedZFOH,vGTfbdKk,59678,68213,22180,55058,27849,81295
idtoGoJT,yJALfPYe,ItDYICUD,rpVEJJyq,LnLmJADZ,XFhwYYIW,19686,57711,94206,35828,49812,61374
KsaSgMCy,GBvgIfRf,HZSSSMPm,vSCJCiJZ,ERRGFLXU,tEadgaFi,45783,62174,58039,11815,7323,96878
YCrzCMLJ,MMGoJFMH,LxGuYvMG,GZmMSCtL,qmMcSjRU,MWedIzSo,51602,76080,56931,35452,37706,74771
VQVfxdkC,WAVUPgaU,XnwnLtzj,XiylIbQI,VfIBFlMf,CISOjASI,90534,90016,30702,22518,92114,22033
PqBmppcl,IXeDjZqD,nEHcmMjk,AJSqBBNF,iJembMsM,CUViQqTh,45055,56663,1960,95430,31626,83890
YVXnqUGt,RcWWZLuJ,qFphVJXM,VUVTAZMA,RUSDOxfX,nwLiAhqP,82092,50796,82489,90313,51880,37994
jmJazOHA,fArglfhx,xbUOeFhT,eVSPeXaL,TPhjBcpa,AJuUhOLc,14659,48118,69901,32657,61636,15090
SvTBRACK,kBTEptDn,zSGNzzuY,GMqjTQdA,JhnlrUms,VQcLxRCd,50703,17232,88267,55641,32940,82764
ibfzzbIl,WHOQsQXH,ZptiuluR,RhtQRwTR,KijmrCVh,cZkTHMRl,53207,62241,95057,66762,73293,82534
mffmjFIu,DDvWLLfn,YBnQeRJh,QxoRRSHO,PfmXtVOj,PWdcxekA,53810,37775,59604,95698,78155,36448
PvChizxQ,SqkBZFBA,eEsGmCei,aCUfXFZR,IMSbQrFt,kZuIhHVy,63005,64147,21681,60018,82599,47354
NXaQchkq,PykJGdLR,JMYrBoyl,EmsuPkWx,hHSdHeAS,FPLwAXpq,95363,88845,27305,91091,59021,42602
HIUhWPoe,QJWsAusS,VAiOObNX,jKUWKroF,yZfHoJkO,EHUTqIpx,31907,69243,24125,89044,91983,35170
nLOjpupZ,eYUlAEWK,VGRWqyKV,xnFVtgYD,rDuMDwwD,rndfnFSc,26670,61842,42620,26590,30656,87823
lwjCCjGQ,wxKmsrgw,TWuznqgX,NuLmXFEd,BiKyCcBK,EupPOnTp,28889,14664,58770,64537,39176,57039
vunszDQS,aoNwBAMd,GsaPfArE,NxmWKzZd,GoRyyraj,mZgcUfiE,29707,38838,7037,32000,60582,2832
GssurBOP,qsNlvkhO,qVdMJwHB,CBqVjctC,ybMpUBPE,mGPNEyfk,83851,1275,67813,520,2056,20295
ctmXvZVQ,WEgXeJzi,MTaGOhmi,kgBERRZm,xscUDfKn,hOUXSdBx,96786,11076,15751,14897,82611,88235
FftyLUHU,vSqlHSPh,oNMUvIQD,HldJdSOJ,bWSxsjMj,gSxynFlA,79360,37570,98003,81459,15829,76148
ndHRimMX,ZJFcGmun,JKrASydb,XhqLmWGx,NyOBUsIK,NsDVrasX,99573,38075,73802,18202,99673,92104
hnzgodqE,PrUogIGs,BthnZVOL,axohBkuh,NmRcFfDp,zCmPsMlR,52063,55008,12074,72748,28183,74533
AAeVJdzj,yXpxibXZ,ErjDGBRe,xSdWPvSF,jCSDzzkp,dwCvGLbN,97800,25800,16363,71344,45970,77447
BCQslXkZ,BjaXMzyL,XpyREHjf,zFIXdrgf,lXVChZCV,FFBavlMS,18860,77453,55112,83354,88745,96730
MJXleoLn,LvhciRsL,RyBgnSbU,aUhFMmIQ,MzXbScak,hevsQYfQ,38581,17826,49576,18486,68532,84897
KRENMWjb,kMdgYMzF,vpQdKuRj,LdwvTvtp,yFHwcKxS,ZCaRoTnW,20742,49100,22989,92894,31137,24886
oAKuFUAF,jCbGcLEF,mPzWQBCk,AzqdJQCd,bWsitXZq,PARbrgrT,21935,90285,57514,61498,50985,8926
gZdfgZbe,aHjCGlKl,RqoHdTXh,JAWOWerG,JlDWhlcT,sgXusFiy,31359,99184,4984,55477,20039,31811
wpFEifJQ,WSAraihz,VOkBoKkI,IkDVbCSy,oeNRfFzM,TGdhcqfF,2912,33434,40457,77645,82823,15734
uBZLyiQx,hsYMPJXd,lccQxGYO,aXDiRmXa,xaKZIvuD,DpEMiggx,49664,46531,91756,35597,73689,98516
tGyBhlUW,FJcVwiqA,FMaRJINB,cdcwwmEZ,YfzNpJCI,cWDBdZIJ,31051,46694,79599,36675,90637,40989
rznASKIq,niZLLJMJ,ZbfembZP,Tojvjtdv,CZDQMZfo,wZFetfli,88316,25868,82623,96688,26642,66215
HmwlJPkF,JuwNRJfj,dHXnRpsz,GbgMSbMD,LAAcwJdz,OSVDGktu,96177,45503,72786,25358,42764,80074
WHRqYnmZ,VDJDaSkX,YtmrEixB,VycsEaRr,wknlHspl,KyaFiYNz,27991,86086,33008,70733,44488,87450
gKFbaYVX,dckZoabt,OWdwrfaq,XNPAtdRK,LfOhmysG,TUvUiMmj,17813,52402,4439,24029,71627,45946
lWcbQRvF,zhRnwajM,nBpnENBy,kziQIwne,UnGQKlsV,VTGwGIyj,78769,83337,52076,38316,82433,58976
NtTITBGh,QSXXSMEW,SAtbgtFG,kPiUNReQ,jOLNdPyW,dOQCzVgJ,16297,13221,19437,91493,91696,91712
PLeaFOOW,FbDQKWRZ,lGSDcPhw,tmSWQOqI,OqONhKbe,dDRzQENT,25874,52096,17464,67935,70325,98479
JtbzbMlQ,VwYybDmk,kiEmXcrQ,UmLzsufs,WyrrHZrD,FcFHZkmd,9097,32818,86537,5106,84849,36094
pnUIHFuT,oppFBtwH,JqPQPobm,pPnVQgkp,vaMmVuIF,QfuRaavX,39395,87534,24088,98278,22451,59773
neIIcdFk,xRCYaexx,DZzcqPHn,dtrGworC,CsMDaXRK,ImnSVSVE,15466,69497,61189,16128,22954,97657
vFognxdv,QtjECVul,ZfcnDkft,GjgBBUTj,SYExCnNj,ZlGSOGOF,17781,57898,79221,42924,36582,58188
ofSrsiBO,WgkvNaED,VtEemSJO,zYborEOm,MdnWMmLF,ifXBRaPG,67592,64795,94521,47546,62083,52794
iNRcbvnX,vYMLlVLL,iVTKhwgw,CbRNjwSG,yqBzDugv,HsDOJWSP,28185,97921,34004,60777,55586,71951
ExBwWufr,BNeTGGRs,ogofKOMd,IMOtmwdR,JZebnuBR,yLByPJAj,49956,4315,73078,932,2046,65975
YPpnDnXi,dtLeeDGH,EpyOVOzw,yYuaAetA,pTQehiyD,nbiaIPNz,80717,93999,14225,57683,30730,45316
xAMNYYuo,xrvpmIce,ufgOXLtO,lrqzSnCE,oaLxjPrM,ZBpEJRwq,47160,40851,37409,49547,83976,23841
LpzieaAL,UCuyatIs,LugQgket,JGQUlHGw,EUXWyloH,jqbfYReP,43099,85842,60628,36162,68828,8785
eeThbCjp,EPVACPDB,piNjlNmn,MCMZFlRq,XDKECJOB,qWOVFDUy,59947,80582,33987,45852,51574,52357
nwRtVRhJ,ssknGlwl,WxqfzSmM,MALnYxNf,uqLBHlXk,HRNZWCti,19032,53583,24282,98822,36449,30730
eRzDquIT,XwEqmIqn,jjcVUBYO,QHqlbbwZ,KZEYRbBq,HJSWGYVn,88659,19641,44138,70516,97135,64019
JHTXOeej,VBhjgaiy,XdNZRcRb,pMFWYGOb,PRofLiXS,DmmHdBnG,85326,95134,91068,16672,76899,29313
wAQeWHlE,TSgUawYQ,LMXgglZW,zjuFoQzI,mHoefEQa,GjUkNBmW,78086,39180,82721,67960,51678,59353
vKCrNhOl,uZjQuXaK,amrcuqaE,JBtDzPgP,KiczwZGV,NkqcydGd,96971,15012,9554,26734,51961,82653
USVMmfYw,BFHdZOlx,aRirGgsn,aCOgDnMh,QPvZeMpn,XIztltHr,99102,65069,31585,74807,21841,3891
XeqjUKCi,xeXupKfD,IHYEzQBd,LUeRqUPd,NGFrWXtw,RdemcNdH,90475,9930,449,199,77066,38483
bwhRDwrD,sCsOTdEx,aHhvBbZq,apRITLXP,xAbhvyvf,PRhrSITW,88484,38760,73436,82980,90407,15266
gWmoaqNd,yLuLCddC,YneFjARN,fcXOTtXN,fUMdFmcz,ANxQOwgb,7885,85979,80969,3549,14851,22232
cecmGfeY,hSwbpUkC,wEcbTpnd,JjjMiTgM,QfxPWDCR,YIoApKPT,32346,89121,51137,80610,37011,92515
uxPxhGqf,LjVShINd,MaUlozmF,XSXmokIg,lLkrCbqF,qNoRgOhn,19194,65480,98245,562,14110,10749
yernfxuW,UYmFjjid,tZkGtEqo,tTRwUoWX,BgSVCfBp,PqzQHQzA,84602,4432,17640,2334,67284,44518
lGqXWtLf,NpvohxrI,OFbSPcVw,gGqkbNXM,LvMbTyrq,xNyiuSFp,22355,36824,37897,38828,89853,62362
rtMNhnPF,muRqLTwk,iZGdzpvH,jllrMIXY,MdevSVmt,hqjffGBW,30244,7703,39240,29808,67160,65817
QWoyiEAy,ZLnUgtbV,DBAdgwkI,ynxFZuur,GrLWciXq,nbFNBSEN,90186,76546,64595,95712,6556,94521
WaWAsIYU,yRVqWTel,akjVXkhQ,wIaQDaQe,fGmslpFJ,bEBzfChq,29499,95336,60933,65076,71347,48705
IvYaHYkF,OABnJAfs,sgEGyBCa,aZCGrrLC,PHSNsnOn,NxbXyNhS,68793,51602,6689,33188,82925,15935
EqtSYceY,MZBxXStA,XckPXXaz,MtgHWrqH,ruYpoFfZ,gPXKOcAP,71590,77532,45353,21396,17137,72151
hJmHrOOJ,lGiLoozV,NfBKBlqs,iIAqjBGB,yUIjawnE,LZYSXRFa,63948,85149,35001,86834,92442,73486
NqMaUcer,iAaGYwyz,rFGjJBBz,tgllMqak,uJqjsohZ,BZcVYQSM,36593,50201,91531,38675,69912,75547
uswNLjsD,EZqlTWZH,dugseLCt,yrPZnfDY,kMjaYMFj,WvbiqUMg,84961,53530,77321,35655,21571,74996
AwCFqVwb,sZsvTOxf,edHqTSMj,XsZwcTnJ,eEEbmGeq,qYrXveHQ,26421,1707,52780,57152,50652,55316
EibeHsKI,pJpNUOpH,JnSFwXFs,inSkulkO,osPmZaUn,ksCfyaLg,15904,41460,64838,5186,78201,99538
nElhJMvn,JeMyXtMx,RrUnreQE,qPLWJPzR,lLXoIYzh,HYncqjJB,22819,21961,1822,20567,44444,56798
uhWasyjY,KYfIfsNJ,FrGphGfs,dlQPVWtJ,vAUkNjed,jrovITmz,65111,76220,3184,93656,74827,97592
KtAwKTzy,oiBJCuhV,tJTgMmxV,CeaWTNrm,rtSaQIYw,RTUztbKF,50085,80470,4684,1948,45000,53807
pTrPmkqW,eaBzdlfL,OUdozsVI,cSITEOHw,irVviazX,yqiXoTjz,99791,70135,66908,90082,55462,67432
utHGpWKd,ceFOLHpm,ljKEebAa,aGswRUMt,epEPcyAQ,kjtYgjuq,40719,7690,75111,83855,7478,75024
zkckORNx,wFuSaREN,vsdGXtJw,VeKMElai,NPrMqjjZ,cJhtlVxW,62256,9745,64209,71267,10384,2741
zFLePnQU,RxoDgJMs,LhQAuRrI,iCUGujRF,ryGchMMr,kfTSPGgk,36899,8625,7052,34477,2960,31968
plVZNaYJ,GHDtqeib,aZjipyMC,JAmuqaNL,ugUEKWcl,hTIJbvje,42786,73183,89016,22257,64025,20368
tMiLjOTu,hIUVlKpt,QkcHfMhX,XYOqJoQr,SBePIZJY,bVhpajOP,30328,25659,84741,3347,64654,54616
HhqpCaTj,waGbtLkU,MetdNcOX,NQvjiqdP,gwVLBmOm,rgJustmR,56366,76383,23427,39106,70978,59474
HFCzufNU,dDaZuBLo,SOZPPlPN,hRXkEXJQ,STbJxTGZ,ATssDvwv,60593,66432,27089,40636,94849,33842
euMovIuU,IxPGTrcT,bTBknVHs,nXIXDjlt,NUXGhfMs,OpixIpzq,36771,71719,8778,15129,1369,59218
FGwBZrrV,yuZrRAQV,HyLzhknn,NSlHvWwg,FuBYqIdH,WdYCeDOO,23731,15024,64742,95862,29781,16755
VZGGVQMX,eWQbOYkL,mdkfBRZh,cKVqZVgC,YNrzGmTh,PMwWQTRg,82718,70087,31057,41042,46481,24985
iYLbhRXP,ElHRWnmY,MFoUVoti,CgXkqymD,grlHmXdo,jYbkxcRS,29153,50135,18614,41379,74930,86212
hWTSkwXF,sGdysRPX,IQfRMhoN,GFacIFcI,yiYYseTb,afycteQl,64301,30413,31594,39251,61684,88602
KCZtpPWo,BntMXAxn,XJdlWGTm,dYjhttPG,pREDTIxK,gZHDsFRw,39459,77143,99020,3908,16766,37857
uwiByJWA,IfRzFBAQ,NFjyQKNy,WJrLbPYc,TTSvPjsS,SBahCrDH,90375,38982,82182,64531,97930,56595
PhZdDCMF,cRABPfoo,XbwLrgsr,PjiNeHlr,wMcOOrwN,oavlLIDa,44674,78652,93779,70759,82766,61925
BqSxXJdz,IhAnMJzM,AaxnEVKz,evJVMEAg,Lrlymsle,LIbvbMxe,57180,92883,52684,29678,35694,36140
TAZrsrDL,abJnJuoY,dmxoOaGc,yzUkSmiN,ZqOUlSOP,PzExPTkf,19015,34560,97021,25409,40670,25137
LcjOwolv,UyEtiGYf,wXQrBzmi,VNWCVcoo,JwEPlkmu,pHbuWrCY,36576,40683,28456,73483,58507,10366
DVcRXiwI,lDGBSwFj,OEfHSGeu,stizpWsN,RwAtBBIl,yNzsgHcL,96192,12178,10806,71081,32305,32713
wWKaeRlv,yXLPWXuy,PoFyRfSs,vhqeJrkL,RtPkcAUU,HXSrKpvA,20763,22600,4259,56864,34985,26902
vLVbSuvJ,dILGKkqO,FTdqalmE,GjcAKUrB,xbeoIJZh,woWtOIyX,75308,41139,21958,70118,44465,56271
UoVYkLCX,moXDlWjY,AkUlhXOM,VhmSbJyp,vQKhbDUu,WxOZaHKO,48608,40644,66076,48878,35698,32694
LEHlkRlV,vhtFsign,vDonhEVZ,AEDuVQdA,OZRscxtf,UULRLRAA,93213,58288,73931,22777,73276,84733
LwNnOAjJ,ukPsgFpM,kpttDmjE,KxDxRwBl,LvQZmpZX,nRpGQpYL,46251,33387,34010,1263,98941,45691
CsRqbfhl,jrYehdXI,IDbsksHB,SYbcYCsZ,MbfhpAsb,IcRqQWMF,65482,51372,806,2627,25918,86306
vdpJnFSh,oHzydVWU,OGmJNUgK,xYwVjKJw,XBjwyZZO,RgVZtXjB,74913,77676,34906,25503,29288,99991
eadSErzt,XOxbQgMX,bBXVBYrn,UGZJNyUs,lzzARbjL,JzaWZOPc,90926,34581,94479,68982,67560,42599
LQTbvkgQ,qbvNCgTO,pKAQwaex,SNNiKhXu,EEPejdpW,IEjsUWFB,31900,75142,22400,65220,73904,81992
ShNWWlOW,MPoZBITw,THJRUdVd,RRFBjaht,rxAXEhgr,eMvcwySD,38601,6502,74603,52200,61906,7641
cYdRuCeX,kdoqMkYc,bzENXxGJ,FZnjUlXp,itIXBdKa,ZvxBKKwW,62578,72803,84189,45534,92027,9528
NCGWZGMG,ttIvsQNy,ecaeSrvW,LNihaBQg,nUDfluql,ZiofcVsu,73548,66151,40708,72655,44553,18193
xvNOCOXX,bcIzQPMK,LzToQemH,CXsQLykC,HgBAcUMB,duXHWDbP,84460,87837,47751,2958,82102,60022
plSloiva,PrKmJhRI,MwmdBgli,ILddOeWE,gXfuqSKK,AqoRpGLO,57614,2556,78052,81658,10306,6729
AQJnAysL,GcTEwSub,TxRaHdOm,oAmtYSqf,sGYSVkAf,bBorqEmV,25050,17096,36111,68432,51155,62196
BiaXgiKh,TqAqXfib,DBtZjGHk,fMArPgEa,lFBcuTaH,CvMCTlYO,57971,48678,64099,30486,52424,7822
IlZiTwyg,DuidfdYM,SCwCFaFu,JkbDHNkm,TvcAIyzP,GGcZvWCS,43522,86654,51694,19760,42950,59238
CtWJkPKM,hQVStXYq,AuWmmkgc,NSjnyBDd,nyAvsFge,gQeIXsgd,66308,1752,92213,43013,28572,53091
JAioSVJZ,PoFXvuHe,xJVcigEA,TCgcpuBN,vknrkbEp,AwzVBVcG,93477,87266,32925,43190,84803,31053
yYmtWgpH,wtxHdhfd,PAjOPJpx,npyGdUKl,yZVZjDQy,ALksSfrg,53296,6464,12609,41705,45454,33
faBnymZI,WcnbsJPn,sYjfAuCf,OGukfzXd,cYAsDpHz,VIUabdeT,68419,95006,98126,95411,73245,57734
AzvSqHkx,VcBckyOO,NMmUbXDk,gvZUthRE,lgOhAoxL,iCBhLSyU,97963,28049,14508,11450,27764,80945
ETapuSAW,cOKvPAJV,afRMzUsV,RsCjHdYA,XNiZHhBj,fGZmYCQQ,9870,76800,62823,30376,55958,56271
HABjsLyB,DiKrzyxq,cMPhQzWJ,kOaAtRPS,VoUVssxW,urWLINiw,60045,74112,77127,89782,85222,45735
vUGfzCiz,UIPJDZPN,eqkyRQNd,TWLrWpfc,rQbpMQui,QJPXBEUc,2325,49405,82878,44185,11410,96438
DQOnkMGc,jvzohXHJ,xrwHcqiu,OXHaNYFh,VpQMguPD,YSLjFWYg,1025,56198,7200,28489,99511,76015
AlXmkTLw,rjfGnnCA,YWLjcrOA,HZrTIJLn,jbWduxmn,pEeqdxeI,68569,74270,61451,40514,52808,80670
lxIfbIpg,phgHZlzh,wJCaOSAS,rUukSURj,tWgVfziX,XLvcTFTB,68825,19318,68088,98988,88264,98949
rpXkzqyg,ppYnIijt,odkniHed,kcTlZXXi,xzcnwEiA,cTAAIPGE,29459,68848,42891,1568,58446,79447
hWJLwRbP,DqnWqcXU,XvQrqICy,bWFYdxET,McnGvQOs,WgKSeFTR,2475,25773,16443,74969,32352,88435
GmLHusiH,xDhIQAeb,QQtxcfFn,YfnzuKuw,TGpulMai,IOOeMQgS,75881,18389,38151,26959,825,38622
qsQflGeN,TciLSbMq,OGAeHHEO,UrdDhnaF,vgELMhla,hMqVypyH,70028,39397,34736,74147,66984,82946
VOFHERwR,sfFDzMxw,mWsSrviC,cClsyLDH,ubvhqQew,ejCTvpfA,47013,22759,60288,6950,3372,98519
eJJqVnCX,JQEosVGN,PbwmDuvq,DPvFiVqY,YhYSoeeo,kzTAwyls,28575,20138,60023,89864,79761,67643
TLeKaBKk,xxYMAXtp,VKjxYqVy,pRCDbFEx,plcqfSAx,oCWbxfLU,46626,64064,53050,73012,6146,42973
uKTLxwji,spdUWDSE,udwuAwry,owRdbOut,pbPEmnrw,SDLmpKzH,44427,58419,52437,67978,76401,62116
FzBscfCH,hiBfgKrz,cFReeAOO,ADHObVeM,pwGrQWzE,wUsLPUvd,18512,95568,98255,8050,79030,50016
VrPbJVyT,cORxSgWg,KbyzqgCy,ziyiMxOp,vOUjJxnz,PbkKqefJ,89263,76701,65960,51068,96398,84486
lAzLmUIC,UvxGndGs,VyKrpvaE,obWYcDdY,IEDzljLp,hEUCuely,58251,56895,30416,97625,91438,88776
LnjaExPb,liXCNFbP,ilMJIBFH,MKWYLKpE,lIkfrKkH,ZDTPBXTw,45168,7901,88649,90790,42165,70820
VMNwXPTf,ChsHhJoM,ELWhrEYk,AFZVxXwz,CUcKDClD,WjeYAMAf,41384,52257,71918,97277,30319,41404
hnRuFbcn,WNAIpGtT,SvZUqNRO,ytefetea,eJLWIPRF,qJYdRXfA,77253,50802,28549,18426,40955,24909
UCUHbpzo,vetAaJPh,yVUWGfKX,feawYTWl,CKCvhRTp,pOcsLpyU,98121,67407,87641,97078,91807,97080
rhjXUvtL,RbMOHgSb,PgIAmLeJ,NGCqJlRB,cSFhYjQV,LBXYCtDt,95317,66031,70443,13156,47930,9243
uYOUGPQE,wYcgnLtX,oEoemsLv,yhaWcpmV,srTqBouR,jDGZxCBQ,44812,92704,34276,3351,40927,82590
xFUepvHZ,YjverZgx,bwbFzvcg,mapZMewd,ieJRmJXR,wFlaFYXz,85323,76642,52661,78534,3178,1060
sxGQSJTt,onDTGHgr,uscWqrFE,vJgHFKlX,MnnmQbYB,FhUQacZc,33626,52976,45355,91025,4633,37112
SXkUVBeX,iXDdkOZh,VTKXTJCl,AEaJFWaE,DFlILTPP,uDGViEfA,61631,27630,22941,98787,23628,37866
WlvIhewY,FwEAjkyt,fXrdvmuh,XwgGmisQ,KDokfSdt,dteUxxVZ,57845,14853,50996,29489,79373,17133
QTyZLuRi,gZmpTrgd,xhfHnnmb,zwdjjaIY,hPbVgzdO,aooyosSk,26214,73378,65949,60854,83139,95107
TliAOwgK,vBDuHaBp,UrLheYKV,uhZLyjKP,RDkwfiql,oBOoxwXv,52633,45413,46327,65577,87238,77709
ONhKafBG,QpTLWMUc,gmrCZZhz,ovXJcaNm,sEiOAmSa,qANsTgok,32588,72953,57161,7754,77887,18526
cyFaLLxV,OZfdnIWk,SDHPsBeb,ONFcGdNt,HfNfcahv,ToIrlXlB,96316,81510,54397,71957,30105,91352
NVvqTcPi,PzhmsnXW,MLPhfAha,DdXSlXLW,PcnCzKMB,NZzIYwaW,75818,52352,67676,89764,81025,80921
mSsaGyxr,vfWctlwL,dtpFpiZL,peObIHaX,IJrVTtqB,ziQCnnlU,53830,7762,27274,51282,62147,77020
bQLzOYYu,hDdyGPlr,SSytIoUg,DFiniEgS,HGVNiaUu,XXyOEyiD,43032,14806,64643,80446,76766,22720
BWMLEzoj,jLYiqxsn,JhgArtGl,unqBJsZm,OFSeGTRG,EBTejgQb,64881,10126,5358,35796,72622,41345
TxYUqIOC,mDiNttgT,DDOPcDaO,YDtNVWht,DbMNajDh,ESGQLPcr,87264,79420,50859,16400,20441,62022
SnnhdExA,RHiUGqEv,hQOOLlHO,rprpKgyy,mxvhrcxy,hJhrwicy,89883,8688,89276,10456,21672,16470
qKMulVEc,yHtphOrV,qdGIRctS,JhXGYvbW,joMSNOfI,YdwfZDJb,78588,77705,52451,13950,71713,76534
nUakteag,cTCiPvEG,TGiAjxer,PxkrMYLq,MITuxPZY,kwcBBvpY,6817,14870,84012,85948,11392,45710
oMZxhZWn,AvzzEUAr,VqHVAZBQ,HyjbykUM,xkWLswCh,eXsqaMpI,51007,94371,14175,91754,58365,17966
BndTFndb,KmYxsEIx,mQxEmDLM,RFhOThhh,PrbuGVXA,ESATpHSR,55484,66,67314,15247,32166,54851
SCpwOqPO,YPYQlqQA,wRKYYmlq,xLmyvkJF,PLXQHXjP,ZmwIenbr,36899,5597,53650,10099,89866,17595
KUnIfoTQ,QpqOfcLX,WctfeOqm,mwTljHUz,PttgrKXx,lMumBHrX,55992,19720,28498,19636,62575,11647
bnTRIUBS,rUIgaIQy,dlOpZIuu,lcKedaSU,bzCZsxDs,aWmCCzGz,36030,5595,96063,45357,9984,45239
gUmDnlHy,aEkDEgAk,lRQUZBaD,NlBRPdNc,rPucUdTu,pjZFbYwP,70992,49759,10725,45008,78409,44514
ZIwbiVkW,YjaZvItr,qMkSlkxC,ypLQlUNU,WeoTBUOw,SXnWcJWe,50359,99431,63330,42277,67109,23746
VpnQeIlW,xIbQjdWd,rOMjakne,REkfDIWK,uEWjzmbm,gyjkWnAD,50797,44184,89513,47252,69857,12699
wahflWDk,SBkZBljO,HsbZgxoS,AqvTojmt,kWiAuzvi,pijHQxON,12023,20326,77440,83594,45888,72227
stLvRIbN,oOCvgoib,ZCsiOdFY,eavoWiEq,JJPMfUhB,YNCjqKWN,45031,55172,36828,59678,5906,67154
ceuhPyOZ,TJcNiDQj,zDDPrkSo,yQgLlfwM,RnCEnSTr,isFrdHxx,52385,32786,65750,14104,99209,42087
rgdSFoDS,yxenXeKK,DgsHbkZr,HXEfRSHo,lMOWhpPY,FEDtMcFr,72626,47812,56278,29829,19124,62908
sgsRXqtt,iNVHQegG,XlHbBESn,JaWeywcR,gHmoLEWw,fdCRggxD,3122,49029,98439,75965,77178,99352
dcLdirvq,aVqVTCqf,zmmZniwZ,zIUDyuTt,QpMdtxnj,RvEQmlUr,51523,37733,94503,38599,83635,4226
Wqgzfdhk,hhGVlZJN,alrnunHg,rkdzieqO,UHOpTTAk,IoTRGjDg,31959,29063,42044,55388,49648,66901
oHreodor,eGdoPgcJ,PDFTUDdI,wKemtuXX,YTLtTWHv,QCZPaqpi,45120,81536,41161,82129,70012,27182
BiYRqCSC,TZCggRzY,cNOHkWrH,fnAaSofK,wUSPVcWf,HOodAhKt,34594,87197,82847,17185,49011,22542
CoeSmJnV,ZpZxzJaw,USGCKaxT,FyrDcHKd,xFkSVVoi,SYpfnonq,22589,21366,36727,18443,24081,69658
qNWTsfOp,ogynTbgN,fbbXRYGD,gUISYAns,phnhdMGs,zjuUrSSR,61760,27080,15163,17110,38740,71957
zrOQQwLj,EIUjBlcu,YnHeyOUC,pGDSltlv,Wbfhxndh,FJXQwWXL,48953,5968,11087,14154,19633,28114
fpwOLQii,zIwxaVvd,knPIeEEi,iBlsBTTS,yRNVnJgy,JInHLnVj,73431,43373,96354,91698,79703,22200
vqlbPJli,sJyUaAdg,jytnZAAB,bvljzxcf,ZrVFgclb,XvojotTi,87852,78051,45523,91822,84632,76191
egWvwfHO,roENkFtF,DStyJuqD,cVzXKsjn,FtMhUbMj,ioGGGnmd,52295,15582,70510,9117,91631,92627
bvFQyAAv,KOTivFNs,xRoehbmg,jPkqauul,GPyKhJqs,VRQLsdcz,5332,91464,81300,16929,782,48302
LnUDSRSi,idMaCtod,OVydMSJi,uVdUOUhg,eIhhwKla,gqYNNJHb,23252,88632,47124,53921,62190,20519
WbhkTeOj,cYjFeMCo,pzydtzJt,ZPIkAJnV,jchqEcdG,ApDgjnpA,2612,55997,65923,66649,95679,67252
PiHsPxGp,cxsBaltu,RVmVFokt,DmcjeNgx,YqvtaQSR,zYTIeqPv,50494,41502,10069,92444,51350,73819
fviIwNHt,vXDKAFOJ,nNpctZBH,XTmVzntj,wTPxiVAG,mKzMubYh,63869,78408,82780,23726,87979,9214
RQzipzXo,OhuJpbPr,RwnftrCm,TiPFrrWd,afAFhCFq,sbfIDXpO,39253,83614,77688,30051,34329,5714
tCeomDUz,zTGRXZQM,sxMWZxLZ,gJnWYIvx,aRgCdpep,UmGjAkYS,11782,38280,68384,159,20108,78534
XaRRQJzc,tYaWJZoV,rVUUFGCO,tSPxxBmX,tJDhSijc,MzRByVNI,7633,25070,79901,25331,26129,78517
wvXTlDDJ,chzDGvei,USBmhpxV,MPitZIDa,KAyVXazg,oMIKWGJk,36634,39874,62681,3801,79763,26030
qKgJWLBc,hBXoThyD,CIHVRYTN,LLhSURKf,vRqlwjix,SNtfGLag,78127,55482,35044,29476,10283,1110
FopDYJnD,mBgeHZTf,WxIgFuzS,PWgHULLV,mkJKKzeH,YmdUiHcw,67191,20221,59673,75576,11211,95885
dNnVXqOl,KCEKbUvb,ZihaSMSt,gGIOIxEk,jycoDnjq,XuPXwEKd,51426,47839,34284,88618,89598,98261
IKIOOccE,xItvXmJS,zotIKuEh,yXVWFpKd,CcrKjPmr,ZfylEasG,41361,25324,65718,69166,17144,4871
vqhHzhmw,nCnuQNVW,qbtJsQQq,mLJBggZN,nitrKiRP,epuGHaOz,42097,28743,97671,98367,37871,88607
oEGGmbhp,KqqKGfUr,lLzMJPmb,laXlWWAc,swcYCFSH,OEAEQbBP,63616,78290,63814,67786,87481,97164
LgjeCyQg,DrzGcrvp,OretPbBV,ESyQvKZm,ryIztNmV,WNdgjcja,57890,79625,11705,20325,68367,68948
YKUvBGTB,zOOInQLI,lsFsXVhL,lZucZmCZ,hqxrXmPP,ESGkNjOo,56828,57344,27531,79323,44006,63272
MncFzzsd,VlVlDtXw,OyeWnoFA,PGoCdTPf,ymgXskEW,afnLgFeG,61584,39683,41414,76161,8669,73465
vpYoaPEv,uJrGhvZt,IrvfkXqp,enPGHevv,hflmWyzQ,wxmgGcFD,67404,71524,88522,16420,37941,11143
VvHdZfWy,FyBDHvCt,DjcOKSBl,IYMJBmuJ,fqxNcVNf,jTEFhYNN,20831,84276,65866,18430,68856,29288
tFMRMCMA,HfIYoBOy,pikZyQLD,cKeuZxOV,LdSidCww,nWYguwqL,77761,38052,33790,18316,29940,31394
Aphboaph,dsgWEvTo,cupGFlnC,ThDFBNcl,YjXvqufV,zSEsAGxn,29003,94798,7552,57298,63025,84646
TmWZanrg,axDCshIq,XiNbmbaG,rWvSmcIE,iPgGzPzI,FsJwGDbr,97974,7475,53222,55488,76252,8318
pLsezObE,IyyDMgzI,zuQczXbK,aIMiXReb,wSrpZaJC,ERNLaUEj,39989,88674,86462,48785,19576,91731
dncoqKWL,kpwveTIv,oaSshvSz,GlylTtMt,rDgIVSiE,EvOmSyWN,74060,71500,35443,7617,23861,61620
KmiEDqAH,uFURgiKD,kdMlfSLX,wdoLzKgA,wtAqncGw,jrHCuZbO,16518,37344,14960,71015,8112,38041
iBAEfibI,urqoXgxw,fXpypeGW,McLKgxyA,LBuSyJFd,BRjGbHGh,96049,58605,13478,92432,27710,92118
cocIqIHF,JeErKeRR,eXsUjsOi,dSrdjisS,ypyERBOj,qREfWAKf,18826,82920,73166,92272,75315,85453
TQgeVKQe,VFLwRUbh,StyfjFpJ,NmZtiKtn,IaOYHSTH,IpzcdESN,56258,79958,93522,19487,37058,21427
CfOjFUCc,ThmxZckz,NKzpFKrZ,nnvVVShM,QfgkZxgk,npOVOKEL,5346,70790,55063,37367,14156,14990
ZFUEzOhA,cgrCdIQA,KdZHAnWY,xZEkgFoa,sOJRCXUv,kMUVoUtR,75689,19741,67948,50711,58483,35083
riiebbeT,ahDvIZGG,kNXUVepA,BtHfsqGS,JrCsXkjf,POHpBNIR,55546,33294,22047,72031,59893,87467
gJjyncoL,pCLcesNP,YXAdhwcs,FrVGGmXy,mgBUeIsD,xTONuWji,82625,19132,36971,88642,32082,37729
DvdHHlMS,XZlIHYzf,TXoCFpQl,CbUvxxuw,wIaEiONE,ckPjMrIl,1972,91670,10142,57580,84273,96893
ERixpMvi,GzkvGjvC,JqzbcGlD,kGSezyyv,LOTbZaLa,wswopYRw,95030,35057,40539,41384,82268,45771
kxmPuYmB,smztxHFp,bMTDaQhT,BOHsLNaf,mtbuuCQS,fCGIDGdu,74618,49156,41466,73512,76382,99668
gMoJHFKC,cxTrIHCv,xzaWnCeJ,nrkjpHJO,TKvpITjz,AosAuJxI,2522,94321,50695,55182,84187,94494
AGciIsix,QsJuxPLj,TIZAnIIs,rUMrfkQq,GUfbuIed,zNFwfvuV,34185,96466,83503,80481,87259,77949
DSybiQyJ,BhJSCfPa,iOyTRzza,NhrmlnLc,olIUcFKi,FbuTQBhA,12265,89433,79197,47166,4407,72554
KHEUdwBa,uRHchsAB,ONNAbuqD,hHiOlQXo,yxgNyMwH,FDoHleeM,51521,70872,87517,54355,38837,86557
HyiFxwau,pxdBQkUl,SlgAOGGS,AXQtwuft,bfYxdVRz,bqxQocTl,11616,83688,12918,84663,25130,89077
RnKUyqQe,MwBXFVJy,WEkyRWQe,iBwTneNl,VHkhThIn,ypFBkBFp,23261,35429,83759,37621,60422,26015
UtUMnfnd,qpwnCkcM,gRbLGLpB,DcZdjXfs,BpqepdLu,MWHBdQkB,74440,64165,75421,36751,64529,80244
SbIKvLce,zbbOgyVT,WgHAkCFU,YbZNBgNe,cJYyxCAr,WjqsLlDd,92205,38117,49272,16528,22704,73257
LEkMsxLP,REDlnjdT,rSmyivsM,MYBhbDIC,niNDNvFo,vzjRVyjg,64928,72454,3533,87461,80429,21575
ZUwYIalN,eIAdwxVG,yKxyJpVr,kdtkCpKX,LuCeeblx,EmWxEzLA,34367,49157,72804,28127,6851,80776
dbPNAofe,fROxughq,yxxJywEj,KUgwsdcp,TTBwEccj,KsMmazlE,19682,37841,72116,28908,42974,52896
PgeZnjfr,rfTxUzbb,egNfHMdg,pOilyPLs,Srckvung,yLvtSJHy,37941,46188,72208,96157,27093,45420
QDNQDWZE,ESGjUGsd,AyAzXuws,OlAVehtZ,HulYVIii,dilApLSw,67364,13340,18713,86519,86381,295
XJuhFyih,zWrrhqSC,CDLgnwJl,sNURrOyp,kyEiDZKz,xbWxwYDL,82460,1076,92231,408,51126,22028
kaNEMpwW,cExOabPv,ULLpKRUp,kdJNotPH,tftNhmuV,fiTHomDA,76828,20822,92543,14173,97049,7502
yVssiVeu,bGesyaLU,FHJIHMsP,DwfzRAGJ,ATyTYjVV,qClmadHS,39894,24520,24193,81532,67999,97544
bZmOisMR,SSwRfbCJ,LGhFBXXR,KZyjfAcS,cFHqlPpb,bxkTbuTL,75297,44808,92493,78080,93102,74347
ETOLJhLc,TluIqiiE,fNgUjREd,cuSWfDQR,lTWCVeDX,bGWOQpXZ,78208,35453,94516,78966,36530,10510
ZJDKXxnv,lwmTzqOv,JPWCRAFl,nTnanEZC,UkAlPvNf,RsqwoRdd,87148,73751,94222,94983,47236,81592
zLPuNVcD,KyqYjVHe,gSQTSIDb,RzgpfgAL,yAmXyLvL,PIYOpurZ,15074,69666,66312,42464,72188,66904
XluFLmyM,kynOXFiU,rVIIEdyH,DwSDOVCa,YqmXahCM,vpFzBGyw,6183,49031,87188,84585,12675,51919
gHcvFtXl,PrtWBHxk,yOwaKOqL,jPZGJflO,YugQMvnR,xTUIzmBm,42069,1049,53811,479,66734,58535
pYsaukLX,qewXgiuq,NOJyfhvX,QKHsoKFu,edkafCpT,LuQLrHPh,66514,86942,53067,93340,25634,2864
fasPifVt,FfeTuumU,KrzdOGMg,CEIgBDPY,rslvhLKG,eBclszBL,280,28758,54716,54330,59624,29060
YgpiyZad,HDRUdCxP,rCZpgIcF,NCiTqkXm,NVCZDmcR,lPthnMiG,35144,44687,45043,52448,36699,90597
hvhXeTzF,lAnERWrD,BhQWxsAU,FWvaPfQf,sLiAiwVr,AZRxqilG,76158,74421,36911,29827,77771,48734
UBpJpAgx,eGMlVquL,QSYtmCXE,bzmFcsKr,OTWPBGle,bGszdFji,76737,33691,93551,84911,60434,60636
kSPJHYwe,GHzkFaEq,sLwwPoOo,xiterAiB,hIdxlPrY,IXiClXuL,79664,87196,87801,5363,21434,74209
ToAizoCv,RQoOBPwt,JiYBbqCg,ICGHYLmf,pJdHaOQC,YeJyEejS,71191,16390,80746,80063,47572,77069
uLDbNqDd,pgqsmlnR,CYcHbdZs,ItRQPAxW,uFiiEFgN,XMIjIdXO,59616,9778,22090,43314,97456,22673
cnAlghbp,lXdyVwQh,wrxtYxXu,kkFCpWKj,srRRXbyQ,EsHUqjCe,68225,20568,35414,22150,53687,88227
NPfyHMyw,TCHLGRup,hPAjItjd,hTLZQWyJ,NfpBriwo,zblmibWs,20333,33781,73875,41704,5055,36171
iwIJudhc,SNSdjYTt,xjWvSvhD,BskbRtru,FcqJJHJt,PFaskntY,37496,53036,60385,31127,31039,83152
VHvqzgYq,ypElosJK,DVoLqtdx,UgckZujL,oMkIgkxv,lANhPKvn,2125,91674,84928,80989,47129,19862
pKnKnpHp,YlyRLPXU,uhmQtAlI,lVvRrRJr,KcpsBmZW,RFgtiCFH,53058,2617,92811,72607,98091,58677
KeyPiAXm,nKDJncOo,XQuVnBYl,DLJjKxmT,HjcPIjVU,pRtFGUJM,66673,85930,9927,18826,91158,35562
edEloewj,UriAUJFG,LzGXEXAS,ANnUWzHo,deNQvafP,vPkVdhns,56418,38374,38280,27868,92764,66023
nuDXMkwa,XuvcMQEI,zRqsTdSi,NbxKDoFo,oXAAjiAV,vLtFtdqE,37223,74752,19957,83963,81760,83321
JiOJJswy,jMoytIHk,uIYpDuAL,QoEBpoHC,KyshyfkE,vuHLsMyr,47158,17203,47874,1165,65719,87241
oWpouhlo,PSYBJJeE,mSzTLMLV,FmQffZEg,ljrsfrzX,sTpMkMAK,39599,3409,39830,15681,13180,35342
oxlJXNGg,nmvSikqA,RnnOtlVz,GTxYwPib,lUVzyKrI,XWeWQZLk,59516,39931,77773,73166,64395,27874
rfuPYpHr,fjyTRaZS,CsyQdhrJ,MxtEsGil,vKqMmWli,PccBnuWW,60839,48855,39939,14042,23174,76085
cysvBmvt,AEIeRWTB,VjZtxFWN,OEbJHPEJ,gEVdUYNf,HBHJEKtx,89743,59415,56558,84554,34959,87556
VIsdllnk,rcXrmZrh,qDPZAjHR,wnWzvcMG,nxibZwSn,rkFsPpUz,57244,33444,48906,97434,93635,96400
cstkBxWF,gUtaxlRl,ymhHxznO,EouTzsPK,vvnWEupI,EEmaBxWS,40330,96652,79726,56481,94065,58738
KWMRIvqx,kgJHlJsj,iVfioHhG,YviFiAqK,FEsykAYo,TgdUzGLg,51196,92390,39821,81695,78328,91378
TvWoEwFs,fsTDjzDd,cKMktbTn,cuSkxIxc,tCIubefW,PlWXoqsz,79701,54815,81630,57145,78668,8446
frbpLQpk,aiRYnhxg,VXImvaJR,tFXthkhO,aErXjevh,awGJeXvX,94924,51581,38631,78571,9356,35210
YbgefPxz,fosoypXx,ZpKkwEfd,KcCNiSmq,xMCzdSWj,HonjuwKc,57250,58289,96170,5505,58571,6368
PddzWWJh,tfZVFQzo,tWmJxBoS,XxPQyTRr,bxxuvNHi,sBQAArzF,29284,92437,53281,28865,63437,43480
BOUslLii,FkumJoHN,MqNpSEVa,tLacUdTF,owXOKand,OJYXAmhz,44247,5899,1384,33088,98266,57805
hKcxHSLs,mWEsLjJK,IIPpbeaQ,ddCojhho,vQxOlVQI,MFsmDHri,81495,9233,92268,40361,80485,96278
aiRoHVow,XQubHbSf,XUgzdurM,jnosRmWe,tfsxWBMP,WbcBwKmx,7141,9760,22769,89332,67643,71803
bAZgjwSd,rZBgAutj,oYQcPirq,pXpsbJvM,EVIBKiUF,aPjfneHs,91166,62808,48232,35170,76559,57788
IpgThmUt,wFlqopWk,RUXpMqNM,drSfFwkX,pOeQsKiB,VCskJWfY,69751,38315,40472,65846,60753,22187
zrZNkbus,nKHGzLwK,jBDIULNP,UeJMFVGQ,zdjPulDb,ljwjAbag,75305,31957,71059,61984,76096,82228
ORLQMyHG,eEAkkaGy,fiEabZyt,QPoNBnAx,pEFRQPFb,XRgfMGJr,31621,55173,8603,85944,26868,72743
rCqNDBOw,IvSOpipb,DwEvUNIN,nZUVcvXZ,PScpEgrv,KtLQqJzb,95276,30550,65074,39655,51161,84663
yQPzTaLH,WOxZjDHk,uFRgJIym,YJfyMtbY,UuMspuiw,qmeNqDJX,49356,76106,40492,50782,89617,56902
uWfrNYtt,hNwGRcNs,nPnzrdxJ,cRENsBnV,OPyQYONa,BFTwneYJ,77898,36600,76433,81308,75909,71143
BRGTQQZe,bwkICOBB,ShmcXkxM,kXTXhQNP,phyVBJvu,ThVnvKxo,18663,97558,14509,19182,98456,14929
gHJgnJXB,gQlmzrvj,wtdpUdYg,kmjZtepd,wnYPZodv,FUaLFsze,65244,7861,42148,85846,49180,1999
SKYkwtHF,lBQQeBtO,ZUqJZQhp,COkvOSEI,MqwYxMPD,opslixus,10343,99221,30210,33890,8406,38137
oJivKFoh,GwMWxgAI,jzixXUUK,QcKwEjIq,DbCTTcYP,sOhGOosj,80849,24012,53251,7219,68814,47634
oWZKTgyQ,dkNvysRR,PNhJmbLj,tVGzTOZE,FdErWJQF,BDfPGYoK,78606,28431,32411,33337,56968,8152
YUpElIIs,qMQPQZJI,VFKqfyAi,eeKxeQiC,mmvFibFM,SYSJmUsz,5692,56433,22855,79618,38497,85177
UsUFJLTM,kRvnobHw,SUPECjoh,sRfVCoaY,YhsZSoVq,EHWLvlbd,16060,29227,15206,65201,32674,50261
DuaQlRyf,lDWPacsd,xhEUaSyE,PLikNnrI,THmzPNEb,JArHMKyL,59203,4127,62722,73378,73522,44166
hjloBAmI,mLluuBdi,dceOVQAb,ibjwnReA,IPpWfYaf,lmGgSZXP,96872,95681,61209,60543,85421,28287
bCKLReAr,ARUdUxql,BPIzhgzs,kKJPVgxP,OECxLKQl,gCqMKhbn,79003,3176,51635,20794,96298,87098
RAtkcrUx,eWQOuGKz,cNjKpJGa,DpLNokwG,PolXkcac,LqpHOZmf,50832,19820,10262,79786,77441,8940
CTaKIytH,dDpLXOve,DpvdcKUB,vIlWkRbJ,DDysWhtT,VAoTUsBx,9889,37524,40677,24066,14639,1909
POmHLqxE,VQuXSWuq,GGVbUdTN,JlfBCvqg,nAnebYwj,wVcetDsW,84057,67871,336,17420,60434,72719
KDnQHlLJ,eOOrEJOv,nvtCFeOh,BoQiVROm,qlErJKGB,XVoTHbqM,80734,12767,77044,99507,30857,55168
kZTvLIsi,hunhwUYC,eBElZMmP,aLdYfTlL,gcMZLJiP,zCHlDvqD,93611,30993,16998,24470,51668,29846
DQgLFCKV,TMdBEUzp,UaKlneOI,jrEykkKM,pJGBuDXC,ZYsmerQp,31175,64863,21433,84029,9689,22518
yhUclPNp,hnVDjtJD,GylwfQGH,GzBCRJHm,lODcSquQ,QqOYBhFC,84267,52896,82929,89290,71176,50726
xjVzXMOu,vGfjmdjg,LRfUpwZI,YwSkfcka,nSGeDHup,noAGyUsF,72410,47925,9915,23542,35042,37414
EOgzesIi,NQvOzGwZ,KaZanaLL,IADfeXCk,eYrEmWyC,AHhCttZU,9619,20971,7454,83458,41686,57595
hPEbPhqz,YVnjNywT,FLzkRnlh,cNBnYXHv,mcQKDSGB,MNmwNwsJ,23588,33493,80940,56211,68837,19807
IUntpwNy,GtLAtNlz,gSkUyacR,hHZhlzMh,VLPCLsud,IzLZLyhQ,87220,83264,83452,80598,6860,21201
lYZnPqAN,qekqyzwp,gGGFaVvD,AkNOhMfl,wuwXyGpq,XqMurPzO,56230,48754,22,6289,69161,15252
kCcsSIJu,ooiKSHKn,FeEKweXn,htVkQQlV,XwRlAkuk,WrihwCaL,81039,58186,27037,16104,30028,31382
QuvPVmMr,gmiwKjPL,iBRIhdOL,vHiZfQQK,ElvCUmFv,YbOBRbRk,44350,35791,46964,4936,9025,98712
yYxcxplj,MyGXyGeb,aOgfTTPY,UttFhQnd,EbOcdqFW,NsgUXHpq,64439,43418,60435,80714,91006,4135
abCQqNDL,iHHpfpDw,skTVHskN,yLosafuw,MFjRwAXW,jSrSvzas,67022,78417,97343,80265,43891,97538
opGzUoXw,kgRpyMmO,jOWMynpe,zeJSGXxe,joZFkMcY,lDlbChmq,73701,32414,85498,91615,18076,63069
guHouahQ,lNEVeoLt,tvfgSoSZ,fjKSKVkw,GmYSFYZm,qErUfElx,69664,5329,65830,83202,91978,66001
wCuWgdsQ,aArsRUGT,nzKFwvlL,ftbHKwNB,gTXNIHKk,DWvNAnrt,19051,4895,58494,15009,78877,50746
fjLevQDa,dPlSTsHP,tGrxxvGD,xRiJlHcn,ctmkKkrt,jgZEUZZM,69856,48702,64539,26232,25410,76212
ZZtNZtSD,nWdgzneM,YXmpIQSG,MgVKMMJk,oDhsIdTb,boaurnLX,11378,84085,98912,45738,34148,22425
BVyIXpoB,xOHwxcSg,FLfoKAws,OrlKFqZv,WAALKmKl,KmvRhRQR,40851,74474,87720,9937,37462,11116
KtAuqxre,RViNXrOc,cRphkOip,bLIXGeUd,ekFkKfql,sWbclJEp,28809,36375,87509,224,60818,24601
lqPmQlYz,WGKdtONT,JdGYmcuJ,ggJImjNB,uebACpkH,EOqIssbI,10351,21533,92521,71850,96385,27767
QlTSpiwc,NXMqAsoT,QDIfvROd,naiGsQtb,MVKrcvox,MaTrpVUn,78361,22654,41648,7994,85659,47971
ZUmWmoJs,IHcsiSHz,uFCTjCHS,SkxcVbml,ZSDCPvIw,LKzoPzWf,41389,33420,54906,13857,18764,27091
RskaFyUb,BfMshXvn,CbgHHPKV,RhSXTKfI,fJfSqyLe,BqCQCoZZ,59178,33064,41121,32635,70397,26587
oDXRjDML,LnZLsTxu,huCYDoiV,FSkySXCY,guGDfVsY,gXgTBPgD,48744,56629,15096,15182,89210,78890
hoGUmpUX,tzfpxprV,oqtcfUbr,QwIcBQRO,xCpVFsYM,NIiScNvs,81295,74745,69664,12761,68714,45049
kekRGObp,GSgthhtm,xdqghgVG,SXjlxIDa,oVLoJjcm,WIUWRsfc,2423,80762,87319,6786,25198,21546
NXPSssOq,AENNRkAY,taUHWEEX,zINGRkoS,bryuLKny,VYhNLFmb,88564,68396,94277,95816,4490,22673
EKPzzOVq,DTAxNTDB,DVlclXue,IMylcdTl,qgTEukmU,ydvcOdqx,3018,79947,70833,19458,47673,23359
gbCTONyA,FFzLhINf,tCxfogmy,nhJlImpJ,mbISGnxG,cfVXJHtc,44570,48948,76133,84962,94242,20437
rCzdRHvP,JnvbIDqd,GDfRMDYp,VcpIIebV,JJFgTaDc,YWWgfrUM,56571,25876,76175,54846,57781,12985
wMdecyCX,ZaANAJxQ,TvlYBKKB,LcaAADsd,tAbpXOMD,fdyboDQr,36267,63784,34395,27857,77831,58735
IVpAbYuf,xZFoUtml,gFCmpupW,cbsjOtqQ,qIoXodev,BtOEndKQ,93768,97807,22604,68801,82931,39243
lQUBAXtV,QpFafWyJ,ZhvVbIaq,mroLRiHt,aDJxdGeK,AxmXtAnS,85256,30021,49260,29048,60206,62699
gRGOjDkp,yaiUydqf,LghVvpiM,qQxSdcTP,hhLiGiov,sEGyPDmF,33548,80900,33956,90601,60724,77478
tzCQRcfZ,OEUegyvj,zuxoiJax,HmmTQUBe,jXfkaEgG,GgqmzlYa,5292,26414,17777,58025,78584,81871
VGvlNZAp,EzjturIW,XzfxNUJc,EyoHTslL,NXgpqNks,YuwaRrtz,12174,60398,4669,55139,25745,32593
fkqmKhEz,fdVafRdH,jtsXfoaQ,iJlAebNs,CwUAiaYe,GZWnXhQs,27800,7764,29963,59992,62013,45447
UyIBjKwm,hNSybuHp,fqDyDFKM,mgQTVQQq,VaLDxLal,jGjPgIcs,72572,19292,31807,95988,65255,56529
OEhnFuYM,kRVmjnfh,HfnzXolY,CtiVckAK,slOHqtve,omYcBDzz,79880,34583,97161,96142,27318,60787
bwZxTNjg,SFufbRBu,BgNKLcYf,RZDGDAnM,TdCsnfsY,bXKjjSjk,54642,20126,17630,7530,43571,50724
XYqJiXJn,HVUcjOQV,QrTNlzlP,rSyHydCb,RCpCHNFL,ubRdMAMz,43459,17539,10293,8426,40014,7320
mmkDOiBB,bHTcWcnv,PWTSfXUB,vHHlJyRv,UWmKnQri,lzzYSYwL,86116,3804,47092,23629,61268,19198
TklYVjpD,ovOmBkLX,CpFJmrpM,IGdBYcLu,qoxKRlbE,tBjlCTnS,87120,98421,84594,81070,9992,29364
ACvnJSWs,nKAUYdRc,AkHYDZQU,PAMZKGTN,EQfKLwnt,rfmNefTb,65077,56647,69978,84154,62710,14202
CNntPvUU,YPawjfhO,YXeZmCGY,CKIHvCzI,QXwlRWFn,wRTprhCM,38032,51898,30110,49658,15182,91197
gaQWMKWA,QfaUxfbc,qFCIzxLH,GrocHVFY,abzEtgpC,MllauYwL,62362,47521,30412,11486,77698,69423
KXWwDfYi,AatRobRX,HkGBVRaE,vNBaTKoJ,sjFWPrGu,AczEPfso,25673,137,10681,38513,81059,29173
qEVNxzIb,ZJwOLVHm,vZOecigA,tdRiLgIp,XekNuEfv,gEeBNPHB,6829,78929,96522,1153,78957,83998
hwvFWGJD,JVkmOHqO,KVQMLDhM,QKEHulXh,XtXvXQBh,cxvurudU,35401,1556,65083,35479,43001,9989
bsHzBPfb,LZliAmgT,bkEKePXC,jCCExDfw,WbicjpSp,ERCdzWHA,17833,75996,77609,48846,249,35829
NVJUUFeg,VtWsbdEU,aTgntCXU,PpwBEjnG,dnlcSKty,xJzrGxtT,57436,84955,55703,24519,79060,31198
NwWyuEKz,MKlEJtjY,wOeOzJTW,GfDWuBNq,AmCqaCuQ,GaAAqCIH,11781,93487,22830,22733,41882,65795
nbNouZkH,cruBNUTP,oWZfUKbG,PrFOsLNJ,rsnlBqNw,FiIcumqx,51603,60619,67789,84890,8459,38372
ravVgUym,NUrOENKv,GprtnjkN,ZobUhlwj,KmqOhtWb,HoyPaLRt,76096,98450,26603,43915,30433,137
gyfHeRbW,AHcVGPBB,VizqDbfZ,VvylIcnN,UtlFAZQu,eyeguJxt,2517,20639,92138,38295,20096,35698
ONInqUdU,DRKhIdGc,mBGkHSiY,ZrMKDkVG,nuzFHMSx,VVFBItEK,69483,59416,49081,16979,74642,94250
lMrmvztP,UeUujwDy,VMpQtHkm,IluFVfsb,BSiaufLQ,vebkXPyD,72270,80835,14399,25249,10699,38342
ChcNKeTK,RnflKthN,gMdudpfJ,sccbSXIw,tcPnmjeq,xjpSJFOY,49769,19728,25539,60237,96235,96972
dNLjPhba,Ljcgaxjd,qnLbxmsT,lOiXrVhb,vAgLkAgk,hBDMywFL,21402,76330,65888,92307,37042,33535
RoqMxXys,HOgPzEvE,gBMmJCwp,MsQPZUHh,oUlCuxwz,jHLzGNyD,9724,75331,22364,72172,66472,57551
MzGTDqzc,ZGytqQlt,XTYdtvyq,WAFKRcuO,gXcCCieo,isqpiIgU,52515,90151,68612,12081,29583,70646
gOxntpWw,ntYeaNAd,UiXztQKr,wvFBPVLD,oItBIgCU,dsawVNjG,58695,85836,2171,91166,76950,10970
DpimInhO,hgjEdzJo,TjRYaHpK,PLyEaGCb,pxCcmbvw,pBXcCAJe,85905,28440,48967,58686,77884,39053
EBZvAeQO,BTqUicgr,ysLUujnh,dpIpuxUh,ZBDbmGDp,TNTcmsoZ,66719,17602,25630,98346,37471,4114
RhpQNcUy,WJLjgGyR,gMNGVGqi,tfbKFjDL,navUBYno,ESPGtMyK,24665,68788,47687,16555,88653,82411
RTZyNZXO,rODneffP,NENuyKND,LMqSCTJL,YcwuBQZf,RsIKcviI,89114,88401,13153,27752,84289,65007
zQtDdFsT,spxZEpIv,OLWBdxIV,WGpiFMrA,UhdUMNir,OWGhecjM,19457,4463,25045,66202,78093,10676
YnyzRfLi,fWxCrrnO,becPqyVy,NGfWUoxe,EtsMVhyx,YLWGJBkO,35184,13249,23913,52160,70159,86060
Ryymkuyo,TVtxLHKA,orqPajfc,BiBoCIeQ,fbvFeauO,aQMXlwqn,77644,48394,37769,17820,82330,78857
mYcVZeEl,dZqTqler,YdLmbyNK,zogYKHDC,oBeKqbLu,vBgGJMlE,1770,25612,55254,37412,92252,37766
RcZYObsb,WsVQZMAJ,wWiVuocs,kTSkEuFF,ysBAQwAg,yikUnyZe,83660,32918,66872,23617,46649,19770
lffuXmXQ,XlUmDUbr,vVvRhiPe,RgYYiCQS,IjaoNQLR,eejgHqXs,34576,76342,93118,29725,86189,42400
XsytApFl,eVJwlnem,tPvmjbxO,UUykkITq,SvZipNhM,KGheWhGJ,93520,81753,81843,89575,60655,14313
hjvhzaVO,JzkNMtvk,nrOJVlME,KzPboHHy,dudAypLc,OBFVnHkt,3640,54281,71896,82020,51008,3411
QPkGovuv,PoUEyYNR,ALqpXiiP,gArgMiOc,uAHVNozu,CRvYgAjF,64829,12570,69064,98153,14802,1810
ORkJhbgr,SkePDnsM,CQpgdeoz,tXOcpuSD,oZGrTxVD,xlCnmRfz,61932,30608,81961,17428,58349,54313
nHxxRENq,lDkSSTml,HyalOwWI,WvmlnCnD,WIWxwKBu,soCOPxBv,97459,75547,89848,24709,64328,22094
ZFZNLEJb,bgNyrrkZ,IxQMMSMd,WjhKEcfP,KMtFVTEh,AoLumjwr,85425,20231,25559,68557,2857,38512
faHspfXu,QmJQQuwt,boGyIdCX,klwXlVxL,rwZxXMaj,oDpEdicV,31086,71138,99859,26841,14263,64954
bXzUAyTX,ZiHmrgSH,NjAUYSYl,jWeKtovc,ZltnsGVP,SNINigrS,31522,32297,86229,89787,22765,9012
KKCtQSSU,BButAMST,ezHdXdUe,oWnnPKcq,VLFSNeMS,LEqhAXWV,38140,19631,18633,78349,89746,9392
fAhyfJKp,NkFhMLeo,fcNupliN,PKaWWVYs,LZtNjNdy,hZmimdzh,88723,17210,68145,84041,52933,521
SghyUpIP,bQjqQYPE,qwqtRKyi,JZZcSPdS,CJpmDZRe,HhDEqyOH,16113,82436,17824,73065,86830,19167
bZGjfDKD,EcOKQJsE,ygUmJODu,lfwAdEtb,zSwqwxLc,PsbpVEhR,97483,23797,48681,12451,77509,42837
vgVcAVaA,SetSelmi,SIMTkpOr,yhDYQhJU,UFJVYulk,WCBYQBnQ,77898,69410,27832,11114,35090,23413
PBrXbENj,jyPghRdy,ZCIwsgPO,AkqTbdwJ,ovTjQfoN,kaUVpuiQ,29338,61343,79333,26950,85837,81520
DNVUdFtr,ILLTLTQa,aistQfqA,uBddikds,aOzLJanA,zFXGQWjQ,47105,89290,15868,60192,58563,16894
wlKcZjtN,SJaIVvQe,ZgkoBzCJ,hDdSOXcy,fTvHuGpL,zVFKPEoo,65574,80032,5628,37708,2607,74303
WLDqhpaP,ojSAyPDC,rcKaCpcl,SSoiMYDp,DysmeXhE,uHYxHqOa,86991,6041,33814,19358,28294,49329
axLGEmQe,GYYnQPUq,DjEzNWSK,JttAqayp,HyKQVFTS,LiIiSBgP,6191,85291,39786,14633,88623,21095
fhEuxRQb,wDxylfka,IcDKodzw,BFFGjhuL,pnnEVuBc,kLRwkkod,39980,18109,38265,95007,86227,73059
SvHkUApI,wPTFUQNp,CIlemjig,QUUhPDjO,RJxmLTUU,TZWaLMWn,24378,84226,34851,11112,1174,92081
GwhdhDIr,YYtcTPEU,TlSlGBpV,krHZVQLy,MNrMsUsL,vWVcLfov,57628,48573,19716,69781,43551,34498
VrhKYQeV,HtiksxsR,lsWphKSF,rtHexpGU,RgJwjezo,xqOWMJFb,2314,19570,65513,72182,97105,43424
efMvUUfG,gpfUxrjk,cOZsqTWG,qHQWmppE,ISAizmrj,rpfVnvvI,38262,70811,41333,12987,73645,16716
zvrrvLEC,SXGNRyOR,DfUtoURq,tbGaGfQg,HzVJmiee,vHoPuRmI,8819,48927,14871,34373,87878,81390
agEREwLu,ouROLRFz,DXakwphD,rpQirSdq,RnPOsnFc,IaCOwRzF,58258,82716,33973,249,83120,95085
rBGnEHGa,yhfcylcN,OwERXvVz,MqkpsAbP,TkGUZrAd,NPUQqFoy,51480,14384,35272,15082,85199,14907
QajzuIol,FDbjxhJo,nTEjQnCz,yiAlXijt,pZdfWWFW,mXwYhwuv,48443,77075,37315,52408,58633,42874
fFAOlTdW,dbqWciSz,myyvGnaO,ttYJmsZy,HXFAyGHi,gxHCgogt,69811,45548,2883,28884,72876,88810
vmzczvLu,WqMYnzHE,iwrSxEum,iIgxGVQI,dELWAUiF,ciPzutyO,16552,83773,86974,2600,12874,78258
VdiMyrUM,GVgwfDkL,WoGjBHUl,SyljNaQj,coJDbrRV,qDbkTifX,96238,11009,55399,58378,45100,36546
jHEIdUxK,CRNcZCLl,jEeFruVl,fzPLiIDC,zvFhSSeG,mGOKgHIh,60048,4866,46066,52342,35279,94380
SOOltYrt,FgyhgVfZ,VpyexvGp,AAvacHJU,hQMvzksV,JaUTDIAZ,23588,65165,47072,73539,93622,50382
mFwLjrfn,wOqzGEcq,qWQsXilY,KTMNAqJu,eXneSgtC,OvoSjeXr,99217,13584,69230,51052,44678,1518
ATnjVqei,EPLCBKBc,xDGuOYwE,kNoOGrcg,XZRUVGkO,UYjzgiYa,6485,15521,82190,61293,36789,71261
ffisOWgi,tngPLWek,uUVhoVMA,EeeDoOSD,oGPcOtjj,AQigKZYs,31335,47418,54531,86929,22048,1647
OHuFilDx,yMyFRQAS,vkoygwjB,tqFNmhYD,ELdbJKgM,mZIjjCgq,24689,30464,99129,74643,34234,93489
fQFppgXq,jZqBMTlr,hVjEIgvU,TLKFLONO,WBJRAszi,ukUCjjBV,58414,17556,56232,91350,88110,10005
dknmzWNd,priwyMqH,SrsANtPO,nFZRXUDD,SUxdQbdV,IGdLnpZz,23539,7903,44981,26776,9766,40749
WzrpuXax,DOCIsEdM,uKYgfdMp,IXueijbx,OsVDNPax,lvsIefzI,32753,77562,29109,65675,20974,26868
reukIeOb,JNomczzx,mpZmHqec,dOqYUaSu,ykYgwxHt,MuWExRcR,10809,17992,79279,68608,69603,41119
OoLElCZH,vOIpMJOT,lwSRJZey,mPRlnPsM,slYKBmsX,gnuggrzU,79317,55474,96754,42774,94456,52845
GekVIcJc,wRsLlprN,vXjBydeu,AJTgcGOG,BrRmubbp,RlYQoinl,917,95595,38891,33075,85566,69096
HxiszCxi,sygVdKfK,hEvYtFbB,EOhreraq,EeIQIGoU,DnCknmYF,71638,5685,39082,94303,59067,79317
sMsFLGET,NPfNRAah,aTPiSnie,DwPuHsOU,xEWavulD,ndzNiITW,54162,47107,85064,61950,39489,37527
KtMIqRHL,NEoaUNoQ,PYPPyeYI,asbQQpQv,PXJVrYpw,ymqjYVGL,96534,96922,34406,69163,77713,88476
KEUTHhSm,EXCGEYrd,cEViNNDW,txuqAIGZ,tSMFUfgI,biUOqLEp,34760,38316,26258,18160,35276,26279
TwJMfuFD,alaqZaEz,owXFEbLN,zPFFXhPT,xfdlDoPD,fAExvgaH,61695,37079,19730,27106,86551,52218
MUxqKMIR,gjmheMfu,OHVfJDvI,qhCXkgiw,rsoYLglU,ZegVCBux,69280,14575,47157,29528,57875,48025
UShqGCLe,QEHToajj,RaaHCeap,MLDbUSBM,OaDgPWlC,btoMlBHs,75935,25855,41344,68554,83985,52906
vSoSvLea,XEHzUiiQ,hsUvxHDf,ZoTYldjt,xmRtSiQE,djeRkSWG,77696,27688,51983,9770,41027,8645
bTFIKSDZ,djpWIEYF,kCFoWjkm,pbvHLQJR,iWKIOkkS,LtKOhDon,17677,99383,50631,14249,92910,18374
cAmrzxGe,VqSRgXfZ,PtBpIZwa,JDdaegrI,ElZhXJgp,kEUtXkLq,83402,1048,4262,52892,76179,30408
LxPaKyih,UdAWjbCP,KpmLQZmh,FjsZdeEx,UTXpnZni,XOWdETec,28406,61748,28892,16534,68776,11272
nXiWydGC,gPuBXmuG,LqcSFTOA,LmGvlWrW,uDvgxxyg,tnmwiigp,27966,70702,44711,19066,64489,75714
foXNtWmW,SICFBEfI,hARXCgxV,NKDeyzzs,ZJZKoZrI,TbExrzAW,93147,54084,52081,26957,15216,50373
ZRtsbhPz,uhMpILZq,IcuTsFge,tliweZvf,SPFVSrWG,DkyITKSd,3889,34071,7499,55724,26837,24690
WkYGoykh,hkRcAygX,ldFbTlHO,FADEHckF,frEGEVCP,wKmmxRfu,93467,34228,85357,52791,64578,61680
zYkIfJNV,WwHXIarm,QuFxrhBG,nmWGsXVf,MUephVpA,QpPtQAFm,89186,37826,84412,54905,5418,77677
BctcTEAU,JQFOiVju,YdpyTXvM,FsPPIuik,YGOTYOCM,FNBsZbYI,37504,28184,94395,41132,79620,79848
irRbXYUE,xVKuXSdm,BjhtXXNS,TKrqXSst,BMixXWey,jAOFjVHh,58045,35097,55704,8986,41139,97293
IofFFvmz,sHgzJkwR,EhcPOTQr,XUZwCpJr,JWifPerZ,FfjwYsZh,87712,79707,1525,31922,15597,33076
ObbQiTGu,ZKOhTqmr,UYKBcZYO,nDbeIYMs,KMjRQXtj,WUjXHeNZ,33747,27447,6302,58818,99281,97220
ISpNsLUz,brPXuJAP,UskPBUdB,XmrBtsJZ,qlIJrYUO,cDcnKvDs,70948,56426,38089,2470,91694,57844
JhGbWBzE,CJXddlqZ,SltgknRn,yGgDUViU,CNjArggD,CFNsPLzu,31204,79159,61888,83029,27463,85598
pbRieBpi,iTQWzKNu,JIfNsLRT,ENaPJGdg,VsWWbfhP,wPwJBrvH,2086,60220,24331,59982,32569,3622
nWMopaWu,jphHXMQq,RbahAhII,tdXEdjnP,youpWDux,WaMrGnWg,75830,75381,87058,54641,79202,72826
zWKAEdOR,qIXVwTvQ,feMpAoWf,cNAuEgdU,VlUVywJB,XNiPjDut,28340,24749,38233,18724,49505,32220
RrODRMOS,mcDfIrEA,oROHaYuO,midjrYyY,UpiAjrjQ,NqfIWmTE,27292,22071,86015,87690,15698,92545
TPxiVpIn,wCiNbtYR,JKUaRIOT,eQmTMhxR,MwfgyIbE,mLOVTwBn,92012,18869,85653,79689,62349,21950
jNLJYWcL,QyYotDyr,ALWfukzD,kinuxoVI,scHgjqZi,nEGYyWjA,53569,32505,73708,32648,77029,36433
OGKWSzSM,YijlpUru,HDtAHGBG,OaUUffCf,fPYHFRpG,RyscCeeR,74413,44312,59879,11598,96740,78328
XSAqcJhJ,fPkLLhXG,zeJgdgKI,fKaUhIPb,meaXGgiQ,XHFFwOCi,38280,61981,36486,19122,30696,74079
vSWiXwGN,mhERFpRT,hoAdyUjc,PPGpPKmD,rJjOjTcZ,YmzRqVgh,83995,99921,44247,96606,96228,76142
dogwrnDo,UxKKvcZn,hysEzfoC,VEzYRhld,lMrVjhYW,yCLfbncs,23719,19122,145,53403,73042,50332
IxPSbZdH,nRYfYEqk,tFNIQdBu,kubeLWTo,sppOIRVf,LebyELWa,97254,81785,49845,77075,36230,20414
eQODWydz,twwudOXL,vGNDtVKF,azOjQKHC,xvmlpqbk,VTrxWlwQ,81786,1464,65001,3333,23465,7537
aYrLOwol,dcqpUFhU,gVUuiibO,BKphXeBJ,BajeBAIF,duWpVRiR,20999,31257,86704,59347,73909,6705
skpsDtqK,CIlMIBNj,pPnSTxGY,CVczrOqA,VXysJBsC,UHKwzTFC,80455,96958,63677,18219,3630,12521
HnSrVkUj,OTxZZVUZ,fBhZEZGz,qUkkgQIs,LgfqMujx,QcxLrUtV,72129,24470,74983,60190,98006,12670
CbIHWDvJ,FRQYNurs,vGlyhepv,TxHXjfEy,dojvyTHQ,WBwHoGvf,89251,40171,38289,82779,1317,44254
UUDOdAkT,vQfFqVYT,SOkpKZWd,uDjApaPK,vviUlUAg,hPGkqfSa,84266,41903,72495,41445,56578,33173
Spndvunp,heEWrfDU,TfdvDrNS,xRAlQCre,vCuqFuxI,MslKfgPk,19965,81157,59726,61450,11078,14590
XSgmLAsT,WMiDoVHi,BlllFykV,ROyGRpVq,JCgqhSuT,OmTScOau,51736,93775,34373,24597,83755,43086
ARNwXSqb,SizIsYVu,WGxcWSOl,ieNIpSXA,AoWKtXHA,CdWJzbKL,61346,15550,7138,37496,57361,90540
rgIojlWj,IsjGeUnl,SqhJMfmu,CLLOAfev,JLvpwQFT,SFTMhoSx,77120,57361,29619,44515,94697,31504
rTRzVcmV,FhGlGuAx,ZEUkovjO,vBFhcopp,GQGDsXKA,cbMaBWnw,59973,95162,88801,98014,52836,64760
QjZuKZua,ZwXvxfAw,dOTvuSPd,rcmZqTLy,BJVGlLvT,ZeuFnhab,53806,45972,54891,9563,3641,19476
cMUDHjcx,CacjWLNQ,BYaVipCG,EjaiBTHA,TlxHycUF,kQMLgHPG,29313,84537,62908,79262,9983,35441
FuHgwIvk,CZodiuWl,OTpOciSm,JnWfyGTd,WBqObgpI,XauNKDGY,51568,31053,91348,70651,6493,5297
LTDaJjcA,qqpJjjZt,xOcTLukC,pydapbLD,vRlVeUtt,hdfoCvMQ,18301,47445,8957,86720,67838,89428
OLWSjCsw,ECvhPcMt,bZjgSpin,XOvladHo,gyyjfLcM,toPAEXIj,95462,83217,42001,38694,3652,58559
ZiklVqHh,WTeRtYsq,NpwJnZah,hThXlfMV,lzOSNzJI,wIcXSsGO,11513,47796,99002,15710,43174,70046
QipnjiLz,IuNoDTeF,ZHckifzu,tmQYdNxS,QQehEJdW,hDEOxTsh,91166,51439,69610,33772,41375,6510
vqJEoloX,PwKTbnSK,nJXHiLMB,jtZODeOD,dhPglFWB,cngrBRwd,58921,80481,80736,95863,52501,67665
tabRWtau,OuQqoujY,KFhgMzQZ,KmVhlhBm,eAgrKYmQ,tBzpnueR,61244,4063,53047,60149,94055,31163
cgGcJIYK,YAIuySwR,NRijKyTO,WYpUrWSE,TJXacPhO,JloPrPhO,3664,62374,51011,85970,83718,50979
oVRLuPpc,ObDPenUz,rpLrcNSb,xlwCcoSB,QcpcgzCn,VlcfZhEF,90878,37415,89058,3525,53913,75876
tWAmEMZB,rniQjTMF,qkFGinVc,eAEmukUl,zbMXgxqa,mdZGOzSL,32967,84452,48710,90399,85903,42693
XlnNCBDV,FHeErLQd,SmqBLSgi,goDsHRmV,fwtHuRWj,gBKqaUOh,85920,74106,49265,74089,22888,86615
LsCPxfwQ,NIJoscdp,FzsVnyyR,BXiqaDGv,VovLmpoL,FlHWyVVz,43212,20124,28948,65529,88367,88418
xOVAiEMk,jlHJSiEL,OIUGFWVY,oGJNXBxD,AvvLeOgB,KIQgwLps,60383,74189,84080,17014,31434,76853
AopwnwrU,LffFqrxX,VoQOlLCg,NZfpRrFJ,wlHLcRRr,xsHKyTFD,99804,89088,40507,89816,80146,93121
wruVPhGX,XTZvBiJR,HlbFHRWl,cfhRtNMQ,ZHYVWqPc,zfakdrjb,75922,72248,43828,3771,51898,39498
sVhRSbZv,AtbuWHrw,IqpKjcNQ,vegFLeWj,HtfgYqMv,BinQgnKu,9528,28945,93870,9317,95381,74600
lzkWULJO,GJGrHEPH,LvMrpJfg,AhVPlpka,WVMrJFcD,xaeEvFAH,34814,41660,82296,7077,43501,83829
wEHdwuvz,NwlLZmCF,ClXdrePi,qPsGxfuM,UbICMivA,IfipDnkU,66135,10816,20012,16880,61272,70077
YpzvARgN,IlMuJCKq,MAWHrYpw,ZkFshloR,KUZvgxkV,ctIrCclk,58603,5148,7647,79183,85012,24665
NtVIMmWq,HPOJPKCS,AkwSWEdc,EvQErsMq,lUeSJAyI,gXuneRBl,80874,94484,60545,13292,99010,27323
YKyNuEJZ,NQvsfnPL,nLTTWDhs,oYoZzYam,kQYvnOrU,PZKisvQc,51621,88500,61024,61457,53981,45287
yCFhSmsa,rIYrpGri,DpPjoXTn,JqqhaePe,hbnbilAp,CfURsQpp,97262,35990,48742,28435,7147,77704
oQXHZtPG,jffkwNJN,tKRnvyGK,dPfmtUIf,rsBYBetd,mfxJVciZ,36814,10055,62330,66745,91181,79867
CGMYzOoX,gCPqnyXo,JwwzywHP,ngVqcaBP,HeVEpMsY,UJzJfqCe,88848,26607,1975,11244,71559,46087
KElCifvR,DWnlcjbm,iqRxqBlw,NrOzBIrp,QQdaCHtf,QAghYujd,69478,17615,33667,30834,71045,42657
qsolfhYP,STAHhwKk,ujYrHjnc,wQRxbCvd,zvUugISf,dStYsPec,88769,142,31442,52696,59216,59910
rJLRHecS,TitmqWgo,vbWpdbYW,oDayXzcl,ihspwvGk,bnVYWmUZ,11542,37202,73733,85222,43287,99633
CBvGcceX,crZQgSQR,kkodHUBm,vIVOKYJF,SvyiVHxA,NjmbpIer,46222,91235,43930,36993,89999,98902
OLfWQVWQ,IwQAycCo,YOXMrRIZ,sGGuSejt,LoSksmpd,oWPeuaKk,45919,92241,29964,36959,66692,63581
inxItkoX,NMspsFVG,oYPOVjJn,bAUllECW,TsqviSxw,HQNTTFFa,79379,49777,29806,3260,36,77738
jpWxTieC,vpSJhKKq,xXPaovnK,SlcALlRf,XuKexntu,feojOWlx,31688,58891,80959,45493,32053,98512
rHKCEhtn,RYSSllEg,AXvyFfDo,NPPjVWYK,GiKEhfnt,ufDdVEcy,36970,55213,30752,89368,77925,20323
GYJMeply,UqMIwiYD,mftEOYCW,iwzxrbHE,PQVUykUk,waUbBIsJ,75258,42430,92338,97448,31694,49471
HaNYaykX,QufvHJkh,RDVDwzNX,MuMqayat,SqUbwUwG,BOUsJfui,58733,13766,82701,43838,47780,38223
TJfJTcWU,coPgKMwE,zLimuiRG,wQlmlJZk,zkTNStNB,kDDpyAhd,33979,89968,37628,35674,1013,44005
UrhWtcTy,yDaaVGtD,wJxQAvgA,sCksuUuk,mkhwkyCz,twkvQUUZ,40455,22384,3628,48354,54288,23208
HpAqxvJc,mTUfUrgn,rmmlwAZJ,RqOkOIaT,avkgzqMl,tgwJIYPe,47205,11135,93569,86887,61193,54179
ggSZmGSg,NTXjaGww,oeSJIOZg,YrqLoQgE,IoWPiIwt,TpMWHhgl,69429,57114,79672,72945,31480,46665
SLIAJmom,GmjErDIw,PBTDMPSi,PgvEBoXa,JgarNobv,vgZxEmsh,29538,94790,89209,1133,24762,25198
nqufKFJw,hgITxkDn,HFRzRJdX,LbzXgHJB,ZJkHSprj,BbKORguw,60496,81428,31865,91229,50083,87291
TesuZuCy,JZAlxvNf,gYhOXhOt,tGqHVNuD,ryqMXAaf,BcXrRDRI,91495,80625,53637,23750,34667,61001
tMBVHoPs,dtVQZmNU,XxEtofMR,iIAIhsfK,gwLAbNns,DqOUXPUP,76439,92371,65082,94084,82928,51186
nGwmWbIq,HgqHPRBs,hLHzVbfX,qEzNuPKo,TWzslUlM,WImSHpxi,20686,77956,68902,27886,47662,48687
aZDnkPIt,jmeHGcvE,Bdhcebtz,vcmtJtqR,qCNJbCnv,vVsUEMBy,26683,28688,96914,11458,87094,92583
ctRQvPLs,BKvSAmzQ,gIFSTJeh,WhabJEoi,KYKGBjlp,SMhdynwj,62962,82690,56630,67940,61876,85589
rCYdwNNP,GwLwpCWv,QEASDFSy,FCMZLQfh,pgDIWlFk,VEBkBTvb,76919,31092,92804,83937,56740,5291
GxNXDmTN,CQUzVetI,bugbAmWE,UFyKFKkM,STfcsTuv,wSRUYurU,39521,65927,27602,33049,52702,38349
FmtskZBC,gcamcOiH,LUYsIVZg,bHhHJtfG,LGyFCpOL,asiyMwqf,11590,45305,63815,26758,10344,30020
YbfFYieC,izaqUmKG,tSIOSkFV,wmEumhLS,lCxKAtOQ,eXlgBzad,14032,24297,51181,35499,37432,1929
lQEtKQAf,pcEmxYQh,rFTjQqYV,YOZANBun,HbDcDpVd,wDLLVTWA,45948,62386,41481,67588,53078,62055
dOHLawZZ,KhFuueUR,FTcBanJe,foSyCbvH,tLYiTOmy,MRZZgfCI,80601,26628,57174,67568,49553,18292
MgSpvdzH,tnIvbChf,QjRFZopm,MaTxdhgT,VWWgpbhj,LvuAcPzC,88320,8680,53405,45557,21561,72750
BIqDpTHB,QPkcbrDF,NOXkdSrr,NJUubcSL,IOxBxwJZ,SpiFpYcl,72075,34361,63803,58789,86068,97738
alrqoOeK,pLllPAEk,cvwIbsGE,mcmxwNIy,XlrxMcjA,EVgnsGjJ,68346,89189,11883,66068,9169,31783
MosVmpzl,zJJXpbht,FRyUXEiw,ljJmzwjB,iEoBBttw,HOTkyYGX,46791,87078,58332,80631,90131,65614
pvQWqyBA,HtJlfeDx,KdroTSEG,TEeAhtwn,zMaFKEoY,qZjJcKQL,35604,17696,84011,40147,28134,54450
tHlvksTC,YAfSSiEU,gCDHFrBf,ezevXKhD,uxlFKUCM,ecuGTstB,2676,61158,88442,66684,37423,21052
YzomdzQu,fUQAiyXp,ZWNWRXQF,pZLLFIVL,QSqQjbEr,DadjGIfy,52307,48041,47063,46679,42900,25606
OwVrevgN,LEeahBNk,gGIBHsPJ,xNrVNnQt,rGpopwfb,QZdbbyde,75245,60721,852,72610,88561,23021
LscbapDq,MtwyVUcM,oLlNHdbA,dXRuLSBk,NldTNjxa,RbNsSSEl,69754,59454,3284,179,74291,3850
HRHPWHdo,WSNosACY,WOVvviWd,oGQXyQlk,VqshrLcn,lSOEmEaJ,17145,24980,22533,58929,78331,40547
VVxAaxPk,ihvkqZxw,MkzWvaGr,eRnxkfVk,cdqbFRKC,XBqGyPyk,75167,1506,1562,28478,77373,81912
gkpWkYlX,gLsialZF,UOCrQWNk,ZZmBpwAj,STbQrlFl,VwyEPZVf,5347,81738,44067,12536,99260,98982
JAAtNhLp,gKCOLKzX,mgoHXnuS,eIIIYqcu,CLwCpnus,FIWMQwbg,50075,87492,22486,89272,79402,19978
wecGvCmQ,DKopJLXA,BlMaNjds,PhGaIjsI,yQWlnOXZ,JLbtDWxo,70010,8349,10938,35433,63943,18104
rxXykAZq,KTtEPMlp,YmwgoIsJ,lTxFaBwC,aSFUlJEQ,eTkEFuwQ,13538,80183,94187,18254,15754,30609
ylWVeUlq,yiJfodoN,jayBEvuW,SGreJHtE,TxCFaxuO,UMXoSJzd,91594,93007,82617,84188,15069,95248
lJyzUXlQ,ijHSeUgU,vcKwrzrh,unSdpNCs,JAexsQpu,VpaVvcfd,31185,58029,47181,24267,76048,63963
hilKgvfG,NYGhsSug,rMYJuHfH,PlHtuLoG,xKDoKHLe,nNJOTpFN,51744,64317,54281,10919,97828,7491
WiVxqlcn,KMaxGdeo,anIiqQOo,xioWUHWp,TRTPQYSS,uvmhAApl,55792,40090,5962,60087,31092,28670
rRuUeFar,lmMdvofW,mQmtelaL,DuZjIrPM,LTLlGFfH,ehXnNZXe,24903,68213,54372,93689,16304,64093
jfYoLWnn,TjvYxQao,ZcdftiiZ,iahDUPiW,vKRRpsDM,zpQOUehw,60456,40201,25733,23432,75530,67385
wIYMXwkz,pcqqjAxg,SWRySSYW,BIRYPXMQ,ySKYuNHM,FSmaEBdF,45345,30120,29183,16799,18981,85666
fVUoVWeV,RaIbWpTG,qaYAIFnn,zrgljaQs,OPXlaBzZ,ThEdJYqn,3057,67608,25887,26800,68969,27587
SCRotEXU,oXUnEzMx,yLPNtNBp,ciaNBQWS,qhxyavQT,rXfyutLj,1951,21375,76059,2818,2885,23503
AKolOZWA,EXTWGXxu,LGOcfeaV,ZoGQvtJE,XNDSqrjA,vQUctmbT,50864,31186,41416,51818,28589,18012
RBMapZfY,RKHePAoG,bbpLtePe,MErQFaVM,zHNlWMQw,cNxVCsIs,56436,90088,89581,8859,84522,93174
XrrDHCty,vLFcHzoT,vkzLrPuR,fFtRsLQn,xPUvSUIf,ECtJzqnh,65502,63744,10557,29244,85890,94008
mzeJmouQ,YKGBhoKS,xxKgVODF,GRkDkSjk,apkxaIpm,axtMULaG,18774,99031,28196,37146,62172,42083
UxVTETWF,jWwHEwqA,INBIlvmD,XHhUJnvZ,mdXDHicJ,MIGihAkr,58557,10889,11571,79785,69109,76560
ouySnFpg,QFZfwdEt,zNyfHLWI,XtJgEVoq,xvaGfZdb,RGQRARPK,87021,43954,74576,31449,4375,33388
ivYsqWJE,rBlGvYGt,IXFuDXlP,WdsVQhNN,sPBbIeQb,UcgfIFgA,7124,16956,64249,57265,64,50971
oyBcIywT,BOWBNdeo,eDTJboOF,BxQggMbj,CwpsOMqI,xqhHTEjJ,45036,87103,73289,47444,195,18040
YwPwQBmc,MeCcfdRv,WTahgaaG,ArdwaVpU,SqwKqkJx,UAxJLdwa,43859,21184,57643,72859,95078,13507
oduJkeEV,CjpbMuFU,pGtBhUwG,cHKswRxo,rEUxtVzz,IpUCkuCc,26571,51674,51686,97238,64989,60004
ASauBxnp,JAxZJbCZ,tnTVUBfn,MwCRKdzH,zcQmQnaI,ASQTwXQM,85167,17989,25722,71478,53887,33585
BheZugQh,nsljclgU,oQHxwoTT,cDViDSgs,znsGDAuM,LXSdGnel,55508,7730,45998,37820,68874,31193
NnhbSAps,ZJJRJTzt,YsXWPLMc,QQzOgHfG,qQUxFAzB,bocpcUnj,23797,72165,67200,928,36906,12086
UZqDeeyV,ZriawiZc,RIPuHtXi,MhxTYQnk,bUuPjEJU,KoTxjZvc,31942,51903,55360,72191,14840,52549
MFHpEmdT,Cicagyzf,DAFkxRUR,qSHeCOez,ekgShKJt,OdVIrARM,84621,1076,42468,3392,35234,73938
nNZdZWqj,KXaypDbv,CpCCowoo,FOUgqpsG,FpuZZlNN,EXMiqNYJ,25516,3293,43731,87027,53571,2364
ikSSxDiZ,dzMIBGck,PiHcpgMA,xItQeVfA,ESgCiQZL,jFLawzjX,48016,1407,35166,87373,63298,55761
WtwXZjPY,YlMeYAJe,Ouwbyaew,FBGLkiWg,UCDTeRYG,EoQWwmPR,78843,76748,16759,57689,42709,24963
sdQgCyPr,pQcAwkjs,BjwbJuvq,XQPhoXhJ,tyObuZSe,UyHjVtoH,21178,96273,21564,68338,17749,85422
oGxOiOcY,KCLoscxF,uLlUVVLJ,PoFEJkRL,evjNJkYS,BREEuqqZ,70643,45972,62224,3035,63253,47511
JEyXKTqT,VPQMslZq,WkxmDCcf,NoNAGjIa,uzPfpoPT,aPpgufwu,80756,76258,24035,4388,28445,86073
fTmGRxJh,TJeKnmcr,QDNkxIpf,kyXEhtHY,xyFiITLp,RRBZUFQq,13758,97542,38052,84169,51163,3881
LtlJSowd,KcdkkwTo,FdWHqngz,UOOvaDTy,CPIPtyGQ,TLzPLWKC,64456,52833,30687,1229,41996,98539
paOzwdpi,KTNyShfY,zZRhNabg,jbReDsLt,UJqqWLZs,kBskHVXv,18379,99075,89994,33508,11041,12857
vwbPmxUM,BVQSzbkU,XXJgwxQM,TPhaKwDG,DICTdXxa,kebylKnS,45047,87104,87297,38560,23845,53707
pASOLfpV,JVDflvJz,HgcWlcJT,qwnJvIyo,IJMEAMaz,OIJrKSCE,86973,33719,39357,18795,3408,83908
SrRuZFKQ,viwTMupb,jatLPwqb,kWXQfVwW,suNWkzVS,PsCULcEv,90248,72970,27159,70447,93421,61617
pgbjWhYj,wRyYwlKC,mqgXzyYO,TsHoqIYL,uUTnpRUS,RsofLWLX,85309,45270,17880,4901,63750,82048
SoIILBov,EYsPxCef,bkjmcTZL,rqTmMjuM,NPEPowwC,eSfaIxdh,95254,99875,62697,64069,6206,82212
AhhmwuJw,lCuHKogw,JimsRKek,hGXeiEzB,KoYxsWrQ,oPgOFEKd,65434,34977,36337,87103,70094,29434
iNumkUKM,ARckFlrk,TNQhmQdB,xBbcxadZ,KVjmRryM,KMoYKHAR,5257,18597,8751,76147,77743,73883
vwnBjrtZ,jeHwgNzy,waUoZVLU,dweUcoPk,hURoavrL,UCuSADiQ,97076,55093,12634,46276,75965,3845
EfTGtOFR,jxQKQfvy,UkdCnrlG,iAWZQxyb,WGyAUGvS,KlVRMExG,81582,75935,90521,78164,12117,26293
BiUDWoaf,eImZbHHf,WpcXlLfP,sUrMydii,sfgWWTin,HJmXdSWR,97228,88715,98229,8443,26047,93176
HsjqwdPg,HbiQYVTz,VwELwQWT,VxJITfrB,trOckElj,wuzBpyYL,92172,97143,13404,66712,3913,81870
DvsDIQcL,UqNoWTbI,qFAZlfCI,txPmxTXt,eLJCtbbz,hnciKuWz,8645,43622,51259,66947,91802,41411
xilWqkvv,hgumeBlS,RycKUOMU,JqOeSNwj,pPePfdKK,LTGjRGaA,66972,92186,54118,2329,82965,43506
kFgEFRXq,esGilkUn,pfppHrUE,PVYAIrXS,OHsiIbfO,KXEfBYoZ,66351,3410,4875,80749,51404,13349
yUMzqytb,lGcqiftQ,dmzcAfeg,gHGJFclf,RCPWmTzu,yEWiquiC,90122,3002,26788,20710,43956,74754
ZdHGKlCi,IoBhuGuz,xEolzXwZ,oGYcSBuH,jZmWiJym,dSqExBAt,46271,95857,41112,63086,46166,87828
KJmyNoLp,JLqEgGzI,qrHJnyke,ATnPDOvy,ainRJHbE,xoYdvRra,70655,67922,29356,65829,31760,60959
RcOdeDPV,GeIxGdNJ,SdRyGknZ,dBxPxfJc,NFRyHHWU,nKixsHjl,66681,1007,45136,89006,36624,23792
RXjSCZVn,NXaHbjCa,zxibSjLt,zAAtHsAU,sWNLsxov,jfmTsdAO,53078,93495,50023,55264,52977,63252
pHuYPCoF,onXxMdkY,ZgkMvuPz,xzavjfSx,VIwrRwex,gGllrQpa,48789,79735,78503,92956,48979,71782
SKfvswmG,QyLbpOyZ,ioOwVybA,Belboyuk,ZbVVAzAU,sETwPExa,79788,8512,40097,48634,33474,66800
aIIpYbuv,VBUoBuEb,YhaPAokH,fGrBSMyc,NqVBxykn,XnRGBDED,19792,67039,21309,94240,9288,90848
egquedVx,jIuPFjIJ,rEIMsnvW,CDFdxCKn,XoLcROZF,hOWBxrFG,61593,92463,6788,95853,55068,99454
wpWGWUjg,NYeobfjT,nXVcgbxo,syyqpOoo,wuZZXAJt,jjkYHxRZ,50150,46393,42195,7127,16828,58026
gXMfbJhQ,difHBbeP,iLqUTdkn,wZWGdlGW,SOXadzjT,UGzIAMJc,39749,99194,73982,29255,29736,12613
jViuFNAX,FZvtszQZ,bgMdKFOo,iPnHTGuk,CdaRUXCP,XInCtnHq,40256,79007,19957,34248,45169,96410
jUVwSSKP,wPlWaVxS,ncHesITz,qDeSDnIY,tLooNleh,sRxPkXNY,31195,28355,57651,19505,58093,55091
TegqJugh,TtLkznAr,ZsOjhAFU,SHalXGBe,dxIHneNq,aGCBHuZG,87380,59673,67757,98693,23483,94982
ChEvhLnY,UqqgVrIU,zSZhAOvR,vipxERhE,AWCCoOOn,RmRKABFE,2417,3026,66278,71669,47331,91569
YzxTRevX,uJRcJGrw,piePyFjS,bgdRqWji,mTWspwTm,GZAGwuWj,2537,85796,75929,47386,34854,23395
CXXxrNYT,nzGysKsH,CjYsonZJ,WEPorPtS,vbvdUjDH,PKQIDvou,64517,18192,63461,32844,16780,60958
GqsPANog,msCuwVlZ,meOyAaLC,FzCOuGgi,dqxutjWP,sWcBWNmN,42851,57201,24034,25769,33872,72192
pmUrNytk,uXxjYcKm,yUdAPlyo,YgFmUxHN,ClwCxXOy,dsklmciA,21972,14646,62529,77975,95092,99966
QYzaKQuA,CalCKEJH,fmxszbZP,UYtgYLdk,GemFewim,HfNxzmeQ,29976,95950,82026,69929,46220,9043
cvCIzeOw,MUiyGnBz,hfrHMDdR,Dimdhckk,icWVoggG,MLvJBydt,42704,32623,12950,38895,58887,4122
oWVATWpG,mmqEvhcc,kXryjsDJ,WyOsmHSb,RzbchwQd,xKWFEhDY,93007,26127,22854,1542,18598,77334
YksvDTAe,CwAJanoO,rBuyrkkA,yUowWBdw,NrNTpoaE,hrWBrHmk,5034,70277,55982,46251,79530,95376
DppFwEJo,yzFBSAEi,aPYazgjQ,lteIMWYz,TSjbgeNK,QbNWCMtY,23821,53464,90757,26031,51127,51167
iHPgZwYW,VQgWrCVo,bujDqHfU,PHcNRLKi,xNlDtxYF,MaeSNRxE,27008,17405,96736,31257,46910,46648
OcgBFkCC,NQmNMFfx,WaXsAiQv,Apiofiua,zDtVjYTK,fzUhslWZ,40765,8969,28919,41515,76929,7093
GwztHqUx,BkqAvKBD,bytTRyzj,DTxkitHd,vJRdwzhq,cEpuFPrp,23721,32982,75638,69517,59755,75372
bsyHzboZ,KdbmkAAO,arsflAMN,fLbiwyYb,QuyzsOOk,zAdRYGWp,1832,81205,28529,85037,14277,39197
uGihVXzD,sZAwzJLP,UUnjGYBY,LZyZFNYI,qGZMAvKV,GaLzvvUe,34390,37378,50289,15820,11984,28586
oHwHyVcF,PXduRvkG,eUjKpYwb,UQOZBuAB,AWvQgPZz,pTnmqUMf,27840,33251,52066,55316,38241,80507
QIkgpJsi,NVbMWRfY,QkJMgWER,bHiFWKDL,XhjtBtTB,HQRKAIpu,20038,26601,11385,79071,3524,36810
neRqQDKt,PyWDaEgR,WWPYjNGl,sDldvqhJ,sxzKKCLM,TvsWxVVl,53386,15517,43744,14537,27938,26660
BYbIATFW,AqiyVogB,JZECmfuZ,gGWXXwDw,SHOYvTUv,dGznRTEl,61485,4167,71540,21399,88335,8863
OUNfFvgL,kqbCJZmf,kMrDXDiE,zdqBzprr,UitBtthx,GNSUoFtg,12694,45973,33275,13280,16641,46426
MSbDnjsl,zIYCLaQR,jcrWdcwT,LriZVdpB,wqZYmjGR,TlXDtZjL,92259,90955,11173,66746,64394,64517
IxeCsBPw,ycuBJhxB,hNlVVfQN,lvVeIMBp,KKQUQMSx,rLoBKOAt,17163,90098,76524,28055,80576,90185
NskrFMyT,ygTWuLnw,QrGFKLmg,FOWIwduJ,knkRRsic,FOGwWQrA,71202,32203,54493,16109,10160,25111
yEziDiNR,pqdVgRHa,uXTZZHAe,bRwSLfby,aMXCBNWC,wBYdMvHc,3665,15258,24382,46308,81650,80132
ZajydInd,pXVEhcmc,VrCNJxiL,wctBVBbj,EkAbcCto,yvhTZARK,82053,33394,60014,17341,38753,51589
axWNXCsR,gnCDjgFe,HCrGFBSB,PZUDWpSY,oBCWGNqN,dwSShutZ,42995,80739,41099,36786,47048,77713
bXESZaAK,gEqzQsZG,umxGmayF,vuTxlHoD,fnLTbGpE,DJRLjgtn,87266,97603,4745,31761,35149,55482
tTUdQERL,gqxbDGyl,xQDHhrzS,cpfdaDdv,rqhYzpKe,PZlplMal,28191,27730,70689,89593,42143,81373
wXEuTGGV,BMaaJVvl,aYVkJZFQ,DdOqOZkF,tqaULfrZ,GbcXAsIJ,33285,69376,10578,33996,48393,66713
hDcaNjoR,jvycOJmV,ygannDgE,hPrCGYLq,JepfeLDX,MuCsEpju,70132,93846,84995,41261,14823,14376
SLBJVCla,SPRSeTEp,iFjyOCdL,HjickOfL,CjHsUqZK,BWKBdKxb,63308,57491,86846,96429,86212,81632
xzumRgxK,zDbicxYf,rNTXZTUJ,QJkbNdQA,OeQljJwn,ZBbJQdXv,20575,81195,49537,26796,47183,47788
GYFYfdRB,QJcGPycS,dZKOxket,cSUKIKAO,uwUPxqfb,RVHUMpau,16749,94381,5967,49882,19169,3052
exjGzocv,ReXAygUY,EhDUGkyF,ZydHvuSf,WdooZvKE,TkHoalEw,94749,97612,36542,24522,56433,77010
vPwlGPRl,PqNzHDnP,CrgMOCcl,jMVexFpX,GxyASAFJ,wJubtaJS,38716,71119,43571,54313,24556,64503
uIrlaFOF,DLmoltop,lSLAvYTr,CdrspfqF,zdAdezBY,GgCQALec,25104,79192,83873,30144,93283,15469
HaOENFQI,iHFFkiax,ZhxEXicO,PxEqItZw,AXUCviaf,sokYhioH,21787,41277,9784,13327,26469,76274
EUGMwUNc,TbUizwsX,nYxHCZYi,KrmhVhqV,tRpnyEnE,wiZuwJhL,29535,94429,63583,25032,80859,23829
ygQKIaIL,Jdejwdkt,DAwQKrJu,efiEpwip,tWrrsFFX,evQhczWH,96226,89471,15705,97778,21038,52193
wmXZjBUM,wUiJBHMS,zLeJZdXo,rwMmERUL,PdJdLYZW,qYgPVsUo,18572,32997,68474,48365,49309,79090
UEdIawvV,WncyLVZP,pCMdDrnr,XykuTOND,vRDTeHzC,QEqZKWjY,3626,31504,91521,94607,38387,54156
nBiEhGtH,JfWJZLXu,ghJHPaBP,ZzBOWIEz,dntSRXaJ,puPhClkH,93081,18213,96027,60132,62652,52790
bOJgTqfz,YddfGoJD,kacVusZS,XIKIiAxE,FbpGlddg,sxULVjCJ,59239,83689,6669,61691,12329,21379
BXWgYlKS,RtiqRybF,KZcrDpPa,tYYsmbnQ,NfMHtmQs,OYkgxHOd,81345,23255,96903,35235,42613,8805
nflWWNAV,EgiiKlnP,tBhkqpjR,iRKEWBDK,keRfvIri,ujAjutCz,73181,65502,15564,79360,74265,18099
mUfMALYG,XLCnqSJE,ipPMuJAm,pFjSpxza,DxjEFUaz,RUJWpDOm,55435,14272,73897,70332,75685,1141
yYpnKbLc,PqLnsvTA,pneUDptA,xaAIQeMK,wNevCKQb,qnGgnClQ,13475,12448,12542,73231,95669,45079
VsoPPAYG,aElPHzBc,dkjMYOav,ltfSOSnA,xzMZviOj,lLBocabv,65729,8367,18906,60615,90520,4738
XKrNCojH,FItJOLZX,kIoySrxj,srKpHnAa,DzmzZTwI,XgwbVjTn,14084,16348,105,88767,25412,22443
hvwrQods,oKfiLENa,GUMXkEBP,cBkBxCjZ,WUvBxMFV,VAnJItdm,15948,19182,95477,87058,4217,63717
SFIIcwfJ,qBNUPoDh,BJVhwyfE,bssaBYaQ,zaYFfFWV,hCxNwJSp,45688,30089,39971,37603,43983,87726
UUTMbJtL,AcpwXDQO,ZlnJxGWi,zZAWbOlv,NcuuPDvY,WUEOfWLH,85889,41564,3701,40695,9807,60399
JmMmeKHf,NMlGbuyW,xkpFJTqH,RBoXqKjT,gQHhrjHF,SCHqbCQv,54616,43735,71520,82118,52987,83101
rRhBKDFj,JfvdJuFL,iNJzbdIb,voiGPuOt,qAYkLPyu,ELqHkLTk,36382,70674,38308,77371,18337,28207
fWAaCvGF,xmLWyptj,vqIIHoIZ,CIIthDbL,rRjLQmre,nIIzQCMj,47977,51063,59741,60233,47534,86121
CBXsdJeI,pQIffnsd,ODqfMtJR,rCSZPnTt,exvXbvBt,khKhVMWC,30270,25655,49977,74604,40409,90342
PMTaGTRI,cWFXbZTf,MIRbAKdT,VfFKwzAo,GYdUAWNG,xhffftxc,54538,48526,42569,52081,8617,34125
ZZFSZMaT,YxcosSMu,fnHwebov,NJonhVrh,UuMdLXpX,pRkqkmol,71923,38847,99521,25518,41888,98137
qVUhttaN,YXjZPBKr,JfkMcYqk,qFUPPiel,QeNynWyE,sPvirUDc,61337,49488,12589,90539,5650,86422
iqFfkpyv,HzboGTXF,XGEctAqw,uQUIBCOL,azynKEeS,cSXrDOnx,92039,736,19515,83838,17825,8852
nOmRJRow,EVgGBitw,TsBTgaEi,vdElHSZQ,wKcoFUMX,sxVSQtja,47671,97079,92855,31224,22736,83000
qzkByeCA,xVXlpEtH,dmUyIXil,jjIxOxak,TMwfQeLY,TMKWTVoy,73311,96792,54141,35583,60180,65908
QqspGoIt,GvaYdNoW,mifhlNTh,omHzVWcr,RvoRWnmV,EBmjOntc,86149,46743,95990,33422,37163,57984
yqobegjU,yeBylVkE,AsNqabMR,ExitRumF,mdJvRcic,latJPiIZ,3824,60758,28591,88750,21898,28161
hzXvZBZc,tYJDArxq,BytdYPgR,IjriRfhr,kMVKRIxK,znOymRtd,28012,23075,33273,8734,99729,35825
SpeodMhN,DLlMqwUb,dmmZgqPO,CjthojMM,OHvByeAl,ccmEDTke,51968,89276,48634,13447,51984,43722
zbQzUkYQ,QHkiDqBq,fiywtuXQ,PNDTALdz,IkrYZCCB,QFoOMWTL,83232,79594,33133,51942,18365,10719
MkdiHOei,jYChYWOr,SpVjXIGm,yiXLHvrv,GrfUpSxa,DqPZOIMU,89838,88540,65797,63237,10354,50958
WshyKQyJ,XCffsbVl,FsXIbwWC,BEOcgOzU,wVXkGfZT,LkVmIOGU,43996,55148,33906,1204,19579,12816
hCmzoELh,JDqXnyHK,zEMyPWQV,GkfTCNHT,pkKOLYOK,KGnBDOti,4576,40097,62435,68282,64832,71849
kLhINIPH,zoPhusGD,hjmOcAoP,SvIRwXNu,NHcMuPqt,ZzceBsLP,17102,99270,78084,25011,30300,54415
ToHlfmig,jJnddawq,kTSwmskm,yPGDPFWF,xBAOcdZr,esRlNMXm,54362,97167,38765,8647,69535,6773
EIqDstbU,eSTkQXnx,mcqKzQjU,UbHDVRkf,yCRYOGFa,yxRaZUCy,74724,11448,7936,76713,51911,7087
RXnClRJZ,nsYmGYEM,ZGvfmhfY,HkPmuRvn,cDjJnGwU,BtmBFFBN,38950,25125,32503,31418,40098,99765
VAgIBSDD,fvOKqOAj,BYpnpvhl,ZLXvdktY,bOUmkDcr,fOeDoGGY,14270,29986,63385,54790,7159,9598
BXQXAYlM,HGBQRuEA,QrPSHEqq,KCzmHBTA,Mdbcugis,hQOrFdnJ,85016,45158,24504,55064,66331,14267
BRjhKQPs,MiaAYCYj,tfNIQjGG,TxQYwmey,csvwMLeP,UPuQeLgA,76548,43731,88275,49144,74419,27017
lLazeEvg,fhwgEzds,MtyfAzxR,gXRPrHuz,bXMVgwMf,cWiZfSsc,3300,90946,73005,97190,29196,59605
RYmZWbqe,hafPgBzJ,dPgItnrM,rFnGoaEk,wLAindsr,wKdJTTbp,97293,99521,21936,59700,39127,74916
dUuOeGwK,HDumCALo,eWkLUarm,cvMnROty,ATjEgHqM,GVuCXjgl,79738,48884,41303,26546,58938,27559
BssmgMDL,oTVSfBxg,FZvJQDXW,XCOWbgqf,zTnAMRZt,jMbjJAIJ,8590,63588,30698,44675,63615,13501
xEqjGOqk,QFzjfpiP,mOuXvNbk,GdPgfOwm,kTPQCmQf,afVkcrTZ,7763,76810,82760,32536,33055,72828
VvhJokoG,yBLIjdAi,XINrWOCh,KErSleOQ,NaKSscqh,WNsJdOaL,38480,60484,84680,23136,86789,8342
sUhTMPRb,ExKOHyqw,EKORrDMQ,ZMsibtKF,AVvtUsrn,qlkJiRwR,86211,11614,87532,44430,5706,74359
wczNqjfD,udaFVrxe,ehhCcgZL,HclQNCjC,qKFNVyTp,RyOHGKjG,71616,30091,94465,38388,36269,18259
ZYWaDHnO,xVwAObHj,LEYJuJQJ,gvGACLGE,CsbAqTQo,tdGhwxIk,72612,57446,8982,41392,9591,22831
hznJugLX,ilpkPvgM,yKmDctsA,pasdzOwe,cdXblqDt,RTimQIct,1640,94160,20689,5027,7653,23327
mFqYBuPY,hDFrVFQt,tqTdegpx,ZsSxWxZe,MwWkzzvk,MHQSgnOa,97831,81760,89216,17341,5989,38068
tbgKqlUz,lQjMYfNL,KHzgKEgc,yfepvwFG,eNRiQPSg,OGKVtDOP,27819,78902,23677,98751,30483,828
EELWpaLK,LTYRJLAW,gfuoohBb,BVXQuvtW,DXAvzoPS,HnOxUkCd,65803,65761,85303,5719,34394,37831
bMoImnaU,fOBfgYMz,oBPWamEG,LlhvMHMi,nWjTYnFO,qakubZke,36794,53344,44603,72366,87822,17292
KeuXwqbf,lwCSyJLC,oOrBNznX,wbcmMuHr,ySQYYGgf,DCexcHaU,80972,97381,52586,87659,36867,68272
TWKICSRt,fJgxtSYs,kMYbeVMW,rtqXzuRi,EvjoTGwe,DqJZUtUz,9244,98149,54863,25355,15664,22633
LTpMKeRD,iTRYEkGB,anPQAnng,xumEDYdy,RTvExnye,qhYGEwKz,92937,33709,66476,79439,16552,59051
LywbbOWK,eocmmsnF,HXfwpgkO,JIqFlPIW,dhvtaIYm,YRIGJUxE,79758,97109,95121,10598,19549,67068
EUxKkKAk,WIaoOGXF,HXctUGgK,ybDffGQQ,burRNJNE,yvHZQnqh,45110,92009,68342,32835,43646,69791
skuPjGql,wFigYWfn,BqTAHtWo,ayEdrMTL,rYEVniGN,NtJaJgqV,48780,74761,78897,69367,92393,26131
SDByphRH,gfFPURLu,CQXtahqu,mRqGktLZ,nTlqLUig,KaTVlRVf,676,74386,23473,71124,49092,50956
sHsdpJTG,VLFaHscV,HmyRjJtv,BXcHQiEL,flZKQZvQ,QtMvFRkV,33990,50167,19672,10859,76281,66038
suMiJPJt,RoyZhagP,CgabHrEu,YkizWsfa,YbCRxmjU,btMCICIL,4925,58174,24553,41297,591,98953
RlRQYVgQ,UvExGdHo,kGCcRulK,otvAydbJ,aMizYTZF,PJafnQCp,55724,89613,39324,70862,56723,21111
SbFkvGsI,DYezdiiT,ySbMMLlF,eJiIFftU,MuUkFkdk,jHCPdzMH,54953,37098,16230,19595,98725,44739
xcLSWZyT,epgSaOiX,nPzPGgpj,UvRPRBvB,wMVRYYId,dtyLEFhN,67716,64765,38717,13329,48803,56175
EeAOseKA,dllfhefx,umeOKdbw,TKsrUcsK,RRjwsmVf,kEiqMhAy,59618,6930,46746,78755,59322,51939
TGpJQaYr,frlwrBiy,DdxhkXxf,SgAVvaFc,HBoVVkca,qVzypZFU,86027,38329,62995,58798,50258,47416
FNsHprHK,MOEaaNOH,EiPiRazY,pZlDpqmk,oFtYkTXb,MTlGuKVE,90256,99459,72486,1860,26313,70151
AFykWDTG,eheEvFlu,HTidfFTu,dAFhuyLs,HZFTWEsx,mqPTsepD,20719,36084,86305,10007,40979,13190
dONXZfoB,JbkbBFmh,ozVgfvOK,yfibeWcU,DkvExBju,JcecPojJ,40390,44862,22307,855,23433,84753
akQTOxIR,rudyMNHA,EtOXvFwY,RdTptMLD,DXxHAfnh,VEUkxXBH,48538,90884,38877,34624,88047,70715
sRjuZFTq,AvchVXyz,nDmOnhkW,sjBYRiTk,HiVtOzbG,DHbkNbVj,61518,45982,86598,12194,57891,60375
FvEQJDpg,YnOOvYQW,FpyYFFsK,XYUORkYO,dtaNhxMj,pAPOEUdc,72383,84470,26380,83236,22773,92576
sgqxHJnE,EMCiTVtU,Dcznxrpc,wQlBJOYc,AJVffWhq,KWtaNkar,38418,29757,4361,37352,44022,63000
ArwqPIvi,nVvoStfI,vkRPfcTD,SHkUrhNn,GcRhxjqq,WdwclnJw,8868,32432,75818,53879,3114,56505
ouuCfUNr,aUezCGMY,WRKQnXSZ,syFsJuOk,WUQWlaoH,ZuuyHFwM,42799,90657,98685,74617,33148,95001
FnxsLlMn,SmcmqJqC,gzoCjibR,VuvtSChZ,iBMGZfvv,jtUmMjjj,10644,33644,90582,15685,2935,28234
gTouVyUX,IQpwfaYz,WTXcmnXy,YWhFibxd,RzPRCdga,tawOfFEk,66178,51570,48748,67480,67606,15106
HyvoiUuL,PPrdXcOw,FdtGyreZ,GIdlImiv,KUnKfCPr,zUQYEPSG,92662,77103,13717,46755,21400,31418
nlQBxYfm,LuDCdEtZ,RGCFNGzB,KcCHpTea,mWmZSOiJ,fqXpVojk,31138,30230,5493,41185,51351,13491
xvvWEFSv,pbmCtVzW,WGFZWqNY,tREzMezc,EveZOqPb,cIKHbwEg,47828,29081,9199,99324,58633,88058
HSUiGwTL,UpTSwYGE,loEZSTdx,uTphXxNz,rtvVbPag,SbPARqEw,42103,17692,22873,24035,13308,8085
vgJKxHtA,pWZRrwin,GNnXssEU,whgcnlgk,FGbkbxdb,NRkqcIXH,7183,28059,79826,38456,28196,55910
oRsiNAKR,EaDbTYzt,BPuJNTZT,spbKWEbR,zPsqRcAW,ykpQdAgm,27353,3234,77088,96319,74860,67106
XvpHiItT,UeBivUFt,hfKYEjJq,bkHRYsCR,gsdQFCgk,CYjjPemL,66543,85631,65331,75023,5194,47404
SrQKLqgv,wVNdYgbf,ipzsQteM,JHPLdooY,zTypgTdx,ZWhPJOAK,63610,88383,56326,52114,53442,93738
vPvfCEmO,vkweABsc,zIVVQlEQ,Tfnczrdf,dwSTWeuD,uSBVlXsG,91508,21078,7763,11150,3573,31586
qPuPHkmj,fDQszrFT,IHxIZwGi,TvmzhVWj,zPMNvsdQ,MXMlXAvM,85994,7115,2827,3867,40007,39778
CcVjIHqU,vmqoUJiT,vQrefnAV,aydIGzSg,SdBobWWH,HrJLEyVX,30117,25530,98897,30778,35640,17550
TTRmSAYI,bNKiRSJy,WtqpyscG,vvAzdCTc,mBzeLgsx,rVkdAUPo,99617,18767,1207,85630,22751,13888
iOuNQUGT,smGqmNHi,EqleKwDH,wYYtHMQX,sSaDgXQo,sIaqqvKz,41115,34524,98315,5999,21435,93444
NLSzBeKI,VEroMlQG,tDovcBNB,dhmNVokf,aQDqzPJr,TmuwmraT,29294,77876,47905,87709,45489,42464
nHoGtqil,RfdsCixx,PSFKwHBD,rbrOrpeZ,ZoetscUB,MOaJpeLm,72609,24777,93456,3867,67659,70266
KDeBSPJw,XaeUslbe,LnTssbMZ,VEzmXTXt,HPzgcHCz,LjDcyrQb,39987,50937,43955,75984,84960,69963
SodOoFfY,RfbiLUpM,zHWrcFRc,YDuqVhfc,gWmOeHWT,WmhHukDK,46625,66024,33299,77826,5735,9508
hZvkDIjV,UuxkMxAF,BEHKCwBv,lTVIPcyK,hPqSLLrn,FzuRtXvI,39454,62598,41668,58578,15145,66727
fqyHgYnX,RBiUISwD,dKacbfWh,GFpSRYbF,gIkEbowR,ARhjxzcO,55352,3115,97793,62359,84731,57760
BIdOYcaJ,YyonHsKd,fKiArEnA,VZgtJqMR,UtNLzbIX,zCjPXiyZ,84616,20189,14044,84424,58744,35824
msvbQkGf,tALGMpLx,yzyswqDO,cAwGhumb,pboAkPbo,wLdWwLgD,93120,37226,75092,87982,14740,80246
WzYxckif,CKXrHNsQ,tnDFCTnf,tmQufgXF,jFCeEuWO,HHAOjvPH,83590,74686,22191,48827,41875,15671
rxFcFPKN,wrnbkHMi,nIDHOzWG,AmGvwfEX,GpRCcvGz,ALrCSFdb,22216,32570,65164,94724,71272,98203
JWIPNyDu,rIUcxdca,aIRWiRIw,FypErhEK,ZRbkCEkm,nBrMdTPm,44010,26412,73651,98175,22865,31106
eNkLbfkZ,GgkOxqyk,EOwYzfZi,zJStxKZn,aUVhnzFq,WkwoCSSR,15098,9408,23798,73071,38959,25519
CCNsoWaw,FygZRikC,uEnGsvAe,bLiDlCBk,AjMiJUSG,swrKhnEw,63182,29373,40710,17451,94058,35201
vmceDybh,rBZOxqek,hvfzFiyr,JOqGQrLt,gJLGCKUA,oAAdYoBw,33007,42367,58302,66525,17720,32943
FtZKOJuq,ZcluuteU,iFDhgSsV,oONNSgXv,wLjfPzQH,JMAOWzqV,8645,69394,72810,13741,36096,1494
aRVbvQFh,WkhnOpYH,YBbAgSFl,ZAKiRBgj,iPItQSFX,rhdylYBK,18919,43828,43334,65567,73562,91371
IMMarfmG,SiEJEVTF,aqoMNUaI,YktsPGiv,tGXWlUzF,THJbliPP,98288,23791,16387,13299,2120,72350
YNYSZtvg,okdPmZXY,vtProlms,IjKiHXwp,QMEGByHI,wecnsHrJ,9718,64198,15241,17132,55166,53456
mzaRUjah,qMfjbKeQ,uLniwEZX,RuuySXWz,IAWXtscD,qNtpzbZi,86882,43757,25820,75993,29116,48877
IurrlCTb,vzWHnNRZ,ImfahePa,kAvEZtiV,fgssDmUI,fbsOiDYd,12337,2535,3337,89591,22363,42627
OEYgVyjV,HBrCnPeQ,SbhlZqCk,hwOpaMNu,cNwQVjuA,LAIJzUbB,41281,74468,72593,74698,14473,7965
zaNrVAtU,aEwZUXxb,oufQkkgH,rthhlrDY,QtQNjleO,ugQugaYl,2119,4104,12087,97017,96326,40640
FdmdqRbp,EdgrLirn,wlExpRKp,kSiTCeUH,FzgqNJqf,mEcErZeW,32700,45844,90649,40129,43068,84819
JmXhbowL,yopCzPZz,lpXVUktL,vUbteneQ,QBBrLOZr,nswagbjV,66650,15600,35947,36285,99927,5010
deohZkPP,vpzUmwKC,ZtBeKlqQ,lRinAQwg,xAYluOnm,zFkuAzvE,67113,92695,36746,18628,80242,45980
XrRgOmsI,xvGvsRYr,QmFKEcKJ,pcqtvReW,CrzAwpQP,LlQsgajA,85315,21304,19713,62310,32550,18402
IyzAiIIH,RQSQZOuq,JBXACVQi,lnmbLMYo,GzNrZFSb,AoLYqRSb,10383,84248,76903,31634,67321,56133
MgIOoyLE,UdhAOMzZ,aXoDQSXh,njyTYrrZ,jfHkrYWn,lCeLTpul,66036,1168,89065,43021,74808,60392
GtrOskav,eISPiHOQ,TDztQKCd,SZSqaEUs,wPtdrTgz,LQTRlpjR,89367,37847,25371,79287,32661,35213
QKAJjMun,OvBwcRUC,jYfHuIvX,uQIHMyvB,FSWbAtlo,vSRYQgTd,16180,85396,49763,56521,34469,34392
qlHFduZC,immxUOiu,vGjuDOIH,RFlbdQYV,hFXkRzMp,toWlWoep,57323,94581,70644,37125,37018,60043
vKkSdUwB,acrsXvrC,YjTbwOSw,gjXubMNg,dTqgqQcT,rVpAvhnb,87950,23686,12738,55224,16063,97833
weYQkESW,yuOcUnEM,BaNBltOz,dnySHDyq,KbUVGNbW,mUtUaiRb,30102,13654,1805,2567,71114,85594
kZsHnNJX,opQqBxcS,AdBPQkTR,GtSQfuls,BLGKcoxl,mgwMUaiD,46756,77786,9794,87309,5013,81597
kXZWagkz,xfDIVbTa,FWOscfjR,OEtufBAG,VJGSNkAy,DcuxTMFr,56828,61279,61870,56171,30862,26555
AQdfrbWK,EkjZtGLf,DJTtiCLp,EZJGaNui,kkFdVLgA,fXmfuUxK,42283,84300,83609,89919,80965,9249
TjasaTBX,RZzlOiML,mPFxUdgf,jeEIZIso,cBwBMxnK,AXEKNCSB,42001,44578,19404,26708,64997,9667
ppxmCREh,vHwirRJw,inJCTuBV,OIWclGUV,VCnYszYo,ZzzEwCGQ,53997,42565,68853,33226,64677,16618
ghQsYmYd,SocXGYVJ,VaHjgZHm,MRqTpxXt,upYMMpdu,Nucuhwqv,56909,34467,48853,64827,26779,454
GmPCOFOd,ZipDmLQB,mWbEkoye,tujAmMdh,PzVOTseP,YhblSFyY,92749,90692,38234,57629,90872,51899
lsimPGIf,IWWeYVSW,WeFRqJtc,ZpUuSfFM,xTGLoLkT,StRcGchZ,37277,71586,48922,24190,68406,22247
yOafvwZV,snwgmxIc,OcYnJNor,AJJMcdsw,eUBiQFAI,ghHQGzUI,96507,27958,25556,49048,22944,8883
GfPQBiGI,YInlbqAX,suCHvHKO,mVlhwQMw,AVlIFzzD,FdIHNIpM,89568,19598,28241,40921,10945,32288
hGAGHmhl,LjaZeTwb,qAellMVn,JvqPYsSM,hmEEgtnu,NJIHfiUZ,96797,57221,4924,89939,14519,35150
WSpHENvm,kJNdgajg,nijBTvMI,tgMHpGmm,pzJgFmYb,AynsIXWm,25602,72242,53158,60121,40853,95310
yeVDOEIr,IMPAWrgK,enFDGfqK,wNixJYKT,xjpcqBxA,depQaUSa,45421,82384,96758,71031,63863,53259
hBavXqsl,OYcOjefy,BTVqYYYv,QAJnLRPA,SeVUVBeh,wRkNVzoi,85838,67045,57153,30662,25101,56462
AYALWQsz,nIMWLhlA,IGyWSLTq,blblWtfK,hnlEbabj,jZGuVYCo,79682,48165,17680,95855,14912,59110
IUSymTVj,qdkwGRfk,EcqaYxMP,SKNuSFtl,oYcdgKRE,PjIgaVql,1206,34738,22249,77479,95171,46482
oqLQbYpQ,FmsoNKEQ,oKNtHdWh,vHxQKnJH,IdoqRkrK,xEaBZhfZ,70651,31653,74482,55540,97069,24992
BMGSSQgI,YhYhuCif,zkHJtfJS,lepmEePD,vdXavBKp,SLmwDWxv,83363,68609,33114,82967,58253,90236
psOBwQaU,qlPEPBAt,gqTpFkEI,uLaTSGtg,wzbTSbce,wXnupAhR,10643,2974,60111,78678,22134,70381
peQaXVZi,PVcbqZTF,OLUqpTQJ,rcQauPaP,ObtowPoW,HXSHllwZ,64528,28397,8410,72489,75833,55841
duBhcbsC,CiilTplf,utDQuXPB,VSFkZQwg,HWPlrIrx,npjyjbnV,77281,57456,44113,30316,96095,82564
uFvpgQEA,vBCWqtUx,wipdztKh,SQmfTRVp,aWTkhigy,hYRATQei,97670,47059,60367,14723,50414,53136
VUcDNSgs,eLYbirRI,KSwriSrU,tIqbWnye,PdSzXrjK,oKItOPTu,70353,33869,37448,46250,71036,16246
WLNsciYU,MDWkiWEY,amtHEfYc,hEYrJkhm,kgZfyuty,IhNWBrez,87743,95769,29478,69856,80100,58563
YLnpSbJU,qLaPohqd,TATTwxtn,vIwTxlDm,GAFynWvK,rJEecUuF,88468,80521,90061,31643,37479,30651
FVvYGsSG,VesiapEq,eTPIFmDw,FLaRcLAT,WFffPIxE,uGubJjGX,96830,89007,28554,11522,99432,55840
YDZqPFJC,oblMeodv,vXEqXHFH,xqirYACi,EctMGYMV,YTCuoTEQ,86846,89771,64898,76453,27868,47046
mYMqRQDE,dfDaWjAH,agmgnFFw,klxkhosJ,fpILNrNU,OXKeHzwQ,21427,61662,4294,40263,4625,76810
pOOboZAK,gYgHClPu,rhNldkNJ,pghWxwYR,oNbKOsCz,nkvwrHGS,78053,7876,90621,61040,68519,71936
ixGXQIWQ,RscnMfkr,DJoEEXWq,nUKVXrrS,BYpZlmUR,qOpbRJMX,10302,35919,56219,35527,29814,54796
EbAODREf,epOIyYev,sxLGHhDD,hZlksQCL,llbKuwaY,UKsSyHcu,106,92447,86190,30165,72168,32369
xsthLdxS,hLiWVefo,sgZmzTJX,MHhvHuxD,zDQMRuDf,jdiOgDwT,92467,27786,90413,21920,362,78974
joIefHPS,SCGHiNSZ,QuwfSJfE,PuFHOuhw,wAShELMu,QCzHsZbK,93511,4331,46111,88130,31740,36631
gFVjcSbm,OVZuLwzm,YpkdkBiw,pMvRVvOU,DLXmZaLg,BwiqEpWu,25835,90886,45861,99093,96792,56304
HOPCrhxc,nKRKEWhT,mLVbzyTx,ZqTgjzqz,ZVyiJhCY,nSDWQklq,27196,28600,44061,64904,17550,75866
TEloimUX,KyOsatdZ,adDHblFK,AXOIFEsL,QSKeCUNp,kRWCANKn,4851,85001,29801,57560,34018,83871
wHCjCwBa,FgSdoXCE,IGlZmZDE,UUiZLAxw,UmvwoGVu,iVSXHDjk,11495,69678,87297,84410,54577,40334
BtEecYgh,WlQZqPKf,qwQcYGyS,RVNXDWer,ZZbQWrCx,AjCPbbGt,95648,21414,80820,16671,23173,14650
nVXGvePD,PHVikcDn,TlUjVUle,EzOABxWt,jCEpbrEk,yKjojNdt,8254,92909,62847,21308,69612,69893
nbuaJKal,RubPLHXA,wsAAnJhE,GouzllrP,ZbukGrVb,ITORKImO,13438,51378,39340,71677,80709,21014
ojFurAVq,GnivvIZV,sAqDeAnp,kluUXssH,CRxfknBE,BnTydeCh,30665,95708,68747,15592,64868,56881
bRQbSDsv,tkenvMdA,IJcYyjNH,LSTKpLyq,ujUJaKOz,ogyIYIiA,40784,33657,82568,73750,73207,58077
cFraAokU,QkvZgPOm,HcCiJvjW,zCYfvdwM,zoVBwkJg,FmzxHVWw,52733,435,79383,45846,96258,68170
qmkdIBpY,lmhNlnbx,mXlowvrK,ilspYviw,mqXqGLUl,PWYpEAdL,24035,8713,93811,64532,18939,77926
gGBjodZa,gEMecBSm,HYtrtERZ,asPVLktM,PbIsIXhA,QwNbfmSp,31665,93318,49091,54785,88607,33512
nuJoBYMI,lHxzgByV,uMCUwYVA,bpIyqPep,FVQibXlF,tAJbXcEO,99704,77784,16047,28645,58112,57547
KGDZZPsy,KvyhUHBD,rFAnzBxy,axwmcxXK,rNgOybiF,UcKpYYhJ,30968,34643,88599,79614,6196,5249
sktFSfTO,zMDsvZom,tTPGpaAq,eaAMxeaG,bJMcukUD,shiCrXvh,45531,43377,84783,39178,96829,71826
gERFHMjL,sjJwaPIc,qmZlamET,EpWNYLOH,yLMghqiW,qXxFxmHO,11519,58021,53253,90287,34136,45242
DbfxhFLP,rBgTdiuE,KmCZtOlN,LxdCJxCC,ZobafeJO,WMgrBaFJ,73355,73008,6227,65252,40808,78730
ZqyulyBX,nJSBaXcG,AqrlAksY,IyEjggqs,hhvDTJrg,rxDrSpEm,26392,28971,18229,94459,55534,67723
JthZLPpA,JIsKUhgD,muMMdxmn,DvGNoQMb,kNHftevn,PHTtWuyb,59956,73097,46309,37562,19754,1883
upbALirl,HZCPTBSg,mpYOSlSK,aueYrYFa,WLtLcUOL,TybcfyvR,47873,42667,16783,64614,84066,49860
ASGnGYZv,pqBANxhj,OofTjETV,JMCUVmfH,pLiOTmxn,xvfAKaVG,54611,61107,98824,16605,35809,21867
IhdmafkL,ljiXpqcp,prLXxvtz,HXPkikYT,pVQPUnlp,GMqtOlOl,62440,9023,52548,47002,88891,18991
ONWjYQSE,QiLAvKlz,cEwRTJgU,NNtvYaTv,YrdMTVSj,oWJIpyuE,32527,31283,32336,33100,10855,55794
SJCfDdyp,ORpyfZyk,QLmplCIW,YsFZkkkq,HfEfjRYP,wHKFrdsH,37909,50748,93972,89718,15463,57699
wJfimwEx,BdBuiTnN,GQPKGklu,rVsuPrzH,Kbwjygtu,SEqzhSrI,96140,31178,37524,46313,10220,83116
NBIRPhzE,YTQbawOi,XbYEtgGo,uhoDaAPz,OKPdBvmf,LTzjKibG,54141,76220,55881,79078,23518,86615
SjeAVZsY,yjDiwUlE,jKDdMvrU,ZCjovZVE,BGvdahVb,kvPXJVPM,52718,74570,99399,57748,29199,46215
YCLjnBCl,DFXDyepH,ZUxrhtgJ,KTcbMOra,nflhiLFL,BwJMIRQT,89553,82719,47029,96502,14358,49904
UskEGfHo,vRmIxcrX,IHubwDMQ,IoplIabd,CAFLsQsE,gYuedkXw,66673,99902,13627,75215,12104,62702
scvgYPPZ,eDqZvurG,LUFtRSzf,AhyoOUhy,pIUDKCcd,yqpvrZyn,2208,22474,41422,9466,87319,21100
DDxduzXY,rjYLiTCk,AOujUQge,mxpqSqdO,LrrZMdxN,PJCsBgoi,17736,51181,45933,97109,13656,26963
qGPdkRsH,tdMLlAZP,CkwMOEIM,vzbfYWik,GWLArCom,kmsihZjp,22375,6467,6582,18255,74695,80978
GKTPocsn,zIZNuTHQ,mhpgnYat,hFjzTqON,HDIxMdFy,YKODARTh,69273,88300,23703,27435,33334,75849
YmdEwiLI,GFFZdksc,xDmXhkWm,RobHJBPt,VsWRkaYu,NjYYKtyP,85961,67796,23859,87212,21257,17051
LcvGzAvn,sUwvPgrO,bPPxVIZh,lJWCtloI,vzGooQuW,zVXADfBp,66481,34982,73951,42968,4355,64004
rbyTLvbj,pxlOLgON,SvCJFkKI,nuyPFFXx,UJjOxylt,GdAmfdRA,70440,83756,27860,27897,75214,31652
aNWqcotg,rJaiiWaa,jpMqFZQI,UOhCyDvD,GWIgvNaA,PbGKGjPQ,97207,21772,85556,77056,97784,41730
yLEUsbhl,XXqUHslm,MLeFYGdz,IJClpElf,cJmsXLAV,wAWnjjus,50130,64628,1928,58210,26123,5231
FMNFbrQF,EWOpkbzJ,ZGbBVXdY,aqEOcMob,EZavpxnf,xXtikfbt,99286,94729,82891,28746,90273,91286
FNVSqFfQ,oTpcYQNX,ytayhcxl,DiVbwaWI,nSUULIJa,TLrEwnBD,51266,34023,55232,81767,9998,22654
eYboSmUF,LlRQVAdU,ioxUqiDA,DBoZNwuf,iRWGgySy,KgIkdrjP,37205,61836,98442,79977,59528,66651
hfYJQKAM,DPyCPwSq,BsKcqdLk,yIeffUDv,fShwUcGH,xjqVzgTh,17664,17217,80135,66351,2329,66340
vFOcTHvd,tDTKOKTn,KmFLTrnl,ccDQJIRR,LgTXEKsV,ZpqmTHLu,56984,74715,91229,50181,24175,49762
ZwRgeHpX,wcmDYVRO,uiVGfEmA,yMinIgSn,dxJSsjhq,OqgHifsR,92935,72569,50684,66976,60513,78210
zsdUeTlD,jvkjDUSC,eSVHHQtC,PiqYgQii,sjEHLEcl,vgZogUuN,91134,46762,57386,75042,36201,26608
JzbQAjhi,ppdqOdDG,bBljBlUc,UDoNHPes,eqBbZxdy,BtcYaMFn,8085,42744,9363,66319,92519,20697
BECteWQO,XISjPvUO,QoLebDvr,TomKunNP,yDszeEqK,bytzujVj,32902,52395,91176,6856,91904,67261
PeAOmUjl,wpCcWmxE,yMoiVzjX,azUuRvnO,iYBLqdux,XACegWtc,37185,61942,78919,35708,2911,46755
QhVvrVQS,zceQhCCG,jLtIbsga,IvwoLobC,mxxygbrN,TzOybhOy,45644,52889,70339,70178,68651,12320
UkWjbciv,MOIdyZHB,UpPUVUln,ZNfcVeOc,enYBoJoC,znrOlzkd,47372,5918,14499,15939,16111,69149
iFlTAgWK,hdHWvePA,fRcyBZCT,yUDBlUYj,zsxEVSgY,toVdclQm,53297,97855,59380,38155,56291,56246
xJRNAmkH,GbiRwDDj,PcAmhGJZ,sVYusmrD,ZPGZuLCy,HttKorPd,21950,19823,89144,40235,5450,20664
bDMcWZVA,sNVppHQX,lKQTVNHL,aXAoBscM,mXNyWsau,eqlcZOPY,59197,25287,22491,28666,18996,4425
lcpwBBmC,rrgaHlAN,rSSsriXX,fjXfrJcf,HDUhUyQW,cQSdnawI,77636,96058,91614,8242,31473,60407
lWwspIWV,hmqsZtZo,oIFkfNuA,NUMxYDdT,PARONzze,bhAWLYEC,86890,50222,69485,6448,6904,4291
RcBwZzit,vSvRezmf,LLjgdnXJ,cpVyCGYY,sAsfZzhe,ibtlXIIm,50615,60304,95734,59779,37182,78872
RPTwVrLt,bxzuJDru,EqVdvNgi,aPVwdUop,QFCwdOZP,oIQVkKxy,42598,76378,10318,22912,97378,79829
WZMcwqRB,qbmYgkUu,ILPwTvXB,FvUIyFRO,aneOrJhu,pGqFNINY,34629,80263,31766,28372,55390,38134
JbQURVZQ,UVfyvmRT,iRGgiFbn,vTgYrUTY,AbEIxJtc,hvukDUyH,82582,54004,91956,93210,86507,57828
DiHMTxWp,PvLMSxSF,SvcOsLMC,sGhmtlAd,ECxpZsgI,FBiIATxI,39126,99646,90447,96888,7396,73774
JTJqDemS,ZgBmYLhq,eUXaoqce,ircutBjm,MYWepLEr,mxEDEQtp,71354,526,49992,71560,95639,50870
ikwGiKHS,DbYBlKFD,rpdtvdDm,nnbCBMnb,fohglmLO,KbzeOegO,59561,93379,44584,98592,61589,62285
htnEGqoN,JTlXNHTz,HrcmuRxF,zsBanfKz,UAvyZWtE,OSmtHsqq,28023,36316,88619,33003,17812,12951
cdsNusux,mOTPypXs,DcPeOJPz,mXEMTPaJ,gBqYXhVD,FUKJbtbF,83072,33148,78479,68956,91224,28346
HLGFHuWS,GeqxGzhU,nbxRQwPO,CkXJvWEf,FQDTvSZC,iBuhWKmc,75705,76579,53921,47780,77593,5872
EpSTvejH,lzHeMBDh,uurbcDfR,gmrMAmbM,tEZLOeZQ,PbsyrwCj,70243,53335,37851,9876,26529,42254
ztCUHwRf,hRwhRQNf,YUpTtrMd,INYWhvIH,rbQkEfKh,YySlabSM,6506,83622,2126,61626,60289,44555
GZMrbtTz,YMXgONGb,EUUcaEjg,VoEwgxeR,GMWcBGPi,mathfIeW,73480,49973,95407,47712,98700,88993
dQhsfTky,SvjdyxpM,ClDyqCUo,dYRLeKdt,GvKVUSZb,gijtvZtk,69853,12609,55587,60738,42599,22213
XuUquvQD,rRyDxyRE,KbLsiqKQ,aRRDZfDn,kckHQxEH,xDwCjpnx,17973,27851,40828,88986,13946,51106
TbtdJFrP,rOVxcvFf,xpsluloe,bOKLsbjH,sDjTURtz,gooymuzx,71122,43995,1464,22920,21512,87947
eNfWJGyq,akxIYHHp,kxLftnxg,ZmMMlDCo,NFAaPHSh,AZNNxBcI,4212,54354,90166,91123,32369,2237
PIqrybvf,tGhhUjqz,GSsUMuam,aVfZlvkP,bQcYQuBT,GfBMIBYu,16010,17223,65646,3097,81662,41032
qWlWeRDf,LlZtOKbN,FFfsKzKB,YUgNzdHn,MtEjhnVs,XPkRhYEK,74231,6141,12825,84651,50767,16781
fqXzvLbs,goFXpWti,yOzWqeiZ,nCBHuXwb,tDEfKdsx,jNcVUACI,16760,11456,72949,86750,79346,58899
zSOZIMCX,cZhWzxjO,WYwiLVez,mOTIYOwp,GohmoMNE,HdbrMlhR,12646,30789,9908,36268,72715,53571
CwvsfCBu,sRBJKEYH,oUXyRQfn,nzfbeqKR,VbPZnScw,lOcRpzJL,65181,67763,69511,86221,93937,49509
AQhcDBrq,LUJudXTI,FxDVzZnd,BvMOWmpU,XEbXPehN,IztZuIby,60151,12088,47119,68542,55369,45721
bIYZrwri,SgjNnPHt,SUtGWjtb,giIRIAvM,GrcFyDTM,SoNMIJAf,81885,84719,58579,14608,2225,59734
EvupErYi,GmzhOJJL,BYLWQlqV,KLkOapRs,udBZQpkN,PVzakIEV,1926,24784,68805,95838,31275,73992
HomieEgG,JKRZbhjn,leOZBfNu,zmPANmeR,dsViDVjj,oJVcwmrx,37937,18299,22885,14543,16152,97022
kATsBzGb,iEJWMkCr,ndQrMspx,bDWfCzwI,kEoKsHLH,tzQBjLAb,23187,10373,19334,57925,58145,86108
zdQNkjOQ,BeXrnykC,vpmicwrZ,YlUnZiDx,cUDCajFi,epFfRpzN,67124,10442,48947,95509,77858,69529
BOrwrHDr,HcACmQLm,WeqqQHkM,ILDxBJet,RUnABgax,BHKCBuZL,29347,80790,1967,75448,10938,32447
oBNNyPhA,QPqBXIHw,VhiTriTU,ZWBVnssw,DOlSuPur,ZTIucosW,81571,14501,37251,95407,23386,7735
oZpwBdqF,aWWMuAGj,AABtfvJj,LXqUJwAa,bziLONdk,vXjyPGTS,2805,9169,73275,53879,49173,57430
lwOBPxgM,TiCXlcJH,RZyLIKAJ,MgiEumwG,ldtvYDad,imCgiSru,15064,50592,76139,50035,90964,56102
qwEahaPZ,UDKJFSch,OzhKhKlz,OcltOoXR,hquWJTkB,WFtwmhZf,93689,71252,73270,59720,48274,23979
kDUgWFeE,OgsWdtfZ,sXreNBmh,niMIzsNf,TUqmYXWV,YHskFmVF,73762,88942,36966,23904,26133,92794
LWHxyBnA,iDFKbaNv,HjIgEwDn,KiqHzECI,cMYBQRol,Dnvsawub,56187,89775,24217,19118,2,71474
ulizMSyS,KgGqXiYF,gcyhAZqy,iWDfmDHS,JFKWUnjs,UNmiwxmu,84989,95071,45479,45831,5859,88372
ntwDKHUY,qaMmsZZg,rDTMdWvE,vPTBWPBY,SbeBqPKG,AJZvIdOG,73834,72208,40426,99197,73006,22207
PvVKSwqk,VdysMKbE,CMCCJIFM,RqYcdHzT,tcVEPTAh,suoBbYfm,85933,25664,33916,49537,36882,62196
aHDLsqtY,XLVSZQTi,rvVUDwaQ,LybbasKc,mXLAgNLV,gpKvrlgP,80184,59859,90310,77038,9168,39935
vIywGRVN,tLXhtQtg,XLLQWDgF,HhoHZfYn,qzHjSguq,pmUZPnko,45795,81778,61270,15342,66479,62490
eGUjtVmM,cyeqDqQs,Msnfoycd,YqaiMDuQ,TggLPNtM,uLAcJAAM,19243,24449,82632,31890,85687,48086
VLgSpCgI,YkYfJkvO,YJCvdOXd,elzSQlXt,NwaOFOaG,iVQWrGMW,54986,12225,52436,16511,9307,58619
cIQGmlVR,QxEDxpuH,ZFawSDGj,tPnXayUA,QhsNsJzB,KbbQPMTg,4426,15758,75070,55305,79655,82557
CvqiqWmr,ChMQncVB,yNaSXIfI,rlDDRBTH,TFcGuDNP,tuUfQVOR,56284,98711,12117,76741,21156,78740
STZTZYrk,XYPNwYVO,sRHETeIc,ZtIXpWMP,xIUAIAhV,UrOfBCig,6088,23953,42473,72125,54360,98656
UmyLKJEg,AWFYveWS,fnJutPOr,CtcqEVnB,FFhsAvoh,IjdWDrnO,3871,79000,1361,45717,85950,21928
ahvycCQE,TxhrPkAF,banmIWYG,pTACiFmA,EqoLkCbx,ycbKuCQX,20026,14644,58154,71528,55454,36017
yMlnDwBm,ZhwgGzRc,pzrIdMxA,WyTbtpQN,GVYZQkci,rlzhXIwU,82545,32866,38072,29919,88008,43378
cvoiCrsw,oRhcscCE,URKjWVrf,ukIecIqP,BedzRhIx,hpxpMfuR,22051,82973,97871,14108,44251,15613
CTCvxJkj,dHeHsPkK,cHqxVBOd,KwkRePST,iJOghNoV,UnlsUnMF,34320,95044,99200,38982,25097,71866
KpLzEJqz,GLoKsqYw,lLlzTmUd,VPzVgqHu,KlUJDlNu,GrhJbrtU,26606,83727,77243,78027,87375,36939
ruzZsEDh,DbsWwzHw,SuGXtiyy,jKSYqTvf,JFANdIwf,fmgTGUWZ,36148,95507,87174,72323,18363,47816
drMTQSzN,KODjEbxC,oxHmyLpx,OhPaMWuP,hPtElhkW,wSMFOYdL,57756,65157,71274,30992,4091,28265
CSowPpoS,jexNUDCF,mwPtpfzW,JvyYEngU,aTkbgYDL,gVyolvzj,73814,283,41452,45090,95383,36234
HPslJVtV,ogPJUClW,NWlTveSx,FEAVrVmz,NvWrpYRb,EQTNgqWp,34802,65535,16346,19624,22668,78082
bwJSFtVJ,DdPsKAIg,aYxSxYfn,YfWHtnFH,BGGgLfFH,rEldOAZE,27595,63689,62883,17074,69723,44807
JVsJQdFN,vapPpVdt,QNbBTLHq,dEXCUJoC,xZBKAHPM,wmUTwFHv,5592,25482,68210,25822,97855,86889
cADRIZXp,fudhHLcy,WxOvMUMe,YiQOHIoM,qblgEELD,BUwPQdkj,48650,98748,33648,6590,84763,18600
pqjwFspW,WcifCagV,mImjvBPN,XqDkgeyh,PPMmhGTA,FJwPfUTF,19835,26780,85398,67536,61499,45399
QRqtlLBB,zwrmrWXt,YQihiEyQ,cnmilrIq,WbXhjBCO,BunwdrHP,41725,3931,43257,67107,51567,12424
PxuEAGzn,xvanrizO,vglbeFqH,cHHkPCIt,SGaLUGWB,pmqSCuFC,1144,92092,69534,45670,31124,48635
WykOhKKw,rNuarjFo,jkghSTKE,jeLNmigT,ulsQdVDI,fAeWFeGM,19063,50648,14648,78109,80208,74184
HBgxxkuu,svOikSDj,zuGYExMs,anSyJeSM,oklppWZy,SouedHpp,95829,34089,24705,59627,91404,81118
pCBzudEf,LIUlLOBc,CBvnmhdA,GjOIvIYQ,tJPETTkO,zaWEUgKp,6619,46013,21687,75535,73367,71992
zWMOeIdq,eoRUKHrJ,HjPHnxlR,OBkIKYKG,sXCvpgUY,tpkuCRsj,18691,89936,10214,88113,91001,60782
gDHOnDke,kuaorfgP,tdvdDDUE,znBcsSqQ,WcXchvpO,HLqVbdZw,26635,87705,55756,9915,78495,78886
yNKcyUXe,GZiuLYSs,QKtLGABw,YMZqeAGt,UVuyNuNt,CzLcwScM,51168,4124,46753,7216,72067,55218
DrYKuLFm,urOJlXYZ,qSisEFnJ,juCxdKSp,vwfBesjH,KbEDAyLZ,3441,74337,88875,60873,79549,17663
flKlhdHq,uPoObKQW,vBSxnCDX,QohKOhIh,dBDiHyIf,OqHnspfm,20742,23301,45902,52669,19763,41103
hVXUEtkt,NotSSwcj,SrpwvZne,TGfVjKRb,FTIZqgeY,lLapeAUD,88929,74227,32148,91695,26858,21973
WgZoBMML,vUodTCRj,fGTlJPpH,dqDJzGlo,bxAZaMgH,igzxnZny,20564,76686,81781,11400,20747,39187
qbPdafbn,WaFViRlA,NoZOHTRo,DHIHDVNE,IckiJGUC,bysXPaBN,48009,4122,66171,77949,70754,11924
LzqEMkLj,BbkKJijG,QgCfnyBN,XNjTdbEW,oIrFkFge,ZDcJzvNj,1807,73607,36711,10018,77313,84320
KZzyPucj,ifYyBVFS,xbfYzWxB,MCMwTZpO,pLPxHbdC,GvzQxMhm,16566,59513,43810,19919,12296,9515
exmcXTuJ,YEtpBhIf,xIEGHwre,qDbnzsyi,VqvwHPcm,mjdPpwsw,96190,66248,45576,16204,83971,4449
dRVagqqI,cmwbnlbb,kqHtBPBL,wbFDtKFV,SyLbvnKJ,yYcwvNIH,56806,50549,22884,52088,43619,75986
yvWgyipQ,BSXQBFlZ,xVAawLgp,ICjEIeEc,owFgZfDM,HLTZyPcL,47788,31129,27320,65494,99160,38800
BOZYuNxg,lfSubhYy,NBSszYCS,mAiKGAbp,IGaisBwd,UUyrbuTu,64548,5021,60097,1159,34028,61239
OPpWLpex,SJusKXMN,LxuZVaqp,nXuCVPDx,osrAAhxM,GJRDJeLr,54675,94552,81308,56629,93211,40710
rvHlGjuy,bZROsCWV,ezHxBqTZ,afAViTWq,cqokJthm,hDkFAntV,36390,50363,66099,32151,48821,532
MATGAmRD,CpJZQUJA,YRpZRgjG,BmFVPZHj,fRHndWfg,LhEBGTOB,88207,13533,49313,16184,33081,74999
ypTLqhlH,GfacDRio,uvKLXEGw,izLdFusn,bfcyfRdt,HNQhsDWv,31955,99666,10484,91312,8118,19381
miSLTxRX,HbgJSWBa,SOKiYYrm,dRmeYcQj,ZIbojCEP,qBWljKKH,12570,19901,58737,78220,30730,66450
avFvNGJu,tZMqdVIf,ukfOzcZu,SDQKPqDA,XhfKAxMj,JhUcOSUd,22049,41469,47344,2738,39406,89623
ppBMIcOH,pFPPRklD,yKrxovfN,xoNXvhat,qdMfWhuJ,AtIxdasN,24448,59701,40246,47802,40093,97888
vOnufDhf,PvrOmBgb,gnLeZEaP,UraXsUxG,OCLJyDlz,elPFaYRm,16558,92130,67679,56722,63507,46703
gadkUfcS,AabVkhVZ,zIjvcQPz,pyPlRzgI,SVtvCpXF,ilPIUweC,12900,43881,34706,69837,43564,82451
PvrtEIFa,euOmlbSh,tUOgHdfa,aLpqTgmZ,HxgyMrDi,vWZZWAdE,86784,7440,47928,84405,11432,34516
BUOLgbnI,IfFwbcWh,XbRjBmTB,nojDisJt,QhpydJnY,JvieaRDV,10641,1991,32426,63250,75236,67873
TTDlOtdS,fONCCqnm,VfQgQoEC,RiXUWIwL,yRbzuqYa,jhAIERvi,43090,72021,4814,52789,13349,63812
jpRgrjhT,PEJiJrgM,vcWpdgfw,ozWDEjji,YDgexLoy,bsvLEUwE,26748,39179,93872,20986,3910,20666
zvZIlkrj,dNGHYgPG,iKiBLAdI,yQBTSUzN,RMKtfNPF,ZgVLavct,39905,71525,66518,96134,97212,82422
pUmAcGQT,kGOQihba,bJYSGbDN,SJUDVhzZ,lIVfdCdZ,ehyrTISx,33226,39869,89920,77407,3641,37755
zzlSmOOK,iyCEaLsi,vcbYuSvw,jkAolEYg,tBuPFHnl,SswwrsMx,7017,8446,64656,90214,2065,21580
XueCBAem,zcVBrlqV,FDDEAZEr,MJScCfhN,ngZEguAr,FlhespyS,98873,10171,83786,74426,34967,14526
hbQDvFqe,AqpEGFdo,EBuuZZLW,GFZuRAid,kuPhUqTC,noVaeqLQ,51851,31788,41347,68273,35913,74443
fjhnkSfF,TwYZhnFh,cXosjwPy,pOeLJGqW,UZPjlVvI,mfREultC,90438,97878,88101,12433,87461,1768
AcsJTKJs,UdYlWqop,nVkEWAXO,dVsJGHSx,WAQcYDlR,SkyhZYHO,35163,61385,91766,95943,88550,49071
cEqBzwyD,SBdTcwoe,vHrpdaSw,ZJBXsSQk,rzKmFyik,uBnRKklp,29119,63247,49660,80880,34414,17847
rPkcebZc,vcvTuSfN,pnwhzvQE,gLsHnDTU,LJsxZnxe,mGyebKfl,90165,84248,6027,12521,74347,38777
rVpLjKDo,YPwqPQbF,tLYVjcsn,lrirBYUT,JJKVnVTk,BNDwAfCA,52898,83442,32238,37757,63053,61310
sLLsKcWv,WHJdKmME,dGIZAHao,iGNnthiu,otDdnlIs,zPDCnNMS,25435,5474,85424,86706,57963,34731
fMkdDoAW,LzruLsAb,RmJIHIIL,ehCWFxtX,DKzABeOM,HFLrJJmP,58914,6452,3013,4328,32428,67476
XLZjvieR,RbnoKIhy,nRKclfOW,etcJkWYW,gNdxDeop,mDesoQya,7765,92226,80755,25735,65495,35619
fyvnGKbB,jwXfOfmC,WrnYzcdl,QzHmgAjI,EqgHGMoZ,JrrdYKhv,2891,41692,84106,37875,79302,80294
uOnvAmJq,AQyRsLUY,Kqtdqciz,AnCmYris,jPRLBRyc,fcCtRdJm,89063,69695,21368,2230,89789,40034
yPykhlYF,XZEcUPHv,pQPoVmHu,VEvVggJg,ZckbleZv,FNYVScgd,58701,68184,1136,4109,6436,16810
NOgYOHsa,AWmteSMk,stzCdtzo,wkcZcacV,DzMdlUmP,qfJpsual,16541,44772,25492,16276,76997,70377
kdCCOVWR,vcMrGooP,ldqezaOl,JsYHXpwJ,NJhYLINh,hgSCvmki,49387,3852,94043,89922,92053,40379
XHeNmkkz,FVblAwRb,YoxYKbxI,ehoVtysN,yahHxfpc,KYlxjfLJ,19135,27927,99481,697,2704,80240
GFutAUaN,nkZDuvdx,VDseQtHW,bQGBiibe,CybGVgDC,GsFdSFTo,50006,43381,20076,83588,48116,15246
evAoHkoq,aPYXfwoB,kjcbyUSC,THzQaCse,KbEEjrxT,ZBUpemCo,92922,47886,82729,68963,33152,75523
rIKHodVb,SMDdPNWF,RCVVTVQw,SriJKzVk,PfVmioff,HYbeHWfj,75244,42080,62672,75501,9150,88040
wvgsdgwD,PSBeVvfb,ZsxpHdnK,HVnNHvFt,MHKMJGOZ,wTXrYGxL,37956,71058,28166,53643,13454,10779
vDmehXgq,llwsvRzJ,cQINHGLC,bEvGInaU,LcuOcjZi,nBBcILXp,61823,15774,60548,56019,13379,31743
syZkTFPz,okLyUqbR,MiVWETQK,IKjbfrPD,anULyMIS,BjvNUHOM,47721,99539,73991,87280,41661,80144
DIVvoocL,ZbLHOREx,NwjOkCjT,oyfFCEFa,HNlChcdJ,LxOIIMUg,61709,3018,67165,58743,85241,45495
AvaOSARM,AdbQGZZb,fohFZdgs,tDfOplul,DvEOGUPu,WcEKHGac,29780,84432,35592,1563,95650,95460
VvwvmMwJ,uaoEqNRf,QcerdHmQ,lAsWgTgf,IiQDNxRM,irzQGKsx,61698,8824,37858,31715,58615,37926
hemMXrYc,ehPccWcK,arbpzLTd,RgKoYxdP,QvUBpBNH,hbkvEJOy,69480,23356,96395,60048,56736,70279
tWyMiHyL,SQOekPYW,iGSPoDgL,zfkRCFyp,iHrNfvlq,obCPVkMR,1275,77429,93435,37670,67753,19035
rGGoinGU,MxbXdWiA,OtxMgvCu,HBVQhtqf,Ldpocram,QyvTzqdj,75260,38455,21660,88148,80380,84554
JPkNYzZr,qcCwMdEu,xvRDPLtr,XlHavxBa,WegbXmAS,rBvQixzK,96796,44653,67363,36112,50684,43440
dzDexmrd,yZuyeNSn,KVsFBHbd,UpuKdozH,uQTVSJRq,tUCxwqUb,85548,52363,83549,63579,74974,48930
ZmLERESp,XYZMTYOD,cbAPqsuB,dEhmZYih,zPnTbAJF,BFTLkAXr,53508,41772,54950,37386,84476,88831
YGyKfUrp,AtysJdTi,ZexJjALv,OhQARJSB,ZNTUtMSn,RkYcWKdl,77512,8991,83147,30732,64008,36599
trdlNOIx,NYdQKPUr,UadhXiFE,IVWcOmaX,zrbOhEpN,AVsHWfMo,50550,81619,49666,90927,53526,47083
sexBLIJq,vcRiJupf,eWzYxZvZ,qLYPgalr,xNsDGmft,eDQePSEP,67794,54588,63942,82170,25277,75989
AQQfQMJG,fiMwulyu,NPNwdujY,rhrqigjw,BVvwiVHS,zFJGXwwg,53484,93703,61861,49272,9916,49370
BdoxFSSt,xZbrQiXm,biNppmuu,IiYzOqHH,GbahruPq,ZpKHbGYJ,46291,3942,22196,54833,81560,43055
AKTycBsM,WtNFsfAA,UWaTkAqn,vDsMOSgk,CpsWJOMd,yuIyjWxE,52157,55044,82753,45040,54261,63032
VqVHJxoQ,aFYTmgND,qJkAvisp,rBydpeJW,bEARoaGp,CUAPNXOk,57795,40089,78682,49104,67343,19372
pOPdUhbq,MATKELJm,BXAITccI,tsguxNwC,RZRbqKTH,fozWKIlu,95895,47850,13,2086,1964,73638
YpNAWvrm,RkFQAysa,gxypJMBi,DugOCAzq,vJdDyBJB,vlPJlkop,80287,28531,57263,71512,92303,97676
YTUcgvgR,smolacTq,PFIJpEvu,BOlHKfPH,NRoGJIoS,MmZRmewa,94259,84801,66606,67714,41424,22764
EZGGPVuj,JxWBkoMl,UnkbBXCX,KSdQdROe,zuGrSLuR,nOXLGrgN,38001,87720,36824,52162,80584,14153
EQrmRqFj,nkEUYtSg,jcIuOjmz,xNORmUZL,gemJyAlz,ETDbMweN,64613,96794,90260,61592,68117,452
DywRbUIi,UxeaRrfF,SWEZDkKe,yvqQzlGX,BJJeleub,CqLEGrHW,85696,85748,88941,1976,44093,19061
qAHlFbcv,iAKMbhFY,GhHlxIiB,eXftmTtM,yaUQTRey,PVEqWffD,56285,87051,52016,48881,27765,88510
WwQTyagF,PohabdBU,ybLiwyeU,YHkLtlFX,SDBeWPFq,woyGpEUL,98173,58559,51090,36929,224,14866
NweCiquW,euLiAIOL,mbOKyEYJ,olJznfLP,zBLRhUKq,WZSAqESd,98846,81386,28067,38331,72194,87835
avbuAJcd,TVSGMURv,xkMBIkpk,pBiEeFqn,FkdykAjx,SqXqjVZj,80545,69345,65216,80591,73363,37347
NAPUhIhN,csSAZkrx,YGWYYLJI,hrLaSVXu,kVafTdkI,udPWWfOQ,83357,99757,5234,74886,42380,14762
IgDnJrQP,eyDXafDn,ckdXkQlq,TibnjoAp,AcbhkXvB,gisKQPbm,37301,80357,76292,52390,71555,13920
eiTdegiR,cUDslQgz,UEYHbxej,UWbXxYXK,ggnEWGHu,kMahMZox,53148,20629,146,93756,61558,33275
HsZExrcR,fGkKAOLS,AmmcRdTj,kBVckMXE,CvugnluE,NuIgrcoQ,10694,96585,32214,26580,75874,28931
uAhHzpKd,FcttrKRR,ezgaghPx,wkryFRBO,zZRKwhVu,YzdejURL,29749,82958,42032,15951,57625,44449
ZDghkcMM,AbjRmoMB,RJOXFLMo,VHZoutHX,TmsTCnCl,dXFeXRXd,69316,71019,58992,47993,80379,54324
SJTgOgKi,YbUWzYxb,mgkQWBbM,pAyzveVn,JtWOcRBQ,PMykpjcq,44722,8856,18710,24667,48784,59544
AbBbNOIn,yNLGdLUO,dwnZOVAc,zCUhibEM,aaxkpydG,ZdxJpcFZ,78668,1402,15270,1791,4524,75787
hckQgHhX,rSOTeUyd,TUaJdidS,mRbdffVz,GOuEfkmL,qfTaCMCy,35466,95600,76191,26042,13287,43333
PQGmSDzb,zwmIbImX,JYvOzQNr,qaceeovm,sAiUGcfS,mkZyplWQ,71297,11997,29063,87799,28147,48533
bVWLCxBp,kxZLymgc,lRtVgbQc,bgzCSlga,eeskMVsp,MGXkdBfB,63686,16886,73833,66350,73600,70315
NSgWkyko,AJpHrcwM,FttRwtKH,dVDyDvzf,GOXUDYpr,RUrwamfx,19056,31259,86155,8220,62239,1367
sFsxTsSV,vkbgZRPA,LkJzVOBw,eqzdFKtG,jPsEkWSd,BlSYsyUH,83650,40676,67275,90352,28610,77433
rHCRQxyF,ksoAemSn,FQRZiMPD,BztgBWDz,OnodgGCf,ayGphusw,15820,11234,3981,14333,21889,65113
oaGlDEEx,zUPCpvNg,fDaSKUIN,EPFMbSVy,BRDgnCXh,ByVaQnAM,52502,89151,51661,32529,44393,81899
CvDMGpiN,SbzUdksG,upzZZzhb,TedWqvAE,ppjzdnCY,JhgYRjfF,16903,32211,1214,25744,89571,53226
pLyqRYEa,CQDqmrVq,KizjdeUY,ztThaKfA,tksmYHms,mNAAeORQ,97902,57780,36861,13250,27513,19816
SqoztjJE,McRBZSPg,BgWXmcaa,zrkwCINm,QOYkrehM,yPpqsNFx,53448,73831,65909,36661,96106,18136
PcLAOdmU,LOtAgZqY,irCswgbH,bkUquXCF,FiEkTAec,KuxWwLLW,7518,29883,63102,77009,25766,85992
FofvKwXO,GSnZLjnd,LiTjzsdV,pzMcxtNv,kALMMDyn,RvCcCpkP,41937,91280,98529,73091,73064,65126
PjCsjvEo,muOasFbZ,wkYEXCop,jZfWAxEZ,bMzLHuPH,RiGCeWKf,84037,16397,48401,91670,81985,81507
rCXSwwVS,OWHmhlHi,MgfnVmlT,JYPUagOa,rYcRLHEI,nBWXfrOz,30211,81152,82685,15022,94519,58534
JGUPRtMl,wMpNAxBK,hedWqHDd,otzHMyDh,LpXdSJLZ,AGgCMfLX,95713,23584,67949,39327,48676,92502
SKYJEmSM,iHKHKodu,JhpDKxQF,oPeEXPaT,ecFDjMpC,qEctbqQC,25410,147,18911,15831,53437,17573
RFmedsDQ,WDDuDQUY,kYChGNEx,kCtjhoLQ,mTOVTqcs,lxTjaUqo,58206,95030,73200,8961,90058,11576
fHMLoLJC,JxpFImEW,DqYHuEDr,kunMSzLS,OmRDbOlA,gKeKCipT,85538,13748,98693,71609,86341,14333
tgZtCUyP,oRfSBBjw,qTRKxmwQ,mqxQNNWN,ieRfSzxV,mNzqDYhB,29802,68124,42333,69779,13810,80309
AbgqNIKT,gEmnTTnM,bNRnEnkk,iQckOAgM,NITFzrLE,FGdAWDgQ,39527,33696,898,7130,27480,86080
sikzHdZo,XXrjtFwe,ppqWrNWh,ELLVoCIu,fuyHDLPc,byGMntqX,91638,70667,77475,35857,52417,89882
yjGpUDIl,oclFNGIa,nKRZziiU,TZCsJvJx,FdFTFXbu,dBniMgYp,24138,61937,44307,62680,30275,7237
WdHiprOn,koREwqvC,GFmATpwP,lOWFOnqz,aHreKMvs,ZmhczMvD,22865,75595,66818,60983,38101,44809
vmIxlxGW,QZgsVihV,lAYRWSBM,AesmxDbx,rmNxGdLH,rBzLjHlr,25439,9362,95249,80223,13694,33798
UWJeuowY,qYlCBIDK,iGXOSKNb,DufFecko,bzqyLfUd,MhJdXkAR,6548,42503,15428,73137,64132,97394
unqIXYFh,bFDrbXCG,CtQfrmli,EyfGVNWf,fXkCogaR,fxQzMQOi,10138,88803,29999,13409,28091,37694
JAkDrlIL,tYcukOQa,dJTjUdzl,TjUeinRu,rImWFcJG,gHDYdbZh,15977,2650,23178,67132,61171,78609
TocksxaO,XhAraDoN,baqCHveY,iVxNDgtH,ITkEPnFu,AkagvoQn,49315,80035,24626,446,17423,14233
AhumLviP,egsiCshc,VtCBqWQK,kCLCNeEM,yiVIyqft,hMDuWDLQ,73668,83369,22332,83029,5098,91241
IspiPAEp,vnsqDSFE,WhUfUqoI,yKUjlkzD,BzjuEZLD,kbobNoAd,95361,11529,73458,83096,89052,75501
brcbBmmo,IofRlZzV,BIwrkdUZ,lkQwYtcU,hcsfnHOi,awEZeNZO,80612,95423,97270,90767,14202,25606
PwIrAIiT,XXpMDMDN,THlfwMjH,SvEKyJCv,QIKQRSFm,colWFSLz,61676,70915,59223,27880,44199,50615
lSmFKOoP,NCWHFVcg,sVnCpPQh,SgzYQXot,IUZkWjPD,YrndKwQv,25463,87937,7969,10911,10233,781
wWyQuOCO,ZGPeWvAy,WfCyRyXo,thneACey,jkpEgQMV,PsYjodap,78702,76170,56268,13831,87268,39151
xXrqYZhv,ukonsOPs,dOHfpEah,BEZzGNZi,ArCbyFOK,UFoOcOWe,24634,92317,61011,16413,17291,79630
VUspdRxR,xgfYGWIP,GvEgPspE,wNsGFXuA,ddCZvGTV,PrBaugCP,56009,71024,39541,76746,69269,25594
TOcpCbui,GbbCqAHn,bFrMuyhw,GaMgLWtB,gwQptkLi,iVBWvsvw,73086,5195,69145,64200,8972,84079
COulvQnn,pxRVWsjG,sIxoSGvU,LUOXKtOF,uSCREcxt,WZNlyrfx,88444,15595,75551,75290,87081,46491
mZWChdmp,FTbVlzih,flSUaTcf,cnKKegZO,sYbRMfEf,ZFsIpMLF,5846,44974,13634,13756,52680,75529
xSLFQrEl,zmxbMtCM,nWzyLrmL,GOHVSYMh,FtaBGHSD,WCYvJTmY,67899,57886,92463,90550,81822,65010
inCKaUvg,wwiLcIOQ,TdgiagIw,VmvitdZk,ZlyxhwfP,neVVoVXF,58060,93237,53173,59084,56985,27749
XVvLWOTu,OdruEKjx,VYgSZdiF,rbCVevCO,jvHJbJIg,aeACgHyR,57671,43874,70484,74476,25702,4722
wShSqYny,eZpRYCpl,vLHUdLIB,XsRXDqZD,NoQAfjpA,OuxlhygM,65723,17602,17708,86042,19540,96582
lvgKUyfq,lEYVQSQf,ACyqUktv,gsVwsRNF,AVTeRcrP,PijyyzUy,4176,55433,24542,20378,32537,95034
RytyHReZ,sHtwRxly,xrxeoLvx,StPxzrsC,eAFqzNkJ,DHenvpXr,53741,2761,1104,91834,77452,96380
EcmARxCH,GPwpwTZO,AoAemRmG,SAQzyEQZ,NtImCnAY,CHNjgVII,61070,24690,49966,38887,3298,42339
jPbitKEL,NPsnSLfF,CpGIVvWA,gDXACSIV,gsTHknFp,vyBjGDUO,11171,99188,15040,24739,63568,83730
xbvdWvcN,OMFeXaVW,zRuGMhIi,gJQBGjcK,ZMhSTewv,TMyeLbXk,36678,14016,5744,98416,82538,49231
gRewoWcj,lzslRAmA,iHZkJrqu,JZEyeuIe,sCOOrPEi,MVLjBFjw,68076,31396,428,10500,51911,20187
oVJqKBjQ,GituPayu,VWfnEjlL,AUnHmSQT,RmKmSmiX,PcZhJXmb,58387,74618,41106,17667,46835,74270
RbsNipMn,VbpaKwWZ,CSjyOSUc,uTbfxjDE,jBamYIIK,nfhwdJTd,21500,56940,15858,3213,20066,63218
XrfdmZIH,neFNnJFZ,inPOlZWM,eTaLAlWu,zZyAJIWg,YOueVHlT,18274,75058,94444,16180,16438,59653
nibJemdY,CdVATgEd,DNaWMKAE,IlrlxQpP,ksldPMHf,tDdSoJTR,78674,13627,77290,8810,3682,70737
nHsEQhcr,LJeXxChz,IMkLekue,eEeOGlKA,JWvpjvaw,LXMEvLaL,71095,81040,59230,5099,80581,58955
GHEFnIcl,rOGokhUF,BkHOCVLQ,sTmbwFrl,PqjPVxqY,gbBiRjrL,71279,28494,630,91462,70204,48755
rTyhhmcI,nMJqwOCu,hrMUwdxu,KhHTFnuA,HJMLPfUd,MfquyCIM,98846,956,29331,65331,59125,11236
UUgxqAaf,FSvbbOBh,sNfJdgHR,MELpeZST,AXYYMUWO,PMdEvghv,73906,2502,11128,43312,52468,21289
SSpogPji,KOAvxdxF,SlHSbHIN,IJPzFZeK,RstGCYOo,tuJnWqto,33233,17783,29272,37446,15519,35023
gDfowZEX,FbVHcICP,KDtdGCoR,crhiAopg,HdVoLPys,PSfvUePV,55529,99801,10641,93299,61392,9053
cfbJtqOu,mlWLYAbN,UNOQHeeV,UYPyKkuM,RvdSvEhd,DIDxMOJU,1571,75204,80471,99068,76466,43245
RjMfnJFt,VeUiAXyh,uvsHDErX,GkmBxEOe,SpByxRvY,kYLDIyir,57492,57360,89939,12458,84871,1887
BiBktkPW,LMfkqKee,RMuJypXr,nyAvecQX,hsAuHqWi,DdOAeCtE,88879,25724,18345,23916,17445,22576
roLtMJmI,ZRSBSgZJ,NsysiQHY,vzFDWrHz,AMXDhcPs,kXSwPZoK,50770,89439,62317,68446,70124,17559
rqqZaKts,RfdzkJfU,LwDEIESh,enLKBxZj,mSzfVYRd,yKaWdHvM,81306,36769,94351,69738,86138,22438
pzuYMQRA,ReAhtykL,rHjjqAlE,POPticNV,HRYwgtkD,WiiUTeTX,90276,10312,57306,29740,55995,81893
RyKLNsVW,MbikuZLz,uygrpLEu,kDAKILsM,vCEuVARR,mlMrwUZk,38686,89121,36644,9645,93348,10161
oXibRPDt,YtfKIfAu,aiPMevFT,STofRTZw,rBFGwxaH,JDVFMJcZ,32943,83955,86134,84344,58161,53601
oduqxadi,otgqAFEv,ywnyjSvh,fGUikRun,seFPHybv,tamIaSAz,64028,72252,59558,18711,45217,38706
SwdwzCnw,YvTEnDBq,zaUcfyFg,usPRNQzX,kscdmGrc,vDnFppyd,30667,9950,62359,10255,73689,58097
rUlcsdlg,cFgzpfje,zhqLFYGg,JLXEJpgh,hkhYJpYM,ISEaNTkZ,77102,11457,26072,61745,81643,75734
ZHzgCaBA,WdXeaHlD,vYpGnsAv,mClnmhXP,LrfYutmL,enUKwrtM,76673,45148,87551,47458,89756,24456
rsMBusKw,zUhqgIeK,pCWHBuZk,TIisDSyv,MHaiHEWp,pTnhSsIU,10789,7128,40077,24674,59307,3166
iiPsNDEv,vFBVVlUw,zMUxwgJH,NIyljjZj,gOLvqMBH,lAyfwyud,77757,22102,28665,80445,10646,10723
NAzKQiBT,DYujoHVv,vaXBZfLF,JIrmPsXA,SUFvLqca,ReCbPmNu,89641,82937,44208,75227,74214,90878
IaqpYhEk,cRUShsJI,fpkPgwHi,BJbTDRkd,EZLaNMud,fQPovapy,51368,23452,61578,41639,8003,57775
rTSJpAVM,ZLomKcdP,FgWLNyVy,QLxWVkxe,tvsEFWNy,geSNzQYs,49918,14195,5999,27873,38861,72577
VltKNPdX,ArQmQRPP,jGDiSVPG,zjsDpokE,ersEorHH,WVhECWsQ,5802,53037,50992,92607,95494,99166
qgsdIooE,ZfpyMrxQ,FbaTJTwq,QdIaejXR,KCHCtZGw,bhpYipWd,46625,24841,19439,1735,63901,44204
RqsjnsfC,LDGJeCVU,QchLLtLp,GUoevCwc,XAqAnriJ,PTnRXEXo,94119,85159,96243,60144,33207,53412
iodaGthA,dwLGTCPF,YzcoXVgM,GCxOlFDu,YJrdmQWE,oDaLzKiD,96848,46993,23540,63933,49443,44781
uoBdjeAt,kVrRFYfI,QjUqAgDG,EcuSGFOJ,kueBntXQ,TuXyoejQ,69454,83859,73737,79587,51607,60052
NDfzdxzE,rMLtVqNr,gVaAMqhX,ohxAYLax,oxaAgDab,SkCxrZks,26177,57353,14944,53242,6289,37091
EvouzmCa,eYtskJBN,YrpmjWpf,DHiRzaqi,rPpWSBNB,zgMziWmg,73581,79226,45012,88497,49632,5105
unbofjcX,lQGwbsMb,noXYZvWp,jCgFiViK,MFVVtUmb,tXkDuASN,28720,1154,42993,49745,49722,60488
GRDDrSvF,IKGzWPNk,qrsEmsaR,XZWuihgE,pihUhMib,FrLJEhFB,5505,99866,48182,38179,54882,16873
izbiYWRZ,KemsyFdd,edkDxAdu,piwvLCXe,GUxTDErO,mNJrzvPs,64334,46220,33107,65461,12974,68961
xWyVeKxx,FojrkGDl,uWoPaAGx,fLyloPya,vNoyaHXk,JQqYkcHr,98821,26548,7343,68028,63106,47638
fEmRdldD,vdRTFdye,DPdrXhGo,rCPLdBWF,xRThhYYb,poXAqGtz,77573,89028,96411,57423,44235,79627
arhYseJv,PScqykCr,orngCtqq,QOUmsdcv,lYugPdJz,TWYKqQvz,55725,26070,52031,60572,4563,53862
IyCCVpYu,mfisfZvc,IhZjtutF,FMHrIawD,yZduMpFB,eVBoQCxn,45322,42177,80121,97273,66257,70328
EraHTZPI,yEIgVVzK,JLdHpLph,oFfSDkCC,bpArTsGu,iRVTBKjL,45413,590,74956,92070,30934,25287
hqZziaIV,rfDeEpDN,GnILqIFO,cPssGAjj,GBaCFofg,udccCghk,83761,34279,55199,87366,51793,13988
XWZTprsd,AWioSpjz,zIGdUzbX,RFpwlECD,LxOHyEJW,qoIBLMcU,79810,64521,62401,22529,56030,10735
pyBIVmzA,bOpxPDgi,MmBvjsDZ,ABnneCHH,tPdRhOEJ,BEEdPvuY,42703,13837,96060,46214,31258,35020
AfoNkxNP,UWnorMFt,PmwsXzGw,pNWiqOtW,wwiSENiK,DoaSCoMA,44709,38854,93518,87056,13121,6038
xHrwhMsp,wPSokVvJ,HrEFVRdI,CrDScbRR,MyAZGlIN,PFOvCWoA,50077,34879,58589,95246,77992,70712
lgRQxkdp,sHDMRgIm,bZsfjIgT,OZWxQmBf,LDuwbLHq,mPeQMXiM,48921,86174,41871,84006,37708,22139
qHXUPxqz,nzFnsipt,jOghIQRa,YdrBWPqZ,MThRTyGX,BhuyXwnG,69154,32864,72227,43266,33109,67671
CmZcTNOH,rNskTEsk,umoAIiKv,CjOjrnhI,iwJdqlPE,TvbCKVGx,99623,76307,39863,91539,55343,95120
DlUMoqwt,znVlpxxs,FOXGXxnA,msMAMxSv,ANLtiyWG,ydqwngip,68995,92275,17346,65751,14689,36755
KivkAZIx,qBqwuqso,SIcOfpfM,oyePQcHh,AxKkINdk,wMpJQzOs,44617,52582,25232,97,77565,56927
GtTlzrwi,UHAiEOXh,eHrADErL,ivWdIBKY,SPttJUem,ZYbVuObg,17081,50194,70935,66401,67729,88618
xoqSDXmD,hMwDmmRy,GfmIdxFg,kpeopfrT,gKcxKoiA,VhWgmDGk,51591,93900,12143,87799,9456,68811
ZRmYYMMZ,wjVLGPto,deiXuAYE,nyuWGsBz,jTyfhMmZ,FZNeDowD,60024,69395,79302,70780,34396,65298
RwtqXMuU,njPvvFer,GvyfimJk,lxNQZaZt,PjydNttQ,etHCrRJo,57826,80947,29471,50373,1786,95543
xVkTZzfo,cDqyAqdh,FWhMMgyU,lCKUrGpC,HvWJCQSf,csGhdOjf,68441,89420,35090,54443,9606,99015
pjlultPn,VKctGtdA,HxVZTBKj,SaUeCSZj,tGOuPSaG,YdLdQUCV,6424,29307,13249,31958,54874,53007
cwWzVhzC,JBINJJvx,SdMegdMG,mgttfgjH,tJcgNhBS,dmENaMjH,74771,89396,39857,24121,86833,87723
dqEgQZNk,NkeLkUNm,wwkYSJwh,DdnBWEWN,HhnUSoxR,QyjzWchf,75028,3209,95009,58449,90660,77247
EJhWEdSa,uuBQUaMt,XGnCMCsU,nxnlsQkD,ZYnKCzrR,tuSpCikV,25407,59860,83436,15822,40979,64596
EUtxjOYl,vYuyKVbm,yjBrCkyK,suPwsFXt,BBuZzDMA,GmFSbWkm,23405,80630,42630,89119,81508,97061
AMkFRmmQ,vDqSuJSh,plsOcfof,PXaSUkXi,ClaLwGih,LMUZnVFA,23245,10152,66716,96622,80974,79135
HgUkeGHQ,kZgLTedN,etxvfNlW,rkAfwNuP,lTuqoMoI,pMPPmbPp,16526,29350,62929,64664,16119,96895
tjXIZoui,QbOvXniP,joJIXvLf,AnsPlaKp,psozZtYx,NRqTOWoW,93140,1495,83468,50076,32015,18308
EpEDtLRB,WMWHnxay,MrZYKlrI,AseVzREI,PEFKKdzr,xVNDctSE,43603,40556,49717,98582,10971,66965
bIIIfQvK,audUTSDS,NUPgPqno,ErzvcaJu,qywGnIUS,cNRBddZf,19205,40072,59550,43019,83321,1395
iMxpMDog,cmgaMpyx,GxbVSITj,CXUPjZUy,qWkbSZIi,TObyDerw,99661,61273,28063,41240,83296,48672
ofPeNcUv,WSvQuhWw,CEJxGzgH,muHLxxVr,wdXoTvUw,dvGerPrJ,26023,20277,64774,58437,57367,80187
SckCfgLB,LefNZkIL,pgfLpduY,emTAUmeE,mZAaFBIU,tbBsbRfP,90911,86618,65356,41687,94717,951
grOoLgrb,fObNyonl,EcroupRT,ERMZxCzZ,ShWiyuBk,sgTUryIy,47256,72282,99608,30474,82726,45210
UQYIXPue,EdeSRxKL,iLiLKiWT,nAHuAocy,AXyPQuQy,rwzELxZJ,16316,7470,27555,57417,5313,89377
RPkjRMPi,ypHnxKLG,WQSJVoSo,FjocUOFT,naiiMvKl,TKScVnvg,21095,92712,75651,96995,83779,11430
uzDiUmWg,QbWZjeJR,hGmRGiJk,SPDWkIAs,vBNlLjNQ,ZdDUOgQH,52992,43717,86318,44492,57441,63648
GEOuvgoj,BZholsbE,gAwoKLpC,BHOheHrZ,fBBjvzmZ,LsNyNhPC,87447,7603,35491,43662,78950,99673
PPkGmKbo,jpSoTUHR,thlWxfca,TQyUBTOr,IShhwYyT,oePAAsDA,28071,32876,36000,86055,32538,66533
hrLyPWOZ,POVjhpAl,SYCnQqxy,GTurPibd,LWsfKqzj,cosCygpJ,21242,36227,59348,10937,78006,14278
ePWfgoEq,wReDEpGp,IBNKeJDe,hYKEOSEe,yXEJuYwo,ZdDFPrFn,64503,92913,98324,58089,52116,83875
zWAEKBCT,hpmsJulg,TJTMdWFz,sGCVVMih,ujIdAHIF,WFemlHhX,53242,61650,66644,14025,90560,76185
dHggYKiv,wtIkZpcB,dYhWvqsF,exJrfJFt,NrCMmtHu,njqnUJss,60423,80153,63390,87966,46921,6537
oNFUMMpR,epCQWNBk,JOLCjAtq,PSkSFRZw,PbjPBWyW,CCjWefPK,37913,83994,77602,386,68780,24091
jzFmzoZe,TLlOKUMA,jcllBEfM,TVwRVwQM,vDvvNJNL,ptlZhxoA,50948,4310,71196,91684,86253,14264
pSvjWWKP,uRKtPAbM,yjGceKUF,PMolKLfP,AjBfMsTG,eSvNiFAx,27369,91832,89788,49304,38403,92354
FUUyyDRC,IBeATexq,skveNDxg,WEhRePsr,oMiIjFKm,FvvwTOOa,57946,4105,31783,6072,44658,15819
fbnwjmcn,GBIByFty,WuEIYcoS,DvdUKmWK,DKRJbyAL,ZOdynUMo,56579,88368,79611,17913,37503,65557
FzvTDAOu,vLqPvsqH,CMeSopHE,OszkYGhA,guxHXkDw,DWExJHTb,52884,83088,12886,46845,79930,42039
eXqGelhZ,QFHPGvAv,hxfUIPOx,nsscfLdu,mYKURUPs,FgNUyNCG,46674,41979,88265,60985,88738,37285
hwfNsibH,yeNYFFNM,SXLMfFYM,tIchvbbw,ctxqemwA,USGvhfln,98721,41927,92666,85810,11092,56355
ZCciRyFq,VaqCNpZT,edJsokRl,rdRsahJr,aQrItqNk,eXMpwqnU,32792,85484,94545,22800,73352,83688
dmFTOGZS,dgqCYFmS,zJsRCSwm,GwjmlnYJ,TRRPhhvb,HzRowTxK,39021,80065,6270,92140,7809,67199
GLsfRsRg,QcMPtbNh,JpCBOvgA,NHLitGUK,nIgFWSaH,BaYQdbsw,67825,21577,86962,11271,90900,52752
rejSweCg,cmflhkTh,QfTSyvEz,zlTdwcqT,xBGZwqwa,uoKPPbnf,69802,89592,5764,83019,76309,37874
bXzkuJfp,ZowcoxmW,EMQgcJkD,liqAyOcu,wloUEFMe,vbcPPlJF,26202,83022,14911,2078,472,3512
CQRXrHvI,GXluCaHB,ibdtcOvI,XxxWbvYl,onQYaNMd,PrrJFHNY,19560,13286,43443,80392,10730,55363
QavtBcVQ,fEvsTXrD,JWkAPPDG,XoAILLWS,NrXkJAEU,iZAtlctb,42166,50811,90132,6175,26892,54572
fGcpjqDI,UnUSpCmj,fKIvVKOB,aiadLZvg,cizYlott,NObJcLiA,56070,48681,51353,74243,18864,96483
yppfgzoE,tJSvvgkF,GHeKqTwA,xQFBdFeL,SfKlvMYV,EwEAmehv,397,93817,17565,10565,70653,45000
TnhwUymd,rFMoqmuJ,hxCvtFNw,aZGaeDKg,UXxKOmgs,hpTTBbCL,30886,46001,4021,73363,7650,96125
RXYQSvup,fPCTEvcN,wFFMpaKV,yeckLLZr,uvshdTHm,NcrJyXLT,12296,93400,43750,16363,54650,26288
OAvMGUgV,NgieugdE,uYYnDFKX,NrXzCoKd,GqigHgMc,pSBnVRRx,8894,45128,59058,65954,29687,5771
oDTuwwzF,kUpibCkE,fBpPWdUo,IkzIFvAT,rvBpUDkN,qjTlUWTq,565,21197,49131,13535,54692,66955
sUoBKcnv,yazUTiUv,ewcQFHWL,tnKImpGH,ZYsegWnV,hlvacoRI,39215,82216,78382,48828,51365,14374
gaBZwvPV,yUYIhAjc,ofqhbaQr,RAOOZmzW,ACYEvKfg,WZRzOZOP,76145,70556,2610,99461,18926,36577
jPlmOEzu,INGlDmti,NezgkCsj,kvPUfVeL,vrsfBUox,GNXHRmyB,54700,29534,30213,80379,67342,45630
SuHpRUNy,KzpJfsgo,PPEixEja,ftnIRdZL,zmhqdaMV,zGVZqaSx,35181,150,53453,27762,74864,30415
uVjmLcJV,sjIUiGnP,mfeFaeRp,CzNsPClT,zLqwIffQ,DRFskmmL,288,52404,64806,10343,93880,90355
ovIdSDVv,OKjFqaTo,rKCRcrDM,oDtQICkY,YaeusKJH,fKeaNpMo,48903,83757,24781,42857,35544,73938
IESZcKdh,qHrsGwsO,AdHnJXRP,AacoHtxc,TpFrKHUo,YZjXvowV,70035,77921,72760,75458,7377,43881
BDLsdPyc,ihtIneGz,wGxleXiI,zEpZXYWD,TJCeluBl,IDkQjohC,12582,74777,27613,25969,21324,59959
LfCZegUN,jSlLKuoF,oDzWMpbK,OvxPSHNM,zppAZGbg,loXMrRAZ,2772,68495,25986,84380,581,39632
QTiHrQfU,XoeenpBt,VnFBmqhh,KCPZIajS,fzzUvspQ,drWCOGPk,2670,96496,14431,8265,94891,36693
VrxPShYw,LNAhBNhI,cMRTWbzE,IOXSMKbd,DsZhDBWz,FnqrfGMd,47003,89258,85359,36781,27185,94390
bMRpZCqP,oWffSrhK,CzsYZrmv,ayDYEQMx,PZfCzNBH,MWIwCtDC,4281,16935,94974,21265,95980,18219
FrEEbVyQ,mBhbtPmu,dYCvXXHJ,vIUrHUti,ACEgLRrK,CKDkhqcA,25440,69694,15455,37157,96309,49357
pOHRknOF,okKdgWNZ,MgAKeBHW,CsUMoUUo,OCQjstBv,fULEsriC,40903,88497,87304,89057,61103,30405
fysNSzMz,sGlhANXy,rFcRusaU,tvXliWrg,wojOBhjB,RmDbzAOX,37681,46235,65981,8989,34879,34067
eVEQIIQP,NTHeZwFV,YqztUQeo,nAApydpS,ZIHZpZwg,OEVeNQXs,99123,32437,7660,77525,52117,57698
kXMwBIKD,rkVObTkF,VMGHtTNV,afEOgzkB,gXJFHFJP,ApLqElMp,35287,9533,8768,54481,99037,23842
uQLRIuju,hgHYIeXs,yWrslyvK,bzZtzOxJ,prvEZIvP,FjiRNFsp,65144,86613,79420,88605,19204,15410
kzBNHKrB,ZndWpBaz,UWWweAjG,FbpObqcN,oosUQPDC,fcyXqNnV,46683,98992,13380,72427,36563,54511
ndxYxNCu,JxogJZjn,xsnxOIZP,MIdYTwro,ugmyqoIy,BUgwGnUk,72003,73309,4888,20547,75537,13834
GBXtOqTL,yruDZKpM,dUyzsgFw,SQdMxtFb,ITKRaRQD,gxIPplCx,24297,59095,93488,10976,92594,67022
JcRhAOBX,PHlHfsgV,PwZWPKfY,qyeYTCsj,sfpPEDhB,molcFdfD,3344,73225,84455,98310,64153,88905
BvICrgUf,kfJVDuEt,hbfGEUoN,StMouirW,VBzVkquS,XjqtuefN,16342,15599,90264,32147,17580,78232
kLLnVGpM,cqvJXtso,YGDSnJsI,IyJpIWZD,LslrAAhB,gmFPYJmM,52665,85297,59989,32415,14113,79211
FsMLWlbQ,vofNqXgH,XLImTEZs,bAlJUJHn,NArOoonv,nmNGBRBL,68483,24370,5398,7211,16689,52257
TCubsxpR,RRUTHdVw,nhjXfilP,KkdrokAx,fUXEmlOC,aYFSdlrE,62366,76813,75517,46493,82144,24542
vQFxWlui,UVEvpmrQ,SiKCXykh,VYithHKO,tbiTWELM,vZQeOwVd,52661,43434,19971,11196,47736,48887
pISQGNAn,zqrKxRmU,afeNgSeD,HRsbowJE,aCFxDdYd,XiabKdti,36166,7136,50347,36040,27011,35325
ehdFWXYf,RsgGCTdJ,tznefAMy,gzOHDCWo,xnVKYrFz,rwJzpepE,69067,86208,7286,85173,870,49838
bLkOVgJt,atojHyFe,XlkWvOgD,nYSabcvS,WAMFcaUf,SLXbsKKR,97872,17425,94248,99008,24484,10721
iTGpHpKD,YpCoRAqj,PtWqSfiA,BOLkFKUe,AJrlMRUk,ZNrNKJgh,91577,92369,84069,80188,90267,23268
MCferrib,KPneRFSp,uTNYxxIC,fbRhjoUR,WLwiQNhS,iziEmttW,61371,84240,87537,16796,40891,34869
hHPYJEQI,DERHcopA,ojwlhzAB,vYNYVMHc,sCIvweCY,KObKsqBR,99831,32584,53908,71719,72305,58752
CycuoyYn,gkeUGBqi,GwquYERU,EcFCQDth,oNFynMHy,nczMsPUu,95201,32326,70722,69494,8487,92753
fJWmlPJp,EdFidvnZ,hWGeBYRy,yyFxqByk,AvdZqxMp,MiJDbMOt,80342,7363,94174,29502,76775,61273
nCihpCGY,YKWJOSoJ,eciFEqpY,BbdjUgnU,NntCARil,XFSgshil,83006,47949,41175,22535,49339,67817
STnwpzDx,pzUjMKJk,ZvEmFtaj,RAZIErwI,lfUcZuaJ,zVJOODTv,40495,32167,51253,51304,43390,86018
TvyLfIKx,PGMRIjbv,PWowUgxy,LsfBWqZr,qUSbJyhM,wyDiRIcN,97344,80482,92921,17071,26935,55467
QEeVjMge,WRlUrHOs,LxBiFPOM,DgpiPGQb,fIBvmiEI,uprvVvfZ,55188,40318,3691,68876,76201,24073
jsrzJbKN,JbRqfcrR,DfjUlGNk,BspSpbjF,KXxJktpN,hCBtRruy,77578,37311,91540,6585,53476,76525
cQWtWQkZ,JBYaBgig,eoRuiJCc,QkZXsQgN,yjGFAxVa,TfGWjJYx,98168,1888,4430,87379,70165,84770
FJjhrBqC,UJqXhhHu,JiUVGjdU,qmTjYGUU,WYXrxngK,TLNmPYJj,26868,51063,59299,44392,73627,31849
WqHysusJ,UahDMjhn,uSLnuaON,tMWZolTK,JBCOzQaP,yhcJcGRo,47273,79338,95478,94689,55327,11428
CwUrwzje,cwaGBOMq,zgtNPXAN,UCNtmCVX,kEbxafkC,JyIDGUnB,23207,83514,52098,26291,71340,87302
PuGNMfPG,qmrLrNvy,ELiPwtjG,fYVpsmLd,QEcdrfSr,ZsGksIqf,97299,30626,29363,63625,75084,98366
WPDEtflM,NthnCkVw,FjGFJFKj,LmbKUyHZ,HjKWWcIK,MnWKBoNE,81418,61264,4146,23277,43387,29876
ehFUNcsu,TyFUdrVM,LgWqCMjr,HTNFDSiQ,kJfOqnJx,hqRuMheW,45712,54055,92700,34006,83948,64445
WuGpMHdt,dncCwUbI,CIAAURkD,jhmgVcEM,qArlcloC,rxrXGRkE,30573,25483,1963,6462,95803,59274
mJfpWOuR,QSSioZzF,QoBvVzkz,CbFbivVq,GJOeElfD,IzEPlXsm,24334,24412,7625,37830,55269,52075
hXcNXCaf,gGjVItmg,tVeavxEX,OCJIsBrK,FfQAlcLF,qiJBPZti,43381,91286,50660,721,71386,99120
argbogbo,XWTEFgPU,whKMkHrL,vKrpksVR,JJWxQZil,LkzHXkGt,31529,8708,4013,57698,92556,85604
blluzRCr,wZykrWBJ,Vapikaos,mRzZMesq,DqZTagYq,KdUluQLw,29534,56546,25785,86133,31213,65695
GAwJIMQw,ofmhfKYU,QKjLJspO,oMJZnqlS,UZjYmYXB,LBTYCIey,66485,37936,31995,98352,17744,98913
moaVlOhf,WOiAKiVt,ddPilSse,HxVwkNgb,fILJbpwn,mdBEzZgb,37107,2472,2531,87845,45831,63169
UKdbWAHU,pBoyxMSQ,RSrCZNBh,qWcflXaT,sXmsFdSw,BeVLrePH,68029,2159,14680,40547,66007,54736
LhBmMRvg,dZJKXRNL,KlAtpnoS,qGsERSBX,pGhzVYsq,wBzCEBxs,36618,81474,63786,39711,75769,53279
BwngXZbU,rWfUFtgb,jAzJAODq,aIOPplpZ,OXQMbkqq,IwtzFUOV,17138,42857,31047,72751,58030,75494
ZuKPQYek,IwZlNkWE,xTWwyrlO,yByvWIOc,wkCkIKWg,kGyKrOkf,96595,22289,11833,87447,71732,28948
bFmHrHSz,iHjDOFpz,Gghnrwsv,wOfkbkLR,TiCpKflF,XyIqMxuY,96823,49883,46343,21167,64073,73754
jnqZqACR,puRAHlSH,mSQXRALe,syTSuoXo,wtIVHCCF,hwwrSMRI,9942,16213,73490,15038,29563,70194
niLcGdvQ,NpUTxgWl,XNyvMqGj,zLNsVGaj,sJHYaURr,EONnEeox,29123,69006,88172,10909,12949,81024
QnQggLjX,vbGIFIPF,rLHuDXdg,klqqfeCu,NAJFtSSK,JrEICSGG,66575,89001,13956,94751,12380,99404
TbuiNoEV,AqmahWiM,HATyJHGw,VlaJYirq,LJPRDosH,EMOROWRY,51068,21310,59164,79758,68361,89101
ySnOpLFz,OMZPDGBv,ALQoDmZO,PrkYovjn,awRimJzr,eFgwLPKH,97513,63727,66378,84820,90160,63258
ScEYyMuk,numNlMIX,KDIXiDkL,lFohadzW,ElsoFvVm,rnQVTOvU,39544,94178,26219,45770,28871,28270
PuOqZrgg,gKifhmfV,ZKPsTgZJ,UTGWblgu,JUVsqKCD,SALNHlkn,85284,17076,41106,11829,15645,21227
xNKkNmXn,oiXzLMRF,APabPhaM,sHvOHCuj,YTYBOyNe,OqhsUoRM,70408,38906,40692,41866,89405,95568
XpKOutjr,ErDSAlpg,GVUfOOqr,WSqszNND,goxzgCiQ,VfGYKqvq,32794,44215,18530,84061,55412,18720
RrpPHGYG,EgrochUY,SaMpPhXa,JnOuQTqv,eAXmxXTd,daFlmYaO,17200,65634,57310,45119,41595,61398
OMMSPhdA,KChdSbjF,CxJIQiYR,IFJeinpK,nTgFTKFM,gwmrnhup,22435,44973,69467,97663,3075,14741
wcuQAoxt,uSZunast,DMZdTwgF,aAlWBZQa,rxOpfPzi,FmYLtucY,63600,15398,73282,43939,44938,8303
xrLCsomf,DYlxDKnv,cdusPrVD,rbWDedpl,rRodPYAp,ZADqRYPC,12423,23300,51084,6705,44181,62805
pWNUZZsR,VIyVDbAU,SIrfsoxy,cJGvpfSc,gDasTnwk,KTAnWIqt,85689,15099,5285,1845,30530,48309
GzuYtJxB,DGzAlJxM,Ihrpyfzj,mVzuHJsL,jncTbKNz,FexoJfcN,28830,22637,79964,81219,20443,63165
KPyOYWEQ,cNKrykIh,eYdDyIGL,rzmPkQBO,aRstRPQz,MdcoaJlC,29838,14093,76134,41618,47890,37431
tacQPxKt,LCilIEtx,EWlUWJVB,aqQlArFi,NxRHrqEH,wHULMjdN,66295,20187,90864,98494,34829,63254
mnAvmVNe,nnUtCmJK,rqSsaZNS,zgvMcqBW,SFbPJpcT,vHZuOLck,38952,65220,4293,32579,99429,96667
YXCiLgwP,cdEieOLm,TpuSSxoK,YUmxwBQq,QiqjemIq,wDfifFKg,58190,38463,15475,46346,49395,20760
PNujzReS,bnYTTmfK,rvTHXQnn,YpwmJMZV,ISwdKava,AmulfEEf,62474,60467,45275,4316,75185,76456
GibRRHut,baVfviLA,SQvTwUFW,qxAoYHPK,jIpLKdaK,KdPcFAba,68355,88279,62560,98686,16401,23938
WMmlBJJC,OaEyIBgP,jLnYqpEs,NMXMlJPS,HavKNmnF,rWdTpPfl,17341,76736,79881,41724,95879,67482
AiHNkQfi,MYrRKzAS,jsIplXCo,jlDwwvdC,RKKenGdG,jdfBzHux,19353,16590,98216,30,13613,50268
dlfzHXwx,eyfgnoIx,CjNjeSch,ngTUUxmX,ccCCPFeZ,trZIjxYs,89277,22467,84569,9507,7039,58618
oNHNbKqb,JZAxsInG,dRTDxyiG,KJRedeFK,yMtvaXys,CkgejIte,30096,82736,86694,24450,68688,90381
PWoeDuIt,DLnWWfWj,mzjVUmBw,xZJwfBMb,qDdjWZFG,VMgiJKDO,88275,88665,6722,71575,15935,95861
JaDgMfhb,wCQyJADv,xEcRNuOW,IVzUgxDs,laZupJjz,tBiFeNwN,83353,12680,5323,84400,88027,42725
RJmAyRYT,omwQXzCQ,RumiMrHy,kEWvHPHM,USlUeILA,HvmXvurA,81202,5847,70744,78330,94470,61427
XFnpxEZt,yJJAZais,lnQrTaKW,knjeakHG,oxiXTuOR,QSKTZIIl,98344,72291,19880,12884,25846,62966
kgoZGXkK,lLJIMnwa,cXCHZURT,XhzypDRe,WafxMwCZ,uWHhqKDl,72518,80072,84977,50310,78455,71533
uznrxHhK,OxCwVoGo,udmmeHdv,DrdJPyfn,wOvZkeDB,tdtDKYZF,23068,60117,12251,1264,76061,63532
ppLxHlvD,AISgXuso,siTIkVpb,GtWZlIPZ,zdsfoujz,VwhsRqDv,33718,58,97115,34388,84795,6340
aahKpObN,pgBUmNmx,OKIDnyzv,uAwVGAUP,EzDfaAfZ,ilDQIrZP,38434,63660,38754,8671,51857,8890
qKgnGmKy,YFfKwYiw,BYUYFwYm,dSuuMTSL,xumuRfiH,EBvMGncV,41284,89414,76314,9187,81145,13322
akdxNFEv,AkLIMDAn,fdVQGdES,WtIWLeKu,jasLwDrl,iFpIWBNC,82858,19624,7178,65707,6967,67206
zrxfyoPD,gLtnowZq,COFBYdpO,ZCvlsCMs,knjhZRgw,KZqIaVvP,927,10905,26078,91470,31378,18989
qUdptyle,ZTxvyhoU,xZGJnoTc,aXkUsBLN,DfeiFfUe,afGzKZkS,95684,3904,56839,17551,77666,12112
AvKcRXim,KSWokhIy,CntuDETl,ymKfIhnG,ceyUCUhJ,ItuTJlGV,2783,36587,84700,69355,74034,23592
aYnpzhXn,BOCfRmaq,MBcEebWr,FZAurCFw,tMUGKHhU,ABViqaaP,61789,28058,93184,70441,12601,51221
ivmGpxKf,NBMXuyDz,fqTDZont,FzSqlfaC,qplEgGqg,dzIUKoXK,4831,73955,86325,75893,23023,91002
oVYSNACQ,AEGivnbJ,YFsbvdXd,vLDrDxcn,cSMxOBQr,dhNUvGcF,75944,64159,92689,22886,92032,69678
oCSXFxPy,MJmzpyvX,hNNcnMDh,HKBBbUZE,ZdpfChas,efEwlONB,71418,38459,45643,62099,32658,81187
BJvEOVus,PQjCPGmP,wDlrhKec,yVJZMbIT,JlLqAdyq,CjXIJuYj,31102,11254,78337,31375,40953,21074
txmofJcK,cESSumqr,xJrvlTou,IcZeHhqy,xDvDsdjx,ezsusiEF,85209,69851,94450,188,86504,85690
fXiSiFhg,jXUEOgvT,LwGYQjEr,vKPPgdlV,zSMLbzCh,QzBDVFfA,18722,57552,40474,78639,80191,77046
cZeoPVEH,ZtUwjlfn,ruqODoVN,BmrDEMvO,mLQPgTGD,CMzgOpSD,6496,76569,3213,99202,23944,57602
aGLnhMtX,eTfGgJkw,iLFuzfRF,WDDMtLcz,MSXeuOJa,nICqONPW,72702,1371,15630,22133,99919,29270
HGhVuGuI,DSjFLoRO,fZQBypZV,PDflHsvC,zmImHsdo,plNimPxd,30284,34980,68161,41271,87664,31341
MjmUaZJD,WlctGrBZ,vIDVYryK,FsmxcIxh,vYXSMpFm,FkagMSBS,31539,1763,9666,64258,41562,57510
PocMMvPh,PYSJuPtL,RbkxQPpk,yPGPiBTn,VUcNCUQS,CScEkGdG,28699,9520,44855,92424,48083,20568
galrtnTr,JgqraDCh,UZURJghS,cUlGSIcc,nZggJnhy,chnTNcmP,25974,43176,24827,46834,50539,1538
BqkKKrkI,JSgSOcCx,vGBmYezz,SKZResca,NMSBQHZk,jiEzUxgT,82473,73423,99669,33847,75692,51158
qOFqBPOo,cjXYwOgR,QFWiEmwf,GPaWdZiq,niOMveam,iRBDOIQT,21345,89824,24165,80502,48239,35397
qCPMLhFO,tnnsGktt,HPLwZxNC,kOvBUPqH,DeYVfCqF,qgTfRzJv,15432,2291,5802,39536,31545,77567
ndBHPCxz,JrayuGNL,sSUdvbJG,jnHvYzRD,UrVylYvb,jxLrEVoO,3710,57463,46644,18330,47007,68090
EQsTGADU,GJaiIxSu,oamtVFhx,dXqUoYFK,mrHGwqcj,hMQEDUcJ,99327,97948,28276,82259,14399,18840
Mansjeel,MspIImpP,rldPppra,HGROiDBq,CoURGnPg,bKIRuyrZ,83740,81637,59031,35615,69654,802
wUiRhqFm,ECSknIFV,sDrOjASR,PehZOUMn,TVzfaCIL,ckPPFjYQ,46028,25303,88424,59306,13168,1064
pbEpEaoW,jvFRwOqs,AjnAvdVu,wONvQgQg,dXvWCACp,oPdCDuFs,4759,50832,72995,18003,98167,61230
AGrfPlYt,bMrqceSE,lYCXJbeA,mCRpgBMR,RllwdYxc,CxNreWnG,81817,98414,41410,42391,48082,50090
fZdbvfmP,aXBdLvCg,vGooZwtW,ifcwffYD,qvYNUISf,iXHcEFqH,14403,40336,12210,60955,71312,38980
zzdfszgm,bQbtMcSn,oniUOQVY,cvpqwkBr,IoUNKUOX,EZBZSawm,95936,14895,66042,69157,64588,39261
PvNfNDlN,rwjwPTwp,nOPOEOkk,qSugolHk,uTdzFKqB,mkJNIgrr,68984,28300,2800,41332,20047,66007
tRrNwjcI,WLTFiLNy,HwpDncyV,bzPzrKYe,wzzYIPAA,XbyRJxVk,807,47029,78150,77071,48089,85805
khSrWGLI,NSFgANML,BwNCLwZl,HXWvywFH,tZUtmzgx,NNawOqrk,49234,20128,27759,90046,37534,27188
TjlaHfBw,Ttgxjikq,jBrnZQsI,NFurYSgj,JMUaOWrw,EZtFYbFi,47736,27352,36801,51461,8404,63404
AtcfCtZb,BEOCIikX,SuHMWHHr,JJRTzrLH,QTXUmAsv,ImKiBNje,31947,50462,39115,62617,59002,26183
jdSGmlMJ,qyFSYXNP,XEvAWmPG,FLuEzFRU,Tpgjzqoq,geWdMazz,64815,36549,68678,83251,71904,89491
UIOxoFeG,NqqUefZQ,BxPReJDu,VNbqoOdT,adAhokSu,HCnTVFDN,88349,45368,90956,41529,48219,96119
eDhQLYCZ,zQCVdIoq,frgGeYkw,YzrFnGze,RkDgGBJN,AmHsOnkH,82432,10222,42778,69572,15101,98640
qdqxybvP,lAfZGUBv,XtsykDZd,AxTuVCxi,tYuqfLex,WcCBzjxt,87476,64662,68036,133,59922,1454
uDjkMlRV,bRHaXpTK,fTPmTyAR,nEVuqpcI,oeFRzKkR,jzXwagcj,20109,13031,60901,16038,322,75357
cgnadFKr,lgljPMUJ,uZPSoRuj,kibtmGIm,IZotzTiZ,lnTRSdJQ,8796,8128,44228,73860,21258,27415
juLlNqqe,foQPxZIT,jxSGvtHD,KPxlLgJZ,OlqGWiKB,baamUZMg,70084,39967,8539,53879,69551,52366
FLBJygBB,ApaIYbII,CblJEPaa,WMIroYYx,YOmHNZCg,VSAMmRca,99214,63666,37769,49996,77879,40064
zhATYcdv,lIoYZVUO,OVCsVZGa,xJOZSpaL,DqdeczQR,rkEZKyHK,85849,34792,89440,66771,95598,13314
yWALkwFr,tzKVgrcz,haNOoVLr,QHpFOnYQ,ZmoQRJnX,BqKZfzOE,7868,65900,16399,78951,32670,95420
cckSPqCh,JLCfdTtf,xczGQdYg,jOwmmcCe,hVXSqNwO,SyBrYKWM,17147,81335,79748,32969,9351,87952
OyIQSsAh,iACLyyTd,CiczZvAp,zljgmjQU,JHtFrqyE,cQVCIgRh,35078,49763,38863,46771,61241,52197
DutAEdTv,GiuOItCE,NLksODMh,jhMJDhlC,wAdMDPsr,gQVJUhvz,41861,75509,80898,26840,70603,25175
cDlKumsB,UkdoDMAv,EhDDehyz,kbNmwckb,JukTmfwF,UVEaJltg,48273,37719,81246,75649,51781,28117
eenhlNph,hEgnlhjY,hJlZeBMb,ezIAXFcx,oQWiAkmu,hFdwHYHi,71587,1877,31073,87507,52314,60474
eRXmeTjB,TBtcVKzp,rCZjgGEg,ocVOUzsQ,DxVNrZGd,ZnCDGZko,44916,9091,73198,40379,12747,63574
fWyZWKyX,xssypzut,hQkXQjSG,TBkVTLuA,SfqZFmhi,uoNbCEVH,41915,77165,27557,42059,91438,48769
fNgLXtDA,SVKTOUlJ,VMBzUzrA,GWGyhGob,scZqTOyM,WjKcrvde,95313,68581,64191,7738,21512,50561
EaDxYOXi,QQfQjmto,GQrNQzsh,HoThyUpB,MWMifHJf,JHvocLfa,83740,3284,15194,88609,62507,89380
VUmuoRzn,mOwgpmiY,qFMLDwaW,KQbuLqjU,lQuXevhl,devthxFY,25840,60670,15038,22693,2875,81712
GuWXLnFm,JpECTvBO,SjQvswOS,WlYQkCHW,NYdkvzrw,liPCDeCs,63576,26912,99773,34030,27556,6094
cbCuOHmf,sVjTbLqk,ZcMXKeox,mZppUSKa,vmenwqWJ,awmuEZpG,98327,83094,77324,60057,60403,59753
rUzPgiJc,cJdqNOhF,ZGYRewHj,LOYBnLew,rwSXBIpE,pGLiWjEG,96766,50358,93552,90783,52860,14335
UodQKmen,xtHlsPkY,ansWULoG,gmRqzMsa,HIBNCVsE,UqHHChyV,47088,95627,49037,35619,55940,17932
yEsKGxDD,tcsyuLBE,cSqKsZMD,FPHoUYbl,xhDXqffj,PknypLha,66707,48821,39342,9684,98735,54337
LrUKInNz,ZnmDpCqB,kpYzGpYW,cUcblXtP,BJpcqlcT,XlHzkpmJ,37206,38511,19018,83809,84652,56495
pmsgWOxI,ncrCqLlN,yMmHSBAg,qPCGgoXC,jdNstlUb,sOgQEbhv,49853,52554,5479,21196,70070,71823
XMWiwpgf,XfQjwBAN,FkVVtjrQ,fqQXwTUB,MZcXLCkE,ZHeqtZks,89065,83453,16840,69445,28993,74865
ZTEHLxtN,fybZuxEK,fqtuAjNn,HTTxkteS,EDXufEJK,skcBwEgp,95359,65266,409,25049,69939,52455
bILlanby,ukIIeTOv,HqBzPnMd,KwzrXwVW,euVMFKEz,pNSJzAGm,56237,8817,86292,15563,72345,45023
wVaZiGzK,VNTbKEUS,ucRtdZmw,eOaVxtjS,MiTTCdPp,incxaLAj,60380,53576,31620,72197,94891,65657
ciGqRXGD,BJhlTLip,yGNCOXyV,waslurqf,ZADdTmbF,nVlwPPjx,38779,1316,18411,54435,43936,68398
mtgiovDw,VmFAkRwj,DusjjBkQ,hnPpgAJN,AVWkcbAX,fXDBqYJp,3016,47784,44002,2358,25446,25646
HugIYIdb,mkjYYmlE,eLgOWbkZ,XRGMJdGz,jqoNrPtU,qaOcOfmG,74655,80235,3707,1980,75123,74680
vnrTzMuP,thNZEtDd,szzQvIBt,amWXpayA,fjgQfFdF,dQGYfebx,2813,55218,93765,57073,96943,50121
lQFLGDbZ,fgKPSksW,WYTiUIGL,GUjILjiS,YaeuTfur,CcIzwNKi,74854,15661,98869,81074,53467,76992
FxtznUZI,WZVJefiF,NtuZpskb,AQZKojje,SJHSDZXd,NRGJeEDk,52254,43759,48941,90634,18614,94316
XOVImyts,FoPLqQGZ,lfeZjjVT,MxkWqYwz,SIBlpYVp,butSPkJA,7352,98595,2317,3309,79895,66741
cUworsOP,oGIUHuht,qnpmvvTI,tahmUKvW,gskgXctP,HIwcmutn,73315,77553,95421,80169,77928,39513
FbaXmqOP,fXrXrehR,xBYkoZpx,gANQazfp,kRyCmDkD,fQZyzIAL,38993,59703,9889,82552,98238,61062
lNeoZQps,eQypSRme,OsmLOKoZ,VuVXbNOw,hqLRUPGq,faWRszZn,52825,25234,42605,27338,64017,94292
cFABQzfv,rvruYgAf,bUMUnQas,aPSJgeHq,sLtRsFSg,UKSzbacx,8941,83214,3200,9990,42969,68155
EVKjkfzw,CTZPNzmS,pzqUkyEU,qVcPpgHT,iDsGwmnb,cpczjDVp,21368,72557,84194,33395,42823,30685
XsGABAzQ,fuzDoKkL,GkfmgsBD,NgLaLlxE,UnEsjocE,gCblwFMp,12933,92705,88873,11022,27252,85772
lNOPKqUh,RKreGOJs,PAJTPZWS,MywXoHeJ,SwfikUlX,XfCThnrY,85124,90281,44781,7152,81163,52852
YrRgYsfu,wBkmKpAs,tCdEsccV,lLUogiVo,roZWmApB,BtsHAAsC,99812,69303,100000,78923,47256,38468
DGbGMjrK,zCzaykMj,xySqDsOE,debViPHZ,CZVvucJy,JcgwlWdr,40060,38728,92610,66581,41344,47286
gfymHjKs,rQzdFHuH,GkZvNcgM,OrEgWZTl,SMeVlaUc,VuPFDfgV,13509,66812,26519,64741,87530,86708
PxSgbFfG,GGJjcZKV,DqcKenMu,cYfHLUaJ,OaGqdfVM,hJrlOdZY,91443,30762,11791,29913,46376,7131
zbDmKhGv,kxGMSzaI,QxjeNGyv,tnMXYMxm,tGcmUdDc,znarUXyC,32541,38723,31298,93096,34086,14967
YsjPmFNS,PpiOKORd,zHJVSrlV,LhinNRMQ,vifNesyw,JNTKaCir,59475,5969,80242,66745,37127,79467
jpwLCGmt,CnRMOTGk,dDHecdll,NyDQgIDG,tDBmfbCi,JbQEwvCR,63352,29294,46498,50389,47217,35345
RvFwdynF,STMsDbLj,uObHSGMQ,fvsQLHTB,gKsYlcXu,eDWWjfhl,71793,66026,16278,39289,82976,58206
YKvVhmxU,JrDCkaEY,cfMWrKpB,VJHUBXim,DuUWnjyx,EclYaoui,90354,65252,59586,33893,61680,93429
ptDWvdiF,OLlOQZOH,WWSozTrf,fJzOKlPx,TeaOqKHo,FxKOFpuQ,38046,7472,97898,34612,17499,96598
IwqlhSru,qUHHUlCW,UPdLKTtj,UxWUngUQ,uinIEccP,PqeJHjZP,21628,43088,22513,9845,93148,92120
tnHCrUdq,lEeirjrq,CarMhHpL,lQGsOEur,AyMMJtbF,xRdDgKSG,53015,76613,67807,95064,74439,140
DrDklFNg,wwTJXYhA,qtyGXHOO,CvBuxMPj,GpKwOwaq,eyCBmnad,26775,93346,71194,67296,25538,82714
mVetTSRr,IxfgIeSd,nuKIMKqX,SiGWpfoa,QpiGingY,ywwcVwxq,23865,11415,3763,52120,55039,77451
HNxVnNou,TlEERqnX,cbUjgbqv,lbfHHXEF,GEnNfIWS,QGbkyzta,21276,57330,12092,16065,88727,59913
nTiiBLLb,akTctazk,EoByMRpS,lZQNhnoS,MyGGQhRb,wABwTSyQ,60356,52569,57866,29734,66522,32224
nrXtMNaW,cTaqbbnj,YiEehTvU,CwZxvvRB,JPMwREAy,QivnKJGX,69702,44716,18762,10240,9669,6755
IsoEFybG,tUikXywF,UeimVTvq,PKSptTTP,IRSwzFfa,cieEdIEJ,37275,29114,95701,44780,16736,20392
sSyRXVTC,RRttejtD,bJDkNtcU,GlFZzYhg,hznVCCUY,OSWTvPrn,24698,16178,39135,43774,14471,92684
nAEtuoXg,frruFFWF,zAxtsFWo,MykiSCqh,MtrUNdZT,vZLdpEbK,31218,83839,46666,64622,36441,37990
kZVlzczu,wHpavgIA,dLxjVsNa,bQfOHKeS,FMCKKQvr,suZjixnn,7453,39262,26543,98018,7680,51679
nRWVbxuU,jdkZEXzs,MolamnCY,vufFRUoU,uPkmGWaN,YxVTRaAE,59893,52113,34511,59579,73601,71790
qVzWrHex,ExMIStVd,SADBjjHX,LhxRybFy,OLSiZoyr,MVoZRkzk,86755,78202,12533,27544,59309,28123
VHIdNOBR,zvOYMxto,WTgwuFoK,KbjZgDzD,UFOkKZHb,GTqvoaOU,4994,96684,11070,59496,5660,7275
ansqbKyQ,XFIEbIMU,sNSoulTs,ZDqTvEeL,vxbequTz,OAtEBPHA,83959,41947,38821,92016,2262,85862
fFmkKMMp,vqCwHpcc,pQIfVQnZ,xGAXpqkO,AnchvDor,dXKkObrc,98406,73156,68799,84261,73713,79814
CsrovZXc,jTsjDQmo,ysUzFhms,lRivgNpN,TifxUpxI,xLirniEc,47849,23026,65857,79365,4666,60487
MzCgpcRF,ZWEgyeoE,jDnIdZWp,xgtkkGmC,buIzVFYK,vxckkvil,85698,4588,99248,3575,29597,18812
wWVHJdRx,ELnjIwny,fyydqisR,ERqAPHoI,vovSReGE,psdvxQJp,69271,817,25318,40610,36187,64085
tVxqovuW,OiDDBJFv,AtFURTRF,DPLgkRBc,vFTpFwVw,niXVHGmZ,71981,95977,96036,17063,63699,12386
OzijWHUU,LPMmCcVg,GWDtLLoK,xMWVxPca,VgNHlwzN,nkSjeuVd,96022,23955,9514,28595,37189,69431
IEzJGBaV,mYwxEPdD,HShNfAnD,yXGjSbRG,oUOKXSFY,iHVjKaXQ,82767,13578,5839,23769,76908,69685
VkNugpbO,DbNnzlns,nGjkvMhm,KaBjHxTa,XIQpsxdP,DyMQIAFM,13450,29291,43234,10290,74875,31828
UPfUkODi,LXDDgHjR,oKtYloWL,fmnDnOdy,ZjlTVMRg,rOAvSeTo,20888,48364,22736,24459,43019,5217
kUEssmNq,RHwHyJpf,dOyyXvaE,BzJsAkSn,OwWFSwyo,LcznEZxP,93440,89483,95317,84880,99420,59131
cUtQTlLF,eyFCaLQz,iFcryPAc,avDLqQva,hCaMaVwF,LpBNdiWo,86642,77490,44080,42890,87129,62706
XAzEidaW,HbwFQxBH,cYhDtepb,QMlNqakT,aiqSWKKZ,oZVSjTeL,58949,42861,796,28938,9089,51015
yWIXVbxS,amadxjLy,SUUtHVZL,wXwttSlG,ePAteTzx,ktdfgcux,2507,43623,51877,92555,50918,21175
IWilRGHt,wPXDrpUO,KacGkfxR,MgIjZZAI,jeJFjMiO,QzGbqiMH,42989,25988,16424,82539,15605,18963
eDOtzMhV,SEvLHvpB,jfXVFzek,TrrHTVWt,XYIRJakC,sNvppVVP,36508,46482,43192,23949,3789,20424
knjqHxDW,WozqNpil,UMBVXABQ,SRusEkhw,IcsKgGYB,VByhqxBM,88222,46767,63554,92313,50743,37779
ySnaHsWG,uyUaerzk,vHizseHk,jOXTgyoL,uloeMkJJ,gGjEwiBh,51555,30217,67773,4775,38578,23988
sdETMwcD,mHBudsVm,ekKZYBuD,CxJUoYHx,pMzwlDQu,JxEXQGfB,77994,92742,62994,18689,59959,76196
ZLKdlhjj,oiJijhdn,WMAQwvYw,LGzILihq,nMwKubZj,yQTrZMyi,69228,2495,61919,18462,96330,3387
jedUDFtH,nDWRKchZ,deXWNrKJ,jKbKzqrq,NIJUIFnb,yWwYxKik,14728,80300,16203,23464,69519,36066
eUFxfrmP,TsLiDeKv,WMzhIoCD,JnFyBPnB,RAbPpAYX,qwYIggDr,63130,23540,46407,54948,71142,45195
JkmpkCna,gnIyjWTH,dQzHuBwf,dRuGBjCv,THufJsOW,BSlxXNlM,91987,6724,90946,79961,81375,25939
VOKHaVcW,HbDixDCC,OoALFxRb,galrXAEq,JbkdaQlk,XgAEJzEj,80843,96781,70984,5358,55299,96139
GmKBkIEM,pjzMSXvI,YuZDovVK,lUDpRkTW,JBcPRlvs,wXpNXRrc,51634,45214,91518,24854,47414,86790
OWSydysf,kNeobunP,zUwzVGFo,dedkIhhC,ApBmOIXO,TvnMKFem,25233,82698,1493,15392,16223,33597
eirGtZLl,qHGUEMOI,mnJcPZdg,iCuoBqCk,lfLxEiTt,SrIBVRyV,37855,72111,62360,55900,38531,93660
tDSNhlQo,kgdVVTLF,dZVUeiHL,LysrlCpM,ppNeliwH,rMbSMLaM,4199,80047,42031,81796,27258,35166
CTXtAWrL,MDyuadlw,wTtePRNY,VmAnuVvt,ftGOIHwV,bACAAsoH,70479,13819,95701,56741,31127,77446
CrdYhLMU,KHiQvdGp,KnSBqgSx,QYRVyhba,JsRIiJgY,vSThKxXo,73057,1564,68806,47315,59369,57554
grZKAiHS,LeoZNkrU,PEtVtRGK,nQQNFqfZ,BkuTQvwP,rxcEWnKD,45050,28288,7255,8448,15166,45857
bJRWixEz,SqFPnDaX,NSPHrKRD,pfbldnTl,wnvqAerN,OlbAtDoe,67060,83763,96236,74157,61928,52754
OCXBqIMR,DtNhaDst,lOtIOPpk,DXLmxrjk,eJFyEXQn,elAGMbzb,32878,33255,85688,80347,15930,53126
YBMjEpvd,xiADrjcF,efojAgfF,xuAXJTMD,gSbOQyqX,ZXFLvnBu,35525,80065,98873,15104,49026,65143
ROdialHU,UUMDfjAE,cxVvvuBy,HbOhCGUL,TMuIgTDP,KZUOoHts,38895,29249,107,88632,61363,58203
IqjcviHS,aMYvHBkv,HQOAUwdC,lUVJNLvz,ZtlCtgSw,YetXaGba,70519,89105,71278,99729,70020,13529
LpwzdHKa,iUNiIXwF,QEvDjpKe,vlmiXBjQ,GYhOQFyq,IDLmKdHv,52170,47180,90872,65095,71292,47981
zPsidlDP,IvJElqjS,abEhhFsa,mHEUXMZP,mbVoBcGE,PKGGnLqG,73800,71704,63124,66784,26247,33239
qCEZhwmO,WqRFxlnY,InjUIHjU,eZMrWPRp,EqbHeozs,fvRPkliW,26731,18209,40941,21262,55171,17174
hZIVWbGX,DSCIZoVG,OyDXWicd,OzFxBAvQ,WUqMjVsE,VeyNAmuI,1993,92029,21694,27107,39306,68319
oFDHWoBz,uuViTLBX,xguuwgDx,VfsQYAIO,DJWsLuKH,UGeudqWu,95314,33558,2931,69660,4687,18479
FVfSAdyl,Afezkaio,eyKOOmbD,OzhBObns,lXYbugyA,jnTHYcSR,53738,97274,51434,74022,13867,2622
dfvsVxJZ,CRJgmkDS,bIICQISw,TbNugcMK,IgoFiGhS,JZwgxspb,13359,63586,40823,25919,49542,24352
TorbMVWd,RuyrKUEz,ulhUhgRJ,jSazmOTv,zaYyZeal,LxDbfxls,75641,98484,36014,46407,55797,26621
GTLbQFXY,NOnoyJyE,KtUNsWZo,dmiPDeZY,ixPBntQo,SWBNPlXQ,89140,25295,62850,23036,22663,81189
NtFAaOKk,XiSNsynb,QAalTvvn,mSINnZvG,ULIauDYg,SImAoHFp,68784,17812,95314,98581,41749,71698
ZYFAmJSQ,XbLOJmoY,uEfdZMCl,PICdMliy,bvXbgVIo,wCmCmgjX,32799,17060,7743,87654,69088,47868
GtZGlKHD,LniqrtXU,DqXeXolS,liipWJLv,boOXilHe,UaOwWlXH,32700,35989,73616,76646,12753,94867
myzilSeu,qQJqLnBI,HEmRMBUB,KlfiNVeS,EMwCcEIN,kzctFTHA,90786,27974,38589,5281,19224,86027
LsMarINf,JNOwfDNi,NevXLOIR,LTRXDlLA,KvfYKjzF,SejFzRgh,91041,74790,72254,22849,57473,10208
eTufNSWW,gDeclJfN,EEsoLkrq,oJdbUpqu,Uxgaqmgv,HLReGUnP,41166,73199,19801,23505,93948,71245
PxJjWpZi,gGuTyrbL,ExxYUriO,sEzBXFCm,oSTjJuDQ,RVTLKkaj,43647,53986,4224,7728,12946,17453
SsgJVScd,dOfwuVfa,qOmByRgO,xCWkosPQ,qEUFWBfJ,iCiWtCmq,18440,58704,80264,77731,62826,12306
OQiQYROu,xJStDhUw,TLMIezJO,TFaClyCn,KoutDbyL,fmdBfAUv,82734,33799,29393,98038,41513,55051
LsAlFdDj,jZqTgByx,tWQTbKsF,tPEGlycW,gEMiGZPd,xKPpZNJl,68146,64189,74266,67081,5294,22624
xlzbJZVz,GhWcnWSZ,jXGGLKuf,sijFTMRE,BsbPQTHl,edQzoZBV,94701,23762,6010,11756,58988,32671
RPJdgdvH,HkqZTBku,XgPcsiWq,MoFjpPJO,nnqQEgZh,DbsZXzlL,24728,46614,34133,47327,14296,37757
TYTUHhZI,waqlBEYG,EKaoEWwh,plCtUwUC,FCFLrHfD,EtrPTGKU,10146,40039,75346,82417,54728,54883
jMycNtPt,QWAMKyLt,gTJvjxrM,PoSyfrsZ,HtjkTaQR,PiwdLrAZ,58495,67739,49755,93353,3959,44118
IkhLNXJE,pEHAYiqS,YUuqjFOK,ebIdgqXc,OKfQDrVm,vOHbfXYl,83858,6450,26278,19780,71854,19968
wvxYTtEc,BSrgMZmK,WgiECdcZ,JnKGAZGA,ZroCwphH,tmQxKsmS,77378,20020,80757,17566,60238,45408
LxmEUkMk,kFAgTXaB,NxTkpmGt,NUeoctLs,AIYQYhhL,VvMHRuwD,64993,65399,60846,40057,2806,21893
sPXaRvXH,wTdRjdCv,WTFMbbfy,IrcIelIj,rJqIhZWN,TCXHhwvR,45851,9128,69532,30649,24037,15060
yFkrpmpY,tvIsFpsl,FOHfyPdx,hNyiYtIc,TpwCKFfw,qzSEscDq,33900,74246,33727,47053,89528,92385
jczJfRPr,xMNBtxwQ,GWpCkFJs,RmcGnffy,qwAskZUB,SQdkDFzu,11769,52539,88245,49057,83195,59439
UVwgvDIn,skdhIysR,koPqDhvi,cjKRldYs,tYTikZhv,oWswXhxk,79937,68093,47800,75581,32163,16869
hEUnIWZL,euTIZnbG,JEnjYCAW,vHyJBAEU,CwmYTVjK,ARjLLsjg,20243,38492,1348,69761,99781,43433
lUdZdXpb,sjmSRCKK,NGKEdiAT,UHcqGLjL,PheWLcle,VEbeuxoM,69708,13359,50726,1751,45746,65324
oALkqXzg,AgkwCrbA,ExXUroKN,ohViTbNX,AyOPOCCu,vergVrwo,91746,75972,77353,41515,39841,65641
DTMhFvIj,ebMqWPAf,rdtPvDAC,MOqBRjBN,WoKGqZUf,hUDJCJKk,29892,57942,17433,23154,53688,66359
tHiyTjXF,OuHidioB,dtaaUNUB,MEbjANNw,rcZbaIXl,RTEbzqdi,75937,67871,9565,6314,67209,78902
EqPIzxhd,xAXnuuIB,ETrBgmZs,HBbIffPD,luCfQdIg,evMpsbnT,66583,84616,3491,35556,67788,3995
eWYsjXWY,VQYsLtfz,kfSHHplQ,FUZyPjiB,axYFjrJm,sMKmokos,83210,73878,60669,21162,97306,3739
sEftPyCJ,wERKmTSz,apTCzcut,PoabWAUJ,GFSGFgwf,HQYgRpwP,55341,91860,80026,84628,19447,58282
aiowgwOb,uJOsTsuv,wCqYTznl,WEcDRLPc,aqxVMUFH,GHJXgljz,17102,86758,63546,89837,20853,60701
VkdTYldo,zXdLmzmi,ROqcWscg,GKNhnUVW,KAQLNWoh,KvtgJaUt,27407,18781,41818,76286,75965,2404
GpAlRnYg,bOhGMjQt,GYMTzfTs,xRHRsvGj,CuqbyJBM,cILSTyJI,68869,86436,46799,13132,41997,58570
liWTNvvg,PcGletWY,cweGQHVR,SHDwtucN,AFHcmtvA,MHHjPRuo,59062,63721,12214,14164,23830,11659
oxkYuOEn,uneyrvMA,RqPSnfso,IGghCsan,TFjiodzc,IrWkNcjO,65126,78104,565,89493,74339,33826
bOTxIDaN,lavpCNCg,GWpptJeA,htegULXK,sIfbaJFE,smLwCDCc,13394,84957,83420,72256,78761,12179
yuJWAkNx,OkQyJmRS,sUspprNN,vviklgyv,CHcIZEUt,SssstCGR,38153,80224,98763,29109,95893,28659
RNPOVjFn,qMlzegGp,XMdWTYkF,wLBmxDlO,fBOvuMQU,TCYNqwhk,11850,52635,79368,30741,93317,67600
xxQTJETm,vScHZCWl,ObbTSjuS,GvaVeLGc,OmKJBClM,niZAAkbI,14005,13359,196,5692,12157,59514
ruWUfiRq,zTNOwHWU,HCkNggkP,BwDvAKCu,RjwUjCTC,qlCNkFjY,9295,25682,21951,78849,26691,95259
dXntDncp,guUjDUEm,obJqlzcr,pebwZdMj,ffoiXCfq,VICqnVPP,31997,25893,96645,83305,32044,30208
dpyPCzZf,OMxWUipC,JdqsyVBc,WeTAVcBX,mkFHiWDl,nBBzEbsa,26808,94503,50000,11847,98926,92951
remzVuAt,FADDbTaT,bFpZcwts,WlcRlUFN,aLJnfITm,wdHKpTEB,6307,44871,56230,43377,44386,99792
zDvOHKVQ,cctZFjab,crPLycGE,SeeoTKJe,uXqFRQls,FFbfqzzI,98847,12673,8626,54269,45362,96813
DLmVuKlr,IdmJrNgI,nUsNMKQe,jVVnBFNn,TVCrhBTb,NWEovgkV,85262,32199,13484,25007,73196,67631
DfnhxTim,SkGztMEc,UBWEPNZo,laKzltdx,CxxotlnQ,CjkuYhFU,19445,6060,70616,40683,30603,80259
PpaNstlj,OVzFwmOX,rciLSOUO,fhMRRWYg,dDmlbITN,eoGXtHOo,61244,84719,999,92023,65573,99981
EtQlOris,yFuxGrEl,bBqvQvAO,viKGLOlp,EFLLDyob,wokhgjAT,90251,96455,45187,88886,82672,59214
IXqIwXSe,vZxjLmOc,NleyqtRa,nHpuIzGq,NeqkDBCh,rVnHuZfU,18966,97738,99005,41703,41690,90382
UugrGgqk,ihTshPMd,PgFzFfPb,LIWCHITO,NxXQFupi,jsCwfctJ,36917,86819,63086,70778,83861,82579
QMRjpYvP,XvXufQtE,rzKVurEK,GQuwsWdO,nZdHtHDV,euhZkJuh,53691,51719,96317,38867,36571,2906
JunGXKTT,AOQcrbdV,QJTntkBq,CZAPfvmJ,VGsKsBhz,UHaoIFvc,33536,87303,74336,25106,59184,66485
gqXjwnwX,SeZgXMxU,EgzvONnW,pZKmGnbF,aqBXzWVi,wRRufECN,3673,27798,62696,13569,51456,29147
ROOkZrEL,pcCSPmsn,TBQrMRjh,QKpTtbIm,KgQQbbaR,XNklVgdV,25876,52407,72916,82108,59679,94903
iowviOBe,ZuRiAXxV,gZIjFohO,QBZLmEYt,iEybcIjV,INXvSizx,56026,14988,99440,54794,57917,42387
LRwPtXMd,tJKCtCpz,JPfBAPLu,nvdoBvBD,WGhxCMLP,ZGuOcZHb,5503,77299,13940,74743,16792,31472
CYJuBHHq,GJdDaDeM,dNwPPAjB,DRsotQDN,xzORIHnh,ggmOgkpa,58843,32230,61408,79248,56048,145
ifLsQyIS,nZffNGSU,kWclLmcd,sovzZUea,TVuqISXT,ufYHycXW,28984,89280,23507,30578,88245,1516
dloSWfZv,YLuJDdrv,KcsRRppq,fDSeMiHs,eStHIhmv,otXNUUVy,84348,73129,62846,88781,20206,37317
ArwhKnOq,AcouvjOc,YrAsvgzr,YEQrYFps,VXOnnYBd,cIMAxzJX,37185,39679,15178,10406,57387,85131
BzmfVpJo,hIuZSuww,OdSkkPut,qgyJihaE,vAsXTRgj,ejRnZULX,84446,19605,73271,85304,69666,49211
JmheBOFn,Jgmnydez,RVZtnXiz,cSWlwWAs,FDYYTWDq,mNPYQWhS,44191,65431,10893,40725,75399,53528
sMIdhqca,MBGeZGeX,XrItGEMk,SiAsOivS,FrtoInuW,NguuOeLI,30598,92742,71203,45515,57022,13147
gmznXGFv,JOdvRJhO,hIsHHabJ,HdDowjTQ,uhBHzcLJ,XvDvsBIp,81839,34830,96060,91207,22160,93166
CBnxLQwL,mnosADGD,FeyaXrLx,FNVMnirR,snJtAfEU,IEGnxSVO,7876,26199,36486,33548,21666,4716
JBJscNSp,tcdUMcHc,hjxqIWLr,doRWidfZ,NmHTRDZO,oMZQEBZq,99471,96570,99405,81413,90237,72893
kokLfYBb,yJSZqjqY,cCHjIcLw,SGhrTkQU,eZEQOajH,sGvgPdYe,53357,85208,41238,30562,19819,2343
uDfnktHE,CvmFzcVu,rwFQpySg,ZPaMmtzs,JZwwPvyJ,hHzAUBry,96726,49747,21576,81596,40075,15696
HUqsUkpP,ZwgyiHcR,HEhXRdTR,eBuLWOyI,bHtfAkHy,noKOwfZr,42319,65230,94956,52131,5770,37229
YtYEpHwa,cuxmOvyz,koTzhUGw,LlVDpZAc,CBTcPHWU,HRXRwbJz,13012,15020,29289,42609,64333,44099
tOKxNBEj,fgvOUhvQ,UAsTZTZq,uckyYFVw,yKlKVRXo,iozKDExf,46027,44332,83839,4274,80459,55632
dRgTstxV,EcvIejfx,wSNaKRhm,IbjxhWUx,GxoFfwFU,sJkeqtMW,67366,56989,84432,23282,36579,13706
ZPJwHLgj,IKAHOnSv,TwclvjtB,kYxoXORa,gKvDYOgn,wuyuuQrk,95898,76271,47296,64113,38130,42448
aqIITGSt,RzdrKAjt,mcvzqUrO,dVqVMWaw,nqeTPhiR,FpLLYGHj,99011,27999,58596,41516,87512,68315
UzATPdte,jCKFFmWR,zcXPYwdl,FPwirOgy,PaPLDTBh,GcpYgMJB,61118,41349,85565,97049,33910,58627
MjeHAsOZ,HkgrYnbs,IMesWrKk,yzZSbWxp,SlMPeIcO,UQOAYPdZ,61663,23505,42903,60824,77430,67239
sUOPlmrt,APMSvANC,qoVVOSvC,dPgfHurI,DGesULmu,aMslIKIP,18313,83955,64802,76173,5572,53941
KLrAtfQE,UuDsVIKz,YJjXQShX,ozxIWhQC,WzRwFXmv,evDEDKSf,81494,10876,44188,52516,24582,81406
bKIWdvkV,ShamYRVZ,JOfdXIQV,sqiDziOF,vJRUHsUw,LiZehHSl,72510,87555,15621,84467,49989,47532
AgQmFQwT,vbfrgCYV,JhZIQrhC,eTnKVlvs,YsGZZoGv,YhjkupGm,52096,93504,84276,69436,96120,69198
OSdmCjns,qmXTySAo,iWeBFoKJ,KPRvLmTh,tJjVrBvX,WzrIGxrw,73094,2631,81258,51190,41413,60197
NmSPsFFa,eyqNEaJv,wagQYigj,wJmpbaDz,GIcGjyoV,CNWkwkbC,56788,50289,93866,98278,39959,43090
lHVBGaOe,MlorxJTT,gBQLRJQN,KvxcZZoA,CAButxaY,mvBMwQBI,40144,90356,20094,58960,26541,52602
HrsWOpho,rEctxtNN,sAlbEYsT,AWAignfG,sJqTltoF,IbtDlyPt,84928,98224,66954,77979,40378,50777
jFSJfYVl,WoqTIwoK,bhmOUuis,ETkQzFoh,ncfMQgDe,wUpvfQxE,59777,91860,42976,69673,15537,42306
IniugmTb,PLXCKNaC,SHVGHWcl,HONgSnxM,ypLyjasn,hrIGibkU,97637,82559,93224,42815,31228,11023
sslKEXtO,lpEZCDDU,BAGnWZcd,ZFLhWrLd,CHJhLQKp,ZmFgggNd,43850,86592,16070,27139,59329,41366
SkTyZChd,VXXqzSBw,aEfynspI,tFUfSbwi,pFCmHAZB,agUgcJoX,68088,7948,81000,8206,72704,93228
mfEPWaOy,XVSGVUws,yurfyGFk,HUiaWIPs,vZTsIBcQ,YvFJHdYd,12049,30146,57677,7429,32115,73403
XLMANras,PyrThswz,nxVwXHFH,AWBwikQg,tgLyhomD,JfaMecej,8196,77263,22094,60152,909,51861
hoboXYjc,onTVNmbp,jImQzsRC,EoarmjlE,VtTYYnxC,Rpmkcdfr,19006,79967,64032,45339,44318,80284
fsJaMGXi,SKSfjBgu,dpLUqEzh,pmLHuwrA,msvrWMrS,qKfzmXty,51916,46481,65658,5268,55375,12788
GoGClwCt,DvfJjQCo,pYMuPJkb,RAtCifTW,PDRmnodb,xuFKIwcu,91446,20311,75142,82700,79783,28262
EoKjpOXm,xwiXqnzl,hsHqsOwk,EJrvvuMP,btNzjUfo,HGnwhBPT,89478,34416,16646,29881,66122,62244
Qupwbkvp,ibOPMcrk,BqvghPdc,dKruwVCL,DstmaDte,ErBzKlTv,13361,29097,63497,66887,55554,11263
VfrVYnZr,HzdsVRtt,vwkzLjQs,bybHUabr,MpTynIsb,nCsqnpWC,14411,47291,670,10354,27730,63008
LiNmEvPJ,pAnjdYgt,ztFInOdA,YudOnZOt,DlbYBKel,tPEJrQIW,40773,88373,6478,31912,78060,19502
LAeMgJjs,uDNBcfUy,eoTTUtGy,rUnfoJSB,jqLtWLYQ,wxdOfIJw,30262,40598,4577,92347,97045,43675
InNLfHFN,jzQxPHna,ohgMAUzE,zjKCtbTm,UVYGqdCm,GLJzxMMy,70356,79989,32463,4998,83191,39902
iXYeQkpF,SszdasBd,hmiaPDww,pVfKvgJg,YvfZyWUG,gsoUDsMB,36063,83433,14979,13335,37789,27172
hzSpwOVC,tchqyUjh,drLzfmiZ,fUEQkjWN,wRlbOFmV,jPcmyxxI,34058,7587,82392,37915,63241,68528
uoCfISws,uoWnjdBg,kXUThCIp,tvfqhqsI,kDeHAksO,NLUZVvFY,92929,84238,83213,25835,57265,68531
suUwsQtc,gzyvGSdN,GxpWZWru,VFjzRMcb,KlSFYIXs,UxTQZtKB,23747,46841,74673,62030,58643,1425
KFTjkvaJ,xMhyhvWH,SyTswKsM,AHtKoBtF,mmMwqdqF,nmSUQpJh,18028,89265,32951,12497,57555,55287
vyXVzZkw,eKRnmMWX,eHCqGpWG,GGGjQZvZ,zdlVNJvw,XBJweqkg,93048,52589,43677,66939,82850,2693
FGlgRMNX,VcQOGxiL,TUFxwTWr,KhSBCaCP,EmPAYTva,fxYTekyR,73267,31646,8937,97027,66931,40408
VFwJBNJq,MlNjJSEq,JkqvBHNY,CWgqghRg,ayjlULzp,AqdNtUON,82749,70450,46953,83997,4515,12159
mZrJMYSw,cgenGtni,bijTIsgq,vFRxBZnF,QnOneRec,OjiQwBcl,12859,6382,9973,83751,93655,90573
tsHHecpH,lnIZERvT,fmcjeSto,EowcJSnJ,lHJwsrqq,sSSFqopT,79034,95048,73780,86675,31232,72646
BrElIUAw,ZzYlWxrS,sKhZLINm,fSoixPBF,LqDXlsPI,tHVzhuZE,81894,74075,6019,81328,31686,20920
gcwMWMkz,kPvbMGaA,UBsNocaY,KRLkcAGW,pNlfkPIU,NPgcZdJX,94628,3488,99740,69609,31139,63105
GUzuoaVv,bJdHaawS,UjpVeoZI,ISVyWcgG,UJnnrONK,SUFpxdPu,35980,62505,65906,88442,59661,820
uoDASFmz,RNNygFNz,dXdwRJmK,rTWDCXAp,bmxVlrKM,CXMsDcZP,92497,88869,26209,60615,73741,67782
FMTtOIKj,yExjkANP,ZWYUKEOX,TvnfwWiK,BKTyfwRS,bOkTYPnF,30229,41410,39019,23800,98222,12463
RcWtefwK,ySulJxyR,lHGfRcUF,AJsstvsG,KasybmCJ,pindgKoO,33196,18364,96281,35369,77836,59219
dSMZYGBd,ssaGORQj,KiRXgWod,MgJHFzCC,nUqKJTXd,QYupFYMb,16296,33591,73562,80154,13419,63989
cIpTrkmB,YXBOxLJT,Kmsrpuws,vNtBVeJm,ZLNIJCNE,tPYArTEe,96510,23938,2712,57722,9995,89575
vugWqcwd,FvPjgIAt,SoKYRTOK,yKoVDgmB,KhikqOuM,yAMVKZsT,18252,46803,91029,31934,12421,18259
LsAsEPiu,DkSZjUAU,RvMPmwAY,mluiKDIn,bBVaaZwP,SwICQbdh,93691,31723,43453,48461,55494,53541
ntPUZUiY,ulefjMPq,apJWPwge,pfSbYdro,qKIfOYTf,aTmmIfpq,74615,53843,56025,63494,55348,12269
TYopqMsl,qToTQxAQ,gzcrnvux,YfNaqsdr,WAvBWPeB,GRjcrfxe,72445,20719,5780,61297,59485,21197
XBeteOVo,amzeGCeA,MyTFASaq,SiJPkBzi,gBuuomnp,IIzDqLft,84412,99415,92888,17119,92610,872
niNSjkPL,LKmFvnwX,okzKTLLC,ExtLaDmk,TiZTcRDG,tSUPEjkP,23284,60251,78675,41500,46022,95972
LMslgnaK,caMPtWCb,vrxPOFlw,DqQfGglv,qdaREuiD,bwJMdWKA,58460,92805,96934,59239,46764,43293
rsOzRGrt,OBOoFZgP,VAnrVBtY,nKrzZFUd,nFfIPKhX,iWJEjpbz,69268,70189,60469,75363,80616,18561
YJCrmvRa,zRznPCWu,esKjUMYL,iPlQUDSP,zncMlEgg,RfJbWlVr,14800,49463,74872,41960,27742,23394
rlWlkFgX,jOOKWWag,NSvDuzzi,AQnxTWFq,OekJZjKZ,DwjpWccc,91844,49103,95236,50585,62528,61163
uvPCYuTo,dLmMGvuR,esPSVSbV,xoknFLVx,dNyXEiNx,ZjsnRLbC,55677,57375,81300,54039,7265,20001
vZMElSIE,sxYdwYBf,YvkUzrvI,AgrbCbcL,yQqVHuMe,TFMDzyIQ,48779,2315,53131,11195,77771,48983
iQqiCTxD,lGTpTtpM,OzuSLxNU,NJCMkjSm,QUIFJAcZ,GfkpyDBQ,25932,53972,7416,94704,75183,98593
orjEmPRW,yqLnTzRk,lbXmEgQQ,BprEkLnZ,JZDintUZ,NRVPsHhv,61398,49638,83914,35835,45268,40637
gjbzLhra,xAGujJNQ,OHlwypnU,ygSMgdZO,hwteJydy,YQHPONBE,49883,81167,35852,94672,98234,54223
MuSVENsa,eDkyjNSO,pTMnKcoc,OekwWkDn,fLqpZhTx,uQGayMeC,41194,22523,42981,92144,85925,38707
ZFOMFLWc,TzNtGoPS,QSdDdQbN,BgDsNskG,XFnvyxaW,LJEHxQzT,15294,43916,31535,71678,83366,93816
jVmiTqat,VFFDyCRk,SRhhHIhi,PMkboNqb,BENtscSO,CdOVtfbU,71685,78377,26725,24507,47643,50421
uuCHSSHX,CtwpHvai,YFObQjHd,ovCSnVvh,jHqJXrqS,XBTJuGyB,10921,37520,67445,46102,84836,32772
DvyVJrwX,TaVUYUAM,vDDJDGjL,SjoNosRm,hNkwNRJX,KGfZTKOJ,47645,95352,370,34496,89548,55925
VAOGcSYG,rVtAfJzC,GKigbQEp,YtNuoqte,iAOBahLr,hAYveSoK,89557,8283,72869,69513,63005,45790
eVEZdlgi,wywcDVlk,IcYINpWT,BiQKrtMH,ieVQaDDM,rPcfRbAl,92255,75352,59448,18081,17142,89380
zJKzzIAU,fXDKuZwH,eXxQwepJ,byLKNEmu,KMjBuXGf,LAVjsQqu,30582,88087,27393,25426,16905,88893
YwCemxWr,oYotOWFf,hlYSTWlk,VfPUxrMX,YsTAApMV,XKxdGbqg,21451,93204,73028,85595,96650,30291
LoGaVXJb,dDdFLSlR,RLdvnBvH,NkgtjvLF,FxDAmokf,qfhfecxB,86411,9647,5120,6536,8521,10074
rrQiSsRW,jaiMerGY,wtaBvJwH,uCdQuVsS,lzvKQXnJ,sLtvdJmi,86926,46239,24351,46021,50158,12246
ABXzAHYd,gYSvWFZK,kGMGsNcx,akApvhrw,xmbAecMi,nMxCcTUA,56220,81558,62992,63574,69231,25686
KkDOsLfh,fEtPIndz,tmfrTOKc,WAmWoKNc,GDnSPocR,ygPJchvk,12141,64462,69354,83467,56974,44004
EmbWxNqB,hvWcyeqH,WShJiDmX,TksowXjZ,oRFOqhCh,OOrJKXqe,32551,28032,61741,57754,66675,93598
hbkKvjoN,cejqlzEx,HZedWpzJ,UJlbKtfw,TBPCdRfe,khjFDobi,10480,33290,44174,55029,22158,40429
LwUckcGV,hUHvUvvD,CaqRAxsh,uZKjvfQp,YuvuxKpg,tBcQoPue,85628,81820,7838,84804,3806,69707
sFSkNMKn,LMengpWW,FjvKKNVK,XLhtKqvI,SXSHrziN,zbvLJuXs,68082,33881,17262,48755,39476,68494
ihpPYoDH,hEyilaMO,EcXMOkZX,KtjgfzKw,sEQFRjct,kwuifjbq,4012,51528,22184,54105,54769,66827
CzvdIvbf,FGAVdtvU,aFTXgYzq,WBRsaitE,dYxKIYjg,XTNiMCCr,22179,9971,99904,75097,22821,74094
wxhMIUBY,IubqFwlV,jLVwXdsU,kJlSKBol,VDbTQyuh,havoCKPY,39862,2115,5317,7896,11466,29367
ayAbIuVd,LWhGBaFZ,CBVVWLGb,zIaMtWTt,GjbyqHgV,FFBcQMYn,40627,876,23709,412,65754,18905
yyrxDIta,FATHUkWq,XCtuhifo,KhwhbFfd,FjOtmKpR,VBMIyqha,93927,66067,53715,34032,66334,75133
HGjWRIkd,XlDslNOD,vELBcvnK,myRdQlbs,wKeilOjw,zJAaVrqu,85664,46844,65941,40649,5610,20897
Cwgsqgem,ioBmEIbl,lSEEoRAd,TJAWmfpi,AWGvaSSq,pVXCywBh,64633,8266,89377,45260,45881,4213
enkSRPcu,OdztScka,qvZmtMUt,QebHAegl,dzGGSFtt,PtNIZjrq,3075,30468,80205,6060,35994,71566
axirSiHX,butOkoUs,COpicbpL,UktvaGSl,PPUXCRRi,kogeOWRh,25261,85106,40608,39512,5132,26644
IcoEJGUL,wDlfZsdb,teQYKmrc,XZyZmYXw,AuXbAdPI,WjGFeijo,81063,73389,56017,57842,48265,18807
jskjpfZC,rJXDUlwV,aPqhvyFY,ItKmiMIh,IXHFHeHt,SOCUaLku,61445,43042,5706,5711,63071,94302
BebaSCTO,UsEKjWeM,bbZwEOCC,YtCcjGyV,dANRVWUb,GVKljBma,76888,92727,22259,95488,31646,45372
PemEsmBz,VICNlWHI,yOPyeEFb,ZoltXdJt,HyvRpMbb,qvtNtWFZ,48483,89610,34339,33059,95559,14355
jTGrTiyd,yzHgMaQc,EcoBSacv,uXrxgqOr,EMEURwjX,LuHLuDYp,93619,23211,23110,69008,43022,13255
yAgZSlST,RzoYCupg,lUHzLBzZ,iTieqCvx,OQyAqZne,KjmxuTPH,86301,33262,80478,62284,62235,47906
OiFQxTHF,FVtWEDVr,riRapLzz,lhLGZyMq,KkEmnXIe,UYSUqWOF,22040,71874,8210,34212,26607,51430
PfdGKHkB,vICijzpI,YoFixmjE,ksnbOFpA,lECZHjhk,jwiRolub,38354,26,300,23905,44012,24887
RgjBdtqf,naDQcyiJ,TKAveKgK,yDhOeTay,VUkupOkr,vuZbNsgz,23863,50586,60178,47217,58541,55358
xTuCouoE,prMZnWfi,KktRAwzF,UdjgCmNX,SexFWozi,NdBILfAb,19162,18976,7612,62861,12991,31097
JQelrmgX,fHHUmaox,kFOsvupm,TvEnSraa,teTRHtWo,EzTYovtP,84944,37568,65494,55279,70330,14693
ioiKKzDx,siTquUIv,unrcEMhz,cbFiypHU,ZHbqAoOz,AHdGqPMJ,39674,70267,43915,2910,69595,8243
hmXfTnKL,qtMBKCkz,dxpgEBef,NsSAUvXe,KRwcZzgI,JjhJQRKc,15269,63656,56226,8998,10718,85353
RrPLIjSf,nFwcuJyl,ybFrmNXG,qgPudzCA,aBPYvPPA,srZYXrJr,966,70175,91896,83551,7530,48318
JWlzLzMk,XAFwDomK,RJJzhuFx,aDxoHNZN,jQFOqSVp,KGWalJzM,1487,73880,54081,98022,27114,3728
DcgGhIof,FqupnLYk,lrTkmSkD,snwWBmLu,hwZcejAY,sFxuBWfr,15904,69897,30107,9080,31007,4561
KqKdOrEx,FMPhLpQF,yaDntBdb,IkgCeQQa,FGJEzFMw,LyWpMPiX,78377,46464,88729,55302,7194,10135
ymPxNBxX,RVYOQpYi,uFmpDxgy,SapaRfHz,kIXndkcf,UbrWqgaV,99816,77485,24555,10802,70354,14066
GXnraQWY,fnorxHvl,aRpcDsqK,TrACseiP,LwibCCpL,uzIxJXka,45059,83539,41071,92406,90731,57099
RnabEpUL,pgPlKdHU,utCQwXRX,kkoCgUfW,HMofadJm,bOUYqksD,33240,84526,77151,20839,62398,25263
edCCXvpz,OaUgJiBY,fhPxCkYH,WEHqbOHw,lQUcKfzh,nZNAJQPQ,73378,18531,11194,1224,27319,60557
JvyISfIO,TIeXfvRB,BExipnnZ,HubIKNLg,cXFtrZHQ,kRxtOaqo,50256,89750,40673,30714,99637,5050
qUVeuRNq,AtTnirkn,gEFLrOYY,LdsNBGzK,CmTQTWCg,syzUVPKc,38723,49395,7495,89562,90744,43392
kiPmVUPC,LSKDYRlQ,sWRLoWjK,OlIjwRBw,TGcusyTX,koHxkVoi,74723,15981,56401,59202,98102,49288
LehBUXLl,UPaDhdSA,NVEHVrSH,gAyWwwQv,RxhaRyze,jBoBoLQB,69554,68007,93091,25448,77873,95157
bPtxPNoW,iVpobiov,cnxyMUSp,qprTkQJG,dixoYsuh,pbjcfTVE,6168,22713,32599,70022,19105,68108
CxwJYbyw,shKIqmqX,cgZtgNtT,iyenGmmc,KoNTopwd,IECeqHws,20147,28144,94509,97290,59084,55944
APKCNlci,KceeEQfh,bKEbiNUK,wRbZDINm,ZOgeNJxB,JSvAbpCF,71788,88639,39761,5751,51581,79674
erdhGwXA,jZWEZCtg,ikRNuQHF,EglJKflr,FjOpBAzT,RbDbOrXi,93565,26081,61984,63175,27863,38430
QYByaRAo,BjxBhHCZ,WBsfTziv,yZpXYLXv,FbbQdQui,IFUFjOZl,32260,14607,10709,90317,60565,10611
XGfiefcb,nzYiiLWB,KctaVmdg,CQAgvGXi,vgHTQPzY,nOZoymRn,28824,67162,2308,65256,98395,7799
gOojiDpC,IeaeaQQU,fEaBXAmu,BkYCBhpb,hEpBWbHS,uksEixNN,23620,43898,60241,45700,35351,96353
IgBenjWx,TMnCrWJG,HhaLKzmB,tAIKoNgt,OEeTLLPW,qUiFQquB,31087,98611,25374,73910,84339,62232
MHABMeIH,rcrCGEWA,JpCYYmsc,kFotJuLP,hOfwVFKP,bQsRDUow,37111,98337,53257,62658,1761,35143
iybrzodh,LWojsDRS,YiIGceAS,gvagVBBF,ajjcWKkV,zJXvHYDW,5319,72807,70788,23101,9534,32921
hdUlGkBp,QJFxZXYD,CHApzWJE,bzRgHIuz,zzXulzWC,ScwNoTCP,98787,59951,5035,58573,40016,54329
kELQkTAv,BuhBtsTE,uZdPXtuy,DIeAldnI,SJrBTHgi,eoQFPZcX,39511,81473,30430,85062,482,36118
iALlZVgt,MytqNiEb,rcwLLVrV,QsRWCBck,trjmJMcu,qfvoQrTq,36250,27792,85970,63100,33153,36800
WUXlOECd,kSZpSamg,QkTBpWlv,TqrnKWjR,LZfFEgjz,FyBoBVpf,95446,90667,11986,23727,99919,85966
MEWCkfLX,nkEClJsv,HQWyLoZV,gEoqYsTQ,StGbEfcY,LbcieglT,47666,11459,49573,7683,54398,84318
tKExtTAA,DpajGtld,gMVMZagL,OsjvBHin,DCeqycrE,JIxiGyuY,22024,10168,13377,2849,6283,91494
lRYvvKls,PMwVmmBY,FfBhyBXi,lgEkUWYA,CTaFdTgg,UIyrFmTG,39714,68999,4299,35231,72051,27242
DoKCtseu,RCXwIoad,uPqNtkmC,XTnfpoIz,VZrRmelW,czZTTrtN,41143,58516,20848,12837,67529,25855
HQsWUeLj,kfhuvZyl,UrHmEvZW,TRZpvxiq,RuUDNrOe,uzZlHJCt,91181,19545,2745,10863,89726,30297
fzBIboFp,rmzvzRQW,jfRbcHfH,LMRYyXgh,mpAebDvx,cQQoscxc,97828,97821,59369,51870,84010,95104
PnpVfWeS,yPMhVpad,XcqpBvsz,wZfbCzgp,HYrSMrQL,DKJmTdhB,80142,61737,92919,57557,43882,35572
WjqykqhR,wkBwccut,yeJmgtRY,WpuPUNeo,NLFicyBV,DjhYPohs,16186,78123,34072,42203,30388,24146
XeajIzna,wXTOZmfL,spnBntcE,duzBwPqY,ltTbRIPN,CUSRhiLU,42938,79568,83996,64917,87793,61763
QxjOsLcf,bmmogspG,lxbEwxfU,YzuDPHWU,LMYTBGRU,yyINZewb,60525,93830,50542,30460,18532,66578
ZZZAZfmb,VvpgXJfU,dirgUjNv,FxLKTdyE,pIwWpkxP,itXwgSjl,23946,68207,21227,45478,7881,40590
QXqZzyLF,JmqZtbJs,VSuNjVus,rbdpVuxd,IkoFQODD,XxFxpZzB,94357,15387,79032,66015,25370,46905
IJAFOABu,mmHCsjoP,FQiUEPvg,bYUoemFW,svGyAAPH,FxJBxBpN,62537,49500,90359,31931,47502,1052
kARpQrWB,HoyqTbCk,YNavPpyG,sGrehSPk,bNdpBsfT,PRdYfhAS,3615,41385,17474,41269,22709,84410
ikhqcess,FWIHQsgo,cxestWXY,TnnoWQLW,vUzIcpFS,VNHhRqeD,14912,72573,87570,83791,85935,83253
cLsFeRgz,VKNQQqMt,WEdppvKP,xfwwGIVf,AEwiEBhA,VUJBbXbT,55018,44454,24761,36283,85089,82804
vQZCnbFL,FQdFCgCt,uItDWGVa,rdXGrNKM,AMWaFPfQ,MSJXqDPF,57591,94675,23028,62661,10216,90129
LssBuuiK,rBKFFlRF,AtCtJSuc,MbebMXmA,oWjDlWtj,pbwQtZUt,53136,34421,13124,72500,99237,79368
BAncJnDY,awihrkPc,uPVkdDZm,QqWWJDOP,QAYmUMyH,hJgSZGkG,23556,36688,54404,93649,5276,38913
YSTNVTwi,mcFSwKNQ,HmFqtfYm,rneieLmb,Pfchtkoh,erABCplg,97859,8564,75074,60414,80345,88011
qgcjDnTg,XRxKAgfg,zREmBBAZ,rrGJVRco,naPRkkBC,XrwnvyOx,20005,72546,81240,11603,56206,95223
DkhDIerr,nwVpsutw,ZkUzfCcM,xdTfiwLt,AXivCpBC,EQimaiMU,53612,35639,17332,71753,37764,87024
jBtDMKhZ,DkwVBBEy,FOpaMGnq,NxAuslaS,FmNpOKUc,rNPpKTSu,78003,9035,17091,60067,51096,50214
DQXmvwPk,TwZQYJyA,oygPgSYU,zsBjDlfa,xZjKxJAk,AcEJCfrf,63855,15781,92524,34103,19674,90331
GrxYCCDm,HzpepkzK,SHVsCLQs,eUoSWaBh,Fcszexko,ypjkwyEV,31733,24901,55953,56637,64845,61393
GuEfiMmK,bwxBIssV,ZzOBWfce,mUXrHJvL,KkVpHkKw,lvjCpqmQ,29380,23513,59570,23910,30495,7993
BGMWlxPL,hdqQvQtn,WUPVnzfd,hFMaqcdu,PELHwVhV,oyhIOsaH,70905,92867,20784,39388,12865,84642
uCiJrgyU,jnvOKQbP,AKcKpbBj,wLFNMJnu,euiExhhQ,lynFXsLx,54669,11735,41956,78917,1408,44035
IhZiNacX,qcWWJlfI,jgneWzoe,tdBrnzaT,tdYZQwnm,ScqbQGlQ,94385,15419,18182,68810,27446,43172
cqLBKCtt,agepKBLr,jvyouulu,CGnFTVbH,uWxTBRrw,UHuZOiJB,67778,24835,21652,91933,96579,96218
LAbrIizi,mIEdtPqz,fASQakyT,eRYJhkHO,BsGGDTuD,hmmiIHKe,24760,65192,3665,84445,22694,33856
jETFqaQX,MtGAzDVY,UIYsjFAk,TtVapYbf,hxhFrRVL,SlypwBad,99605,47176,68469,62809,15364,67709
sGLsCIlD,kJlqfJYk,dvqSCItF,mftHRmgk,ofPGZQCF,stTXWiNp,86543,62947,7904,67220,5364,6222
QuNPZYLo,qjAQteXW,wmdLKIAY,wxLQbMbS,ueLlsnjz,nYZwGrOT,74599,10996,66252,67493,14105,18684
EEkZnwfI,KJRYUyJb,uwKihXwr,pebzJAeu,xvyMzfdf,pvhALWFl,50628,22860,18444,31908,38018,36450
InEJVvoo,qVPrJcgA,LOXtjOuu,HLEJVXSj,ulacyEXx,lZorbWfn,51370,59688,22542,89639,82429,28345
qNgFRiwu,fwuJWNlE,jqDzrOwA,gcZxLuLd,yptlbZEp,AqkSeEdV,78661,38976,78705,90928,62096,24973
xYqGABgi,rMNarHvg,mFMFNLFY,mXsSrewU,urNTvgjK,SXfeErfu,71405,88463,31150,27401,46517,4498
CuupTOWX,lumurTGS,LbdObrfN,rsnqOJKZ,JDVhDHPw,HSILtKNJ,21703,73676,26713,73112,49324,71924
SGsnJiQv,uGkRMOEs,JgeZgHPp,VSMdVPwX,XMkiJOwt,zUoIlfTv,30275,71253,93156,57994,20072,19741
GfOazMoE,sOsJwAXy,zEqIkNSb,gJbLomso,JEvKNorv,tiLpEuDf,61305,59962,36566,40685,88944,50932
TxMrAMpQ,rLpvIHtV,laMEMVzM,AYmspMlK,HLcVYLCs,azZpFJXC,97853,90101,112,86630,46555,52414
ytjQATgA,SBxWTRvn,CuDQoLBc,vmenRPiv,pAHqOfdJ,pJMeISYU,13671,47314,76687,19087,59503,94025
SDbURUkU,XfwcbBnU,gjmdXQIu,WVDWuSnG,EKFfTVZl,MeHtirUg,23395,28455,81384,59525,84669,12047
cXLByDQP,bAFemjyP,neaRlwUd,ruMDpcTF,hamSmgIG,aogeOMXn,20722,27702,19254,81833,69624,53617
cQdRVWFO,KyMOLZHe,NwzYqOzI,sJpmTBuO,cvZQlfoi,xiTZKOyT,55758,15189,34780,1329,32367,56459
HHYdtrkD,aYsrUQMS,nYsAKjOg,ByOfKtsJ,FzDNxqeh,HaHbWCNO,23489,94290,79853,3513,2603,20028
TVdHuwZM,QAERpZBw,JWggLgGt,yquqbhza,tuSMLezK,SOMUtEfc,23646,13805,48343,91876,15289,44690
NidynLQT,EMlBOqLH,EpvOUAWX,nhLBbLGD,crgCzBbF,AGfhlaEX,43031,92989,22213,95173,52735,41191
BNsLbjsB,LTzvyxqG,jYvrXpqe,UlnJSXrh,IXbylLlH,MMTYvFoV,53468,69329,84554,66349,1353,4569
oUmzFcPs,FNgTivri,XFKJbbBq,EAVdWUuW,JujJmgYp,dkYqLZLh,495,46620,6507,85746,68310,612
XuuNpJZL,rMzbGDER,VSiSoYgi,gXlFoRtx,YYwgpkQO,mRBDenaf,17990,10395,13626,37270,68306,49314
RYAKuxRP,jUVhkIDf,DfiARPoz,Jyuwdjzf,cSxnUkhy,KxYHVIFE,7477,32479,52978,57808,59329,62969
ynQeYiuJ,HXBvUOlQ,NAgbxEdE,FPGZZopg,BxmnaTbA,xMJZJaKu,80286,53019,40578,69691,8044,7557
ESIJgyrv,lMtllVJD,GFRZVMdZ,jcQvbIHB,DiOWYFWc,kgYupUdC,47840,14385,77655,26435,92520,17772
jvmJbOAe,sIzzSsCx,mCMnWqNf,hHrZeIgt,xrCXlEta,HZVvZJYy,36226,55958,3676,8126,96160,64080
XNauJpfE,KsfqUUht,ouGKaPLr,KwEFsFpP,FafhnIam,vpBjwHbB,83392,55160,66352,82263,64212,49989
efyLepCQ,jQidDZbP,qWUZvWIE,laIAHtTF,DGAslaRt,epZdqyal,86832,77302,91257,36330,53306,75454
SSdOLRPp,RIPiJhBH,NPgmItvM,LhkDEDHe,qUWtrUqF,PBwEjBfq,56983,63012,22686,91193,97380,23480
hPEkBZpY,gztRnDkV,KfLmaVME,QXcMDLCp,LplSEqwh,wWtVaqZX,56627,44225,52310,64594,35057,16317
YRccWTRJ,OkRvjFSz,LolIxzzu,GIoTNxcu,TsfVdjKv,TiemuGWT,27281,9797,53434,55091,21621,71329
LgaynvTs,aMLtLacD,xcorERUg,NqXAylBa,RJfntSKz,oKkmwoYk,32043,15671,60122,81968,94940,56937
OsozLmNp,LyGsbhLc,nrGGbgDA,fpzZCGPn,XinzBulo,ACOeRJKP,18548,99010,77711,5150,65047,84664
UCRPsHNH,eIZtIARa,KMuxWzRb,gJGFPmuY,kccAaVTt,OyuFDdnc,41448,31828,37346,14313,21734,75526
jHjaDOdA,xjrESXId,KsimGRxS,GeIBnnQK,GYYvivHN,eNhykLXp,96222,38364,41671,11660,80708,70982
tfQZJgYO,EtiwRFac,fmZmteQB,VJDxnjAR,vfWaFHwm,PPtjvVSe,84066,86585,45777,19104,49331,384
HwZqtptY,qTYGhCwr,QenLFxjk,voIbkSiX,nQTjwYDW,JSHNcTDI,43132,79122,61909,35442,15470,66172
kiDWEdxY,GEKkmvmj,CMVtGXbt,uIkdRlgz,sutjkwwF,SVhXUgzJ,85809,74146,13076,2283,84270,68908
UrREyUJo,UoGmOSfn,icqTFZbv,kHxNXsMt,UfswaooO,UnhRXRJt,92083,73749,80603,30758,40158,25478
tgrWtFCG,tmJrhRFX,QSnmlSjG,ARLXWVts,rJggIFvU,sKEmaOYC,263,458,86131,63830,2518,55628
kqWlUuFv,mToERRNl,qEGZbhjP,UXiuQyxV,uWZbcmuH,LxULweqZ,53380,45241,28895,52390,91759,77145
DnmWjpjc,dphjlSIn,QTvrmpJe,YkQxcGJA,ICHyzMcT,AnjFSXiA,38395,40605,1250,57210,33482,19751
QggrUftI,TtQKaGTf,IrTmNEzd,ksIBsInM,KJsqmEhu,ebbwVmRQ,89970,4792,94042,51741,83819,96390
yZMZteEt,ULeWWYYy,tPzMkLyO,zAxupbIX,gTHFFvIb,VlXTFVtW,38096,50875,18627,85397,71077,35547
EAGrbUov,WhmmXyPF,RFRSskzU,wzerMeUN,XViTbygh,GYcvcYFC,63701,62772,69320,93062,89583,69005
PEXPiCuj,CDYiWbQK,txrpqSlf,ryRdROny,vfdExsno,dPyfrNJa,63166,34331,31164,90549,49961,27745
AsDJTqYd,trGoUgVF,iGgMvQak,EaVBBSCS,jQZNBFrC,kAWItKFm,32080,79544,8218,92782,28441,70371
yawkDJPs,sQCdaNDR,ImWPEkpV,mdOMbJcN,eTXOPMqM,HwRRJNgI,9143,95312,88478,93131,15863,78052
kbNmuzFm,fDgMUhSg,IVirodjR,ZQDSAfCF,xiRGWwVa,DPQqOsBy,36366,28449,64858,12013,14048,94924
UclBDuEg,uLqDIiMS,ZqyYgUnd,HobxYHXc,IbSDRDNb,KHnIQnfL,76841,80558,79783,77342,65972,53290
fhLGUEIf,fZpOpIAD,PNNjXmOz,FrIVarHX,SSBGoexz,TnttJEMq,72107,9462,31067,19585,92484,20330
DYRWjgDk,LTfssGep,xBuPArxr,sHwKPdmN,EvluBLIx,dRXHHsYP,43538,73756,51712,78239,26343,76239
eySxUSKd,NPlecdII,LVrKwTMu,ieaXWzGB,twEZBiDD,vesOXrVy,57304,19394,27619,59092,39368,52951
nnpbnxTn,gZsHLsiT,YcXYJmgZ,ruWOzIBj,rTXqccLC,NYMgGuxf,45935,48923,70899,90401,78715,77396
zGJjqdYu,qPLTwqkr,DzGKDVll,fYUAtTqB,BnBUTUBZ,RbhCuxve,95864,40722,13739,66812,67305,18548
OolGYgTT,hMkRcNQV,EPYhpjxw,GEHYJFxe,oxymDSHG,vHzxIPlt,60978,51992,34272,19187,65245,82545
gYGLRePe,gGQjshcO,NHQOPOaC,TiQrWtHA,qqvHhOva,bGYRHHwG,15022,17254,14484,60379,84715,466
MYxslhfb,GlghBPun,ahocNSFO,nxsbzgWb,GEWszWfH,uDJcQUxo,64298,66948,3098,40888,21301,88237
BmLvubqK,antjnhUN,cjrblddE,rkDjIaTW,ZmZrjFFC,JvxymFpq,25616,11611,55536,88675,65655,59496
GDdsvCrk,SMZLOYba,WCgJVYlC,jlOYRGpf,FGiVHriT,muXTEKln,4619,32870,23065,8415,91782,90654
jJHQrfTw,BCbIhSKF,xMnVjwsZ,DxrbdRGu,IOOoBLZf,lksbYGXP,2984,71665,23894,93005,23266,24931
uozAWHIP,txQxsxch,zhUIPDMK,lLIhqYQx,aYLlGOLr,EDBOfHRA,46186,80412,64845,20836,20606,94604
xJzFipiO,GeioBfld,OTQiACxm,hOHfpdsI,fcKacBsl,KszymxCv,2748,47086,25111,31756,90925,27233
kKVxOZfU,LIbWNRAP,UxtZdYkp,wEKnCzuP,LmotWnnO,RuSOLtsu,69733,11129,9185,88241,76655,95728
pBzvQVoE,GphLThzY,xfquKUni,EzjirdZD,XmJosxIL,ExvUhdWG,39046,40452,58218,78236,69761,7614
QwszYfFY,wctFpFHs,DXWCSjIY,thZCTnOl,gnRIcNUK,dpLffGVJ,81547,41536,66860,8660,62217,82535
RXsncGAg,nPxEQRqg,qzkAnsze,unbxuPOY,dknurRzZ,ZSEkykli,50660,12386,62969,72018,11090,94241
CikDRoqI,hoqgOugz,ZqPGKxeH,lCpvzPoP,nXgcpiVo,fdotxnTN,43516,43012,24986,9957,13059,41092
XgFHNsuu,PCQpUUmr,DtljJTMx,wxVNUlvl,hEsIiZUf,uCHroKoJ,58965,59514,16753,28790,92563,52639
lmJpqMCm,vcDqDgtc,txLTXVnS,BxGrQqCg,TphIgAJU,ijWIMpsc,50224,4950,12596,86106,85477,98328
vdHdxkwd,RRSBaDGo,ELyQXENt,rXunXPkV,qBLuhtxw,QBRDXfvK,89987,63917,57320,12624,89428,70582
VrxlvOEd,HZqFUvGN,VTEQYLDl,PnORKDZU,SfePETFh,KEaebxrS,28658,51539,46442,62833,58460,26791
xmmPJUPM,cKkAPJjb,ERUlNmQg,LqrbqJfd,vUaUhyjw,jHFAnVaf,45662,95196,76344,31596,6807,64079
WdSnxkxE,KcZZWxVi,STZQdPOK,kQHeaojM,JIVaLnno,TbxNQxda,54102,20051,40097,54099,56866,45683
CGWLXJnP,QqxIhAUl,kShSwYWH,BcnjQTXv,CnRYjXpE,EFvCwAcV,82356,81071,26218,65649,57515,47235
ioqGJETX,RFqqyqgw,TkpjAQYt,oQWQbRrS,BWiuFZKy,kUCwZRgr,45342,92065,24266,62665,21410,40743
jGDhUzhZ,innVRXPU,FDQTSGCY,KggoKyPU,NbJHfJDk,PEegYOUt,16536,94223,83967,6385,58877,50593
AWOSNnXz,zLxuPGAb,ZpXLxtdb,pJNnndMj,UGHBplYQ,ZFNazaBE,12875,16746,63219,52204,27125,29456
bssxlanD,lsMCWnEU,gFvzwvJI,duTWMVpQ,bOcrAAoP,rTNSyDIK,17861,85971,90337,64387,91814,81979
OzZMgSgM,ubiGVrlT,ACMMDtAD,fZFQQMWR,lGRWxZTf,OpKGuwvT,42814,5540,38839,97844,68736,98709
rrhJnuzy,OUMSrkAW,yyzYKLMK,DIogrHVX,VLkMffiY,YhMiPbaQ,24347,68597,22336,20224,59112,80720
oKFRpKEo,rnDCoYGV,ZWIUbaRl,CBBERzOE,UBAumQNn,zaWhLVbw,1862,81410,38974,56882,33364,55659
HBGWdZqK,AwGxtaUF,nIPHfjbd,UhKMFguK,YCqzXzNL,ednBjpnQ,34533,55299,14303,3207,94339,60102
mgHcmRwl,VKltEjwd,fnFtfFTW,RdyjzXZc,TmOLVEaD,xHjCCsHy,64685,41906,39509,79024,84592,55241
UXnpNxQS,ImMuOFGr,pJCCYqUf,rFUHynmv,deHJjVVJ,ysetfVcU,73999,98763,12962,87660,77040,85781
COOGlhoD,JgiBBdfO,CMdFqVgQ,nhEElokS,vIztOgiv,fcvKcKXm,21001,28377,26749,72757,30439,83467
gngDdBNW,IWBowygp,oarYiTNq,coyQSchF,pvIQmcGO,YQIMJZIQ,45302,42700,38803,93960,197,13224
GjrANwMP,SbmHJDRg,BJtbAqbo,bOvqtFVP,rQYRegHX,NJQBxgun,49664,3216,82091,56066,92536,19480
QZYyQgck,LXxvSRNw,KthHFRBy,bcoshddK,xKxubVLD,hJEQPgYh,13431,45540,76711,43802,62353,88393
DLqtwIWR,paLhwJTc,rXiFfuBB,SgAgYSvL,LFtdXmSH,ecjZLCdE,45202,64353,55583,50928,92627,80549
OIbOzowK,krbxZMyn,NghNYogB,govDrgYT,IcRQGiUs,phBpezNs,17865,38599,86926,19016,90730,44646
hXDucCOf,OefTZsck,wekDmKnm,mFGxhrVF,kmwUGBof,wfdNWkAO,62075,54959,3915,11734,63041,75068
VqQiqacN,azUuTenm,DQBeyilQ,epBJdpiP,yvZVESuX,VcBEqIgN,32520,85264,64003,40111,15472,33403
QyJqJoBG,qoaXRjAy,BTgBClmu,NLtIocYU,BuTMXdkt,SZaLfnbz,91241,4087,17977,32806,36151,56080
ziEoTpaH,VEgxnnbV,JTyTxmxN,ppJlmZeZ,UMtDLUSc,gCHsJTQv,86544,99039,85320,85743,89874,80097
COoVSYLE,WmPBJsmr,kPEHDgND,MJEciQJu,SXBoDehQ,AqIxinrS,80665,97259,32862,59830,18716,57245
VPeyvVZw,odzineOT,YjwazlsJ,XfjtjNJZ,swbrOPVI,vCJQmtLh,24487,60845,49258,67945,55070,88540
dxEkBQqB,liXpDjwr,cYJipIxQ,XTVMWkRv,SPcKQLPB,NSgfEZqH,16922,4388,62495,58448,46452,9978
hMQtkITO,WeCXJqui,MsqCJehL,mJwNuZHf,SuZimRpo,uwPgYtlK,87320,41032,2982,60505,33550,96528
VYooOasR,QGyGXwCn,uvAUlkvp,jVjGmzId,UBGlvEIk,jRqtfPpe,89596,61401,71731,28605,16428,97674
NUjpwxwX,qjPIiGsf,IeztzLoW,oIvbxgSi,bCqRjjvH,QjXQORtf,73048,56713,26320,68409,25329,13533
WBusvsrr,OxEbyKDH,VasdxoZf,aifkoyWW,pXFbnVLD,fBjIQLvx,24922,20793,33399,69917,88760,1473
xhQgLexm,BUptptaO,ZpOgfYgy,lKEllsLf,sgMELWZB,efYSetGM,87141,15769,44623,66046,15937,50396
mWmKPuNR,bbAllPbI,mOHojrJU,TXeTyjaP,qprhuRUF,SmTPXwld,33776,30031,82857,45847,93380,22239
qwTOhNfk,ZWospCur,NuiPusZi,FMOZGkML,WHXtJZJE,ufCfRpey,92734,11206,30817,19502,42975,74209
iAflkFFf,TeDMXLtO,eyVaoMOe,QmKqRURK,hrMLwBqz,iTWPgJrH,50956,62507,88726,25788,78878,84762
qFQrYdEK,PeIhizQk,CgkqPoRX,szKjpaNM,CSlFEmPn,MbWVcwAA,68292,97592,48368,72602,66648,8180
GSkbrrIP,ZZaRpDBU,sILkiaPd,yXPLtagG,vtnRqwnq,AKGkLxOV,78297,85858,93581,62578,10017,42440
krtTETxh,ZycCNoWx,aVljomzY,QWDuuMkr,mbkcgvCS,FuUwxoSH,84813,14964,5803,72706,11629,11928
zzCHOuyV,MJBcuTyp,QMZLMIPV,JjxaWrjQ,XVJUIkLm,tvMQgZla,95984,59864,76394,85699,45264,83083
uGLhoUjv,fXZwFSHH,PIlAWgkb,HanZuxfZ,afIERndx,tJNZKjYZ,43172,29986,69086,41675,94169,17816
CwAAxZRv,LrFsDLhx,bugSTsRt,HWxwlxIv,qlvOqPzQ,mscncNdh,73712,40287,78077,42227,99884,65612
zXajgYsy,fDESfAHf,YPThnoRl,OVNHotUH,rIuNXadv,VYCDHSpf,42585,53417,91970,7306,68822,44391
IWZCPSiq,LLpmsbcZ,HklcKFNh,lwOAjcCN,pKVbMLqD,PYwnaIKV,96465,76392,15628,98680,73772,9388
kEQOmTBc,iXjdNbPe,LYVSkZJs,aIHjLkbn,fwDtDjoF,GWtRnqIx,59707,31508,67174,93113,60061,39791
TLtmjHik,ToGaRdtb,hQDvNpka,CUxdxxHZ,YTeVjbWp,splOAVQR,79587,80594,48629,3102,154,91501
TsJoWYAL,SCvrGuDJ,CcNYgnHe,ZjaTGnRY,OycrjnXH,fkJWIIjS,96947,69456,61068,10138,25962,70036
UcmTRbKd,uiFYidzw,iMAidatR,YGzwhpUD,AtkPYIwl,QOYyNcrt,42418,15176,94924,51284,96822,70023
nDseLPdW,hAjAhKSN,UVfoJjlY,brGPPObn,MPPnJQaP,FCygyYbZ,55152,8960,40935,85549,38458,63706
rXOgvoIW,dUqByGfL,BwEvKfln,zOCOHVOt,EvUkIxOM,uWdFbbay,82997,56399,68385,84897,26156,25088
WtewMnVO,awxReHdS,VdHGACjO,nFphPeVh,LJofCSKg,qiqWbsSn,80067,36170,39269,38855,1709,17925
IqcGDpnN,qCVlZFKa,bMWufepf,ncdXTtLq,YleGqTmJ,YsEdWOiA,80129,43809,3282,32486,60475,71483
BWCjGzHS,hsMeXetn,SirIpsNF,aOPCObsk,YzoimPVh,BLnppwfb,66522,66578,47774,42991,14457,65742
SYmdVcpP,crqnNcHA,WYbcZlQO,TaNdOGDO,vjAsViaT,jDoPyaFL,61688,19994,14326,81425,59938,1155
WMiekvDq,bNQpiaDS,dZkwSHzl,XRrkbPIA,otVuIhkn,yPXzrSEv,23625,58821,53534,76252,13884,36843
QJEqXObB,naujnQVX,oXquCJgs,xgeSUOrh,lqCDDgHW,PLfAiYIR,56132,81290,11418,74326,22661,80318
APokJSbd,ILNARbDH,gxiIYeMz,iTQlpkfL,RrGgyuJi,QybwCLKx,55999,84198,46607,21338,639,46391
YsPPLlsG,qfSXWnMA,tKSgYKmn,ngBwIPAs,NFkQtGUw,NyLmyUsZ,64060,74569,61151,58863,98626,46648
kxvKcOYb,IBUZzxYl,OrtFZdim,pSJVbtkm,OWGGJJQh,PFzGkCaw,18336,27013,24692,19590,78271,25009
WZALEvRZ,yBGtGoiu,RZWYRfIV,KGdWSREi,Unickjua,TeSETXgx,72604,14967,15845,98080,4919,94570
gLZCjWBU,VxnmYPbj,xPUMaDNo,pdFnjhKi,RbkAdraP,EhsrXEOX,12773,24842,99988,13525,3422,60560
uNgnXHMa,qpVFuhyq,RlclvCXO,jOmakZMq,yZcwGDbp,vhErlMKe,36651,48403,64391,44197,65149,24720
NfYibLac,qtikgkuH,fYqHuZuX,DBgncrJY,hgcGWOdi,AnaxZGoU,54814,54263,48138,70718,34476,84100
SHtZiOMF,PholrqBP,bgpCZVGA,fMpfgmRj,CDPWyTir,RXOvvCTr,30536,77138,54721,10642,97189,89836
AsrkzvKe,YjIWonCW,YNJhGZpn,KMQAekWY,kvwJCavn,fhPXuKOT,15785,51318,90506,10888,86468,63803
dVivVtUZ,TmHgsizJ,QidcCkld,rWhZUCMw,wpdTDfWm,HPxPDsuQ,95084,33741,16492,52579,12096,43773
tumjIPxQ,BbfQAelE,IuqWGSat,RDpATuuf,CWUSDhDJ,WahLVmWE,20426,14316,24125,3314,83714,57400
uctsgmpN,PsfSnIHs,oRDiXFpo,MyATzEYU,ngOqatCW,WDEDRwxQ,15180,62898,76060,55583,26442,69298
XYrtVCzo,mAXkXJZs,iOGImPBg,pAPHfCkf,vsqjaREe,EhKTrunB,48057,24884,91192,64944,78907,57290
BAYwLllA,UAZKfOOZ,TeaSbJXl,yeBPslBH,AwbWBynU,NcuhKYxx,44394,3361,7915,36027,31506,98591
QIxFzLml,CrdpKvjq,XOzeDzhA,gunCyaEa,wJsEOEJf,QRPpOWko,10753,9011,1866,24972,99406,41769
iZddoMxH,QCoYPhyT,ircizzSs,MjOGFlrA,PZDvOFnr,LuYGAAUW,71546,41117,89766,40596,88041,69774
iGVWDdgO,izJKSEcx,mLSSPlqv,BiLyYVmj,EErGIyPK,GyxVDIAt,72415,72870,16837,31329,65673,51747
oeECAMBS,EaLIUGfx,iSGTUEEW,cEbRonux,KZUuwAzQ,vMLmYaQI,63341,96115,36676,86999,52143,15217
tXlOKhTx,yNTpaEfd,vatTiBmI,CveuRKNP,JYxlmjuc,Xypbjlba,50297,58537,95000,50098,15929,91208
FfFqQGTB,ipOuaEaL,XwXSRVtM,aALfemmS,eDekCQpw,siactrMJ,87692,46055,6536,37276,24958,85565
TKnIDbKt,wUPShYpn,InhSbJCZ,WwIlbPMP,RMQhyvYk,TPsdRqIp,24577,23999,13720,57956,90756,21898
GIrStaNK,JEgtMLoA,OUDglgiU,OhpgumxK,VdDVGTBj,OZBLkWFw,47310,92688,91623,48376,60020,93312
URCWlhKC,tEQNvPGL,iUEkXTOl,dNqckCYG,RgQjGVEi,cghGucQC,94391,7553,57011,98093,56803,19527
HHMHMPdB,iWRANtTb,JRGYEgnD,KhDNVMNi,BclrOrsV,KxMgNVvu,1704,86708,28464,91123,88103,56538
GgAUeJaI,NuUALBFb,kMeNAydq,WZVMRBQT,dTocBFKy,kNNGlccw,92382,68325,96680,67380,13331,35544
ikLlFTzu,LvLcnYBX,pdKpvdII,xLQjCoNl,peKwcyPr,hOSPVVOH,39085,66826,84734,27645,87512,26121
xSXwKqnL,iOHFhVjc,eHpjhxTl,qcyWrcBm,NYPAMHYn,TugSVsbB,44128,43707,32841,45308,98856,89655
VTbrXIoo,xXrSatTN,IFQDMwuH,cuBrdfRh,EUElPWZD,fhsWDOpv,57627,59312,40581,14202,82885,92908
rvoaMfDJ,MxZQORZs,jzJonthD,EyLuDTDK,rEHWGMJH,tBbSTLzg,25851,38427,81773,25057,39391,29543
TQuoUQQU,TdGZjqLa,QSNLoPCp,JBjQrLsm,WsGLLZHI,VyGmWkpT,58000,80319,12117,37076,7829,50577
QEskvjPl,qNUdbKEK,zKGzrvVb,PqpuWVsX,TItmZUQV,wsTKuATK,91888,75913,6101,87998,67860,13828
yeRMAYjq,MOSStDyA,YyJcfmrw,atfSInSe,xXRzWTke,ofNemutN,45782,10022,77070,68247,34810,35611
TeawKTgF,DxggAOLc,NDttkWyd,IrwFdhpc,ZCtgzQnI,ZluvglYs,67133,15038,77860,14090,24883,20835
UqxpcVNy,fxGRuJkA,gPFHumJR,pDurGUWW,CkAOvNxz,WuuXYNgw,93690,89070,35869,19889,68061,94838
SejJmVEn,QQoSfNhh,TElyNbng,JejjgVqG,CXxuDToG,YUASIWgD,43671,79982,34354,69686,82736,53506
sFfcKtIc,gQPFuLTR,ARLAsASD,quxhtIfG,KAstxMSY,fOymEpte,12732,2035,75394,69559,66607,51194
DrdwXlQE,TTywTquk,aetdOXog,ijsZFXyl,YmJwjsSI,PfVjLmam,60396,36583,54450,78942,58120,34937
cHzNnLCb,LmuyVlCX,MRfytBxy,TZzMvOuS,tkeGBzSx,oUfcgchp,81097,10836,15704,44550,89296,38167
gdSmJKqG,cwrXAdCD,zoKZgdEQ,jgByOnad,kmdPbccH,pUdbyfkg,79192,62092,77167,60495,33197,47144
PFJddpQR,jbGXZSdt,xAWjXbEH,OCSfSulF,OPEDJeNR,GuyuHjWA,28851,91072,78420,92917,95123,10203
tovXxBDA,xdLUZkkF,zZmHHqNv,WQfUPjei,ecYtqBkx,izyRDaHM,67810,60486,58583,63620,60007,32903
bysohpbO,wryXflfK,nsilcIYn,wKDRpKzP,vldhonYM,MQJfhfjM,59850,33771,78467,25029,76913,78678
NScDVsBd,yeLxHYYZ,IaHPmsTW,IilXhiiN,WVDuKjkm,zKGijHuo,35996,14288,91102,93591,50607,61508
sJuTwLOF,kOrsLoYZ,WmQmNwdr,iHvLmFpW,dyOGFuIL,DSwAbGkI,61281,96540,8244,90192,75937,69638
tUWQBJJQ,CrEBmMQX,buYnWSLD,AXXBeXin,dUoHhexd,qczrfKCP,4174,79062,57180,84478,95488,56616
fifuvKia,WykUbLeS,vcmQwPnC,PTnkiVre,ZhutwYCS,fXKJEsJg,44761,82389,412,15268,44234,12610
ygmzbdCD,hhiTwhAu,tTifgHPx,dDBLiZCt,BCGGAmVB,hKIvSaSL,41736,34289,69517,29699,81230,58793
lzjgQLqz,JPIywOtY,sbPEuFTI,eKEdZtcm,auRAutkA,zFcuoNax,17045,85911,55691,47292,61371,74648
PibWnyJm,PplntwAH,GoFqZSdE,TdGyCqNc,ftDFCXHq,KRhEfNcT,95963,28790,69378,95717,90002,87413
mZkiGXvu,FYBuSslj,OFVnCAsf,ItWXYOgn,jpSULSHS,pEYrvqqk,1465,26991,35505,41262,80862,28264
pwHWORtD,LxkZUKNX,QVEsSecg,VhUClvol,WtIzdMbk,jzIVmRhr,99353,77098,48018,87888,36231,15221
hqQvVAQF,iEuAsgkJ,lEQbFPri,QHyAGlXs,mdLltuuo,OReyWoUB,56166,58765,37101,36162,55342,22293
sSAhmbBM,lpSfboyr,ekmkLZiN,bSryQzPs,GTiqewcv,KMDNPHEo,76971,98730,45012,23391,18644,41585
nljDkSjA,kVcYANWW,mHGKSEjC,lhIxmYqk,NwZLWGiD,LOVVDptd,13148,72169,87265,3552,34856,31243
dOfwlNmP,zEjJpMln,DGvDkQNn,ZsWkdVPK,zSZLXxuv,bcQllydn,17460,18213,95685,5099,88744,9345
BjNTITeK,YSJKkeLa,jtdgFTwC,MAaOmPSL,zUizvHeo,oWMIpcSs,2097,22132,32681,88504,92223,92004
lPtSmAze,xrVCdaBF,wQmgVIqh,XldZRwSl,USQyGkyf,RUabbCBA,6685,53707,79911,54821,89389,84816
HHTXijEN,nbnDVQqp,kRgWYZJN,zBsbrvBk,XUCcJYQg,RcSAMihq,6936,57789,31700,47186,93179,74891
JUSMFWjI,QDZNTibp,akjHNzpf,NPCsZQHG,ffocswtn,FroCVyzW,21755,88964,92780,49883,69104,82717
PcyWAtOP,bWFFGVGX,viOTrglN,CRmDIvMk,JmeVLgHr,eaTKxVMC,88816,91721,87642,28455,19625,86421
rsRMxAvT,aNIDyFiE,qGMmNYri,ykYvcdng,LrFvmPZH,VbAHntDD,37511,39792,13279,26483,58603,37880
RilqWray,UqNzSLnM,Orshiady,EBaIqMIB,DGVGHnrR,FJpQibBL,71603,74522,81422,50980,7936,91395
jYOmEmTd,rVojqVol,fZZXznUI,pJrlaUbq,FzrPOgQg,hrbIFOgr,71604,59857,18592,51539,16681,67627
dCwCfWLv,dyydmrnS,NUImnXeo,iQHrGvxF,EbUSDpvH,DjTMsMyn,83928,4729,26232,33053,10600,75735
puNGeWZl,XJvDHaXz,IpbXDSWc,ZssNatqs,VUYYbrYH,pUyakPlQ,6108,87572,83754,1338,30279,36605
isHAhRZJ,jWeIiNey,JeRFLVLp,eUCNLpnM,MkRyzxxj,BHMvdGmO,97372,87981,96916,88924,12224,76712
FEtONgvI,SADKJeqL,DpxBppNi,XtlPwmib,GpvSTekd,wswcrOKY,96286,30664,60454,61673,68176,51984
gdPuoaPP,lIlzjnWN,ZJwAiHWE,vfWGQASm,EmhvOnot,MQDCSalp,48724,69886,30417,75371,87743,91186
UPiAFVZt,eRhSktur,AUJwcUEk,wkwqucry,iQhbplbe,rEYgbwNs,65681,49475,35571,76146,22558,42730
RfxWbFyS,nPhdtHrx,YhhaGoyZ,OXqqKHIO,QYIBKPHs,cqLMvvUE,66396,13407,28105,14502,14553,29373
HfArNUOS,fpVPJXWo,NXXsRBKG,dJciZwVO,lhyIfuwo,PhfRUgCp,84082,2253,83550,43733,4861,67919
eUinEjTs,XVNKBlTV,fSToYzIV,sqDaIwGK,tURpJXgt,HbncXuAW,55465,44895,9655,40552,69434,85744
JXaCVjdq,AeJUhMHC,BYduSHHw,SuWWtEdj,SrdHjmIc,eVtWTWaz,26969,47546,79270,28414,25873,98834
IvhIBuXk,bThdzlZY,VjhmxcJt,RfKZEjiS,xQOftlAr,WAxaJcQH,46979,58584,22558,14449,98522,69133
QqlVSlbI,zFEhmfhi,svgFrLic,njQOUFdG,xbLUjAzx,WVFQqrKh,48662,64137,48924,78519,6880,83971
YvOKUKuo,oqKILjjO,jBMVfFcF,knYKicsw,WLNhqCcP,BhUJNzOW,18271,36137,27320,66867,22882,72829
MzRhagqh,WjzqIKxi,iJFXimIp,TYcAWgDm,UTVdOcQv,SssGgkXJ,51170,70021,75359,41089,80326,9829
xGPclULm,xMqhEtoV,dzXjLpGp,SumcYHWE,xXXfWoVm,PahJgUbF,88592,60249,93382,36373,2288,6478
UvArqeZM,drsyktVb,oGCTiZGq,zrHKdxQK,zRxhtleT,IZAEqAyJ,63097,19021,5123,23986,71635,5503
tNdZwiPF,NiUgowDg,ZVUDHdlW,XKeEWgZe,onYulAte,YHBoccoO,97109,38705,16258,70750,38101,17977
FVWxvinC,RfvEXLxb,lCvSdfwv,NtUwQYur,SIjnlpAV,VTmWUiFz,99236,68921,15491,15425,33252,6645
KQqbTyvv,LatxOqri,fudvNqHT,jNCWMGsb,TDrorYpN,AjFPhogo,1873,72142,69318,44054,87651,97020
gmgPZuhj,efWkxsuj,JffOgfUp,QzWYBNfK,uZdpGhoV,CgDQyrUS,3482,52935,82183,37378,26839,13764
wrusfBnd,msQZHYpF,ThbjHmlL,hxPlAILv,fJgoekmu,vCbwGuDd,11886,34441,15868,86897,48777,98403
LYXceuUj,mRTzyNYy,aadNEDfD,lKRSEZev,LghDurtC,ZtUUmizi,84726,36074,12474,32588,43548,98149
IiDPvcsp,wvwXSUbl,DRgpffya,AossHvde,gcZYTtLb,ByzOhCyq,1325,20950,85744,44917,86243,33593
HAgsBTnd,tqbcCPwP,vohZZAnX,qFnqMwqF,ShzaghCX,fKvsVJXX,75658,29040,27814,75866,54253,4655
HoEKCdJi,pQJbNyad,PlCMAjRS,txArZxYS,bFuwHuhX,lQGowfTp,48980,47142,81420,13289,24138,84535
CPMQaQMl,JMaZWgaR,CIpmzvai,NaBNSrRe,JGHvkdqS,eHsNkHmy,53277,17354,29691,1131,22907,43545
UnvrbXnJ,WVRCZEtk,gCCKOibO,TUedWoIK,MMgNwEyl,pZTLTqoO,62269,60623,82915,30236,43025,73712
qyByGVte,otNKdbFb,qREvCoNZ,DpjCrSpQ,sFjIYhuZ,rzKqjmId,78635,22813,57635,11152,95522,51184
PGzpelzP,mfDavsHm,BnEkyFEz,TVfqSLoc,lWnvYyWt,ygBbdYJO,27054,73868,16040,42426,12968,92675
CwffRIgN,WaiopktI,PDMviJVg,xzZzijwT,uoqfStin,nxizxBzX,20298,72174,73377,18911,67167,77434
QVCzKPJw,UWQhbVmf,OYgnZsoG,ZdxrRtsI,zEdfzprR,IBOqYMKk,66782,53560,8050,88803,35780,63033
NaLPDWiN,QyjVoClx,oWvpJHgj,gDFXcyzv,yqFTXjhk,ZABkydYU,23580,68051,83298,42079,52872,29709
STvptriT,KvAYYFsr,xKSfVoka,cjUVcBCZ,LKAuJeee,VGcmIzMY,83790,70054,46794,35526,62470,42478
ieTJbyzT,OWaCAbqH,JpYsAeCL,ucnFZSvH,pQEmRFWE,WpHKRmzW,37051,70471,86925,59267,42420,27524
uhAzPaku,VmIjKCkl,SDTcSHjW,RczjRESU,VeVNizZr,bwOJVKIa,60004,65767,64218,1510,46632,91708
Dbexjeii,sdtqMarR,nOrSBeiI,gglnIfel,tNSowamj,JRiikojE,17342,30600,76026,16098,60405,38996
KzZiOJSH,znBEyeaH,fpQxRICH,HGbNWfvq,iDuPUjiH,ZxfvCEtN,86572,41508,37367,82620,6720,33172
NzltrEgM,ULtuaEdX,ddDxhhCz,cKVUPOGI,FDoCyXZs,mxusTRzR,93768,29564,68251,98147,88132,79116
utEhPWib,SsBuFiYk,qUtLTPkq,ClszUEAx,YcYBfZMQ,ecFeKUNc,24080,29783,42400,80822,88326,23844
xRUyhVpp,xRRjSBsl,xZPHLGAQ,KwrvhXHO,ocUawLvx,UjhMGiPC,66093,26350,11753,16210,7635,57785
vzlGevoM,DSQBkMzp,kFFDVKPR,ZaKLGGyO,RnaDgXER,mFbICOBz,50128,50134,3558,43123,76883,35420
IYKweQhk,dnrAGDzc,vAcJWOJW,FHhROpGU,ulndbWNY,OnIaYKnp,54002,82060,47820,28834,26790,91191
duKbkLxU,GBlAxugs,UjjAexLB,QviBqRnv,SuzGzRoZ,BghdMZNw,49379,46670,82207,93986,19393,96770
ryzHsDRL,BndbiNJk,QaTFyGnV,vFivCzyb,VTqMpQum,pbDEijKE,78269,98639,48232,48685,74076,37255
DRAonjfM,hjrpqUUc,AaARzqJf,YkoBVKbT,nEosQtmr,labQULyW,31527,58198,9227,73160,59457,285
GGarniSA,WdSYtGyA,VEAXFQZX,ZzRlHMoL,puOWCkcn,SKqyAbmC,11053,794,60228,48241,13602,97052
NuuhkpkQ,OJwiJZaG,keerzgjK,ANNQNUMv,vkcXZLMg,cWTeagzg,558,20648,24048,29513,67661,42724
XvDOGgRC,pFCpKXQz,jANeZRQO,DEAsAGkh,beNTdtMk,yATjAVhD,67671,39606,10005,74640,61624,79366
rYXDCaXE,UMghIihW,sPLjPmks,uSVrXXBv,JrzgaaNc,orANFUHv,8816,17534,26096,59831,59499,91466
JPUAqDzb,bjNaPiAp,lJiyAFCW,gAsMlYfy,gvuXgFtM,fXsWxScq,71914,17753,54172,34713,59626,54076
ckomWqYg,QlqXfSeV,tHaZOfwu,PHSxtclK,fLzqkwCL,ooMkheGE,3471,34080,98798,77372,8540,3757
SmuWMXSx,eWUnmAzx,WuVSiMnH,pHjPhVJV,CQkeCYWR,vDtIzZpe,68483,63521,7312,9389,73852,1236
PCNrskqP,jUxrvJGS,UncNUjDn,mMHRxXUT,OwHUeUzx,QvCAMYDZ,3264,81223,82819,62811,15429,41484
MnNVDRba,uNOfGVke,eXswBrfc,upkTSzxH,qoSsABfi,yFvlxRPP,73771,88429,69867,52325,91460,45199
gwPIaWkX,TmhBaddE,MIejOZCy,uduOnaoL,wjpqwKLi,RhjjdUfW,28939,10467,6287,50179,30923,30597
KkRqCVYk,nTsOkspq,BQhahUYP,GXqrdjYJ,bGZupFul,kpTlbsMM,31470,31207,92035,1217,37028,36206
SHdpoItV,rbaLQIop,tqFcJkus,ydsSxUTe,akPwmuaW,DfNCAezy,62819,73647,62389,75726,47190,80837
LYvlElNU,XJDUKgCz,zSWgRIdT,fksYScbU,iGmyhFgP,dMHHYCoZ,58776,22349,44346,18166,11198,32329
XhMHJUfG,xAFxabEH,YIqKfYPx,DRksrrOD,iFmJWcpC,sKxUtchI,65614,51585,94757,35321,43480,19693
hceQXlyL,wyUGpCgU,cimtUkYl,JHVGMgjb,ZdSkUNvz,ixaRsjFc,65441,54964,2523,78510,55939,35197
MiHcebVb,BsAIMhQD,PtcNZOzM,ZvpwMFOe,sztQQxDm,ARlcuOMq,84318,93505,71861,4675,80043,99822
etCUOJgA,EsfYuwzY,LJjXEyix,aOwQSXfs,zNXyGFdT,uETgVaEK,86981,91480,28175,59867,87776,12944
XDBhVYTC,DeytdXNL,xhYZPAdF,eWqXtWba,vlmmmoOD,GndQxyge,25792,18869,66638,37625,2191,71496
kOVnnaqJ,hfPaoeCb,VfFcuvgv,CpaEcHBk,sPBlVwcC,SkXUcHjD,78567,12260,54905,43020,75773,17378
TZEOqyAL,ShMuHOMn,FWnDFfzz,tnFPHCQP,gDeGapJF,qRnPkVox,30397,11257,67725,60462,2755,16584
VgRVUolQ,GuEDLTfc,exnReMqp,VsNkPgyV,yXVsqbGQ,noJKyVrm,33,81601,48269,59913,54933,17867
YrYMZYyS,FrbasBrH,jONZHuVk,AbgFLIsU,YiLlhwoF,pTqVSBzA,53291,50239,40179,18149,86601,22699
RxkWeFzj,HYtnbIPA,aYIxNFyb,bmEHNpub,HhekkBII,gTZmgwFy,87515,31282,93993,70347,94336,88482
bMnUPqRs,XAaZKOeN,szKyTCPP,svhJhCwZ,UZHquYdK,nyFVmNXI,19714,70351,60498,27206,77659,7187
wPMUQEIw,wvsLWzju,oypWhmya,afwCvuCu,JVnBuAvG,iPTXCJOM,67353,88213,29205,76006,65951,25830
rhucjLLc,cbpKXEcN,LwuDTnce,nWDsDGIo,ywWhoTEm,iToWAQsM,86972,92856,26747,99009,99331,59797
oSAzwRSG,NqQNpovv,fNlTilqv,KcjuUnCM,dxABXfXv,NKKMgGCS,82450,64765,14218,27532,87954,12017
zVnCqdyO,SwFxJhNK,rfSwwmRG,MMPjtqmU,plRUJgyT,kgNhJGNA,15353,82216,40341,58236,84439,12544
CWWDFrsM,vnVrBfAa,bZSSPEED,tgoPrclK,jJIIZeto,NTMjHMQd,17275,74683,76093,30904,95915,47998
pNgznagU,BxfleDkD,UNTuPbVb,gMPPAYhU,kajyxxqN,tsiUYmaQ,57705,61167,23290,85822,12380,79612
wmNGahtT,njhTypVJ,scnZIGUA,YizXfOOy,FczNdXnv,PZXYMHmF,36269,12526,49407,40055,62564,54982
zQTuYWey,PkLFQsrT,NCojSVSv,ZPcVswUG,CUPwuwoG,JTdJoLhP,64437,85070,71928,70084,1762,57630
mKTZbxEU,rnyZjusZ,oQbEqudf,sSkBacrt,DiwfzViW,boAIjApG,96185,60012,68811,73686,30858,403
ZFqZuyiY,MqHLVmDq,GDZaJLID,kdziOPrv,GIrSJeUM,OWSUmTaD,66465,68108,44556,44053,34152,41153
DfwDlEFv,bcKwExVC,ZLpjekdL,vJgEthzO,MveJGdIz,felMSKer,99846,87740,10476,98844,16415,92729
aZgbOFGm,TJqrWWSm,MwrIyAMT,CQwVEquU,MdbiegTG,rmiEnqWN,236,10852,10238,14961,88322,75937
qgYcoiHF,jclbugKS,YliYAqpO,dHIFBFTY,KGcwQAtI,KyJVcqDH,33111,19050,29631,78418,44933,6039
hmXLHFYU,ZDoCXNAp,ZCSaCEom,IdGzRqTo,QzNoqcVH,DabsPjgr,29268,72763,19296,92621,27661,84785
XwrgpdtI,yYiISaBB,nXOCDUdv,jtOUXUCW,diIwinhW,OlBIhDtN,37207,21446,1883,57340,4882,92136
Oolxxrif,wQZiAeOZ,KZWHMjCR,ehTrVDhD,fynXBaKu,YUdQGXzo,70378,25776,65044,51582,33544,48482
OashCNav,WYxiKdJx,THVDOprc,miyVhyWA,CORxUPHE,xlyCtqrR,53284,12272,65426,6988,4533,99148
jqlpfQFs,siiNVWsd,iXGOsWVX,TubxOkEt,enOKzWEr,HJtYdVvg,46859,4264,12794,27016,42760,64697
qzvuHZOW,YZNhevbI,RONbPLLW,ZsPxZSpH,XacBwSBd,MpoFeQVr,90306,6887,85449,15726,7669,82564
IIvUthRg,urzXiapW,GOqluUhv,lkWGXTmR,egFyhXpo,cabAOJUt,78008,2711,9850,77546,44604,31539
vwAXtnoo,zcBjSghr,tyXsOAUM,lBFHIzLC,fMhnLerN,wALyLYrb,41589,51053,69411,29515,95884,93430
epqkzEBJ,tpnrbNiW,IoRzmFiz,qHnDldSW,FzCJiGpy,kYcsQWpp,93643,61464,30298,41800,65395,53848
ZUGSDths,uUFuOPtZ,oMiehJkX,aZIQLJqD,HlTSGIpE,BXcrdOKX,6783,58242,11903,66175,3888,60468
vrFrDurv,LcCEoyOr,FWgQeDRW,wQvBpyZr,pPgQvGQn,omhOZwww,71152,97375,6946,83956,87787,58791
XcEfOSFb,kZnzdnWU,JfIDyTNm,QOuQgbXq,EQpUZRJm,UwPqmQlS,44080,58695,7173,11407,72444,88568
TAkJPcxM,fBuurwbY,dRrJcdYE,luvzDNlL,NPMWmCox,ilNDcVqz,44823,89940,65080,63501,67344,59161
QhzItsDQ,TmOvvsJI,RkdSYPto,GiWquXfj,tPtjwaAi,oMizXrAR,25974,16651,73639,95761,23119,41794
BCcfWFxi,JtALowde,CVtWvbVm,OAzuyvRD,ZvHbuikK,GDHbgCzZ,27814,67126,4349,38010,48516,4797
vNwinLom,DwDdHQcC,nUaxzQsG,ymQohvLw,bCUsLQNU,pjLBwCzA,62045,79386,98901,17579,251,62795
bSHJyuFt,bhDdpYGb,eHQGYzDI,iyAaqrNF,zQOvdtYX,fPBctmcp,4736,69011,23032,30054,56459,36024
QpdjyXEC,WbgkgKzi,oqayZcpn,loifzEUJ,JLFpBFaP,xCLrfxSF,33033,10869,15738,89038,1106,78753
IflSIGPd,jQrXobiM,WjjGtbuk,hSjLWcAn,cORvNoBG,uPrffsPc,40776,8109,7312,41549,53088,32628
NYsfZLBD,nBDckcLs,PDpQyLKc,MKGMlwDf,CXsVgwsQ,brFEfdxa,28850,60754,23731,87698,19160,9464
FqqIoffW,GxcNXqOH,wHaDmLTE,EgRhqhbd,bkJRDcVT,QrMiiQAx,17576,42162,60524,31473,45492,61414
IgzUVyiC,OafCAqAI,JsKdWgIB,VMBrNYfX,dxxqmbBn,nRMdArTw,45217,96162,19476,45990,93854,50812
RhJCyZil,iyQCDKwq,nIAcJzFg,NmIZvxvR,fOGjXYDy,NHKNlTWk,45476,5903,17298,75721,10135,72525
HAdAjjEA,TShZdoYP,xaqpmrCJ,SsUtLvjY,hgvatsdy,jsHtAPgS,49111,31286,94742,98383,76011,24246
etMhWDbE,WIYcOVOf,dxGLQbFY,NBwwBDba,YYqVbnch,ucEFozPe,55679,73834,21043,78282,8934,5549
dPBeGIcg,BNNqZYNz,mkJMgNxe,KzKbjxDx,FQisdDOd,HbNRdRPn,42719,23539,84023,55976,9946,7788
mwzNCRUc,ecfioCYF,xtbDlevr,feCkVmRa,MYRgsjie,PFJVVlVj,33378,48459,54178,14622,65587,92681
dYbQtktw,nzPNgrQE,DNFLXvZn,fJXZvDQh,dxVBwhlI,VnfTJPgA,54744,3941,28107,32554,99403,56585
RgIdzuyR,oXtyybNc,DGgWVhjI,zIuVCAFf,RPcnSHSx,dJJTCnDH,35526,20402,32763,28565,20624,49878
sGoepxiF,bogdRWhv,PmCJwfhl,LBCAdsmy,LmgesloT,MpwXPWae,19312,32674,38115,51687,16307,27671
JUZucPdq,bRnJmaZE,zRmVqFRo,wQETKlRs,xsfeDTtn,fUglFLxd,66373,16312,93415,33857,87368,41436
gSFQYnUK,xufjJUIG,XetgRqZQ,ukffgjuP,TKGlyypd,yZVOtuCT,55976,97075,62075,95011,86821,40065
JLUvSRGW,MDJKKZTC,rhPPFjoy,MJolQfGl,wLzOPlqy,YhScqSgl,67380,57097,61569,82983,61039,97663
bBnEsJzx,DEeTvAxH,sNREPuxi,pLENWxEW,wZNEJlLE,NhocSMNM,83020,91526,31060,91264,74957,36865
WqvsytFO,yzbFlbdc,TFzsAOeF,RUwrmRQE,tTkkMdmI,VXoHLnBu,71010,65276,23654,76705,19244,25900
lLaIWazy,gaozvZiV,eogbUIty,QczlvRLb,zTvlkQFL,KioqwaGq,44382,82530,45454,54804,77159,89541
UolxDEta,CKghvYel,qlecbveE,mJBTKAga,MGhyTIxs,VPCzxKNI,8046,33330,7303,28089,84232,71982
QAWlOxlp,mtYYlJHi,VnfqCmPj,SJBZnmqZ,AsegJdjC,xnDaBrkk,96782,15487,12633,46798,95415,67132
pJUrvrab,RLGluBox,PpityNTq,lWmtrVPu,QOVyHLbZ,SPDqfefI,92165,68689,2645,90214,80880,66479
nJFFmRbu,fRInCvHT,HsAcxoXc,GnkRZqcS,RNsHwlYO,sATkMjcd,40434,76897,68079,30924,39821,20634
LLAaupTo,vIDroEiz,MTCWmTcB,nUeGTTBD,DDancauw,ToNOpFAE,41196,12103,73245,73889,55362,20050
HrWmXkUZ,caHilcnX,gExIBSMp,WDKGelUj,kXhToXNR,CmVfoTSu,7356,32593,24828,45201,99942,39726
XpAJRzdS,WgzApMbk,sdJzFcKq,WiyuQEqO,gcKgNbRI,AhnozNIL,8534,76708,67075,78861,91467,51090
cTdPPsqK,kiTqCVOl,GgYIUqzq,QvcyfjLa,eqXIKsZZ,rPeJdxvK,29824,81686,93261,56063,78519,51433
KmUGJqUX,vquBfyZH,grhRjyXV,rXhztuiO,VSOwhApF,yjzNIcDd,5340,72769,95184,99431,90667,59768
VZWtFUGA,DxzAbVji,mMLSrrem,UtStOZHH,cGYCTCgB,KCobtUFE,79976,68386,67665,44405,70273,2302
ghgapzJp,eIBKXpFJ,LbUPDIVi,QVJYEtIP,VXOnknXn,lSgJhsHh,23592,65959,51620,11651,18341,4249
QQzNUXDy,BuUJzrAd,NQLiKqVx,YjcSuxSj,AtyuQZYr,KNLiWIOJ,48939,50294,46710,32534,66418,93109
OJEMmwWN,bIyVZMoE,gZpbYgfd,MEhykfNj,cHMlOKTk,gfBqJsDm,64659,72590,45202,47251,41444,84865
tlkLDdkm,tursZXJV,WedBNljQ,hEeiIXJV,FmPFoVUK,zmxSCYec,88449,45984,21649,14213,85684,6947
uKwUvdKM,nSkBODHL,FMwLfzcI,wxCfDnJn,oFmEvFbP,VmkWkwPL,58658,28331,30056,24277,39625,96104
ICZoOeps,bhGPmSjM,jjjyyvVJ,iZvSvQKP,DpVcgoRY,AcwMLtdE,33071,37356,24162,1077,26998,47232
SZmRdlyK,wrsRFAmc,SRAycxVL,lCCqNmjB,znGnhTgk,bcGBdanP,7701,79211,84080,74698,52254,26463
ijfHvURQ,mFzgGKoy,aSYXLuOW,MImcZGbq,ZurmzShl,xSomYQFT,94494,11628,17087,64701,94012,56800
nXyoCSTL,GXtJyvcT,nQYtDUTM,UmADqYlN,PKyVuKQZ,IQPVazyd,25586,22942,2236,32064,68531,65258
oKionIuR,oVsClajD,LXUhsGSG,vSyrSStt,PBfaimlv,ppjEytpR,43694,9166,39740,4035,29374,51878
BMXKkptQ,LMAXfZvV,DrWnoaZF,dvnKgfQU,XtwdrkZD,PbhdxgiY,29997,6778,85770,15326,53760,76755
hWGDozgX,HKFimVOn,jranxyDM,nXBoHsUd,lgowYAxP,HHmkRaNh,40386,35517,78317,77246,21953,97189
LcJDyPGl,ycyekCCM,KcVaSRbD,IvldLsiV,hRIVleAS,FQuxxLqv,92939,23973,68623,1509,46633,94548
rZxGbqXp,ptsipifw,PBwNwkJs,XiUxcDFK,RXHLqdmm,PLIiTRct,67703,72535,76922,20988,91834,20453
JlpAVJcz,Wtcionkf,pGKqZBOB,eLNtNydL,ircNpRQu,HgqQTfHo,5390,12769,10761,69688,14246,56933
igHBuAPR,Irirrtex,JczgxPlp,VAYWZRsD,cpbvTFan,YXEpamft,53051,11169,43693,43730,50105,6271
XOeCUNIP,shDADWMB,HbinjmVV,lSMgJXnZ,fDXKPgoC,dBJuayRc,11830,73206,52803,26668,24438,48220
CHZKRHXG,hUcZidvY,tyDqhQmS,anMkTMWx,iFFCDcjK,fRUAMIGm,88512,42463,65463,48079,10040,37087
wwhpLMBA,MhopqWDa,nZzIKMZN,wvpPouxz,zNmczNuH,FxzgvTVC,85179,37447,29330,9839,51017,50427
ZguGaiUM,XNNCXoRJ,tZbfvfwy,iKMQzlPW,yTijsAGw,ANsCYRqq,97595,62402,30545,94594,49716,47283
ULvYkpGf,OCKqmQQj,VsYyajvb,pRoOBgDM,KaYuqdBL,fevfOKkM,20940,83776,97008,73064,18160,72486
NQpIYNYR,zaPmkhiN,aIBEKCQs,pslIsrCG,KScjSoTZ,pWSzkuZY,89368,3541,12740,28639,4601,69364
CSikGOuF,yHyZpSkj,obecQyfp,tAVaGmbw,wGMZPAwK,DOFvzwjn,98521,40543,4071,58784,80269,30565
nCDpOaiF,dFskZrCo,spCdfqnF,zmpIBycN,oqHSnTOd,ebXOvKCy,57921,74785,68528,5218,47292,30314
qnMhqyCr,mYFzaRJg,FjPLQTBA,wurATozl,MAjmZGwo,mtUVFbKb,69613,95344,68411,60757,60694,75256
gsrbLhhA,UBjONkUg,oMYbCvmQ,araFkLan,MgkEIiPU,IGeoETUo,22006,35593,17518,66080,15669,3506
yqLINKmR,aMmRdjtm,mxnrKDoA,QHJjjGdR,YrIfCcvk,AeVpvHHR,2089,85558,69641,4008,74508,12886
UaXRurim,mQiwpyyE,tmBzkiqZ,CmhlkBcq,qfWdVbTE,gIMURWiI,43672,80719,52782,70221,83228,79020
Ekyvvmxg,AiVThlmy,QletGsnF,cpTJXTFe,OXWOwwlS,rjHpLhgP,37393,94823,75694,19302,93348,89280
bZfFBjux,VjEJLhag,pKmFUYwK,dbrtBCcq,GTpCcGqx,wuGyBLfp,36453,63201,26649,85769,65969,21227
WFOjGfPJ,QftGzHVb,lrtFlRNL,XMCuWKaX,AuUfmSbG,VjvZjfML,74107,48144,2577,18384,91310,10945
gIDkmLaq,rbmMVvfF,GFrfemZA,xqqOJgNV,OvtzUtYZ,vStkzIMr,55909,55334,18090,16346,68168,23942
tulqGFsP,KKdGLSWf,smsSjjNZ,PDkOiTgw,miFfJJEx,bCcSOZQl,27408,70839,64653,40651,59796,4726
riIbblGN,lYCsJbzM,ncdhIIjW,AgIYiuKO,hbhdfxFG,xOaqnUfs,90176,96715,66011,33909,80543,80687
FEJuRkSE,mQfWAHMI,JeRTuLne,CoUnHYDx,JFLliOlf,VfFfzknU,82455,91075,94684,48980,36381,73775
ipCsnAOb,AfBBpsxq,bAPZgvFP,MHHvneWq,dqSDoXEZ,EbaoBuus,51306,92807,73514,34321,59637,20071
UlxWbdmi,VYmHhfTI,wYiqJqxj,iSMsPBTc,ucVTSwxj,lUSKQbGx,15098,30674,57443,51796,32585,80301
cMmzXlXV,QfuMIpUK,BkkQmJyD,bWpjrYfD,VByVFLLc,OWlkelMB,43890,76791,65723,11319,23914,4651
uFWlWaVO,RQpTQXJu,HcCsFArO,YgmNrQDQ,TwdCEVwP,fmLwqbzG,56484,23899,2057,27624,77903,67084
jNbxTCIW,CERsJKmz,gVHSYptJ,wnviHcWl,rJdfQkbf,YOUhDRkx,90586,77593,90991,43410,58346,76578
CulWvpbF,QSZbiXVE,cWmBwFwo,CnTFpUqz,QxTyKGNW,IrtdWULF,60716,99917,50633,79428,59329,98582
LmTVGjRV,iwYzicEC,OkWVcLRY,FqGhmaqz,PFuATMHG,HTCVszHR,30109,38923,5034,67911,43452,82740
fmzEYqXG,jGgIogww,kzrIvYOv,sfmTHJgq,mKvHQzQs,VEvjxjtp,47230,71827,26323,74186,34206,25032
HRlqHqkN,fKDmyfqI,gvOOuBuq,dEZktomV,jcWSfkUh,UfmTHQzI,13476,17166,26044,67789,32267,4439
LSKWfLxj,CWeIrbjM,KzisOhXW,NKAIdMRj,llEdSnOk,deCGxxuQ,89193,49110,34125,7841,184,52320
zwoNucuC,bDDceexw,eCARJciZ,AloSxGKz,QTLPFJwW,xuuRstZl,37613,37603,5602,54741,12850,93426
QPinousF,IJytKGFb,Ixcskrwf,WWtxqtpg,bUijvtoI,bumIUfoa,1830,93343,25054,94332,55613,29499
yZXmGxrz,ibQxlzCj,bGNLGpMO,ObjzGzHQ,PVQowlsv,PRTZdnJg,86682,35540,57223,31004,88772,66214
SIqymuEl,SkLgMgro,ZdWTHnRh,nEoDczSt,ZRBXdAhx,JPJZeJNw,36949,25336,46394,52906,31142,99553
QXBJNvTI,rTCklWvb,bdCpTwRv,UPZHUhpE,LKuWUVKk,HqQbjrhc,34849,4173,70663,60412,15211,4768
tMXaBZNI,riOjcSgm,vbgPVjoO,uSKtAKMV,ODKRhoKj,aSnsfhQV,65658,22404,22384,82789,85559,48832
EpNUfrBr,JdaZcrFr,CuDaNOiW,FYWpqBRs,WKerXEkz,jKzXtknp,73293,97348,40787,14230,52862,87277
cexeCFJD,SzBpqetY,EJyiosYj,IhRNmWjx,bIuDfptB,hLwvnBAx,52775,43836,7862,24695,90256,10439
jmPzPhKN,XoLnxvph,ERXUNcYw,gKtddGkK,tSRrvNIt,FYvsiEgi,56618,57151,39363,40936,84817,74928
JaXvnlDB,PrEwyCzk,zopdmqUZ,TiPBOOWK,jnDgtcsk,BagmaMXX,17262,90885,37784,78278,36491,19515
zVqqkXoL,HlTmxcAl,fnnsAeyi,yOlYtPQh,IwGShOAn,alIjvFaf,53092,60867,86464,52645,32856,28488
msBLssuM,cQvIqcbg,ETFHoVjE,NVHajmMv,PuchsmRA,qtEyHNJg,5488,66748,63628,8096,17918,13904
lNZADrDd,bjiAGqfy,RZGwxDUS,boqOyirV,pdngrxWz,uHeSddgC,82848,43153,37913,23194,81863,85190
QzBWGRtG,dNAgmGCv,ESbEuolU,lMpAPpiy,lkgKRUoq,nKTUyysP,12272,76,4616,93335,35832,98241
FdmQSlRv,deoAySlI,ZSbMpfJH,tGBJuHiL,GNdZDehz,TpIVuVVH,25460,88034,42408,43510,89432,61931
FmZvEjPg,pdpGLAxE,lYDFcFgL,pEcDVoHj,WqydBOCg,FLTUvvtJ,89099,21310,67856,40192,65280,97448
MmwlQVCL,DvruGNgC,cIrnQGzb,BJqqVNDp,aIaUQHfr,FDAnoxaf,74927,38199,16024,60437,43270,4351
ObKazvbk,SCAgCcgi,MKDeQjUU,ROHCBogP,pMrSeDFP,tAYUcApL,8273,13604,77293,78770,61225,55405
tMZucpxD,IMDOxcwu,rMvuNvgd,FnAQLyfG,EaYNLKzS,KkvmgYRP,61881,77378,73736,67198,49745,41733
vYBYHtQd,QjxHcVsA,mwsLunIw,GNmNquop,PLbaxjUA,BEOXDibw,85702,12965,65278,20043,41675,42173
iWVIOwsi,gPgBieJB,SdUOqLzJ,XMLpMaQd,ZIdQeVfZ,hJhLMdnD,92107,99097,73327,52801,80973,54425
aJVvHheS,mwZiQMpe,DnmUARhW,PmnoSigX,HqWOVoBs,HgdapHTx,39813,64274,72071,88561,18229,61537
rojCGzlp,WqDjefrM,LDXtAHSU,snlPOvLJ,ZJvqRdrE,GNNzLhpE,6511,8317,64965,67431,98023,57673
tPEJUqoT,cyUHbSjn,UNpCMhek,vDUBzAzO,TUZLJhJt,WGDxhuQF,7949,82914,98416,54756,74548,67363
BlpFDDPx,sQFXqIZK,qgPEKMPL,EysVnPXR,WgGBBvXL,JJBPjUtM,74542,64112,22564,15865,56656,144
hfIzdIyq,kjtmyYbK,aHPKWDhA,ZHbhzABZ,qQiEuaUS,vGbqjuWU,92833,6133,45758,65274,45841,26795
WtnUUSEL,LymGXCPo,OtcylTdz,KoSCmEFA,ICeDukSc,MgCYiPZj,73975,81525,58649,17467,91087,44242
DatMgped,UmZlGjYW,OQoOiwjh,QsDbGNYy,bPSvbaQI,aAWGxjfC,24144,72866,3943,81272,50079,62167
qFfMqzJE,TMehYdEx,EIzBjydh,HkaFwQBB,bCEcZfPA,xLOojUJc,54559,54358,28040,29130,3845,948
hcHcIQVR,SlJUHnXR,SpGDkijg,rXiuhkcz,RwfwAoqi,PukrGPgY,10845,14318,39281,41242,2669,1078
IabklLVT,jPKOPubz,RzDJVZbB,mFfwEVpA,aerGtsNQ,arAiTEaN,96486,26002,28688,24262,83515,26571
mtcoaoEV,UpVILvmP,ZnXbKAoV,nRbWEIsq,wYkUBCrC,pvybvOBo,32376,76036,52567,38089,86057,7896
LpRmkCXa,PwliDKsH,RejsEaUh,uTtafsKW,YkzGiBWG,hwdlpblm,46277,61811,82945,21944,24366,43046
ASGRfBRJ,JZvmgKSQ,CfDrhKcx,IYSUaQEb,xYcFSnKc,xTDaRuKA,93497,5651,23288,69375,42053,51440
dPgLWujb,PCyUoLqZ,xkzKsBaC,JZXbCjLR,jLRTdMeq,SlCAGxzL,35949,31874,4381,63494,49348,79489
CdILheHe,fuWbmKxq,hoLhRTlC,gFrmkLUM,XMLnZAUS,lNMNiQmc,81646,50784,11655,97327,96765,95833
lKtjBsuX,JXPZRbRw,wdmJkwiH,TrPIBDMJ,cWkwCqhb,IqTHYWvE,63809,4340,62204,7409,42401,50593
RyYmzCqT,uJSbZvdh,TAbgodUU,hrFsHhEx,jzxRuyHD,azusecuD,90958,97674,97561,11799,86382,8047
hfMwbAzy,WxtmGTvm,zHYVyiJa,tZnLLZbj,KljDSiJc,QRAiqlaK,67430,48617,80979,74988,32857,53801
aUDtuzra,lczvsaIS,DdbybHSe,zOrwFBro,HiTafDge,jBNhSAop,53305,26417,93925,68623,52580,77157
UdOlZkYN,eULwpBqc,LeNIrRuY,KUokKAiz,vXbpWNup,uNfwAhpk,48708,71471,60861,250,39680,7730
BLLkowqV,TIGHjmKR,lwGRHOPB,KQQwIDEg,pUWEXXkQ,oQMwmgpF,32495,66851,90803,1601,17867,33913
REczIgMl,uviViCEb,cLYldNAE,sXNSjoin,ZpDQKoVm,DaFzVbcH,53397,90454,82541,76899,37752,70695
DIBquwTr,NfjqbQJx,BMaXPuZs,edxQJHzT,jrfaPFiq,SbunHdBo,66855,14440,94590,55725,68085,87216
zfXqLDED,EiYZiWWN,EwjnEVdh,KcBcKMKG,bnXgSUXA,LnlXiiNH,56283,6868,3059,55804,70184,88732
mxekjtQn,mgmsQdAC,lSUeSlTf,jZuakZFj,FntiMMRf,jXChUxgC,70377,1296,77959,4515,29999,37429
EjMrCysI,gpyMtcGm,PNZgndWw,QTHbZcSN,oFgzsNMS,WMHMFwnA,1618,55420,20505,94319,61819,30525
PhLcKzIX,qunmJIck,JxJInGbY,GzFpTEGo,nVniZllf,BFhvckBE,17005,4024,76233,17270,59938,80338
QoYwtaBT,NCHEaSAN,SaQHehjO,HeuroCHO,wWRunxQh,fUWWxjFD,90764,65163,58654,45974,49239,56440
FxNNJuoF,MDNNmVHJ,dDYrtqhg,xlnDSaBJ,piJpgiud,BzxHpmuA,3891,84174,30232,49685,71210,92301
EsYAoMss,jyzDIEZT,EDImnmco,QBApWlbr,dhrLzzMm,eJRqIsav,97022,52816,93069,9883,63387,48894
vBSMFNFD,nYTAWGmk,teRIiNGE,rZQUZkNA,vZYchfHp,YqJJupRA,38672,91867,5838,62692,11993,91887
AVtHzqiz,IqjxADFU,kElHilvx,ypOHXgOG,hSOwKpxx,oKOcRDTE,8907,2682,37323,50703,39718,82343
xWvnEmyr,UnDCIioa,EbAPjvWh,hxjCpZBV,rNuocHWK,BpueAnwa,67154,22431,27118,13158,45169,2568
WyzleyUd,GdmTRNXD,wvxFeCAv,SgRrJItz,MBYdfaLM,hUyyNuSj,83079,55774,61622,23889,81040,12670
YzYAyjyQ,PcSxOMFv,vRZSnSKk,THYAfnoH,wMdMvcDi,oxqKbKJF,30807,90023,21594,97958,80034,53160
sYGjvhmh,cjoZScbz,QpelwTAb,UCZtlQRx,eBaqarTp,KjUpoMJo,11060,39065,86237,23896,94159,36183
yqSvwMNE,sUEJmBYa,IfBQhJpY,uXBNNbfY,GwtcvnpC,pbCqCWOR,71836,89124,6964,95833,50665,96334
KQRjMviF,SHKoxCGQ,gjImynlm,NSOPsFrE,SoAYnsyM,TgbhofDq,14604,9023,22390,40490,91566,27419
AAjatMKz,PfdFQDRt,hXQoWDwN,zMrqthCT,faPvuYXR,IlNADiFM,90969,27426,61907,7016,75168,44835
dSsCYFng,AGwhbzfM,MNxJMnGM,bakKpuhx,TJzQYaBZ,neXGfBJc,76026,43338,89603,52057,72247,14231
bRyfHUAS,OSsGdwlz,idcloTnt,BGLMezzM,yULeQOUH,KSppUpzI,2019,74099,15666,99620,42515,7572
ONSpRksv,LryFymRO,pBVWsbnm,zQgxGTfw,ifXNdAgQ,SqxBGVEc,82641,78336,95408,46420,67050,12791
mleniwOQ,rsNUhQjf,ZjUVsgLW,WqwQlrlb,QHgNvRpt,XqgcqloH,31407,94675,84622,78170,18776,55856
XsTscGVL,UNULEYqR,frFzzLNU,jsbrBXrm,iMyvVted,KvtppcHu,46185,23800,14734,55059,11515,56073
RucdJZgC,WpkljOgy,MeRqqMmD,lfiBDlcq,nhCPfvHP,EMOeurXk,83236,89634,99273,76312,76675,34421
iqNsUirH,IvMvmFER,aNPEFvgN,GVGatAvs,FAomsVce,bVJnlIyP,48280,85374,19141,11157,43951,83871
YSgumMBM,nfnJSjze,ZxqiduLl,yKtRaqar,QIMZzzko,MztFIUPj,40825,64301,22737,89316,20501,47152
pFxBpnFL,WkrhYAng,iATcnZYp,HxPsFwiw,RrOurItO,SIosAevF,66343,63173,81986,67202,93568,19579
XFLQYUkH,enPiqZDK,QVKIVkzh,RzUxVCMY,hJkqiEUG,MMRiZZWg,37701,34758,10439,29795,76775,24150
kgkhthDT,jYUriIcR,XMYGUuVg,zEXugwiC,xlYuLuWp,MANBuwhe,90921,82617,12657,49670,26639,15903
eCCFgJLx,IPSkiEum,kmKZUdqS,gEhYVMTT,mZLOxZmA,mQqmzUvh,69749,27511,46214,49093,42900,69995
Luhsrcio,hDSRmSkM,whTuHZOB,eMPMxMAG,NzwNZSIv,DFNPtVOm,93667,59885,1624,51250,47572,39
amparIEG,UtZzyhgx,bxHfgqYg,oUkYycJb,VWPpJOsA,GoajkUQZ,87917,68008,45703,39160,579,23946
IEuOTCIp,xktNefjo,smOLPVBe,ksenLjiB,dgKJTvcc,THwrWnEP,3789,69684,79491,95379,72395,28787
gcqaekkY,fIMpGHqv,DXFDzhmW,gSMnulNs,uGddCfHi,hlYnyZee,19024,45909,23608,86271,32481,17668
nmraCuKg,LqamruPj,EQKZXYeU,YgcmhRky,QjQUcZsi,vQRRHuim,78449,75967,24933,58062,23676,26877
bJrcHOqO,RfPdyTPQ,aIVUfLBE,bDLnQvQE,BqWILJHK,CDqjVVFt,1421,69276,51637,23075,95553,23546
yRNtrdyB,fKKRPuhZ,RANMFqUC,kCBQojka,UaMcsTqx,bzPnxylC,75567,85980,57793,36986,17467,85055
BhHLFItf,WWFgKBLY,wvoCiEZM,aqagfaYr,FZqIZqCo,NYlWFiZY,4303,17301,37246,65150,95502,52054
IPbNbMaE,xzMOZMHs,JGHWQLiU,lEwCFJQP,QtwpRLrZ,fstbkMga,98822,65211,750,74782,67876,10872
fMPMiDbj,SJuYElpU,loFliyeE,DgqQyEso,HvxGnSIu,KHhksbto,69017,72094,68381,93826,34900,18833
RFWBaIZS,GklAvXKr,tKxjzwtu,hLVdnUqi,FhOdsAtn,rUaIjqsD,95213,23794,23583,11601,45709,5857
gsKSKrYi,wWvPyevn,NzahhnFk,fyAoUdDu,kYYIFiak,TWobQUKT,85332,23597,39500,968,25473,78556
tYsRyYwq,wolyHfqK,ifVVLiUa,yGiyMbOp,rLFXJsuJ,YfjVzdHk,82858,46479,76203,12365,97783,43116
BkLbWNYt,GQteMNXP,LKYysOLs,suhLFSJp,RfLjSouF,wZhNcBCi,52943,75404,73622,67047,40656,61513
pMgvYSLq,WtzQEIJg,RYhlhnho,EZmUXovj,oFvlygoB,rHDSsnIQ,42868,39887,17449,1525,41143,46903
pKVPctec,AWpNXmcB,XqCyyqiF,NUgzQlOE,mSVkUJjy,qcRVyeqo,71763,75590,29757,20244,40458,34427
nGqKnDbS,RmNmhcFX,XQQpdFXr,gbheaQRC,IOOERyQF,ZubZowDm,43206,35303,86285,14338,23108,39090
wUdrqIyg,iBDtUjYf,FrAPIIVK,btmJxBGn,zxYHOxsL,yzyHxRAY,51716,83657,85617,78589,18329,14315
IgKHGYhC,apDTnCGR,ioKXjSjB,ExytMAhp,tCiYvyvW,CscYTLYX,46154,43540,36882,63825,41730,4581
xTfpPJGY,mRFHLOom,qgbYfPux,IIDjAThc,FEQZzCLg,kcAbVtoM,28055,41047,56389,58497,43298,93861
VQNWcgQE,ESmjiVKd,LvECQTZM,EkYPBzuv,bGPpAnKF,aZKJngbE,56196,98527,78864,98548,22556,59775
aKPmlUEA,yOpMMuWp,zzRWyizO,qnlaJlOW,RZRWaOob,cEtEwGOc,64654,13700,84437,55348,21620,15858
vXNGmDts,bMmYjkcR,FwbVHOvL,OYbfymHQ,qArceeiO,ZnNbCkmZ,18245,20574,7309,77779,97021,2700
AHFsHjov,pPSzVpsV,RGEhhOke,PCjyzTQP,ZDAjSzqa,rIDMQOAv,61343,74910,34060,24128,53309,28163
QHHNVFst,tCKSksvr,JOikwcnE,hfQEpiqS,eHgOGpSK,pEiTBWmH,97548,99064,52620,76042,73337,30706
gjgVcIGP,rDUVtCzq,xkAxRNAM,EMCXdzKt,ULdceTta,abiplgSv,18944,31132,91735,41397,29808,11872
FXplOcfL,QZOmGOTI,prHlQPPX,aMkdkoim,mQvZOFMf,OZSYFskG,91581,57606,74771,86824,68955,98176
eOGtRRav,dasMLweC,wBgrURrX,TFVrnSze,LMEDLNpa,EAYOrMHo,18409,71956,85245,63945,68956,5255
XlVxabVy,itwAEvca,JLSgcszu,NghSNALP,LZKmTjAp,CahyVYzA,49261,20153,63293,47185,51097,89851
MejLCcBS,qcKJNjxE,bcbPkDzZ,OsLmTkNB,mZbDnokJ,OSglKYZy,37384,91276,61474,88388,61236,65437
mzyVUoIW,mdpKodiQ,TieHXltX,rOSVSrrd,HbWgVqBm,VKAJzxWA,70976,62560,92169,52599,28804,93100
ZnQAXGUL,qpISkgIt,xhCHbqyK,uPvesEEu,JAOiyYow,PupXmbnh,51679,90732,12279,98094,77408,57407
HKbDBFzN,iLIQfsMS,RspIMjLF,jjoCzaBD,GNZylIQZ,NWfIFAyE,65218,83850,40840,27697,57649,55248
DYbuTbgi,Dzowwtwf,JGrScheW,vAskBBED,EUAHXtWG,tJFaaznz,89854,53281,42701,6927,86781,49163
IifebQZP,EFIdDgNX,TOPhDqRA,OYuaxwWs,MkWvYXab,fQePVfKb,1161,5629,75706,22298,26545,59195
wyZhKeir,xgiOYuwr,kbTscLAH,TNhtfKek,cRcNalcp,OPHKeBWX,26406,23682,9632,61033,81326,22923
MJIMjhLt,XImpBqKM,FrOxVTcY,OjMllTrB,HfiRKjdE,OjuFWQwi,64133,26374,85113,97630,22654,61643
wNuYYwXT,nGlVqeSr,vAoiaYUR,cYFzypAg,EYcpmQuA,dZFakrcx,74815,28795,28734,78992,71449,84035
jdFJagqH,pIdoVuXX,lfDCkMkv,rMqHWNcT,TSHgRHZz,yeGaPwZm,42145,80432,58806,5670,3782,54929
qxEBybEH,COgKcSJq,mWgGobao,gRtLtKHK,prwuLhXV,nWtuPnFy,89008,36417,42317,68467,52293,96283
NsFbyzDx,UQhdjsTc,xvGaLbPq,RmxNFzHx,poxRyGKU,EXBUCjTD,54172,28232,80947,26453,14247,68231
JrzcWTmU,vfwPiZgU,GtkQadJg,tMOwrvtM,odaZkpEM,YjToTUlv,3799,40783,99349,276,54449,85920
cRPVByoS,zxjhbeTX,AyWdLrRY,KyyWLWUm,DygZjEdr,fWBeQZYZ,10857,96010,62604,55872,40329,71697
pJvrQOPs,SvVVYtvz,rGkWDfqI,oJfiUjlZ,BPzosRUj,jQfANZwm,26369,99774,89095,1462,64809,18197
FIYxBOQx,BjoAvciV,FYlYhBJp,cnRuuxSu,PmkMsVwl,RISjZmYU,62620,1,62590,64662,157,2108
whXdfnLT,uaxhYvZz,InJDcSvM,cfSyYdVk,POPiNmkS,QoeCjvgb,2296,93881,91974,91422,10203,12392
ZRmKkawY,fzmXLUZC,WZOvZuIl,oQNAMUwl,vMXPenFJ,iQtZUnhM,6611,73219,19004,98242,66102,86272
yHQgYasg,fuvaUkhL,cvEeMRVO,wlBQLOwA,dSEtdNNg,qtThwrrN,59052,99203,22458,49859,12262,8113
nxxZNGql,kAzIvwPY,zZzibWxz,WnovxQCM,pVpzAegC,LSQKSrHf,47181,22490,41136,34515,63736,94772
sUhqTKXx,PceFxEHa,GcayLRoi,jQAIJXRV,sMCGmrGG,tlQUXicr,99140,90626,22167,20359,14616,49877
YfLRuwtj,EIAEThde,YhDCgWJb,yPkaIKrX,BuQsrAqc,RxEyeSwn,98745,12642,72288,81295,30661,5910
GSsNkWvG,CiBDzGNm,dVUlwDsO,kJTNefVu,ppisHwcl,hTegStzA,48574,88271,47355,20254,10251,90317
yitIOpYs,osFiznBv,EBpQenfN,LMmKbANh,PgnzQEtl,RcXiwMBZ,9847,19948,95690,16545,45817,36698
ikzWDhFL,zoxddDpD,dujhenwN,MZYONtdP,MkKToMLG,HePumvTj,94778,15735,26992,81108,59114,25334
aeJJjaKy,cofytBWr,eMRkgInf,NwhfeSyE,YnMhtAnO,SPhZJwev,9740,11069,72432,23362,54984,31345
eomCBeSp,tDuBYMBZ,bEiZJCjT,fhWSicDc,qCaOALYH,GOzCAsjR,35046,81368,42340,79075,10998,83115
YLdlsQtW,dWBtVqXG,oLuFcYAy,pXuqNZtG,KqNlPQnW,YWsSmeQB,56387,72427,73683,97293,60377,8762
kIbFlDxc,rgUQXIfG,fIDJdcFi,ieUPWDrf,CwTxiFLA,VlyUaOYc,53940,33388,59661,86623,76797,85953
VAubvQDu,DsPxNazu,lsMRVmEx,OIyTywrC,qeZECUcG,bRFJgXwV,61805,85495,1779,81207,93871,37582
PcMgxPsN,PwaDitrz,vBlfdOIt,GYsVGnJM,gnKjvrdW,AJSJQVmN,8828,23573,15365,22559,96857,23702
LwxdfKvu,tthoNOqu,uHBVMjLo,pNcxUwPD,xHuPVJQX,cpFchKmS,54499,92405,61369,1068,61060,28584
FVUGAuUR,RGJwhxmu,EmGUijel,GKOyBWLN,TJPgiAnW,LLoIhlZg,78515,31703,39721,74560,12623,21340
zWhMGWog,qUWTEsQB,ROOymDso,whzhMirD,vCpjfhch,YYpDOVHL,49666,13207,87906,68571,85900,69288
kQkjRiKg,arxZLefE,ANgULBpj,BOsQaXoa,KjyfwIKA,RmPODjxG,50536,19703,66360,82841,33395,84273
uiBBeQWI,sicIholi,CXtChPqr,yZdVCqgo,GLXqTqTX,enuioTWE,57526,63818,54196,13338,78183,76748
DvJXceUz,IoFmWPTc,VPdCbtqG,yIYASbuA,bSakfywu,afHspwyC,60026,45556,29266,67950,80034,64909
aaVEjWfY,VBbgyUSA,pfJHjtyu,fYEhGDxE,CTfdWDrU,VQHluQlt,60829,33487,75899,85828,91043,49891
oUQefpfL,GDcTvFDt,OHEyToVR,orhrITKI,ZrYCDbYf,YvkzrkbA,44997,84840,61592,17208,67107,27630
HrxwfunP,vaRntjTR,akEUPdgo,RXYVJxpu,ijXLXNkR,bDrBuBLi,61583,1567,66939,16828,84339,43123
TNwUnVuv,aLVGoKCd,TqkMECvN,vQCuNnOl,WAMqDFmu,JHGSjlBJ,36860,2683,8871,80251,7186,54048
qYHRxasR,fkOhELjc,cmwdmdFp,ZtnHHlxp,AQmWRYsC,nlacLaNh,47927,54329,70647,21156,63155,45464
LHHXytWW,hYWdEYKJ,mKkuxgyZ,EMvVrKuz,GVyltohb,XiULfLQe,30088,3691,18861,46948,92243,55208
HyLbFdIl,bIAkCPRM,VrhtFpkg,RCGPYRrM,ofsidIbn,vCnFbFiP,51072,13559,6041,96181,92076,66992
cJsOVnhY,lzdmzaUh,LswIRMsL,ZoeWzuGk,pbyLmzlN,ogtECgtI,66025,57065,25600,51708,44523,38040
LgSktSGn,KCnJfDVO,PwtoHLHt,OrxOlrrd,HBqZfSmO,EoXozffP,66753,7426,73250,69018,98436,87661
wJGXrHYj,rxOLRQco,RLobLmTd,YNiiLPxQ,zlGLqeFE,iinOsakd,45233,97426,39117,42152,84224,7237
KLcsEDan,AIWIdnmc,JKPgeQfl,AnHFceHx,cXAoLebw,odgLkNlk,83179,99860,86526,89893,67481,17663
FRcLLkrF,EXuSNUcQ,UvtZpgzr,JLunvpiM,UTkgcSHo,ZKVrIOUM,22698,5122,56990,97011,56035,53864
SocDrvbJ,vMoRxBwD,IELaCezH,teCXlzaT,YyqWYrrP,bWhgeUlj,46512,12222,2442,86914,45982,56028
vSsrePgm,ySqYXhUg,UaaLIfvj,MHwgnoaQ,wopYEVNB,WFkjsUol,21359,58793,4167,55864,62441,29440
HAjaUqzr,jOGPkjBj,tVPZdsnd,gDkJusMU,gtrZHggx,OZedupRT,7844,8530,31313,88027,70331,34610
vbNapNEt,xiYZxAQt,rveDSBni,mWqAkZFL,qFBBqLXo,yZjGIrBu,49046,93029,80763,91041,53826,36468
LKUaaaex,JWgadDgj,sCjCmbLw,UupGRWQE,NubVJwER,xEbpAuHv,68940,91745,89163,12702,47570,48129
njfKtLoO,sXuovLVa,HCIYayGl,xHeIQBGC,LgjtzHkY,lQbodQFb,43463,28629,41185,77418,33411,15083
GfQVPdyR,CmcTGZTE,QtXsmxEn,WlLHGokE,TbfNvBdg,AdnfgwrM,56759,17034,34763,81226,6179,15756
apeBhIZr,qjmwITXW,fUlhaooQ,zTzJtvGP,KrnMPrbZ,WAuvXKPU,24683,95490,75218,61127,45395,20698
TrIqEakJ,TGuicdYF,kiClmrAP,WKwWrONk,qFFRUeXp,yoYrvURN,2255,72911,44146,67719,20307,5886
mEFQJZnd,ECfJeSVs,iWKuhwif,addCdkds,lHFIseLe,UeZtsbji,42117,11462,5813,94261,98513,13860
VvFmLarX,FJCSvkid,lvNrsOsD,RLZjxzwf,gwOXBmOz,ddEVrvsB,81856,97726,50962,83020,56172,18334
AzQlWUjJ,AEntfEeB,zODQzNij,fPsKuyaP,EYfSpUFu,gFWrQEad,63717,15432,89760,28181,38950,55471
FLEBipNE,UxvbXSxM,CzlkuFef,XIzsURWQ,uJHlbAwZ,SvawdSTE,17671,88967,77175,87284,64449,40777
afKDyDRx,VARzIqFQ,EftMBXsh,yqGRFwPE,OXmHPjBq,vINAsYVF,11811,5823,13985,40390,19910,1638
WyCvufWe,HcZOaFfg,xwsgZbMm,ZTTdEWkW,xTkJWYOc,qeNXMcmF,32612,80374,94043,97965,70203,78060
BcgTPzYU,VHaGVepQ,VkUxMsFO,hXAzoWdS,vZILDbXQ,qPzlYArG,52034,56187,81824,43665,81,29638
PMPorRIq,rmarOdhr,WXKsJsTh,XmkEbSYO,akxmcuQJ,PeMKKGwa,94921,16210,30609,21737,6751,42537
sWQCaxCr,DDNPHRxo,zFjIPSmJ,fqqEkHeU,CaXTDWHi,OpirknGf,4606,14831,44694,45324,46542,56522
eUAiLVjn,pVbSJoKN,YVAQsAeH,MyOarefa,YxdazplG,auVwewTD,1154,24018,17336,44290,25403,57074
hHAUDhAr,SsAIYVHy,MWVdvTmx,EqFZfeOu,mRZhpXoz,iEXsMpxv,38221,79079,35329,49000,38824,18952
cOZpYdtF,dyELhOha,OuvJvnqu,ZBHqEbhl,ognRafef,UYZjNDNs,59887,20061,18630,58241,74509,53864
xZCqaBCf,UirkDOEN,oyWyxQoV,nOIOHQVz,smPOkDZi,vBNpUhfY,32169,79478,98631,74678,36117,96261
CkjnCXOS,yHXzLdDt,tsgvJWrD,XoOlhvsO,jfqmoBrW,pbjawOAw,29760,8884,29413,97324,81416,52155
SiTYRjGw,ZIwBTwOX,eCbNdLnn,KZenaggl,IiTZmbhv,NSQRSDgl,534,97175,65482,76362,88471,59612
IHbgJvSy,SDIPAuWy,jMMuXIJT,GvmwTpbi,piSNVKAm,nxtlkUMW,73663,69006,40826,32738,41464,54600
PhvTkXBH,DDjUAWLK,emcPcIRo,MVvSrqLp,DLPRpMiT,NIvOuEaZ,16981,15433,62607,80059,79691,4136
pKkDoAMj,wpxrWqfx,NfSzUsqu,ijxsvaMC,jLDgJlbq,ZmSrKIVo,10316,45910,32265,73748,65648,23264
rbXkPTdu,lsOwICNw,hXjIhfWc,tXKsUBFg,FlorfFkb,tigdsFYg,87103,23320,23270,39828,14645,66484
TIOIGLje,lQIWpFpZ,SAeainCD,JHPKNqTq,HosRpwPh,gSATkaSF,58434,98549,34255,76892,91753,47561
wfMehtAI,zrVBUYvp,NrBwipPB,WwxVMifG,IoPSAomK,agDSUsvm,51565,60528,50525,19311,62487,89326
aziUcuWJ,xOmcFfaw,JcLMosdx,dJOsceNb,fQADsTaX,PkrIJXYd,17778,72325,22638,39075,49558,26783
MLIfmlnZ,pGeQnpUr,ArONJqmd,vugMALvY,WWPykWQd,QHfslWrx,84498,77333,3605,49562,12696,69693
gEyNeBIF,UIbXixHT,ndIoEPKF,ZooGZUxR,QkmSEcBU,vNfQgpeM,46033,42089,53386,41875,58213,94790
lJEdODNP,LxZUJVtz,LcOmpsPn,kaTmHnIg,xSTrIMSA,ZXucTQCz,20505,92270,86261,37194,96198,76694
FBQYluAQ,lXPlUslx,YIewCIbG,JKAKCnxT,dmnsutSG,SgwjdNWn,27851,55570,90249,22971,53336,74132
EsecjBct,ZxOphWyp,leBqUgHw,yNwGEESv,zJtomhqc,QEpYGlOH,9112,4781,19740,75846,43391,92676
LDfTJgYI,KXFriuMN,DKsUfZeX,DxHRBGBU,BruaxJnw,FgePzTCF,85686,60902,91870,47006,24645,95174
iIgnPetL,sMkgIlzt,WHtUZkAQ,zQWAYLOA,oTSzRUpf,HTsWlpZY,66045,93613,68676,39214,39995,7352
vgeoVbXW,tmQZIKrS,raLwHvvN,XwyrdlgG,XhchQHRE,PBkpSDLj,86770,99984,38851,91196,8940,24864
IWAWUzrp,GYqfgmJJ,OQqyQWVY,ayjdIkyG,AZgqzceZ,ryNBJNfY,41592,99505,95170,72667,91886,27766
YASxmsoD,iSsDUVWK,iqenBaRu,DvlFomqA,trnyYibm,ecEKGOkA,22143,52764,45436,32552,13717,57769
RnqCrUXo,SBnmMjLG,ACQvswCk,hQqcifvO,CDwIOaCH,tMLMwwUP,49219,24432,78103,42427,4551,56591
vueXNVfx,pQoEbbFF,JWndjoVn,ijuqJZFg,ulKotMhg,EBOydgar,62949,54283,22811,68432,59822,73739
yDxiQPHZ,anyRMnmf,cfUGAfCF,ugLyXlCe,PKMLVyZO,bCYdwchf,31681,69562,56564,4705,41522,2173
lTqhWaJu,VoLuMlhn,SEiqTXBS,BGJrBRsJ,TDnJaFlH,kYLZboRc,96509,59858,41145,50753,94941,17431
iNswVzBR,WsFWQcyC,nvEBPhey,SxxZSIAD,rjYaxSif,OjadWXuT,13111,63682,16688,1832,98345,51739
GQSFmaKU,LBwGbWJM,hzkhvjDM,xjPWqhlQ,qANhijDk,iWtUBsuZ,12046,67210,23755,12820,61913,52805
loXlWggO,fxgwotvX,CjaNQvBw,hjoqIMWS,gsEVtail,wKnikYoU,64199,13165,61503,55875,26164,93680
eIfSaaeK,gJDNGjvI,EFgYyunZ,YQsNNCpl,ayUJosYn,GwkBGNIp,65996,87655,28071,756,90571,23126
CZHGKaYz,newjqaaj,pXaAsWVy,zNKhShxm,QgPEfyaO,KLFQFTOj,42918,36956,52147,62577,62833,78460
aFzMouxT,hxpzBuck,trxvnfHi,eiyArOgr,RKfNnvYF,KWKTfuVA,39224,11687,45353,51518,61135,48703
TvmiiQXf,uXJvnlab,bQAvGPMD,ACrfhysK,fTFuSnwh,miGAqvmP,46667,252,39977,98695,36153,66411
cjwAYbSd,gjFoPAQw,SXbVWDDl,LuXhNVxt,iEVUwALI,bkkxfnIf,33091,49117,65674,23108,10222,18043
jUqVRcHA,yfNMtCby,WSobjOgj,zmGfgOuh,knWIDSTj,fqBtYkEP,8766,21543,61565,16466,24676,96059
KTzlqoma,YqatsJVc,LMlTDmkv,HMIygaua,AFaLoUzc,LyYjCipf,28295,17330,80208,76684,90084,48481
bcaqHchm,cNyZgzVw,HmnjNVlM,kkCHcsYY,ArOxOrPv,RQZUpKbt,90517,39965,31682,41986,5155,35065
oKLjYbDo,eVySSbsk,CgVTDVst,gqGlmVVZ,ycqmtgbF,mOgbBsuV,30908,10977,25954,45540,19721,81611
pklacHHE,twNRHuCM,CXtgcPkq,YCVykbmT,PULjOhwf,lSlvKNBY,44855,32363,83491,90003,72018,62788
KvVKBQMe,XDJCKGcf,lJMmAfkI,RNKqKdfg,QPYSoXXL,OxPFzWja,79561,60280,65586,35452,16022,35990
vDEAKnUo,HqkYsJWi,VZjUYQtR,qucqPWQC,kOnSDtPJ,xrQkkeeC,51074,99384,68496,34557,44924,10317
ntbLWhoD,jaJKMXPt,vbNlGayq,vnXvqMdh,XTxvMshh,RFkTYKxq,18433,76534,24396,3332,52496,16042
qRbLlkze,uQMhiWWa,AznjFGEV,HdCMKeSZ,YtryEroM,CEPYyFAH,95250,96990,9938,12728,21374,21255
jzRAdkDK,MVKxzAIF,koatJBOq,RyutNQLX,PSqqFUeB,pvyJrOga,79818,66636,95560,57703,13567,91878
xmLDfafX,yFBXrUHj,JjRPRQux,xkRmydwg,MiyVhSod,oiMpDGru,73562,86218,54632,96927,14121,56229
OyDykRwA,CyndEMMq,LSrXtmSY,XifPHaQC,BynIeqws,QuxFJHrn,13780,79866,90760,67284,72497,11035
HNFAGeHM,YgJhvZTN,cvMnwQvc,yWpLpJhg,ulgnAZjl,ZYbApiil,83522,58474,70773,6776,97680,44996
hsNRQBQk,CKNszCgn,oHIrGmpI,YQmBxcju,GotCJCXI,rYRyTEYT,42704,50517,61915,52131,22187,49619
yJAOMKcv,iFAbSeQC,amjeFPWO,oOdAUADj,iKENUWsv,DhLJehgb,66211,7294,40852,96214,68188,67928
MJQDhWlU,tsQHwhGI,PlwYTEHW,FbKpPpBQ,IkDfFoLG,cDTsLfLL,53015,33124,98240,74740,72778,31396
IuUucyHM,YZbQimeu,IhqdCQvv,IdevpJtT,gtGyeEbT,roeiAKbf,7205,37147,6827,78961,87371,46901
njlOfxlI,vcfljfRp,QkleMqRR,kdVmPtgd,MdsAFjpx,LSoMFdOf,31545,39844,21020,18210,50449,74908
JmdeJsbt,lhJzpzVN,ejTviOZo,DilusRUx,bkQqqOAF,rUIRwvpM,19768,14568,72225,54844,19731,83360
CgRivKUc,yugIbHAQ,byammLTS,zaWIKMEy,nylShKck,TsZPhyIV,30126,88309,87238,35089,94017,40254
rpWVgKZP,iVFWSMiE,uJCvjtXU,yPbYdhby,cZDVfRXk,gxKjiYhB,61764,62925,78814,58645,19407,12607
eSpxukfD,EGcKssFd,QfXHxtSO,hgUqhKYF,kKnjzztC,cLeyncxJ,24811,95956,70012,96377,13941,96208
VmiGgvYf,NgmfamVZ,KCqBADFR,dGJwmazX,vGRjdHZr,wmfpVPeR,30022,78381,53736,84950,6851,29869
XDJfkbSE,WJvgyBTp,usGvLCJT,KltRBOOv,ouVpaiRF,OACGoJJH,91216,18334,50782,5510,79365,35672
QZvbJwgg,YRQuenjJ,bAKigiYP,pufCiDgO,HmwqJzPH,uypdGarZ,65083,58,5722,32227,93564,75942
EEgUFCRj,zucCWTbf,kARiblZD,xsHDQQyQ,lJiyNNfS,EGykDAmH,98980,61425,26932,12691,1741,57478
DvQMcHwM,UUwGUXuw,yopSySge,HiEbkABJ,oWexQPYh,BknsKnAs,63457,75744,38997,13214,12354,84608
TYDqtXGF,RXdBfcjs,PGbaDbys,sfWKSfQp,EOfhXMvB,mxlrHqCb,16915,74707,13626,72268,17228,60617
UKceyTNy,oESkEdeQ,AzYDtwCx,FWOXxiuX,cIKiKTCZ,AXEULMwi,64842,65641,28707,66964,85421,34220
VhvxKXCW,uTdUQwDE,AHwicvrP,aPfGWeMJ,CieEgLxj,hlFlKzcF,4475,12010,9996,43252,25811,90215
WqcGQuqq,MTnfWbOv,jvQQCAYA,OjbTBAhI,FTZuGPBB,GfnKcFSx,82589,95949,53055,38419,68943,89558
OntyqWqn,wmkSnDBE,AnhuyGWG,WCIhVbUB,WzvHSySZ,OjfevDef,25112,63594,22150,6494,37211,16273
TwBUXXEK,yWnWdySd,XKisqPEC,eyLFxZck,JCPNgNzL,AOvuPdJH,2447,73561,63631,73047,52514,24988
oHoDlBnG,aGDjJwou,jURJbUyw,GVDbLxAm,GdVCAtcg,TqxuIjGR,80797,17849,88994,15422,55592,38903
dnervtjz,zmXLXECL,lUSVEjvy,kmsLyaWU,dWxsnKSC,XYFXpjXN,69008,63575,44292,37983,3016,69662
IFAeIPSt,LTkNQNDv,HcGqpDEa,uyVocuqy,AjaJkWxk,MOgSYlYe,92428,19071,39116,30303,95479,170
xCrWuGJK,LamvbsyM,lBDlmHbz,zwkUHiaw,UNHvVKaU,isRTuWZl,67616,70456,427,41690,59453,19190
tywcftTl,uSesxcAe,QZcAeuNi,AwHULXhk,tUUtMWuZ,JQvjSnwc,10421,35270,77333,99314,59231,19614
UaHJXWbu,KpzRvtAR,nkmIzQXz,geJKNFLL,VGUteovc,ClCAVcOP,53028,52320,77501,70799,2562,76030
IeyrhJrm,oHqfXafP,GLoXWauY,ysUhXGJA,mKtrGbKF,VUogWsYu,22465,4814,22047,92805,75768,38838
GJoZPjLf,UEluehZD,kQiSRUud,NFvcjHkj,DgSBnAsj,LMJEEcnD,49980,40614,6169,99818,64560,13511
GyJunSNN,WYnCQkGr,vuoiTrNa,mXEzScfT,yqrPmIvm,YNgsDnVb,7357,57890,31803,12385,39631,20565
CxPzFhlk,ehwrowyf,GNbkbOux,PDqYGWKK,HQFCCkys,OuTypims,68915,76802,70193,55714,904,71478
kdCSjAZn,bJgkNWwn,lxMxUhph,WzwgxcQL,FCyNzZsa,ZzFZrfOJ,68490,67547,52470,30679,9682,75132
WYcPTAUu,lKfDxsWY,HOJfeZOk,SkZTAlLS,YriWcWnC,BQyfNuiu,44916,34657,9971,84490,38483,14266
FaUWfdFc,tYYBnhDP,FNWPkEvH,TQbZPniu,KhHECeMD,SMgYYxtH,51131,12905,62716,85223,60561,59775
TZLPHfTT,pAnBayZO,zHEIwlCm,rQwXowVg,HGBSxSRF,JPiBbFKa,63352,33347,58379,23836,2822,16848
ppNPkbhY,MJCjtGmn,xtMArPFZ,HGmJLFxC,BUOQzXiv,CfKNLKEU,56912,36004,92806,87385,45505,74587
xlspUGmJ,KVANRsib,rZqgBaXf,tKNvTLCL,XEepJaXI,IGsPgwMM,14547,6675,12306,47293,22441,27557
KQmGtGGv,sogRnZpz,QYjlojzr,lfpduKKF,NWsXzeTh,QCGeTgAN,86419,34293,61169,80619,92458,46195
NaWlOZSy,nSPynOIr,FrqIMgBH,WgSndrbF,YccyvAUH,blQZnoOo,8997,58436,85714,68613,59014,53682
HXVlvbOl,waEpqjgg,WPjrvRsv,RkadMFXY,CHnNHQkC,oCkYiQQL,39756,68911,45195,32558,16567,2631
Rmaihltz,yFUJlmKC,vIMddpiQ,GZOijfRd,TRzCFgYJ,vLvhlriR,79635,35614,67443,33486,42597,56260
tCPdOwCy,HjudKlVh,ORTfykWy,gkaMVWit,DONDUTSp,UzoHLnZl,42054,64391,28058,38847,30588,54257
PoKvdjzS,KmAsTMqs,KAGJqhTs,sQnzldOs,LhqTmpCr,QfEZSkwF,89616,49283,82966,64906,51380,53781
xNqzwmvV,WSyWfqWk,RugtMmul,XWTPhzuq,PymmrIMs,tuvLnSKr,91110,35777,11802,3765,10159,55177
qqiXNIzV,CWpQJjOP,dsDdCZXP,oPlrZvBO,WRwnGRrk,JXVcqUiA,29492,3666,54799,86561,21550,96772
qaFEBQqI,szJQnAqu,STnSJTqv,hQIJDzpi,PfkTNKze,GfiSsLji,38790,15242,62746,95080,5744,37249
PjmBbSgK,oGwUfsck,mJiaDWXH,howcJyfb,YVcKqRwd,GmFvbsCf,55284,86696,91654,60618,79733,98269
wSgVLszf,eRUnXwdc,BrjzaWkq,AKsbOnjz,CeffZNkV,dDnHUGSw,82869,75462,10415,31451,74729,98263
ARrIxEaK,irrXfnsu,EyBaXUNy,dokpAtwZ,BVjrCRPx,ACzTfqbt,96092,12076,86553,55510,83175,89590
ESxrHKFu,GhPGaejV,PwxyWKWM,eiotCCio,KcTBXoyd,oyeHDBxU,41871,88329,88699,76291,63334,78476
lVRgEEsN,ujFlnpmP,XijxUkmG,PRtqVuLS,gaMefSUD,TyhfUsfD,99958,75762,49278,57723,62922,15693
giAkbtuz,LWzvgWTw,NHDXPMIR,gsdEBvlB,YjMreNAd,eKwFwPJl,4300,62634,51889,82129,3970,68237
jjbTEilr,UAarPFpU,IykIrbxe,NZxMCHBu,CLPuhCpQ,CHvoMDGX,1926,46956,60972,23339,35854,23058
kWWYttHF,dsYNGJsY,zmeUvicA,YpgglqAf,joyEOAcR,hsXOcEpW,53226,2396,88446,20833,54620,32880
XyprwlCu,hkWRHJfC,CQVbKMNr,BuwuuaOd,XzWScoso,lThTAcCp,50065,79611,75076,13325,69548,87309
DCBFTWPR,bzonGtKr,QlbVJhav,tcTNbBMc,MhAHxLgZ,QNaEBFXq,54989,37216,8061,29514,41507,22012
tSQCwads,ajMJKrnc,uoPgFGUd,NcuGCKps,ESgnecKL,SWYywwPS,92083,12659,63631,17798,40612,12232
iqaWiAMo,iquiXqIT,umzURciA,uLPiPjtR,OxklwSRx,MUnwCyiJ,42190,39024,97429,61153,8096,84644
WWtJwKph,VRiklHws,KRkRvnkC,PDCfkIxM,mMdoSlbK,exOurKpl,94928,11525,89617,72377,64208,38069
sNlLQpBZ,guJGoLuL,PcKyrdMC,TAwpAcMy,sCjBxIJC,XaFLhuqc,8590,78154,19580,2858,67209,42128
BWhtyBES,osOBSiCX,KYcdAsjT,AMkPBnWW,xRfEFaes,DNHRqGhb,40987,7778,16472,1554,63368,58829
NoijvpEu,mmrKvbuz,QTrjJmCp,ghIbVyar,HFgKzkBe,oviSWVDf,77422,3924,49223,9634,23096,16132
cUuwLHmU,xbmUeIPq,ftKxRjlW,XalTWXZa,OWNmkYtV,OHZJzJLy,30569,83595,62088,69787,18895,91862
eoukxIsQ,KHfEGzcU,WxqBEcDq,vJlHmSKc,IdDbPvYw,APfaFJaW,99489,17870,68250,46997,20681,6764
JmwTZbRP,Nhzxcmzp,wvBdqLxj,cmAswLIM,hxtfcQIS,FzBZJYMv,11022,97046,12178,7164,52169,90553
wMtMejNM,HUUjPNJY,PYQvQKQx,mpofSQCO,nydnqNEx,VaVpeLxY,17584,45446,73083,83513,36422,67266
swUuCnVj,qPxzDFrS,noUfytqq,nUAkZkwD,wgdEOZXC,ppTelCch,77138,72582,78666,80420,27621,27831
CYvXOQto,JfODyivd,HxGnlZqz,bNIacTwE,SGScLGPq,iLtwuKhe,8510,74745,42840,92804,61844,16886
JmDVHhAS,ysABUgsd,fqGoBkul,qyNhlRnY,GpUwdxFx,sUYKRTbq,50303,77291,62167,79945,42126,98052
kYqbTlrM,bciEqLyu,JXyWoYtq,QbEyFgBv,WHaRJmrJ,FVnZErpJ,93084,80369,94787,64900,68826,12803
wkWewGMD,fRxTJsjQ,igCLbufN,LLoEbGIc,JaJSDHtv,qgoChudx,48118,50548,45259,84217,59687,93250
BmqakDFw,AOJTfEoa,XWsRgfhH,edLcBMAO,ESJFNSfR,PxOHtEPH,83473,11989,25428,46684,16715,30955
GjStnOYV,hyDmGfOj,AXPFKbAT,wHBmKass,pdGjHgkI,icXsSzzr,68397,27372,13499,49553,92653,42986
sPHnBUoJ,ZmedtxjX,fqKGQhVL,nojhqUgL,kHmvNilg,BlnWUKkQ,1972,18413,55906,33755,24328,46032
etJPhhqm,yzxxsKMl,cpoxeWKn,nKIUegev,oaAhLLGg,segkCvVU,60739,82106,33858,95431,81509,8698
qYDcOFDO,qexgVaOd,OVNbDXWO,xxSziHCp,CSTvGJAj,OfFkoGVz,31233,94562,67228,87822,14206,93380
YFANlWuo,RftkpIpZ,DaWVHXIu,QFbdGBbT,CczltXBY,hqLgJHSg,76973,83155,30033,9724,19525,95581
fsZZduOf,Gcurnekc,GKFoVvIG,WmyPFENz,AVcziIdT,itUSMSIh,5160,92072,29843,84566,7055,14801
gaXWyhcy,CHULoZJJ,HxXYMjWL,RWVbWxTz,LKOodjYD,vEBmkOPm,58833,94031,60723,82984,31643,36799
tVpbCcRS,SlwKHFcD,xxZqUWcA,TxYegEwl,CCpTZKIi,YwZJsQhC,62981,11651,54493,40991,90893,9297
iIyEKgNX,FSNdAybA,uaFnNTlH,SMeVsYRa,DQdOsJSO,VtFRQmZX,71814,69061,83541,31063,92098,75074
nHgaoruD,yGNVJdxj,EeCQTwwT,LfWvMMJN,ZWcTUoue,pRPBGnCZ,38225,87051,878,50919,66632,4204
iCwIsViF,joSCTeiI,OlCFtpom,IkccOARj,OKGKEXVZ,dTTfligx,92951,86382,27086,41820,16051,38939
Vlmeykdr,uOJmOtKL,ylyglPSm,mufqbMkq,ctRTkOfC,beuRHtHw,42934,97306,23303,97576,52518,36369
PEvqpptA,SWFKDuUW,hvBJVKIN,mQzYuoxW,lPMOIfSc,pKFKfsDI,2855,60182,73589,83951,30331,58724
QQXrvZUk,lfNJmnZC,PDmtbksw,oZeVEivc,PInXjmqD,rSciVYFD,82763,49456,69295,63832,69983,79270
vtfApENK,CTXAgnKt,pWseRyYM,YlLoFLAb,FKMJJtbD,WDgHDPCr,96961,32399,62160,45538,84498,57872
aKtoPnNo,kiLrVcoh,DTlnEcrf,AOEaycQj,KtAiPhZi,KDWNhOyJ,39042,15428,63707,7444,63574,17568
BDWUAcoe,EIDiRCGV,aXLmCIzv,yEfJkfvr,HcaisXYu,eufVEEMQ,31381,51586,29796,16765,10773,2944
AZpFVEqj,boovKvgF,nQazCwNr,GfOjMwYe,teXfQUud,DBNcjMIr,51473,22092,21025,13427,71318,6849
PaKrzqgS,rhPLkEVp,ppWpFmUB,jiKhwvzg,xvWVXOTl,UBvuzsbc,4585,77813,35755,37276,41964,7147
sugthdbP,HPPdrGDZ,kGlypOPW,qceFnhpJ,WPvrpBjP,yXBpUwrc,81423,11300,18328,14139,76546,84042
bPipYbYt,hHhwaYxI,fWUydsMo,VmHxAyqZ,axOmxKmX,EgLEklRJ,43616,7818,22330,99394,17605,17915
NSyRbrwb,DPohgZxT,WeNaWFbm,JbqZkAYK,brsJwzLZ,qNDoVgFs,3011,56085,52690,12131,39126,63795
QpEcQFGr,aQAQJHwo,KxyZiuVK,jvwRwomN,pnqWcZvB,PmGtDBLr,74064,96808,93415,70108,67540,95297
yUocoKgf,tyOeKCaK,MXhajEXo,gShPjVjX,EfhFvHGd,uWUucvxd,53583,70278,61202,99237,51924,53789
dbQOZQli,buXwNgbH,NCxfbPpI,SgoGVkZr,xpNkyabe,XkCSezHk,22809,22528,94158,52183,85570,67237
JKVSWRvT,zWfxwZKs,obtfkRzd,YYqiTTJK,NzEkWUKm,bFdXAgxo,47299,57551,35369,26565,92638,2480
xOGdfgMe,mncenYrT,eFMHgOaK,ZnfImnDQ,VDMpEzFH,eVHhxYVK,6322,16542,88282,53738,69709,41149
GDoXOnCh,hSjCGAMO,brUFffXO,KbRrJOEk,bfDzUCoD,fHOynfwq,83383,90278,24192,6572,23940,84117
fQDrItaH,kTpnirqK,ZQVxlOhJ,KzrrnHlG,NaoCRQVp,ERDWMcDw,75513,58421,66645,85865,39953,49337
ayyKgoWc,VJklqxWu,qOGVOVud,DhKeHJRU,kBfwCPbs,kScnrjKX,27845,89928,13576,65941,27179,88608
vSXDfDeu,BsSnHzuP,fumkKIVo,FDSuplHJ,INIAPdXY,ilXArzse,81654,31168,92602,23052,99670,80780
ODjMSyeP,AZAzPaFf,jDOZwNvz,yRHjwXPb,TIKUfksc,VWODtoOK,98883,44947,89167,14676,74691,79711
qhayTvBt,OyKquzxF,ckLVqBrd,xqDpNTRr,XxDRICcn,EdejapfG,51278,90149,63058,36926,11659,93516
PXpwZyKo,itnRLezF,ycVmpIOi,JtBwsoTJ,qXniofni,zQoLzVVi,94421,26432,80962,43009,81112,31326
QtFZUsHC,FBpypoEz,rPyNaKoP,kuxGPPAV,lhlFCGwG,kTFqAolb,29672,33960,81935,87259,22998,13571
TqkGnjXA,zlBUlDRi,NCnmeNrB,EfJFxZIm,LMeCgfRk,VVwaDevn,53958,1862,92838,27873,78093,14244
ToiXBXsM,XPHbLgmx,KgFvJWcg,ytoYPizc,eMqHPKpg,NXOAoLeu,45562,27378,27865,46812,43974,33567
AjPALGjs,gOdpErgh,lgTUwJkW,JwAxNqwS,tIoXlywP,KnTxrnYn,99271,60656,31162,12133,19513,75150
LCCGvseP,QnHfHfOD,JaEhSuuY,RSgshAyZ,WuYMlIwB,XcqfcYmt,87320,28968,32423,94212,74627,79798
BTcgDEAw,ljcIlrWr,ORgzKdxq,kcWJNtcP,IqcRrAhe,GaTaUvDA,94766,36507,49632,11898,8630,77220
kqOsOVxD,CWrQjGYK,XfuJysrO,oWksjsvx,TWnxqvrH,kbkzXPIV,84691,89321,79459,23958,15909,4452
iXaKulLZ,govmdHcR,bCrcYxjL,TIovuIDo,OijJQCNO,VYDZiljE,25169,37947,19802,73958,85132,64203
ZUXWOKZT,xXvYbtRR,QchglzeZ,QVtyQHrQ,uBGtGFHC,lrqClfcQ,12,41042,45194,43316,94463,62734
quzJNhZk,nLeQzmiO,gjBqJIrX,yPmgYBJu,lanqdrCB,YaIpScfS,4821,62918,91784,37459,29989,19312
MurgxXrL,WwcWbPHE,tIXozbWD,ITYPIPKM,LsYrtRps,VQoRbdSz,62474,58908,10049,11882,40444,36521
KeKYJcta,eHYKJkkc,wpcbQctr,vJmcCrwe,NxMzPJxO,WxkGBOWy,73751,53867,21460,52107,8763,60556
YozhoGqO,RegMDNiQ,eIcDBmhq,UjogNbBF,OQgAJfSJ,PJjQSwGQ,68129,87942,98019,1450,39222,54462
nkhbggov,mnvDMtbo,hTTJfKcl,sSuvHbyz,KgrslGtL,yCoXJjgz,97951,71236,32012,1949,29494,8520
MIKnnbBq,WjhbYJhU,MsxmdSRG,lFCIWaGZ,eGLcBdVd,Abvbblti,32534,65516,87503,3801,36108,98001
oYrAinec,qmBzsHfG,oBalwRAx,qsfKIHqW,wcvkauuR,VdQhfkBq,98446,84480,73792,11198,70518,83147
gTuULTvh,koausGnM,mVPoRxcn,IChoiNgC,yfrcuSox,SQPBQUCE,30112,78878,68383,90212,19791,55853
IcOKVhQa,tiOYUyUU,NeBuotVQ,oOJQQMsD,TltODQqK,JWZrvYRn,65499,82760,40496,72506,97723,21250
jTRGoxmD,CFESQdyI,iOgxTzXM,LpWTvfKA,PomgaSPZ,ZZZrlnTF,51350,26971,50783,83865,24130,44300
YSWtpIiS,yzVjFhjS,xWNsISEt,FxlKfYCJ,gHzrDSkX,gaOlQKcU,77411,30402,55989,87275,47185,68799
gopgIPsg,XaaqluuR,jNrvvqly,jcQEoUlQ,jESreWrM,jSGJeyFo,65084,50139,71224,18156,36327,75283
aDwcdWPw,aHnJHFEy,fNnLZDZN,MmEaSSlN,eMfCHvyz,rqfrGYBI,31064,84720,5059,12873,823,3848
cMOKgGQP,AkcbbDXs,DFfMlzBr,OfBnHzOR,YJMSnWXK,qrNfkpIL,58711,27274,31680,53290,4879,90493
MPrOZpTz,yaySqAbP,pwQTsJRy,NKFzktWe,zWVyzlTB,HsuWUZeg,67825,65522,93651,84490,54931,69724
gqYZVIvH,DBPkTVzG,RlRVChHi,qmbrYzOS,QhTjNOfu,pUVruXOZ,60891,69111,91198,51196,68788,5370
ozCvwJFm,RlxyKcXW,FpSMHBqj,xKvjHqwy,kdSXIvUq,zouDhYDh,7226,73075,95743,90063,17425,90686
VYvnMwVP,IoJGoNdZ,jNAbuiKp,BQuLSsLq,gqeBJYCk,GSCozoAX,23842,66708,92414,71944,54834,41133
pPJXAJUE,brrjWQnS,WeAgjTyB,jluKnusn,JRpDWgdm,hELnoiKw,14850,2500,78973,18466,32336,52183
iDmxUtXy,FqGSedpO,daumdMjc,jvQpxAhM,gJFYQngX,ySInLECG,19945,74026,46005,51410,32323,40070
KhIoLJgD,rHPfHqDr,FdeFAyIc,BDPlEhVR,vedoZBdC,jTnyYiwJ,49893,40544,83956,96185,45137,3699
qUjafsoy,PaNbZhLy,sQeBhcWW,DiQFYBfC,QBSROkzM,lyhhmRbJ,27621,77887,18768,43611,48201,69537
ukWMORKA,AviUGnWs,UdveZVFs,cRoLCkJk,mOjAgrar,qUQSWRWj,17292,95849,49398,53022,25883,50628
EjiCioyT,DQrdwQha,bCQokfRy,NfdUKALl,DCuMukYr,zJbQmmAD,46870,99376,13106,84469,63094,58728
RtrCdBdq,hfNyYEhQ,uuwkNVLG,lkKCVLpA,oyjxeLxu,SawGmjVZ,40387,53392,77654,7429,56,2425
ZEZsvITH,XOORZYIn,BAQPDzel,aUcrmGKS,QDMKapvE,NpKwUvtU,3143,8039,50223,99271,681,96958
gYOCeVmC,JqUCGPda,NdeLrdzL,AwbmoZIz,xAnDBKjS,qChTKAjB,81744,50368,88328,59944,44515,79498
vODPBpDH,WEHOIsoy,yWroaqdH,baqFDxip,xLjzqMSV,SzeBMWFH,70651,88336,18932,78426,47255,24705
ydBgeprb,TeEkPupQ,BqrsSIij,WLPNXBlG,vdEbxuNi,UwMJFkxt,18426,94936,39080,82806,27693,51258
LYxrzwXK,EXfjJvMo,CKwHAjte,HgFycXis,NXlZbiFz,sqOoHlOp,32535,71104,68330,48631,40756,84115
ZvQVODRx,EhwiwlEA,KGmudiKg,kleBvGSm,YBPiKiYS,mwWgsySj,22468,36072,8819,86672,99228,49030
MyIwVIus,GOdbOGPv,bCZuJsaU,pvfoPfwJ,qUQCmcNH,tflGrPsF,79428,512,61656,88251,44441,5584
DQbeKPDx,LyBVivtq,PCTTyLBV,HlUSoEvS,ataxZmFJ,LNfdvTDN,10133,28586,39549,31719,14095,14756
RShPqqpV,ldoMtled,CBVuhyOn,FHomhUau,TCQgKtmP,rugovLOJ,46787,35932,46635,48392,56149,92438
CnLCyQfX,mYjUzalu,KgZFfwRN,gDmdNAiE,xoYPujVu,QKZSKxGi,22580,6300,86137,89897,27073,61748
dAttjNKw,QlRnTsLm,RAPSHfJX,TfeSeRZJ,zuPVSnrW,AzcBiQiU,22421,22148,16598,84554,96447,91753
arcOikpi,sdXLvxrR,SoEmjABX,LaTSstbl,RkhXGHvM,nSOAKAyP,51691,78279,20310,185,52952,62451
kiceCMjl,AfWEkqCS,pZSokHxS,aIUTkpsy,BnWdKnYa,WEfCKntQ,62273,98477,23504,19530,28798,51870
Qskiajbi,fxwexrKz,yavRRNjp,VAfuYgMK,ImGTLnas,yEXVPaeY,72310,63960,42453,41497,21804,77375
HbeYZKVZ,YatQPVtO,tMllKHnD,QTgWDuYl,UdnItFKU,QeFuCuZi,13835,44840,73557,15398,68969,77020
WdJrOCCr,wzFZRbeC,zBULnHbV,ZnpSHRwo,cMKnxfpq,sHvUTeRQ,3561,76957,9382,17798,97389,39079
IlFBIrAh,XDWDHMme,BqFNgMks,rOMIPVnm,aWhNQjxF,VttuWeIN,96013,44079,90617,283,73930,37705
AugAGhlE,bYidfEuS,ckaaqQBe,qZAchQjt,AsPOQrJc,gIhqbFmk,7360,7638,55380,12815,55093,80013
mKNmvjoe,KHPkumkv,ESHnzAfb,XxyKJWiA,JeVDDrLz,LWRfPBqh,13887,89073,56908,25238,48091,14491
yOfRKJYH,BNlMtJZr,UGXKnSiT,KVwKPsfR,KBlnewrq,iKvjBUae,34442,70599,70181,31249,26796,42956
eEywzDtO,vuSRatTL,jonJmUIp,OOfKSeku,BHeUlKSW,cvuhxIiN,17089,18171,35876,47827,79019,82761
KBrIKYLk,MoItPBKH,nMFwtVfF,pwESTAiM,hmhPJyYH,DMRGmDnC,7613,92334,48716,80772,29025,57117
oEqBcLSW,UZkfQqpp,KICjorAg,HEmVDeXd,KVQntyiw,cSPotjXV,23694,36064,15764,79350,59611,6613
PBarOcAN,rreIrxnC,MGHHTZAI,RCxmpGMc,bGCcPpfh,OEcwsqlF,18837,20032,80436,91320,5242,32716
TLjpOWRh,dWWRzczc,izGnLIEg,oHOmdibx,tSlphjii,RWKmASpg,79718,21803,91625,89661,2484,84594
XcfJuDGJ,xDbgTkLg,lnEcsSSr,ArIZcjcI,fSqxBmgt,uMZGsPtj,27733,65355,7636,64244,8830,27514
AawypaDh,ONuhneVj,sRPDyirR,MKRrtyhl,ZJfJVGgG,lQGkLdkI,92469,1498,72274,18797,77265,69913
TszJWPyJ,sdNeRwvT,zZUbkGAS,uWypQsnm,lEHHHkys,TVbmlEhH,43249,80250,73702,81269,25076,7759
rbDodbYx,QQHToppZ,fsVUiKDJ,USTYfbqs,scBYQZiX,GvFocKDZ,38503,72546,37311,18885,99203,75835
nLKoCqsG,AFYlpeMS,xtIRsFMO,fKhMzkjW,PrhAxXqh,dTmDhBRv,50879,34699,60308,22545,73225,61
HeyIBkSJ,bpiwldLd,uFxYThkH,BmbzZQJK,yEVZPfBJ,xgSYTwqA,33215,81400,72458,72229,81923,49295
cXhqSDcM,jknkcQUY,fUgRLSdX,AoRRCmnQ,jXDtzJkm,KBhRYXAZ,62000,24526,40486,23219,57839,89552
sbSUQQmM,XeJKDWmO,lOZCfmic,nJRTgPfE,jgVLoqhx,jgbbwRmK,78403,90775,37425,36787,41206,14023
PglvLDGY,tatsVJCK,JikUEVJT,AWXJQeyX,sWdnlHfM,miizOXtY,70978,46198,82364,55238,43989,67849
cLKMgIqq,knWacOCn,KUwzkaSv,JhUAcybQ,DGVOuoFt,OeWUpxys,87862,65286,28644,26290,21018,66876
wXvqgJfh,pcGDBCzH,sZPOMJMn,lKwTPVRm,nBoeOkty,VEDuvDnn,3799,89034,80443,66977,29047,58990
fiCoEObk,tytqmDkI,eqjVpDeE,FnIXTetL,OWNAPVDW,RGxOKVig,27634,2635,5307,82598,47864,62271
WcFOyQUK,TiMRmNbg,xxBCtphi,EVVvDRsC,UzZnqWuA,uWxeqhFW,51824,96288,77071,51204,79641,80598
CYyUGoIJ,ToVVeBqL,rMKRGkTw,EKTodNDX,YseBfith,CSysZWOE,2329,10438,58349,80276,28937,23647
EdaMGkMx,rwWeMkXF,EKduxVuy,mDIwlxWt,KMmUfhWr,QKoIufEc,93269,39699,20688,49195,74279,8468
qkAPfcxc,cwJrAFLn,OYFFLiKO,OBrHwAuj,JSGBfkFE,aVPjjemn,28723,11579,41848,21761,22690,95258
NdOSsDfq,cUIVlota,KvexTZBl,RToOWVvv,SwiuqaJS,HrBmGONL,44190,15526,52582,12016,16610,52740
jqKQYvgy,YrYCJULu,gYmtaVLG,HIIMasiD,WPGuUQoX,TIOnacbz,47509,22813,46867,56783,96582,30320
UhvXymLF,zknTLwNG,otIcJPjN,LeXrjwkn,zYerEFTE,CjeOrjzO,6065,35311,21760,54337,78234,56773
CforiloV,YAYxLgpc,ryEhJvYs,OLvFWVCn,LkDKNZEV,uTzJTgVa,30806,9498,16612,8661,50399,96650
bluozSXD,zPFaIGcW,LPbweIpq,osgWEvfc,ZEOAbFmS,UfSRtwPv,58092,97808,80450,16932,27889,29014
yNvuPAPp,LOuJwiMp,uKOqfbci,GyLnGEQr,UQPLfmyT,dpFdCvbn,31219,52899,93363,60135,83725,87761
DHXUgrEX,JvOETSky,kndrfvsW,pmdKKusR,kPwtRgOy,JMyOORWA,66198,10533,90808,7017,72509,23916
MFmKkHZK,hLOwXnHR,sermZtfp,qorNMrgn,XqvYexeD,iBZUtAab,16486,28155,49518,27696,93974,75840
gDWpXMmF,IhSDJEJo,VqyNMMBG,MRoPXCOK,GqfVVUHX,beVdKwgA,15741,73433,19131,39921,82000,24423
RSEOFDIm,gzAVJaMd,NmYBrlwN,XjlNTwze,jzpVghFu,fAxNBQiV,42520,99368,28690,22042,33482,40454
byLHUWrv,FOKSXdCf,IFaQDbIi,oNigJLmg,XhWtaHmo,nxDqRMEf,74804,4987,5941,33325,44093,30708
uLpdRWvf,LJCbQFob,kErvgCMN,CFYfXFMp,eFzmRGEW,RBOqxNqM,51135,1710,76990,49057,20059,38739
fglPffFp,duwzqstD,vRWJWoAt,gZZWuJwu,CZyehDXn,JYfwpEjX,45965,65248,12147,98368,36175,51542
FBnzZTQG,MpsfPNZt,BSXrwyyN,DgpPadoq,jnVVZSQv,zuxmADVY,77641,71573,63963,78425,46186,7325
QDlhKAsD,WzlQiJHp,SMeinJKO,vFxHreeF,PBOWgGFa,RqhssxTB,84877,57231,16953,56152,54919,41839
trkhJYRZ,cMNbJXJD,qGlUBVpy,DIjqGnuK,UtDOgeHy,xYPokIni,75680,275,72406,45669,73452,6462
TiWqeXVX,sQYTFiuT,jZXfYkan,pqEXcirF,aHUveRrb,irAXcRqg,9822,42357,98056,8161,21472,81522
bBbFcTzZ,WYePZktX,geIVahqc,mIUcnqqO,okZVOapl,nTOOqHQe,72072,94989,10892,59838,17602,54434
vAJgQRbH,qskIxFxn,VloHoooe,shEUkxVs,HmxUvJZK,WouvFiPu,911,7800,21617,27723,37781,26705
bcxYqsfp,IDbfiTKv,MGZXjUjI,uYLfPNNu,JIsnkniS,erfQXiCQ,72760,76533,73000,86744,49591,73615
plerstFs,yyhTTVQQ,RBTiktag,RkKbRXSr,VxIzWjjX,kgiVUJqZ,41313,11878,77539,36798,14819,34343
ljzFzNBF,bxUEchdE,TlslculR,NNTrCper,JoognTbE,XocuwJWX,56703,97500,4206,84336,91062,32184
vtsnfCSs,FMTKZxZi,jvHKACGs,jDoTwWug,mKfaguAd,uBMEQKXu,64401,83421,90186,47931,98589,60350
HngARDfn,MYGmMBXp,EzYIVrQR,FQevkewR,TbHcbBmb,ClGYVYcv,34413,47019,92550,42727,64855,26848
BSiNblcP,maxNGBSH,BaHZmsKI,tdJvkqxk,VzfXLlOR,tuhIDVKv,88641,48557,8608,26003,72700,39440
oNiQyxNd,nkeKeoNQ,uzvkyfHN,rdYkhyQV,bSdcfeJt,aJlHNqhJ,54281,80132,1113,55497,45440,56177
WpVSilIH,JfYBVwXb,mRYrPTeF,oOayypkj,LPExtakO,omWngfUf,62912,20885,21435,72263,73403,2012
gMAyXPet,ZFDHwYRW,BTJLuqxY,yfPLTCcQ,jpfiOOlK,fLGhCaWd,7579,19874,54482,88820,27037,39970
QHNtJbkM,MkXVhFYL,APubGaSq,naUAELSv,uESzzxPt,dwpoMCiO,32559,43223,27981,38704,43851,66435
LkvOLonh,uJTKRGuK,tyDsuDnv,HRHCBgdO,fpymPUyH,qikPpkzA,74779,7002,68878,82662,59815,23649
nEmmqPAl,nsMCTulJ,qkHGUhsE,DnIsdNFm,MZhKSzmp,SbEKkjNZ,89357,43623,73529,40570,92316,84846
WypepOvn,hkhUMNcx,vdEWSidv,xSnPbfuY,BYvCFILM,WhXePqcY,32918,47612,20799,20768,8502,56915
UUnrdhyx,IIKgHBhY,VCfzqrdB,EWVrSmqV,oavbCuWV,GgznCjXU,41562,64079,1721,79622,53343,87989
nPdzIiKS,prXeYzAI,FFSyHCwp,JVLlEYhI,seMBeGPz,PYbpAczB,24501,74701,54380,44892,4604,18677
VGANsgyt,xdbnEFnH,MKHKdGHq,iuhJvIJL,sjsqWvav,UcjhrnlD,77447,94495,53638,87912,54834,70262
XLXcSEJc,pEipULar,MEXqNIXj,gEiDFQFe,JVQNDmFh,vozLWdbS,64072,2732,14705,12520,89876,47072
NZJDFYda,xCCsXeOi,LbfaMZpm,lcgDUbqN,fvaxFKon,IqtTTJBc,73877,1673,51648,46403,39619,98198
qiWIBzyr,tVMQwnpO,OyobhUGY,iZIuTLgf,PBGevdVN,kxYTRxJS,82505,71002,10564,14766,66138,9705
hbwsXwmH,FpxxZCiX,XJifMqyC,dsajUPRj,avcwXtxd,JWSAljkg,62629,10201,76913,24808,62325,15204
PCfxLLXz,RcvcSrAI,TMPLfHwA,lkcbdldS,efyygUia,qfTBBaGL,69462,81899,90057,59279,31474,47827
PpKVCDcK,COisCDWQ,DoKDPXOW,QmIIvPha,YnptJwLV,kKtGtRXQ,63180,96225,35135,2941,82904,42392
nBgdkDmf,iZbHkfLq,kMEYJeLk,NpsKEilf,yUYrkBXi,DCLnLxTZ,7474,37061,97504,47476,62744,19793
ZijYLKrr,eokuyxGB,GPwPBpvw,tYrZLDkG,HmcPFQfH,DwkTqwKX,58557,67726,952,13908,27975,60943
GzotWPgf,UzCNsRcX,yEAEnchb,tREOFdDj,TZEcCQiJ,CCBHyiEz,8836,37918,65468,25901,23942,42710
ZtsqPWji,xVxjZwcC,DgpmRNEj,yEUhstKr,PjMiKPgn,GyFKBeNI,47623,66705,55835,43176,54046,99780
QLfgPFTQ,FnnDeygb,ODJvvPxP,KlbRRBci,sOylzxJq,apXudMBc,252,23534,52492,82548,74286,68632
OijFvtLj,LGAvphDk,RWmQzcZY,oUGdCdFH,JAWYhLaf,oyofQDCZ,74450,12903,42868,28975,91095,58915
rayUBbqz,VKovaRVo,uwJKRnKm,CUNUaQBh,hyDXpuAe,sxRchIyG,61041,17693,22252,54390,66274,67712
DjirHOcW,gwaIEcEO,HkdnhAsU,IJDYmxmN,kjvLjsaL,aLxQEwhz,46086,79540,32342,41930,29777,68487
VDDBZPMJ,FvFzkADd,gzStBdOH,XqGcAunA,jipJZUwI,QDqGlXHX,49643,48903,9894,998,3741,46803
iESZIkqg,Jpvtehgw,mjHWnYNg,ypuvLzQR,rMwtTqQV,qawbteJR,34129,47588,50814,6057,94048,47082
tHFDUzNi,PaOwAXzV,ffSyYzkG,uuWDwgic,mZGlXULb,SlbLSBZq,62860,61754,2082,78047,72596,20624
vSXZvFYA,PDWwSMsV,CbuSXFLL,fnMTJLoD,KdiQhpWr,QyGZfucN,81221,12569,99027,85624,1918,89723
fIDpTntZ,vwoQBTBz,bjwiEzNO,rrdAeAxA,RMnFrfTm,lXHiivrE,52404,61322,90033,53962,96060,45841
mtvIHrnI,wGmhphWu,wLPsnpZN,DbNvscZq,FbnZqgvE,HIJTwfnA,67358,29136,72319,72201,23737,92828
YYVKxQug,mBAldxBT,HyUdbnHz,jRuEggVn,ypYtBueT,vhwitsgv,88,58936,10222,75770,45047,45004
wwDAStdW,vIjEAPSh,mrLLgPGS,OQRJUujL,CXGZrYnJ,tRXKYqwI,66668,22969,17080,87286,26164,73755
tyCNIgvd,nkUciKyZ,hLWSlavq,AidUryQi,sITFZUeL,mAPAcnTX,42770,91526,94313,33714,9403,32914
huVuyYdf,sMTjJyuJ,rWxnIBen,qqyGUSPK,zKpelzTI,hgbLxGnZ,72757,96274,5478,6557,13772,32063
qxzVRXxY,YyQALjoV,cxiTdorM,YYuzpSlL,yKNUuctW,dpJqZjHC,6109,53185,24168,85035,13743,55005
HbbeXBJL,qohJigLF,KkaEiZQs,iFIZLTVx,bHhzvfTx,DfzvoPGc,49249,9586,2105,29356,45800,17995
aliuTybw,lvHAHwEK,cOBpjoIl,qApVQFpu,eLQaIYNv,CsbASWXJ,28347,94021,73326,68539,79002,85682
CRXXJjqn,cyGNyEJo,aZnNMpoh,xDJXcMid,XaBVUzuA,XjeDlXiw,88124,55141,2182,73444,55377,86350
yYrPyqry,yWnTSgGv,EWVdGSQS,oKvqowrw,UWFDuqjS,OJrdHoIE,68832,4319,77096,88,64898,17799
EztyaaDv,xwBoNXJY,WcWnADuh,xBvPRrxE,APvmjdAV,UrqnBlet,45369,14446,27238,87169,12623,59458
fXdjJARe,pwGgsvUa,WSRCrRMd,HWIHLGfZ,soAiwcPG,AOtTmgWq,15871,84364,91864,50095,29527,25647
bFzroxcm,KEtECrlj,tJhvFFns,iUMveKJQ,RPZSkYQw,hAFsAgFv,34699,15724,93715,83751,42755,57429
MHWMEoPz,BeJzsviQ,PJFBfdTy,KrYhRflk,CfVDktFE,CgxOrpBM,14619,72819,42994,91393,30070,13367
klXOLoUc,ERjAJiVA,FnnGPJmk,mStBEuKg,vLhLslTs,uXHqGnbM,78659,59973,58841,8722,10686,51282
oQRkwLNq,onOQhiCi,GZJRNFfT,rDZdlNIP,UzBcpdik,CAXZtLJA,36315,83009,19868,73909,46059,60930
BYKPabRZ,lCgDWHLo,liaswFem,CwDqTmPU,fvSKzjWX,qkWCKCWH,66662,52867,73141,52569,23965,24290
SOoZWMVc,CMWpCycO,SSdYlAfI,qYtuhMJT,gPxyaIkL,MfHdkoTq,41458,16334,99488,26952,62619,31377
eQzPqPWL,SsMJOaUE,rsutdPJg,HAACrXmm,qAtFsITk,AqEJpzXy,93604,24894,99417,411,39420,53790
iQSwqRxx,mpCRQoIP,pySJgDFf,CDFKjavp,Dqskimol,fOdwLRhK,61608,10483,47755,7952,5368,92131
piJBsYkv,EGUjFDdf,DHgLpWem,ZjMJBaMJ,kIpBgPcA,mtRGYBrr,38837,31759,47583,9064,59407,13972
DoVjDOTb,kMxFnanh,YVcRnutz,BtIEGzDa,EPZUiUPC,uHzcHHHW,97188,49006,80574,69006,68728,56972
LaaHHqtW,MmEUuOOY,gfagaMca,SwgKyRyu,vhxpzzUJ,HpOVwonp,38428,68710,66258,72953,85920,41165
TLvJJlRC,JqSWmpvX,rWuJlOwH,YLkZXZkh,sdfEpCJn,NqYApnwF,37569,63929,76581,97212,57592,8761
XFvhQHkY,nzyEVGjq,FCVrptRe,pzUWkvTT,wOqMPWyY,NGmaRZuV,90455,24403,34937,67405,59703,91352
oQlRGabo,oxsGXJmX,JlsExQhe,TbSVzQBc,TCsoQBmp,svqWrESH,91242,74079,8480,43929,87688,17821
TlItVIYR,USVhUtCy,rJTQyPWr,JvQzTfbw,CqdMPMUw,dObvkPBX,24670,80212,948,18197,89777,1265
rFqATUyW,oiJoJcpR,FpIwcQWA,MuHgArYM,bNCPqFtI,ekZaWUpm,37052,83270,13630,49434,77214,58744
CvwjHKAt,QGQsMLmv,lUkunRNj,EWySlxyj,CqRorFxk,BvjRltPW,16588,72168,13338,16015,54885,91408
yNpPQUpQ,KYkBenhA,RFavKdpd,PkNFPGGW,NwmyUHbU,YQqAtSzM,87095,41364,52559,67,4738,58278
XjEsNIZV,wkiQhEsz,CiBpEYaA,TTUveVaG,nGFBpRFs,SnpVPIfG,73137,92585,2013,13467,66138,44344
puuxIzQw,OUDhCadu,dUjhXVgL,MWkljtUz,VTIzDsjM,nyjrgRRx,72116,54930,14227,63062,13739,71292
lMClyLVR,BdfWLaJQ,olYOyxsV,GJKKvzDt,dtRvbfNg,AewpOYxk,23536,9334,62791,67652,50606,16422
SaZVpXxR,IKXripcU,WyTxrFWN,knFfoXIe,uDrdzcGF,wRInuTBS,53077,70170,56427,36884,52410,60138
jcTCfczg,vwoPbBFd,kWPmVxKZ,qvnBrilf,RPSpaCPH,BqIaWUUF,87658,79991,87112,22591,41980,6462
IWusIxzQ,wTAdhEKu,IJTcicGO,pqPjaOmk,yyryMhTp,dWeQfRXQ,19085,90718,19892,95148,52004,73673
lNYJqBcH,IsgXiMpv,jxivkqnK,YoRaNKvI,anXBgUzQ,IIChvfQm,10640,11548,4547,7850,1633,34703
EFqFoZSk,NCIQfwUa,jnpHaNWX,TbpfQetE,gumZuhkL,vCjGsPvv,49477,8495,36516,77716,56267,59097
cKYezYyu,vKsHkVya,ifzUEmDN,xTsCZviE,UXqnsGxc,rIjjREbA,19245,85054,51217,61382,77249,78843
ZPswMCPM,aAyvqlZq,iMpOFgWj,OaFNvLWc,yLpBvJtB,WxAhnbYr,51069,11655,924,87760,58576,82691
QysMVYNY,qTxINzVu,EqtMqyvp,IVqmvXuu,vVMIznEA,fACyrafz,15108,94315,67004,76356,41301,98495
CEbxNKmo,FdhMpGaZ,EwrSEXaP,ZwOscMLP,lsmIDlRm,aDYdCdaP,26902,48280,98662,1619,70977,45956
TxfqFEEN,ynYUNSRo,HzCLndSP,BAcwMaKQ,mrWBwGFc,cfCUleag,71530,63639,17808,60775,92806,75637
XbEFTnTu,aJiHCyYw,KSfgRniV,ahvUNxUa,EQVhzpbL,FRaLXtYx,40893,31644,4593,79110,75664,12255
BocsNwPg,NKlPeYvt,LXnsqSPL,vRBjdBPr,NheJzVrV,kDeaStNy,41154,16416,30599,43966,55132,71893
FlnSDWQy,EMZtVcUf,AhSLaQBq,YIMyiatV,yGEBrSFT,tfKoOgnP,71247,95327,13175,44756,47507,45862
wmNNWUKC,QbVnCbcP,pySDhNHR,KKvehOYH,orTgciHI,YYgDqsrp,57521,63792,86302,23797,8708,33020
xtTkXIjE,veTlhzwW,XjZrfFvl,VOKKhjJK,mktGSIpx,vekXfhTR,74509,37204,41512,69836,22374,17655
wXlrIzfb,INHxMdsk,lyEqtwga,xyJhlkUD,qNhVcrbA,XknTJHZo,66377,43645,89574,42541,1804,51599
IGJJPkTB,YOEOogsw,nDiPjANI,pqnUNYJK,XSbaEyrZ,uVCKTqMu,70857,59758,39577,57306,43363,65950
oHBDFQtB,aSjUFOjj,cgvxJblM,kkRLNCVt,MuvAfMuh,NrBBkBSR,10562,8598,85517,98393,84736,53912
AzGZyQRP,WNLOuSjN,IKozAova,IYemrAGx,mxvoXrVA,TAIGefUk,76658,83427,36041,65849,96334,99957
uqeaYRCE,ThhfKffr,tpmvaLCZ,JLNeewnf,knkQryWn,XTZkKnPJ,70011,60966,56389,5219,72657,50528
DNynCqry,XlobuWQN,xpqurTnw,tAqKMnFp,pAxQqquf,IRjGjLZT,37951,76001,18765,68166,52279,8983
vmiAmJfU,GMWpBPpj,takiMvBw,CETTKulK,yPwRckrg,IfxDanfS,5109,53216,81504,19269,11016,97168
SSsDgvga,lcFIRZbR,QDLieoXG,WUnzhzOU,LMVREyef,IPzdYmjU,16792,20205,63206,47729,87491,91491
QwcZocVB,iMqVRywH,pJnbmkIC,tJHsxRXc,EsCmVLNY,qYAdCRgK,78526,79301,27030,75814,69602,50094
NoNtPyeF,FOYMOkzo,CQIQWNOc,KvnykcdA,FCRNBTTN,AKDUvICa,72534,11591,11644,41155,27925,99991
JSGSeqZR,pSQKzImT,MBkjiRLO,LjGyIZXy,PcARitMR,kAHzloiW,4072,45232,77723,91821,58364,5211
bYcNOIpo,YbtncyjP,wylvFAHk,UPmeEUOk,fmTOSzTc,LMNtvsKj,75844,14691,96173,99362,65872,44420
BHlolfzS,OsHPXNqE,jYOuYpwo,PibSQwaP,yBIJQFcL,toPQZEVj,37259,45897,77042,32105,81086,62879
wtMpfsUf,zptrGith,GeNeSftT,YkyiCZVy,TbTnKQjH,HObjzYwt,19259,96009,33774,17413,46476,60943
jvBFONKB,kEDNdWor,TLktncHC,YQmsAzsi,UQkKOMwI,MGOIFYCo,74609,6661,51035,59416,51313,8225
mcQLDbrg,coLmATdH,wLUKMgYB,uutdmJdW,RotNEXBE,nsuzRDnf,21076,80854,72436,78815,56194,6537
XoSzZpXg,QxOZxTwb,QWqLRPmz,uEzudOdo,GZkxMIls,OXeKerCX,52911,87416,28473,38353,63363,2946
EIKXLcWo,iUvcmkpa,xXtUNXMG,vPPtxtNp,TlKMnmzd,JmUSGEMQ,48187,84197,4828,57790,56197,31383
ikjLpUEE,fbFKwfhf,pOdLQQRr,PaluAPAK,gxhguppN,AfvNGQrp,59044,81696,62996,47498,19242,85716
hjUbavzo,fjAqgTsd,HKBYAZqN,SSzeXKeb,tbXirQOH,SKpVzAvv,3753,48440,38755,82663,88755,53465
LzgqatSh,KdgPZfhJ,KqwIoZNU,qUsBotcw,lTGRdbRB,dZOTfNWQ,59243,77693,33222,70989,52170,99370
dgKdUFGu,DZPbZgsW,bytgEqol,gwIKaOQx,NirHfsgR,umdRUuKO,64508,61644,32579,87125,86439,2460
DDsFPdet,iSglwmmX,aWOGplmX,NchnyQDa,nggCkmus,fDmhqAgs,236,74327,66448,27094,44339,97224
DUyCklsn,ggcBjRkU,sBDGSQNL,rBRrJcZx,GZtjrowW,ZBQWzVSD,11795,44719,40421,223,6351,50823
iEAFeURv,XilzXSAB,PhJdshMN,OeGytdRj,rDKUtslj,eQtCgmEm,90534,78395,63160,2506,11997,93448
AgpDjyKd,iexUqMzH,EvbtUXot,eBIwQcBg,WxZaVGcc,HPNTJYAV,36199,91170,5840,16460,94252,75278
hCUmJZpm,XQwfoCUP,BGGJaVoC,mAhiPlKF,pxjhBnjp,hLrxBqAR,48296,13468,62711,79464,87770,52140
OqcwIKkp,GNKRSIOM,cgcvQSsG,spfjhlQm,XiKtBczO,AXDUbKki,49001,79877,80724,2961,98257,70256
EDfuVGbQ,CqcIevEz,peGqcQgt,stvuxEyd,BMXjQAyO,WmISWOGO,72759,33454,84943,66380,76054,65446
PNsWaMiC,XtuPuuNV,pSHmKxmm,uwMhuLUI,xEraGBHV,szIXzDvi,82760,74649,71447,31758,12605,42107
NHHqzDLV,IRvDrUSk,NkbJEDFa,kBoiYgcG,XcMniNxK,ERFxQPyn,54334,83243,74887,2191,82832,28960
sFOKFEKt,fuwrpchI,JxMjSDVk,jhTaGzOc,jPKKTeMf,OYlSKjaJ,31411,54752,87959,23728,88892,4830
QFvOHDxM,wOknuYsn,pKGKOPcr,aoPbRGGp,pXuqTVNY,juEHMKIl,51619,78765,22522,81632,17590,82848
pXqWcJYU,idFzuPQG,oXzhaqjq,swHqMTfl,kupayXHq,ogkoxake,41825,99150,29375,52348,56796,50139
GDRvCqwx,ZwTmjqSF,qKPEwBjH,iAfGAXQz,emDdWeix,zZKWxMEL,31011,6609,13422,45636,91719,21039
KNXtPRGe,CkopbIGr,MtiMCbXg,XzFpsmxB,WUyTHExh,lJyAATVZ,78638,4508,43244,53523,63101,73064
wzjDQLvj,CjpXzSEU,iXVVTHur,iuGZNTGS,YQzcFLag,hkOzlyUp,50194,20940,91928,79213,54784,97649
eWpsCTRP,NDQxZYUJ,cuwvSFpm,UbLYJrzx,KMygAJNW,UnQKyqyS,62639,36334,9411,1327,34847,98231
KfBmxwNJ,ltqHxiid,aXpILnsv,iKeXYfOq,lfmPbIsN,lexpbMWQ,49766,56668,14833,69144,90555,70565
mgjzxsWl,QWctgXEU,DWoYmbiI,eLsPOTgW,EPctmdVA,CoKCldpc,56276,77400,43706,69482,86946,80057
AXdjqnoL,AlOqYlxA,ahPEAElr,yZBOkZSx,BShCoylJ,DxgwxcoK,84013,20821,674,90200,38445,89126
zTRFbmFK,AZjOvfoi,jMUOoGzD,SvjRSZLq,GapMRfcL,ChswlpBh,1792,72187,38345,32492,45365,32102
odcjTtRv,GHOHcSog,FLhkeYtb,wWPUnhbj,eacyApco,ztUpZHuD,37038,74398,49785,65758,82926,27629
YxaeGtTb,pPHISoOS,ISBXHCJT,yaHxjfsk,rUaImmxn,KkhcZATA,82677,47505,34539,56298,30061,36570
mtnigKkg,sAAxhwjP,TVZMjGzp,GlQtUgrr,MBVVUjes,hbqSfvkc,76526,3151,15126,8770,74530,79777
UaQLTxMO,fJtZeLFt,KHShCIMJ,zaLDRVPQ,oZWDCrbC,BNmUtSut,84919,2169,98781,53542,2941,52021
kfwQZzPs,BRTPwEyO,KzURHgoj,RMKbBilV,mGMjNDzK,lMvrWIvt,12131,23833,5447,91732,61487,9174
Hjgydljd,CzzSYYtZ,nqWftLBj,aiAWzkkY,rrnPXMxN,PpMXVZJh,34173,5536,81920,15285,41650,44448
WfmnqGtB,xOhHYwQo,YjMMFsJW,soBKceIy,CEQjfSiq,ntnXPRet,47501,5328,58377,55543,29454,70115
MgFaGTUC,XwTGjsso,fwTeZQGM,zTLoYskw,uNmgLPeG,xXPTpbpK,27610,80031,27242,87368,99683,73279
MlHmyglI,DEYSYVEV,gxgjXfoa,SYkBUJda,wQDMzDjs,DGKaqJnF,45866,44199,15838,21248,64429,80525
ELBeOJEA,oUWLyaSC,DNLOeuPL,WqbCCyfY,TmrEHrdh,ixdGTFTD,62916,81368,6010,45851,6201,41444
huEqItAU,iGNnfcMo,buGXNllr,xuJpImAz,BsKvrOxg,gSyRDyUM,96546,8452,75924,19490,44566,38740
CnHuTaTi,FfCNBSfP,HwzYoxWF,dWmhMYmI,rbgkbsKu,VVAhlBZe,47914,56806,22094,63917,55734,9603
InqXdSQC,SCCWqTxO,yxnjSydo,IRpicZnu,HDDbSKVy,kuOVWVkm,51862,65533,63849,75591,79645,40892
xMeuKGTf,TmQomHcJ,afNqRYtJ,CmAZtWYs,DbjybgGR,QLNLENSI,90479,46804,94801,26806,64687,62584
sIDFpzhH,IwGEAMaD,NwdvagXj,rpgbidQn,ntDIErxI,KDOJxzXu,88316,75013,36055,56916,20693,42171
eKYbTxTT,BUgUDutC,ldJPhyOj,AOIrMvBY,GweyPgGO,EQiUzgsF,57023,60672,62874,13680,16562,72532
ZwXGEQzR,wPPyJSED,aROhEioM,hehDwqWJ,skhKGLuj,shUFDamD,60766,28567,56688,53366,27970,83167
UUBlZiGf,kppXxFif,QEzvoBWR,RYfrcvcn,BtenQCfa,aiMnIQTm,51155,5104,9495,44749,81811,42887
LClayRhx,KjGDdZGf,fVQxPIBo,YowbaNoc,JSFLJYJT,lZPbAUKr,26955,19013,37392,27127,76607,37842
JANdDquT,wuKClusy,ZpeBDApL,ZPUWfbAO,aEJdqEzj,TEAkJGBm,40688,67752,29961,69966,88540,28936
MtEFzLPU,keVBkDca,bNckBGgh,IIPCsOhN,aXVeiTCA,upZBKKfx,8705,14970,71538,46015,35654,29967
jqGoRwpt,pQwwvBAt,XRMQDllO,kegpPoAn,TjNVTsFH,bmIySpYo,12858,87592,96253,77231,98574,43139
fSrpEGQR,KSlimXSm,XslSwFhK,ivsvyOJI,ndDQzMFf,aBbUWajB,65031,54811,53581,48786,63337,57118
vwvUEivJ,GbReusvK,qwoxgkjk,OLokDbXm,ZbzNFeUa,nGZOMRAJ,95635,38109,24399,48655,25241,66684
xNLzpQVt,RPmbtizG,FmMtTusF,jNlSkzfD,XgWEvgky,AsxsNqug,8117,81334,92511,76917,93096,67738
WHvnGCKS,cuJFQYIU,rraFOKpP,KDUROtvv,aSLKnFPw,RMzLDwDM,39730,32022,84205,61717,31706,38282
YTSBAaKT,csWwYqiu,CwgdRigS,KYQzXOBw,eFxwBEsC,uEmrbHjf,37458,22527,43010,56377,12041,21455
CAtxTTWC,TirLIgJG,ONJZQErN,FNbZvcMN,jJlVXNrb,IJrpbnXe,81567,58963,57683,32980,25883,15037
nAymyutD,lGzrMdDL,XXoXiibD,GbMUxOQW,lZKzvqFy,EOSfkxnN,5801,91200,41483,54706,76510,49899
ldUiKrWm,rYPgdzjL,TGWgEOEl,QehkkGSC,OTQUTTxH,jxHUdenB,28635,27707,96296,88576,30679,79893
VGuefTYR,yDRbKCMO,HCOsrHNq,chhJqXNV,TyHqyxCU,cZeyUjhf,41551,31590,43747,65419,91838,31397
UExXsKRZ,UELQTjwA,mBDEFDXx,vhhXoYgY,YDVxAkTp,VSVCjFzT,45063,82310,20003,76964,52309,52525
vSrwWfls,QOUCiSAJ,LhnuczKG,ktHGBpuh,iVWVWjud,FAwSXSiS,44665,5968,4821,13095,26101,17658
eYMdfWky,tjzKoluI,iLwZQtCC,fAbIdUIe,HpelocsE,HMApLHjA,13710,4062,18232,6027,76861,16734
PgDNDAGY,tAXuveTj,VenYRfCk,YxbXwzHk,ojemIyXE,neywSqre,75675,52296,419,88220,30881,44948
AxTNsSGe,RrpCqkch,oxEbvtto,WlvwyEvW,rwhHUQid,HJhFGpHv,32645,15316,78088,55794,54428,83941
QBCFfyDZ,BlvtIlPA,aQXFlfeo,tzSgPanu,SJcKJZlI,RYUDqjmi,13236,82955,70039,54084,49704,44839
NgvpqrsL,flOPTQIC,WqfDpwtn,LMdBmnZP,PqjnkjBY,uzWItnZL,90434,67248,39792,35796,73038,18395
evsJWECu,qTwrQBPZ,WlWlmXbr,owqiqjaZ,rhsWOjet,eYyAGLMA,13122,3725,25662,68399,99837,8755
mCJpGfAr,HfqShPbh,TWJUouQl,LYOkkseJ,MaGKQqcU,npMIqOWG,92482,79205,2653,65529,13812,99708
ysygNMcQ,eEIscPYy,gMAvvNfJ,iKMZCiOQ,veWhGUar,sNbWjjhv,15705,37904,69012,41126,73906,13127
ZgaFuGDR,pqBkPIFO,INdtvlSa,NTFxHsaF,SkhzEbEU,UgOYKYdl,37547,33470,74082,70132,10209,22321
PIRGPeEk,TAaJIAzT,TWkFeCVj,sQVLlzmk,MUcxhiDn,vSGjKWYy,44084,69418,46732,58859,65374,59521
FWmbcWpu,rNJTnIwa,VoXdFkLY,dIGYYhix,WKFnkhDr,pGXZbkBL,83486,77359,36344,52722,30282,16793
lanAtyhr,UNBHJVHN,GWuHdzYU,ntXUPcBC,dDGdhctx,QqvRIvcn,39660,44351,85129,52065,46255,47973
LxRfScME,dmxEisPZ,ajXUmRnh,qWbOqIGH,HvtTKxiU,uGykfkfT,1100,2995,74096,58275,83509,4285
ZeQeElSJ,fHqaWWFF,iuhgbUcz,nXGIpwcB,JMaDNvvl,HYRIEfvl,47636,7378,13256,58509,2452,1785
gZfTlCWJ,ePOjebNg,tYnWKRoV,chElFvft,yqqmlAAm,MqfBYYwe,58005,8494,25469,46023,53514,10861
PiribDNb,CaPjauUr,rDZzzmUS,mqLidalq,pzktyVQF,avzsfFlS,42443,10987,21128,11893,56272,1358
qWrpNpjT,TgQwbSTD,hcdnYaAj,ixkKxmYK,mxetcgCL,IJryPHxS,932,97148,31260,51882,4859,2548
glxfuXeB,OqZpiAmR,YXwSIWol,tmfTtrzy,CzUfOzrm,SivEGWpx,47503,28520,76433,45921,76395,9750
gExtLQvC,sGBqoEZT,wYggfMrW,qrhEFouJ,PqzFKmAO,lzcLjAPI,68386,27102,87156,95938,93557,65404
fngmbEJv,LpVtqIYz,hNpapgXF,OreMKble,oLgAVQUe,fXAtZytc,97198,11872,40437,32518,44283,1905
NgGymxTt,qZEArQKh,zDlsITfB,wRMEoUIH,gBlopjWl,AAYRvsYy,15131,66291,33736,31618,48266,6269
HWBJupLN,LSiAVDAV,WiKQQpLG,QuukyEAP,DGOZydHc,VUWvIevh,39611,50900,64553,89693,54513,68180
fCXJUVBc,GJTIsKgA,zKhyjTnx,eMLMzhof,JxjoNYOT,hglgwJXv,64709,67714,61858,66412,66679,80888
aqAGJxow,CSSUHqIN,eDcPjyVf,JTexajkW,XJZWNGay,NRbZzyHd,13877,79969,48290,77246,19457,53977
lKROHsLL,hNWLyZUo,foUuZDqa,YFGACmvP,KhaWjfOg,WuOazlWf,33173,42415,81603,36421,80491,53012
RyWrREOo,TYJKMmja,OGoomRnQ,TtBhnYfU,aIYqeUaQ,NApVMUNX,24378,58977,31861,47848,65263,4550
ibyMKcHB,KStSpdPE,JmDtamhx,lPnykFrq,burgsbBZ,emMCZVYq,92610,56012,63411,74,57828,46608
PvbXPwhS,DUkclKkE,GGlUpGwn,yYngumgb,MfgGqCHJ,cPKFXwoo,17950,4533,48935,20014,69681,70584
cEBkMHQd,LLLavUwq,PBpNEvoo,bPAZGLQS,snLPuhSX,XHfenskq,75228,46593,33998,40987,34736,21256
uyBiAKUN,FRFiqBep,IWcGpzRI,injDVDCH,SfehOTVg,QWLKeXkK,39351,11933,18328,73415,31739,57448
SOycbNcd,vjwlUtpo,cXLBcYeL,EflchhJU,VfAqQaDV,pkRWzgfp,18934,22790,58556,7886,81373,20551
BDCvsPKH,NaCShvcW,OJpQJWGE,pZCJJXbK,MGxiaHuz,zJssFJvH,81649,71259,52537,45096,14963,8383
vrmhkXVE,ooVoBiwg,SeeyHhCr,ZiBrJLTl,oWYxPwkA,yXqAJiQC,67015,47187,19384,4676,53637,20202
LQcgSfZd,oniDApqC,ueoJNEwS,FqqphRka,fXZPmneq,qXjiyqHe,44059,56626,26492,74797,23109,31378
AtvOpABa,ZVJHmZhx,biVzSNIY,uTjizJKV,GBULhpli,vlBAzJAf,68606,32097,32581,48108,63395,9221
dTmWNdEH,LDsHzjDL,MwqsTRWg,tYDybKLI,bSOKvYVm,CbfIMkSb,47837,42352,92356,69960,39635,90677
BTIbCcRO,IuNEMxzc,RAtwBZJT,KohhLIdx,GVGtDXKi,VxWKWHSW,40298,59259,42771,26564,22952,69561
crKQniOF,LDzXTRTv,AaKiFTlB,rXCWbzFC,yqndfjxA,TUMbAODA,73080,93998,61644,6908,46182,15200
iBahsnMK,SOuqqlAf,cqvPEUKw,CRnBbZCK,RFGeMZra,dQlZqQmH,13756,58313,19735,60432,8027,62693
ncwfGFId,MYaZuxfl,ohmtUWIs,FbHlANTf,unCyZmhZ,znAhfYXA,38332,83993,56070,36357,60391,58577
seJPLzST,bKXvnkXC,nIhaQBJz,BhcnHDFt,IMzDLVVf,saolnqJA,15462,56339,37518,98007,61528,4645
MFEWbkpe,vQgQuxAd,yCQgLuki,MskXjsKN,afybWSQI,IdsGSSaG,79870,89505,17080,52588,74284,50370
hHdcWoyA,cMOUjHqd,AhNzwtYA,PCUlXLQo,biscqWow,OnYlsssj,71881,33912,51160,55124,63115,84891
jPTEssMD,RhbgcsSt,EtzwZvfb,WiIwQbVn,lhBkyGUh,HVGhBvZP,66624,68430,58504,89301,51435,99903
kTgbeLzt,pkngkZcv,ryusJUSp,ViWtUsLB,iDcxWPiE,GnpGNEEz,44662,16689,27346,94154,19752,66818
gEXYYbhw,JkIIfnGg,FHnUBzCI,wglgkdzo,EACDBlkm,eGbfAdwf,26984,48209,25996,37684,1977,55991
Ahurwkfn,UhlWrCNG,QuGxWduo,DWxPZSTH,ygtsXwtR,OqfwpHwo,53823,30450,34306,39064,94892,69739
iEmxwNrh,giNopNkN,whwjktWk,eYLoJVGZ,GoXsBymc,iSBxENze,8101,24972,15220,1741,55029,34601
RKbunNjq,qtkCtNFi,QrOTxdMT,eGYkwrhB,LyPwcckv,cwAbfEvO,82761,51337,4702,42532,57097,53038
AUIMyvzQ,KzhotyVp,zYvNeiPG,nKkoEiff,KdcSnAjy,siqcrrjn,15016,90275,56459,7354,32817,52441
Qzcomfjj,bmfolyIQ,rWaGvEBx,qtkGiMoc,sRzcPvdA,KsGKJocf,53722,86178,88085,79429,53007,52802
kcmmwWLe,xtJFrvLC,RqInrpiN,ELMzkqxK,OSSraNES,AFKxKVPh,13393,53462,96097,34619,91740,80651
AuHWdpfK,qbOfRNEn,UZRYqzrZ,QwPZOSjj,lfPuwyWS,dTUpXfZF,77233,69145,4106,21273,37634,8052
sAKKeffr,acNwzCDe,JwBvtKMg,jaYSXpmS,VsxXltIk,vuZoonzz,80969,12333,21039,51711,43887,97904
oszoEcnL,VxsflanD,nxedzESS,apWxwTGi,oFVRQjgt,PTFCXJuX,11356,47079,6971,57004,85196,7376
bJyRPlrr,gZORTLWX,kEVNzSnu,FqoXDtIt,MELLsenv,niJGDkYm,39384,38080,92042,46785,29591,62731
KmXBSPJn,eCbjCpff,urpBouZS,RFImVojc,EfiRulWL,BJuJouPT,67957,86558,6802,66614,85627,70722
wXYyHCHU,UtaIyPio,YfaZOqdO,aPZimWmP,RAoiZZnU,VnpYOEaN,28453,34638,67187,85528,34939,91141
BPXPWWSM,cxXQyDlH,DKpVUcvQ,aKJwqAWD,tXCoUJPc,nDQrbdkV,93226,13978,31193,36410,18337,73321
UlQvsNOD,akklCSuk,gRkCaXXU,oPHwxmvU,hnHEWnwu,BQxVekUG,20686,22643,72490,84477,57559,9139
vCFYjlIN,ECQNBOQw,qfjGygWy,QZrUxuwg,mKHnKKul,zhkqwBpD,28617,94753,29282,64391,11481,90566
lOhbtWJn,eedvGaqD,miUOmPoZ,YZXokyCZ,uuOiJgSG,OSRqaSyk,16994,23347,34263,27673,67061,99955
sffyNCJj,MQHElwQm,DZqrVGzk,dOXbXKul,NYHbTCqn,iMkLVjKY,93783,78205,72704,20307,33179,33493
GIPsjwky,OEnPzDxH,gSXBbbCD,WlymwitE,hqKAACgT,WjjhagOu,26842,24356,88076,36266,81136,57440
IqohGQyE,xIyiQasR,fXAiHpmE,EhVaipTN,ieMgNSkP,WhJySzqD,64886,63008,87524,76532,1785,64909
cKdjVlZo,OlUUjxYh,lhdDNOuA,XwcaVRlw,FOsyqSXp,iwECRTOC,34935,34697,40712,71567,36525,49699
UQMxGQLn,GyHupfwh,DTkEsCZF,fFWBCgbi,nLCIyRxD,cSCaYJWr,99368,33082,77197,52891,42558,83439
pAbzsxYo,mertpjqt,NoJaeHal,vRJhnsSR,uUdKzRxm,IDaVxBHZ,80423,66696,28605,83804,54941,39436
ppMpIiRV,khyoXiYn,zpDXjuLI,OihmtWBA,qtpNjLqb,UlHEIBTZ,50695,95638,24675,21224,21303,40588
ZmSPccFV,TKXlvfKp,qNaOjOdn,mxQsdhEX,ctKRrjvz,eFfLZPqY,11087,6057,87146,66268,13619,37667
EFnfGGlZ,XSTTlcSC,rnHZRIWq,WcFziwZf,TrzpFXqF,pcKhnruR,46484,51031,10981,7044,71620,13898
weYLnvDW,XklPnVWx,RzbGTuCR,xBUedWGv,dnfLgEEW,aKiJndgP,53625,4969,24204,78777,51638,24078
ZTnbWKWA,PdiIHGJU,qrCUAQPb,ctYDQdfE,xxtrQXhb,vSLVTTvZ,74300,75885,34374,93050,15041,55780
DfVqDCLz,uyYCjCJx,jTAliuab,nuhScUcQ,ijovfnnh,HwIqtNRn,97372,18667,18529,29003,71854,15609
LfpNrYQP,qLAlVNxJ,nnmwXaaP,tOwxaWPv,qRzOEjYL,DjNCUAYn,65076,22079,58086,45827,38272,17711
orIuuSMi,iBGYVTtb,rjpntZQz,woDCowVP,MNIdVjVZ,RSjKjLIB,92324,10447,5216,29505,30529,34249
chdBGNAL,tUgvuyRv,GcRoPCJC,tVGYRInd,OUEQWYgI,zZSSgIhl,37925,5248,40836,57790,8944,39950
iQwNQEMD,EPGUkXvt,xEdKexGI,idFCLiho,pGWHMCEK,faKziMhO,62735,25353,55621,69195,33319,64718
LqLVYozr,wWtbxAfK,NLNElkbm,PvONCOwi,sFnCaUvu,jMKukzvz,37942,74551,43631,96511,2357,50368
ojgBuzgG,yZZczqVi,jKoLLEuC,VIwboNgX,rpdibcMP,qxnPRGUJ,64396,83791,67147,33487,2970,87435
SnaaDteQ,zCImBsIw,PBldJYgQ,TMAeTQat,NvoLXBpf,ypkJcSqr,30715,78725,32953,41053,76451,21542
xisODQbp,exRvbNDg,tfpOtLKj,cJehUqLf,RrgSwjBm,FBFOziAi,69648,50363,39372,49455,36690,84506
mrBQTqfS,johzRZIQ,xDHJjDbZ,hQGfOyqO,fovsNqhy,zXEwTgjz,79486,96797,98657,95236,20772,65991
maCBUGlD,uIYPiqAY,dNYgAkBt,JIdfunOD,uGReENib,dNjdmAAb,47638,50008,4248,86456,15918,3190
XknwZFRH,bnIKoQVq,FcDVeCnN,jcRxlmRv,SiOSDCwq,mqgxgQAR,10834,32909,96930,56598,8252,77416
NIMdWbVT,UPwFwYjf,KutFedPl,zsytVnbO,zTLLTAHY,jdPIEoWx,65399,28067,96419,97984,83350,64504
doWkXlHu,oqKvmyak,tAggeJhv,WxBbxpXJ,vLgxVTrW,ardruxTL,80796,64279,31991,41035,82611,21879
RbAFCuSV,NKQjKjEu,PMOecPwm,oXPAdDpl,zelYSKGg,ZmCXzDwf,70355,85946,74548,10805,1695,12054
aMtfUFOM,QcjUPfLI,DAZhQzvW,eqFTVewI,BoMcGkJm,vbQFIfKO,4057,96195,49610,88241,49321,38120
AKoMgBWi,VUwkulzH,NUcnLvKk,hIqQtEdS,cxIOAOKQ,fteizneE,10724,39256,70838,37278,81270,17000
JiWSdYrw,SkOaZHgK,VufKIndW,mkuMOAyH,oNqcmJCV,OCwXzJoy,33313,36803,69755,9493,69372,23078
NGojJVnV,SmnOduGn,VqvdSNmd,iHIeglAz,NszHrUoT,DdVhmiJd,75859,73014,49206,2552,1695,18805
TVoVFwnf,keHNWodC,WBJXGmru,oWfkiYvi,kjqkvVrG,NhqdUBPQ,33127,7779,21997,71533,21725,41984
DubBQBxj,FjcRhCfU,ftnFSgyw,znLgPdeG,VQwjewby,IfGvggBH,82444,86847,99052,43430,30164,94861
UJGkoJym,JSYvojyu,PwODFpxR,rCAvcxdY,MVWSamIH,JGcCewUt,13317,37452,80202,23459,79825,37037
nNJDCRxz,anLVVXkV,cKzesJdu,mYeIdtSK,hfUNdkQt,BDhgxAtN,20191,83772,21402,26747,72450,94543
sghFkvda,VbAxJETd,mpwBLasK,cSMWPzya,YaesuznA,YzCDZIjz,99795,834,82313,13935,86877,28570
SXWsPkYw,sqeJJxTE,tIWheQqI,oKRFqGYB,gJngdgqH,pzJXGpjA,8882,57636,19667,64245,35089,31619
qSNaeYBE,QuludyOY,vWaskxNa,YMEzneXo,JkXuiDmD,ybJHGwuC,55969,84564,91503,13175,21171,13701
xVnhuLGw,NxkKZoGq,SYqFCqFf,KFISVFOO,nkMcWgBr,trYkhjkC,28949,79589,27693,8264,87854,4219
egXnloZu,yYqDxuKW,JJbSYDJM,YMiQYvBI,GAbjCVNR,MGupqGta,81713,47607,91351,83403,41215,48822
QRtlGnGz,mMrasLhT,sijFuZJF,YxdbJYba,SWexAGCg,UZqDlSwE,77927,19033,86221,41485,56834,51068
VwSbkphY,bPRfhqNf,HgGuXoLa,UzZHjitn,qKJiZBhw,oRcXrPXG,64459,31657,33751,21522,76343,96852
NCHeCSbf,CELEYtsv,TCguvbaN,UpnuSNlj,JvPfrbCS,ktrfUYFd,21952,76430,93015,27601,62622,44662
qLTOnWEf,mYTWKgro,ohIMbKkl,QGFwOxSA,ohCriFVQ,GQgpvJBE,84334,77850,9062,15618,68794,4067
trfazqxH,vwHkjXjm,mfECJFnY,xVTIaqzp,cdWFauqE,UEhJCqWZ,16092,26644,61126,37688,91086,62327
zFZlYAJE,VnTpGGpY,GqnFLoeW,kktnGXyV,oDOsFnNi,JjKteuBr,96140,39704,1171,28314,80788,47587
sSgZumtI,ZctoSlBO,eBXeVell,DlCOzBzi,jJJehQDA,EMDLcfEG,80670,65097,13055,82269,13980,3097
HrHSVYsJ,JalhRcgf,hbMlRWKL,GSnUBCjA,SBEohQsz,hlQTUamJ,60465,26119,1395,24701,1434,92245
dOZPNdYg,OdlQWMnx,ZKDyYBAd,uPqmxtbG,OelaztWo,JrQZkRre,99157,73576,4099,32563,58240,93809
BaYwmCUa,rflGCZZE,pvhNDrqo,hxhMYbas,rvozWWst,GngknquX,23915,50013,30451,2032,34898,41534
KZNeACHT,rAgcpeav,LqzsFugd,FBrivgYO,QoAuvgdU,ekyTuExX,3419,11303,40583,26085,34220,81898
vDLpbnKo,zPNbhcMU,vrZhdezc,zaNsBFQv,VCNZDPET,rFaohOPM,44221,90399,96825,81901,95802,63211
cxhBaPRU,aiuYSqMH,diZDslku,aeWGADVO,JKqRUCMm,VGKwbBAG,96326,49341,59511,85402,88214,95511
jmmZJxnT,MPRDcwNa,UGdqgfVa,XtlTjiYq,BKZImSYQ,ZIYgRDii,18895,64972,60301,20830,13552,96679
vDIsIsXT,qzQhDPlE,haaADffk,jMtpBWwH,yUQbMUII,PtxilHwR,68762,54634,44457,49900,7486,70918
WsxHxDsP,XLaTbfBu,VqsELTAz,QoIShGkR,SUKJkzHx,nbQpeWjq,9793,19504,21726,7710,56512,85004
PMcRDLBA,xPSmKvsa,qqmABNCN,SsOoTWAC,PQhoVJDu,powkVdQC,53790,2376,11927,20258,97251,42518
QNpRpOrG,WRLxAhiG,HdTTbmQv,wDOqkLAE,hTQXmhzb,bMzUgjut,69929,7516,16955,21786,96426,20776
aLeFXYBu,boJbFMSQ,svZvosXq,ZiIUjOXf,rtTHMLnX,oRMrfVfV,43877,94613,48219,51314,63807,98887
tZxqbfFR,QZUHxmDd,OknVqtqe,voNlVaVQ,VWsPTaEd,tbbyOgsV,6393,45376,29976,21466,61010,61896
sVNxUSbB,wGSwpbzZ,RxFcmWfG,GaHMYmvV,WtTsHJGw,pixusNWG,77580,92283,69367,37257,76549,18218
XEQmxike,nMafwDfs,OIsDojCp,tDZAJHmr,SvgCwQbs,WwGoXCXe,69573,53137,9725,16086,15236,89746
tgqluRdZ,CnviayUx,uvTOqhXv,wgudoSVw,szVajfmc,drJgGclT,47627,98521,64845,27322,19614,21802
YeDNOgkg,JKRGuwQE,FYbhFyXM,NQDDkGBN,SOtQFIoa,ExkIOEXW,13272,46967,2475,77433,5669,14010
ouPXefOa,JhxcCgEH,fyTPXwHM,TNkmsAjv,QaLHbtRR,OAFFPcAV,66363,40513,19033,33228,97328,40384
qMdjHjqw,EOkUSNyR,PXyqwgod,rnpeoMeZ,HdprWjAX,JRcYBUjg,21252,84198,22478,59693,15003,67021
ATCpATcG,faItbmVV,ETOtqkAT,OrKTVxOa,wwvhDQuV,mWfTROoR,47263,52802,41494,29855,60534,35166
TRrNNkTj,JjLDsztS,AcVFOzbK,VTFBJovz,weJWmslX,TFzEYLrx,26379,94450,38273,30541,81378,44570
VCMLQopm,uqTDUJfO,nAVcvIke,zOjISxdz,ZgpeaFAf,fwEkiMZS,78643,19438,36645,28816,62845,49197
gaOJwRiU,aIIHFfQi,PtcFvqwb,TiaytaFO,GMxtZbeR,KJlWBmpw,84453,82726,59313,56952,3728,22329
WbsAwHuL,wFlRIQMp,LQJtQOhZ,FNLZqNTb,mfvrghhz,cTuHUPGj,9222,24411,98290,11976,16156,27370
ZbxXugya,ZOeiEjwW,JCkVdIZU,JTTULHOC,gHVLsHjQ,wCWNmVIX,17756,96798,88650,36340,4265,69133
uhrzzQuo,yjOvHVfF,MLzhrTBU,YjZSAGEv,ubpAHcvh,AoIsSSjz,74986,89567,32490,20417,60095,15705
eMcXXHDt,nVQUFoRU,IcryGXXH,LhiLQURu,UgjMcHqB,deCOmzCB,73757,33384,69303,31053,92928,5378
fIpFsuAx,hWxPCvqO,srHKOeBr,hHAHcOWB,QVltFOiQ,ohObzxSg,27172,48833,74762,28894,58640,19029
IaZYJQQL,BNoRkRGc,mnPwPXlN,KoVntnsD,wMWebyhZ,rdVPGgaT,44521,61169,79223,8143,34015,51844
ujPKDugB,lpHrjIsU,uxxiwraO,FekfhTLY,UPlUZcAa,blUhRhoI,41509,64789,37187,51975,81072,57240
vGSpbXRi,tmLHzpui,WArOoeXa,HdIWOirU,MPsOoPlm,kHvbPuXX,28566,99965,58065,14694,33148,6262
YkYcGbXX,SqRkPQMg,gMJYJCdz,NmjCveRD,VTSpkFPY,fyBBfrAc,98645,82350,56522,15951,23041,44047
DTncNKXt,yDrNONKz,XVrLKrUT,IdrvgXda,AUYMQENz,ZKjdlHAw,51317,97605,16388,86135,24266,22198
NmnNsgQy,TwdhwoHe,PHscWROF,OSSyQCmV,qTkkPPpi,tgLSgIiW,42721,16232,42286,32098,10479,93018
sTzrZgun,LPXlbZpo,pezPkFDV,yPdGrHtA,kUJMwyIN,hoVqeuFO,90446,75897,63966,68922,1336,76193
cNZQbRhG,zlxQxjpm,gfDaPtPI,fdhIbzlC,YJVOEqXZ,obtMXKwb,70233,78665,91082,72190,96458,49689
hceNXaCJ,OLYEFkbj,gpxeVFHm,wMXIuSNd,gudxXKkP,XOOCZWlc,15634,62254,32542,40593,68708,31207
IolzrHsO,RuJiRGrg,fcZDaycX,dOdQCfWU,MSZVgtAB,IWTqzeOf,63311,84306,36383,46133,38755,21706
GGRhYZkn,CpOArVqu,FgELCMve,DlAvQMqp,gSxSLRNN,iIAiPXeU,70162,30835,74996,41654,31727,71487
YUIuDWFl,VLAGdloO,megqwOPP,VdugWpdW,LejoloQj,ZhQJgfnF,69726,84207,67992,8886,10051,78669
JfxGqbxX,jYKDTOTv,yxwpmsDH,UvnvOVcp,QQmhOJBJ,nhXJsvAO,61242,38121,32794,63024,14321,5312
KIIBdWUT,dGcHqklm,ZEHiBlju,peqBCteF,QhDHKcat,zmGIbWMb,61043,52865,6042,77639,27445,89194
VHHgGTuQ,cXDNrIWx,nNoLLDrk,UPHUhWeZ,soZOuhcn,vYIAEfum,17945,65148,93075,17298,58237,68864
lHCYQQlV,OzxDoSDh,huoehJJB,KINUTgQd,cUXzeCMR,jjjitxmc,10706,90410,97475,16173,87713,3703
dHhSuhpq,RJTbKjXA,DYxceQPu,wBwBHmnf,JpislQlo,uzeNweoG,92175,34334,78476,58668,82459,55702
XojotoJw,XSONWdoT,yQNRELQU,NwtSAkBl,QADXwZYw,wxqMyWEF,94668,44998,67251,54499,25317,74652
CXgEUdHU,qNRNEkTP,KcVdcClf,bxfVDtuA,DkFLIaHH,VdrKrIau,27220,12108,98504,214,20028,43753
tsbWitCw,CtHTIkLR,OkScOYfv,kNdaRePD,FBMcwErs,gVYvJEwb,96383,69258,11817,55169,28382,14066
gkiczXTQ,ElfPUqNG,ovtJtudZ,GNeqHCpZ,HczdVeYj,gmVARbGP,28891,13887,9922,36819,45710,93333
GafFHOIl,vPGfRzNE,mhUpmpZn,YfXQActp,taAJDfgX,tazIcESB,52353,86571,27056,2933,17359,98621
prSlgdpr,otlBOeTz,myhPsZzx,ZfBEeKVJ,jlmCmZyb,PyltThyM,65732,34580,12426,63596,45400,94021
hbjqycze,AWNPGucq,EJqRGABb,bfyCxpxf,PpOZAwMs,RPhLSMCT,93122,8320,31188,49225,68033,65400
FFurUGiU,HGUylbkr,IRmDPJcZ,RoskmTyl,HxjRPfHZ,IdQbFcOM,97834,65085,25778,48827,93005,2247
XXdHVkMq,YcqQmehl,jdepunAk,sZKIwiIM,EjwBdIVI,anacJVUF,1593,93841,66752,4605,46028,16137
JSQSkKeh,dNOchjSH,srWQglxL,KFVDobsM,ZKExdqet,oonxJjfJ,8973,49023,34679,21499,94432,44377
thHWWtkE,jJxCjFEm,rcdZJsNu,QKHGHqSW,buQqGRdO,GMLsBKbQ,37900,81085,90379,82008,50531,75
cADDpPTq,hoTtJuZQ,nzfgqoIK,LhYtshpf,wYjqrwSU,XnLWUMpP,53530,47563,99665,51293,79944,71525
KklcSGVI,fgyxgTCh,kXYXJFSC,gUEnStwL,wdVIuksw,BXdFMcKz,74200,6300,82899,35645,23469,43351
daIOduHg,ZXEhXlWG,vtwswFUP,DLlumXAJ,TchzlnjY,GCvQttik,30915,66833,14293,34204,68297,34036
ifVoDWur,ItZzRQQe,lXPXobwa,tLrHZlWd,ENcBSKyV,iUAClkPo,59065,60529,95795,19363,29767,78937
LfeVrEWy,KGacRByU,UfVGSdsV,RasXUvlm,MWdswRpP,gspdftfj,50447,70749,60683,71515,14578,33858
nJSngjfn,bPpSyavv,zVxinxMb,RJYpJkxV,fjGjiEJf,KvCihgya,78771,1813,26938,12968,7734,18117
jOzNxdPj,UNWowmni,NrXJsBzp,jWDqSAJn,CMJBnqvE,WAqubtAd,52183,97104,84402,6759,23032,41546
NBjvmYeG,ftdBEmvK,bIrwxxax,hkcJAjTM,GrxZMCBi,JzZAUkrU,78737,85948,33982,62196,39932,55119
GFgTdlyd,ycJTHXti,ovEZHbdv,iXOCgyNR,koGxOZGF,fhMtRQDN,64398,37563,95966,85263,75607,35030
SkKvmpfZ,tINZXhnU,VcAMoCJh,EAFNCQaZ,xRMgjRmo,vYXxyxkn,99566,4185,18946,77482,68011,72035
safOEEwt,GqYrqLdP,aKDghtbQ,zhnAffap,OseFXWym,YkikdlSj,72449,41867,50790,23018,96403,31663
aEMftVXR,LsqTvPgg,jSOhWJFO,XJVdzFrb,FFusPVnq,RkhiBqQR,28381,9183,35573,42457,55554,99684
WTXmsqgG,IVQVtJsy,cokNqRFZ,fIYNgwgt,zAUxsLnE,HTdcjCSi,96760,41486,77958,41340,1087,84005
lJDEttVS,rmCHWbqH,lTQcpQwt,JwDYWkcg,BzYfZrrY,tYZRmmKy,86603,64442,85781,18117,81385,84934
eGDmjySO,rAiwoOjs,xXYERSlc,IXukmzub,IswlfvhN,ZPgFUOdD,59270,6010,12660,51765,60697,57199
IauXwPLx,AKfmAlPA,ZOzVhLJc,wzsJdSDS,XOmVWfcT,dsTdOsLE,44910,66363,76380,20911,9370,79337
wyvpJIkT,FDwoyeko,pjzavqXl,dbVYWiGQ,wJuOTOvL,trFEjosN,3293,26937,51254,25320,43820,61491
RCRENQRC,nxNeXkPc,zzslaYKR,JZCJGJwm,aDSkGUfm,ZcjiivYp,46784,30809,16354,58434,24436,80809
MRPHjFOS,EuKhizue,EASByWUG,UTcYhDSA,gHaNOECD,qOOQrCrY,36882,4894,66511,50014,24185,25852
nRbrWutj,yWcIToKK,iqqQAJrw,YgxQEQnQ,ZHBqdnrE,vYdAKijr,39292,5217,80352,60929,49706,2729
kXLiDgdi,uggCzeFn,CUuaBBRs,soDdaGPD,wdJooXoL,vxtTwxBk,82357,95433,20008,69942,44170,85976
UcsVLCju,XiLqGzLz,NsAwKUCY,SnSCKiWz,zZxjnEgi,JpAsTqKH,98642,78263,70740,62808,11768,32613
DaKmsYLw,DfNYDFwn,FBCXJcZt,ogrNXUfM,zTHSTkdr,cLVkZnhj,2501,16604,9105,92131,59967,1208
coxvBjft,nSbSBRcG,gJUADzvS,rZuqbdEf,acEvyHqm,JIxIwrTQ,70711,1995,20346,90443,95962,13029
xzNcTBWd,ZJWhtyhi,PYTeZmNx,IINepwEu,PqKvMwdC,lMyOHwbf,82373,41774,81849,72770,2953,94770
gecQFjTC,kKguPqLy,KYVppowK,pSLUOYcA,YXQzgTHn,zYbUTbHy,85249,16725,96657,37936,27713,17651
wLOYDsHh,eAoeBLpv,XfgZRJQk,xwZxxZEO,uNLQpvpH,FMsoSiZJ,37945,83619,85897,81793,76488,35367
cWyNkzaZ,NEMHyTIh,VoMlKKQo,msaCEDVt,ELVcMQJo,abUNVbHL,32035,50550,93584,16996,35309,50323
bgcemaQm,ihfrsspV,vabzVZSa,iAkdzwVY,fnBlZGBX,ZOYxcoNM,28238,39093,20858,63028,79246,93611
rzSrMdHF,UUEzUCyQ,PYqOqCDM,xKwxgHZW,prIrQvuV,ACtdThTk,60005,77789,49143,82579,93753,73915
LgiKkMIo,ljoNcbfU,spzZyrVj,WQrqrmrZ,apKfmEsS,ZHnuHeOT,58122,98575,19985,48551,58003,87320
VjvQvbjo,WvwxFGaK,wtltyVQc,gYkXUeKl,XgTqgAUu,eIzvFiDh,42901,30850,71151,94402,89149,37871
NpXlAQwo,FyOKaYPP,iuEkwOSV,TBWfHwpY,Pqpatrvx,bBIZJWzr,95212,17980,80957,3407,90773,50567
abSCUuPf,JUPYSdxQ,pHkDuBQC,lTZniPQe,PgwYXnqH,DkzSiaXe,18932,50852,26119,68797,88011,2750
BlnnMHAU,InpLislB,XRrHSydF,fGkKJVHj,CSCybpXp,GtZqIyqd,90825,61104,37698,90779,22394,49388
NifApSjY,GfrDBONa,BXmGqTKO,ivyEVdWU,pprKVzan,kITGJmGs,3356,75390,56771,58853,3847,14511
kApmavDV,cAKkoQtY,JWkaymSR,TBcTwMNq,STEqLZcm,yjANccdX,71012,64042,85415,40049,73260,1612
XRtHBlMG,zQIwrkHY,qVXbNjeJ,uXfSBZXM,XppbWlAS,trXpdwTW,4638,87375,16849,95970,98800,53720
RUNQdIwW,gCqnymJP,qfbdyGHe,nTNqZtIR,yxCWCsQB,fZwbGRTx,94431,76627,8224,41875,7485,51212
IHxvMbNj,zQylqFnJ,yCzwIutb,XjzWkhAF,oixDAPFu,hSlAHnRZ,31817,78330,21103,97799,67762,40413
urrAeXBf,JoTNMBqv,voosGtZp,SOGlHSyv,odrrZepD,sFGMggge,52178,88427,47568,9713,70563,68329
kGIgpwkk,wBkuePmM,CmsGtaDO,PdYMxAuo,EsXfnyxY,QALMMLjY,75990,50615,13873,17720,32115,17018
TadyVfYu,rLzZycJD,wcvEtePB,BItfqLFB,HDeQvLEY,jsTQjaNb,92950,99093,68914,41700,23056,48333
QKOabZlo,JUmUqCyw,RcerjAFB,FaIswMyl,PzTUsKRL,awIzIhjN,24416,4134,4343,3525,79604,67342
eLNLEvAE,xxfnZUyh,dsMccKim,MFOzruVt,ZOUVtEEe,SDVcKusu,84677,5315,11239,51419,39940,690
dxQgLcrc,CgZHkxmG,OcuFiAzR,PQxLQrrk,tOcIZzcL,QiNtFMoM,10951,17297,5920,90626,90453,10004
ZzFKNZhU,EiXBhaET,VnlFMSlk,XWAxTmjE,EZZakCwT,AfUvcQBo,51120,3017,66281,91133,32113,56251
QVhcdylS,flQvcDSz,LYneRgAJ,bzLfDiAg,vVjnOKYk,HRqyWbht,13601,88838,19785,54868,16253,51325
IJxnfQHd,nHWLGrfJ,iTengitx,uMCdVRIh,pPwuxwdB,iIFRGJFz,37896,28384,22393,26499,89281,96349
uEvNmkul,UFXqeEiR,IesNIdJq,OXBBdlIG,LMpyhOpR,RWgDMGEX,47111,10032,6759,31760,17743,18571
YNKyQBEL,TCqBFUZz,eWMBYuGD,MuVirssh,sfjTOxqC,ryaPXKnH,28816,97173,66277,66146,78986,65802
nldnMRQA,XDNofTHl,JfjyEYyo,kyFzRGfB,SnSoxFEC,okWCQGQj,55934,55866,97428,48447,7579,44111
ssmchhEg,MCbmzLZC,iNOuauni,bdbluhZD,vOUIRIXN,wpdNxfSv,61424,82652,2912,4533,29976,11854
GbbDRSSf,HbTKUvUG,uUgZzPUJ,rDuBANMo,lSerohDG,tCJaCAWR,29638,25758,49748,4604,48304,19721
ngeeNrtH,gkBhuLki,xWkuAKAp,rUHXkPti,ysbcKnop,jUMPhTrv,57196,81658,41863,88622,70501,47876
RlssVDwc,DOHpBgtF,tdbaRGzr,LtVZeKbw,MMSsixyp,GWzKARYA,65730,17262,58837,53460,51995,27255
WgpufANO,osbgyKiJ,MSQrCTHd,RbopKCWh,eXGeHpor,cvmidfiJ,87467,81881,79904,42641,90528,85463
GRPSwFss,xjcMfjly,HyMvSegs,usEKaMfT,UYtDviGI,ZmroRLYo,22402,34180,21543,12957,95265,53380
mtADreEb,xtbgdbqw,VSJtEOuv,TFwPphoB,GRWmuAdP,hmJmiqjB,58824,27510,51515,78793,13228,70838
pQycPneZ,ryCmGfho,MucsgjZy,fbgNtSZr,tlNLuBOa,LCXiyqQD,69624,17115,18927,38949,46922,85738
PzMYHqyC,IrHAySMm,LmztmQqy,jJaVTiQg,eXNpjNwM,FjcLiwzt,12850,68606,9554,60916,49114,29935
YqujueEy,WemCBWMY,aLDepkgA,eeaDBbzl,uVtfLweD,iOMWbYJl,47080,38596,34090,75983,64161,4219
cChzlyyS,jfmRvxwR,SXKFwbPR,lhTNBgNb,gtIPaVQi,fNTLgubB,77657,73663,46853,28237,56661,3376
mKJviEis,IpKutiYm,nyrfUQvV,vErUhZlu,wrXxHNhN,LLEKbpNe,87040,50246,58552,12750,83311,48218
BQSVTuYy,xYWhyULE,XULPNlbc,EYNejwhm,uWIPbaJK,Fmlgaqpr,22424,16231,36259,74477,31178,25485
KAnCXZej,wDiYeSpZ,YYujSXKq,SxgSHyYC,rKWXitob,GOltIUYy,33824,89985,38737,44315,80600,74769
vhlTVhBP,KpnCLFtE,kXLivhCe,ZtjqHSUH,rVKQezVH,iwnDYQZb,91655,35480,22280,53997,24956,50552
EUsMsxad,jMGOMlLy,GdwchejZ,yakpLLVu,PyHOavKY,ngVxOegw,74738,69196,9882,13090,53052,84849
vZyMtENM,lZrdlgEA,PMVITZIL,PhvRKtdI,veTISJmL,tRRtQdwd,70567,8373,99856,28514,94711,57164
fzeDKpzi,TzIAjWNG,AJmnnbzd,tDUxVnBd,bpHryxQd,fIELlykj,83889,35428,32757,90969,99538,67290
lUvVSlLG,NCorhuIA,FgdxnVUK,SzxWfIQW,LEGrTPob,dyMMegrw,11406,98475,28400,76756,14802,33552
xUXuGLLc,JauwrXjT,iUrsIsbe,vXKuYbvo,iTPzbQyr,DUnuRYQF,47605,43242,70914,42714,22608,26246
ERUmjhHj,lAsKdwol,QqzHIyIm,KIEswORU,HEqgFGkI,UDwmYbOJ,25209,92965,3020,76942,53381,24387
vNQWyGAd,EfWIEYYz,EYRvBiNG,qAPzqqoe,dxLZxrVj,FEpllQxZ,76594,89693,49315,48553,220,54066
EdcuIRVp,EqfKFFpd,JjpSzOXE,QojWdeqj,JWGlgwTZ,zPQHduMM,31944,47434,92101,63924,18454,2733
lPwLpoJm,pILEOxAS,raLJRQoh,mrsFgFwq,OTOsgJNd,FbJbnTyg,67431,51180,13410,81387,35970,94843
XeiAbihE,DXxWDsrl,xFEMUfdL,hMbOOYEw,TCbmBLsK,uwnuliSH,15386,30706,22856,9410,97928,18151
AosXQgzl,WDdxomQA,GEgegEUe,MZrauEYn,ExwTdQeQ,PITQmUfL,1984,5395,51530,12884,59293,52053
FJOwoDji,yGewgPsc,diKPdrJI,cfyRqQKY,fXKhpiQd,wXPEArbB,69341,11885,66740,20548,31292,55143
hXOAFDde,pZNHeIfg,arDnWAGO,bsQyUqOK,SVbnKhMl,qhhvqyDH,35062,30025,64789,16155,14189,10210
wTZbAcHU,iViCnGyK,dEjYwiEl,NUVTIhQv,azSnufAM,rYZjfwRI,37183,27158,57459,27872,57724,45831
GutEUUmX,bxQSikOP,FspxtBjY,mGUzGrcf,GqBggcXL,duccAuDm,17929,13023,98409,20195,4618,11122
mHmxBJxK,pTBVdFZu,ekgzhaLO,oYaRQQIx,XIPhHISM,ptwLvDJP,17648,5627,36877,89193,92102,68934
oPWjGcOh,EWtwEpXV,BgZWXnKR,EyePLkZA,GKsHPSgc,nHXNDlDm,75333,26982,59654,53621,33487,14405
xoSyAPmF,SYYhQxuy,ejVAAqkw,OgqhVxXp,gqySfJsI,uEGtyksT,42927,64567,90343,91665,13739,84062
UcMRRIPw,EEHtQroo,HinZWrGt,HMSTKmVF,CcZWdNqh,tHrQYzcT,76363,31794,1686,44213,77020,7332
IQgzewRx,kYXXkLLz,PzMzAHfi,TyOZLwbT,gUlshfAb,mdPonBBp,7499,67734,26134,88389,89334,85021
OxkPidxC,WACqSEdc,vqqzURRh,iawAhOYP,fmXmnUcJ,eOtUIxuY,4270,46907,34470,93307,6093,12895
PqDknTVt,pczyWUaM,YYXLmIoU,mGpjsKau,ZqXsSGiP,rqNzbdsG,28959,89174,18028,28746,2776,87271
WGrGIiOI,MOQTiHtc,MdqpVQpl,eGNqqQOD,kdFijVid,dBFXZQOu,26358,93021,17198,83772,67297,63632
QgbkVDna,eOgOWnqq,CMXAOHjt,hNGNJlfp,sAQFsbgD,OXMOeGrt,33305,89615,30612,63428,7764,66313
LUdFVIYE,tzodhuMT,XYjmKwHD,lydwJxyk,axFTAgTJ,pmEPErRk,21327,11864,11246,32892,6072,67292
xzELJiiF,wuIUWzCJ,jyFiyJuc,yWNfqHts,GAUWZSZm,GPFCNNgp,93959,79541,90590,64776,96066,15760
pFsyPpnN,VUJUHLhO,CQJeNCxm,XbhVJZKD,HrDTBpqt,CAKBTNWc,79012,54380,11971,27647,72581,98078
yRXgqfSr,JIFkJFJY,KeNKPHJK,iXcuqWCH,ZFvZPXxx,bSkqQWWx,61474,45907,66372,8575,5224,39530
auJUYmLi,hYHwwJrn,wrHDymAu,dUppBscf,mYvxTqxE,FvTUahHR,42390,61384,60367,93787,37680,54505
xLRzEeWR,zdxIoPDg,effVTPjP,VOrvfQlA,pDlKHiAq,jlTwBVYk,87999,71851,25140,23998,36963,1804
RAYcHDNI,qmBxkoHc,uBkhpCPv,ltIdgPAU,vISTVKop,mKTCzugN,90621,85770,62231,68050,48600,85212
DHeUAgYf,soEhlCqp,ESRQIMEs,ZsbBDkws,gYotQGgg,oNFPZoNs,86161,190,71238,38488,97,83090
SLbjFbTF,qsoNdtMb,vmdbTlyw,wDTPTmuC,rFmffVKh,ffFvfBgF,98722,39362,75127,86389,62121,98674
xDJOoyMp,HbNNKLkf,PbcyEZMH,EsOwmMHT,WXPbXqvW,KQirrwTT,27294,4427,34740,80308,73862,66706
oTJbFFVu,NEMlfVZM,oLKHQOGt,TlzNDyNL,izQhMlor,iBQvduQj,86680,7092,92114,949,20565,1289
DfZapUbe,ivNEbIDA,kYjzgNBR,RBkNVwYP,vyBSbIMc,ECZXFHfB,69593,79992,38009,97275,53107,7879
owUrstUG,NVGBmCmh,EmWzFFRE,IQJWMQrR,gKCInWIc,TvEnXRMm,53118,54284,17154,86115,95936,86087
tUIVmHAr,ktuyUsrj,QiYMGlUx,aDGzghRh,ThSHWNbb,WxWMBusD,75810,41950,58772,91887,58934,71480
VrJjmPpb,VSRXUvHX,BSItPveJ,WXYLVURV,yRfzbsvv,cFoePIcR,99378,98198,42169,90966,17,63172
SAoySpqL,gRPwQfqG,blnPAALw,EyRfwgyP,YnlztJCl,vAInxZUT,81843,8990,80596,30903,68203,52216
frJwOhKg,dgHljRJP,GOypOouC,SWFLPlZY,MqsIgTel,mXjOfDtq,2610,41802,42582,31650,897,94583
OarhWZLl,GrdQdCnZ,pCwVwgtk,biZLVIVh,fvkYQUcX,hPMSOqXK,94055,44164,33152,62440,86421,83635
DXMOajRa,dDZjdein,xuBnkxKw,vHxpmbtI,AHvdcxAo,CLfkdvQG,19879,83344,37980,54830,34040,42654
uzqFtRUT,hjuRlbHp,hiuICSvu,STilBvBs,GKKVhiDA,UFWByyPp,60976,8315,26739,66266,38380,99033
njjUfoaZ,DmCOOCja,iSonWSSp,YpVHEJhr,PUXYHVWi,iMJareQl,12843,3711,2707,75936,17056,91075
rUzFlUqZ,tqMMAUEH,tvhTOKMc,oNeHGSoV,CUunPBiQ,vlfJbrsK,75791,48278,30488,28143,12311,97745
UYQhjqpV,wSdxLzbr,pELrQiZN,QtYeUBvc,FIuptFNj,JDEZJfKk,14382,14903,2121,80466,54363,81768
KpaLNHTJ,JtiIuRzH,gtUQxecy,HzQhakzL,jBKnZFwS,JFrXfBqZ,33212,61453,36077,48448,3281,16003
KglEnihG,xOuyjlAf,alnFkVhp,oAiguhiT,CZolRXfW,vNENKbZI,94684,42958,78344,31008,30638,82015
TXAiOGcm,lzrJDjWZ,dexbNNGe,zFkjEWcV,stjNUHdL,VVbWeRcZ,74275,96877,35289,6037,44128,70271
xEKZqdGi,mpkHrTSt,LAgumguB,tSANFHZW,tMFLPUIE,WEAAffKx,13892,76675,68892,52604,67491,60646
qRzETdFr,rMmQmByx,vRmcOoHH,YHdSgYPt,PZLBhFwf,pxxfwjYc,18562,22870,24835,87737,29252,36040
vqeihMOI,HjaZhwNm,JqDbnYFq,XRTeAmMQ,QLeeLxaD,WaIbUGui,9510,49213,26059,95188,56090,46565
fTtagriD,zKGurLOp,MPKEBGTD,dKQTCLiT,cugRSYrS,gLrxXhCM,39394,86674,41323,18848,86833,53983
koaBedHF,peSEjbNH,AKwlytVq,dgqyplvt,CMKxaVCl,mPnPRpjd,59266,12319,11063,28638,49372,66029
rHMWNTsL,gHsHUxHA,nnWsOOYL,rbmBcCAa,KHEAxbrw,sozJQjNj,19327,2312,93711,75853,19749,21346
FxDtpzRk,cHYziBBA,flzOjgkx,ObqmMnru,ITvFYTwb,ifucyOLb,31563,51547,60051,33874,61942,53797
pMcgHFXW,DcvhfASx,fwTudalu,WHunFFQE,TalYbUVr,PslHFLGs,37552,18343,2231,92012,93941,87784
uglTmIcB,pQkSIQTJ,YTvXNttY,ZbJwXVFn,afcCobaS,kzHCeRqC,50351,34580,35228,84449,86489,32745
scEBCFJV,fwByXgxR,eURpoQys,nlqWIvrT,UPaVMxzb,dWJSEVOj,86129,86250,78848,56692,27010,53684
wjBVjJaV,ffJseTSl,TqrduBkX,ViALGLNy,sRfbWBvN,WehOZbjp,7811,49086,64256,83413,16641,62134
cDIEDBzZ,InkmoayR,lbknjfFj,MExYhgef,hEmSQPBq,AmAsBWZU,28930,30036,83515,4196,2014,34867
wNdVBZad,AcfeLjcw,NuYwTJAV,KcbipYIZ,EIKmAyMr,RutCEQvC,62928,40227,86525,36012,13905,93255
dKABiDrQ,ZrWxsHoy,EtOjUSCu,VFBbLAVc,eerKBtuq,oEPiOqtJ,66523,27974,4580,95257,90506,69228
lDLYMgbf,lcYoBzSX,FbxLqLNG,MquVfnZd,lvbTibyb,ToEBtbtT,16500,72215,91033,56717,3075,71433
ONAEgaQE,ChPzmOVh,ZFIvkUxk,pXQklzSk,tMjiFQYT,HnLjtqQj,32093,89120,55468,74923,7236,88522
CzsbatxB,vbdXNiAr,YDetNXYY,HFtrQDbf,hsDpAqNN,ERIcyXdC,49962,61289,4575,57533,54822,70090
PMJbyarV,oWKRhDoE,NSUEqEmv,SmZvOfYf,DswftQmu,OVZodWDF,87416,91003,17073,15905,38761,89965
aQErzYdS,TenIGwxq,PknWyogN,lQfGcLld,IscBZaKq,dQfmNeYz,80650,40631,33310,25834,49631,27423
YLDcxoKx,RLGrviGT,WWSwIIfM,kZKpfPZx,LdWgKbIP,WHJaNRms,37220,44808,74687,82437,39959,39265
tHspjqWM,LKzTTMPt,EnWJzwDW,tIXCooeC,EpJcNOoa,SRzXsOaT,38411,21188,2840,9774,38862,56725
XlfXbEWX,KJjCZzIK,qvyoBUJW,SkrHIeex,cKzWpANE,JvVqWUpj,91085,62453,34117,25727,10412,81895
zPLzSVTO,DvqFXqez,SMMJKLTX,mGYoThPy,CznCIiKB,TKAoRFAt,25247,24230,47505,12210,67439,30402
ypZRkJdE,jQmCIVnA,aNgTPZkh,upQjsBiU,KjNyoMOR,LrMmcwAJ,37097,32191,89069,57913,40808,59106
XpKnUWoT,RdOjWHUZ,zhjJiiKf,ZdEnkURW,TYpOYneX,SmqmmvcQ,9655,2711,99128,29534,50895,22464
YwriLIrH,iCbvNKze,FHkaydVc,KSGidgiA,VgnCeLrE,BQmqmWbf,33108,78056,30615,96916,21569,48016
dQFjArnc,tiIUWAiG,vGHRjUXL,kygMalxh,HDSYXwXv,XoeAXeGS,23169,84781,20339,59574,78806,25297
RghzgMZU,quIERWYC,qBAHlmKY,sJzPGDMn,ShQxcmpM,fiZPtoAm,75763,5155,23256,52038,7416,41905
CCrYYnAY,YmgyvEyU,JUZrwGac,SUrJhHGy,HpsoRlVX,streDPsw,9492,41287,99819,92898,34738,78839
TvfDGipG,LaRZvOxU,OrOhXKSB,SwcWrWJm,fHomKQfO,ShJFbemd,30756,21520,95,15887,80723,91095
IgRTYEPm,CqosRtEE,SqnSKnYy,imLaTBqZ,iuMndPIE,LbEohnMn,17325,97766,55601,90148,68704,13491
pycrQuiP,kQuKDdca,xxsQyDDT,FtWPDOmM,FnArcGea,EjZywFdX,60366,88248,68415,12825,10146,70133
OgLlNyaw,nIkMOcjQ,aZeKBZci,iGwfexSQ,umIRQNdb,bBUknNFG,53327,23716,20787,16809,62240,76753
SDwgHKfe,QjhqnpAZ,ILMNiZRb,OkwZYrQZ,jkQRwqWX,eOCcnYtl,75446,50643,21634,29102,50260,73915
LoQrFtAV,tBmUyKlg,FbaruUAb,dWvpHoYm,lwoPaoYs,rMBvocxD,22958,98009,59358,81884,38878,77806
rpxWMkqm,csimWkTW,azWwJovT,EWsbdFkT,jimcYhoZ,suyRheCE,96221,37925,83554,70380,93746,36671
ZHZEMbfA,RvSODIcM,oFzWUsLz,QcIfpwLl,DrmPKSCo,lDypGjcP,21280,30650,88321,28995,88263,50111
kxCSNMdQ,qEURmUjV,USeuVMFB,FizWPjDR,GpQfOiOt,kHcjUCzE,22629,2246,1467,64433,9112,59416
homaehoS,SIbnEHKf,gtVtDWxA,WPQaAoKA,rdwdaERp,OOzIBhxO,22166,96025,50483,66689,18056,22627
OcarwHkB,ngJTfgQM,EWcfmiAL,rlabuzrj,rEbymRay,vPMcGyNm,41524,56982,47335,72718,14858,40843
KJBeFgvJ,vpnvSXzp,AFZegOwM,ETmBwBhG,BERGIDwa,HAnWHpNF,98437,97478,71332,33390,79123,28806
mjvwurYA,wcNQHaWw,ARXrOiWk,LvTvDZCG,CEGDepXU,xohwcNZC,53442,87352,93174,17512,81064,13149
hVHvIIXt,pMWOVFRo,afsiFsOx,PZgQwvNW,TVGSnubL,eHymvRBC,70434,22342,92487,83909,30615,44525
ZHIqBtKe,ufFMHDxY,oQReDGjj,YBDmAXiJ,DuNyMbXb,uxlbDWiL,51051,13114,67455,39100,2533,87378
WORDbaWY,wtYrUaeA,YmWWHdHH,XWUlLdjh,ziCfFLru,utorCRpr,26772,46538,48032,69299,87157,64189
vwxbWjpF,apHjAHjF,VdwEWqQw,gVvwZxDT,CjEujGlc,SRFtPRnm,80291,20466,69075,1072,61279,38499
PdHjIZTn,CTdJtoKv,fHGavvDH,ShCTJCNY,uHJwcjdn,AzsbNIJg,24872,47849,64932,96695,84775,88473
tcnVkmNC,EJToqVDP,vMFqxLPF,liLTIAqx,YGxufmWX,fMaXyQqI,50574,37920,37433,24339,2835,46983
nKBfJCju,vQyNaIKZ,MaouyrtU,vSImpJXX,tcQnwyCY,vXopYFhR,97059,98886,7178,14472,8500,91265
nrsSkLUo,WJCStnGA,dWrpOtBc,ZCQZtkmv,MjtkOEUT,KaxnqFDW,89874,23995,67264,48423,56420,35192
ZFkLdsKu,MOgiVtXM,oSHxhHuh,hCixdVwR,iiXAIAzw,gCDhZIVx,9743,17996,49875,38999,63224,2490
IUjUDSkH,JZkRWEQf,XgFzAywp,dUpCoPqz,fBTirMLb,arZjvOnz,29868,47643,65566,39298,50334,40341
SUNpttRG,vXYnYiaO,LFbEdcsg,rspDjaiG,CfYBeTZn,srjznPZN,78612,40152,42222,43814,12013,22917
eyTtCqLT,UnIaYNXm,ERfGalCc,qtHqhfmM,kviOhXJd,UVBixMOg,67271,60159,27181,60742,42216,64511
gAErwWae,voVqWhnK,mSndYGFA,EMgFWewE,zrIFKkbP,uPcEgFbc,21254,78801,26081,45230,82714,82462
jBWcKMOk,BLjUczXW,VyTJhVaR,MtqXbeac,HYwaRGtV,LTOVCpjw,56038,87006,78579,23526,20156,19031
jaVahGeF,ZBNgWvGg,yGUAQGEp,ceWssAZE,MXkwDPCL,AODNqGEC,42397,42056,28986,82476,8866,70938
sqKjcIEv,mnsxnkop,BRMaVYUn,ioVpEmGR,tvzQYwKN,GRQhKvAF,54645,22903,90176,90889,97841,79884
VbdkfSuk,gZwORsZj,tRqIyUIH,HXsLZmoO,buKwfRjd,OnlHONgN,88270,5920,47675,18045,4297,38716
wzDUlbCm,sChHVAjv,BatOcwsa,HFHmpwJY,ZycrJBrT,XzqAYbqt,39933,74924,49650,42703,39474,72089
eNAAcDyT,VqJMJwCv,qmRQapzA,mkmyGIWb,ltEHkcTP,HBKBdPzy,79395,2589,56762,35026,6797,38432
OiqRyGsn,ZwAIdIHC,DXpwQTRO,iTPvghyY,HgVETLbi,HxSqDXXX,92424,63213,56667,41870,24658,7905
DaDUvbZl,CoyHwqXb,EITcGpDx,ipdjFxlM,fugbZkom,aQruLEmP,59108,76555,35963,31218,16224,77257
mZDqTkTA,GcIveUfV,kMYIfgbk,sbOGqebx,rVyShGLr,dStoDFak,11279,38183,13855,95434,81649,56690
yQwEaOgi,vrlantwO,cxbmRgGI,rBHsTjKa,NPYXOqgv,MdWJsTvO,75931,23321,96988,84653,12172,47186
zhXqQepO,CjAvknpC,FDCDGMcW,TeaGrTQY,ewsFuoGm,OQpqnjsC,27398,44882,53682,6059,99979,7275
zFsOvswE,hKcBXfdQ,JBQljkGo,mwgNWPhb,gPFvNvMu,pHpUkCro,53784,32699,28835,28931,56811,47881
vxHkVNhd,iSSTcakJ,zpxNMZVo,DRybDJIP,iUAYWmAE,ftJsSaic,97288,15534,307,41560,13593,79195
OrOgfXkF,lYujAIIa,vbbDwLLB,ixeZvLRm,AvZYTVwx,zBuCaTZl,67850,63839,97368,89059,84187,91267
NjrkfRNo,iPfzHaRO,GxrAYZIM,LePHiFvq,eLFUELIG,LBbPJruw,9091,8689,69802,33578,5239,52819
EuTQCyKt,QTSyybFC,sASAEqDF,SDVyzwJz,NsxPUsum,ENbJtjAW,29033,98937,54400,16040,22003,59800
RZUdehlp,oaszzdqI,XzjDyubD,qnraMHKa,CewqcCnR,JcQlSqFH,1706,16421,69994,56266,18228,80893
YdOFQDpf,vmWIDVjb,FzWwrZPo,SRBYRlAL,qhEYzBbl,BjiXJZYf,17108,81215,21303,87003,59487,79794
grKuojwm,SbzirojQ,CuDGGZAR,wDuCNwLE,ngfrxbdE,bWPohMJS,38432,46320,64376,4095,76493,88109
RyEmyhrd,pDTOFJGJ,mApUobQt,pdneEpyf,ocpcTsii,XnXWIiSb,17396,22819,73509,49506,92408,80709
ZViaUhTN,HCRfMqlQ,xwzNlPQX,AEcIczlH,IcBzskfc,EgsfErdf,73694,13396,68670,3028,11213,85525
xXCeAaHj,WBoTABRi,yOjgCKBZ,FaOEAVBv,YUGZQuXt,cgrUTShN,79769,54992,8689,34788,71626,16292
qjaLmwoq,vXnvvtoc,PfiXjyDn,ldwrItvI,UgRXUJuB,GMTKaAzq,12325,19575,32253,63064,66100,34133
QTLglPKR,SpPVNXuQ,FGaeeAGH,rqtyKTNd,QoDzqMYS,pkOaPiBF,77710,31128,15909,76024,22896,54261
dRgiyrhj,gQPXCEIt,yTrHWLXR,wqQBrTGL,Viafwofn,kBdoLyDd,67358,86788,21401,5835,77,48422
TwAeECfS,fRnPZhTL,UPOziRZm,GWnunWuY,JlsvfJpV,btqIsKMK,75744,39385,80021,37208,12296,61285
UCtBDFJb,tmjEIDJZ,HmHdiAaZ,akkBOpIs,uhULHTlH,LDEwZyJj,76660,66052,63767,26310,11290,41869
jCaWqWVf,DnBlUIsE,JluZSKCV,iVueHhdJ,DBnWbrwz,MEyowCpH,35875,31821,21529,39626,15702,54234
HVGHffIF,OWgDTNqE,lEeopcRY,RvjozBcP,HxcdEuTH,JjWtwppe,51170,6659,78827,47690,19554,67581
YkqCaEOr,qgcPySft,uynWudIh,VIpTOpIL,ceSjAUlm,DGbTuBpC,30741,95345,37845,76954,85145,19175
hjCzidJI,hiuhnHNE,PPGlpLLw,MaEHOIED,TZjbIljt,DFJYPQrT,23252,7207,23131,22038,82375,67911
GoMrkPBc,LHkIkdXE,TcbDEQrP,GMiAsGZG,JIKBmdRf,FArufxUI,20387,31819,19981,45487,72113,11429
epcKxJex,CvHbgRVH,iVaJpnDR,hYrOPBQn,tSikgfiG,eCApGoiu,14788,55438,59898,21103,39680,31043
aUiOTWGU,FMRNrIjV,iERxRtJe,MSgjVysT,CKyYQSkY,JAIOMGgE,44874,49825,56120,33124,47882,77174
BiBOPgVs,VdoDiGgm,ovxPbbBL,znIOXukP,TJFKBvFh,zItITbrn,93347,76743,30014,70844,94743,78245
MHVGGNsz,iyMpuNDF,FAvbCbjS,mWuIXQRq,NZIAIQWT,bkUZfByg,32684,85086,22077,41497,51069,23075
VrVhqPFd,OJJpNOlB,NqbWzATu,mlQtfmnH,snsMqNAm,lkDYiJup,14691,81445,80470,20974,36924,81598
TkLewvXu,ZHJHsETS,LIAQvxrs,sjpfxeti,gWGtUfPy,UTjSDfPO,33211,26833,62096,636,69117,70201
lPRsvdGj,YbHNLjHL,jsxslGQE,OYrYryTo,CBBUuHEI,TVhVojfg,36493,40454,64310,7213,80207,49198
YrZzGZsX,oVMYWdVo,HBwSMmRE,vzDSzeTw,YgiNsIAA,dfTKpMLv,5221,54522,93338,84808,87296,112
JSjdhLll,ScoYDEfw,frguOkRn,mTRcStzI,UWBDtXKC,oFQFQNnn,19339,93860,64053,21124,99167,32250
MSZZvXSO,dQiTlVRA,yiOzAPeQ,QJhgXrBD,PRqZVOMj,NwzCHMCa,70901,38576,95253,30433,38029,72507
NGMcHLpo,IpOuAqqc,WOMTWFrs,vgVSYbvS,tXpHNlmY,BozJsibw,51763,9674,22179,99640,8647,35445
SyWCJXVH,KytMuVVy,WWfvvamr,lDwDkLie,FaTqXylU,hkVUPqEB,24179,69928,5316,32343,46102,10592
ORASaNsa,qpqBuuGJ,BhhvKJgB,agZBKNOg,hfmMIMEG,CzqUvyxp,20930,69249,41415,91659,43435,4340
HzWElHkC,bHtzKTni,SfQDSvAG,OGtbsUwQ,SaDGFqJy,mskfElnC,89490,46802,34506,14385,39745,59024
gdldNNkm,oIPFtrls,EalFYoFc,mQkWwoXR,amQBLnTl,VNTsztcC,33853,83974,18803,75359,4254,90020
sRVpzPKo,FMtJKmam,gGYnDYyz,ANkRUKdG,nuVeopYO,vyMIXBZa,66637,36503,20486,84053,50359,8388
vFRafshY,rmmufAfx,ZvIBVbap,UzPWzFqB,wrrYJaHu,jXhuhfEZ,91281,32400,51115,47637,6408,22451
SildIeko,REIZEtFN,pfgnznhT,OeQogOYZ,sQBDncWb,FtGRiOET,94728,76215,50747,36275,68316,31031
RvGXzYwq,gceFPgoZ,KSIjXjJp,bxqSIZLt,JdogqmHC,LDUiHTQq,11069,20838,70795,78476,42798,89573
yXnUcjPG,RDqAVgMk,DEqHLQct,MfulkDEE,CkhGhOUw,fVhOVrCJ,3381,20321,22784,37846,60412,93290
HAaDoffb,PgtRQGvq,MVlAcSaN,njiQEGoW,oBHBqOZD,uKFMVgYx,326,59388,16967,35062,83605,14971
zmvvtuzr,hURfcwrR,cPOYQOrt,PZEeZava,AieiNYpY,bHjXLJGw,80289,32399,57600,43735,55972,59208
fpINiOMP,YSBHgrMG,nRaQiMBx,iEEvIDng,wsIdBxyQ,cbxMlNNk,72795,86996,20074,90940,22130,9437
Wapwyyeh,ChSUKZRP,bbgsLMZW,aAXGgxuZ,GoigbaJA,RQwPsaMC,61981,6038,8225,94482,76660,3126
RlGvgeow,DXpzmGMi,xHXBvTnM,qEUZUwcx,avaoNmCY,QKNFtOVb,31318,41151,57138,1796,18911,28367
BvpBsCmd,igENjlZD,zUFkifRG,HSXqAzdW,tyCHRIhj,YVVqmzce,97739,70584,1834,59400,72831,23159
JoPeANFd,UjGhXgRH,lCMEetmr,xTmXafUl,mScdMGJF,CRLFIdQZ,16086,61503,68241,62306,14172,79854
qGqcDqYv,PGLPmxNK,joVthCcP,WrrimGiu,QptBFIht,DwmCCoaP,25657,39604,24708,62792,70228,30406
IlnPFKqh,rJkOHTJf,NIJZMxlV,LXgkCviG,tcPfEMxR,JePHqeip,71851,12251,13101,53506,1422,95471
JitNuDku,jMlSQEjp,HSKFIRgz,zCwqzjqu,OxPoPvxl,SvjnPzmr,76081,19525,98957,58549,8980,32677
naEksXse,BZOmiGGW,kDuVdgZa,bvtQZfMG,qcyHAoIz,MzoWrOIy,77951,45354,4112,7822,85031,7210
ZmIwPdaO,PfiBbwiq,ACrSWLaV,sTYYqRiq,odgkiEAF,pzqIcdob,79895,41763,20890,82865,31769,30491
qYereceY,XpYZlKSd,GECNQjrg,wZYFmbtU,xnrpINPx,SwQQexUu,41280,14798,5457,76631,15597,55526
FMGDvEyN,DGKavSGB,kuDIzGlb,yioTJSvg,vbFLZaEU,rGryTPfS,51708,67154,23019,55866,2845,71831
VYATilwz,FPRMDczG,KegZjFct,oacBEbYh,UOQPleaA,wqLnaQjm,65665,89485,6266,96904,66253,76878
LQDgrunl,iYYKpJMP,MNslZeCS,MJWhGSsW,XiEFFVcJ,icMRFWOJ,48332,67686,44901,46902,30595,63478
PgYNqwNL,unHSGWoo,trLNwlqt,KMWqXyrY,xhVfirDC,QXYqituk,65607,8514,72024,67264,46024,40659
rUGZCUBU,YoZnCatB,yVhBEEPU,YvzVmahJ,XEdsGuPd,dDUIPyPo,18670,62836,98235,50233,72758,96427
MOZqmOij,RYEhKIjV,mehXYGXL,uesApldi,OBuEnege,hQXYtuAl,3729,91978,14443,47180,12655,3431
ICdXweer,ncnHucvN,qTxSVBPR,UMSqMENn,DJdnQzxj,MxmtOehJ,95868,62673,56106,47024,27563,70824
HmekpIrv,NbbHDidD,WyrrTlPi,NqaDULib,vIrAGYhG,avfdKnqp,59805,76099,74278,37090,90281,59335
BnbfXtvZ,iiUdqiTP,GIyImEIj,xUytubiO,ZmVwWbHy,bYGlyMiq,92398,3576,13412,37402,68620,17411
gdcRlACO,WesTBBnX,oNQsoAwg,dXqzsRfl,jMHLGHGL,wLdHGCjv,93426,92098,8155,73747,96527,58173
KzkABGSk,QEHsOIHv,SVQpmynJ,wFoykzsL,uKBxmUfO,GviXHVlC,46703,3913,74628,7727,18838,51505
brfEZBLl,lLtoLbEa,dUxQEtMp,aRWNXXHp,GvoMfGLI,YMKdyQUS,59985,25782,58047,84163,50385,12750
biYBmPwg,qUpySGHe,OaGYOHKp,fXuaAZjW,jwjpJEVa,zsAzzFBX,66569,75989,40830,81807,31612,84585
IcbJqtDZ,zFkPGRqD,dtlfaXsD,jpdtNpfH,lMvYqNSe,teikZuQP,7331,85700,64827,36827,48568,43371
DnOWGoFl,TurARDdK,uWMcRApN,QNDuNzGr,exCtsUGd,bnmtLhOg,17560,20356,44342,7922,29635,44212
LdWHksGV,HGjbqKjt,GYdYSLCX,WKlsRxFf,DcHjomhc,YtdMikBZ,18468,74068,40067,94132,23800,4069
yQjkMIRX,YGWvHxuu,tYCxoDIC,JAdyKGDW,NotCAKxF,AtqXeVii,69032,37459,64702,77095,81741,29920
tSTOGMhh,cYivYGkD,sKsFdQdo,fjnmjEAY,eZcCrnhs,BFQxUFQE,18457,3293,99958,77498,93375,90132
KQMYUKxj,WgSyeFeW,ddjmDdqT,QJcNmpdJ,qCUaoGjZ,EOUDZSfO,12307,59140,42326,45469,9146,72815
mtfSInfT,WLSLVWhg,uCMSDHYa,ypnJZjSz,uCTztBej,PyRcUjii,52359,19934,56006,67935,8903,14763
yyJkNxZO,cTUpuaDX,nspsJGTz,BGIjDQrR,jgGUqvzs,lWPVZsiO,78345,33325,380,59896,6476,90977
PfPgZwVY,MZvvvPpA,xlZTrupt,WfZjNAty,fzCuAixg,vkyrMKqa,8541,92691,63263,55691,57703,71464
hqemVmro,VSzBPOqN,ekjCcElX,SVVGtngm,VXSKhwKr,whKNCedP,11903,69886,78304,30062,75340,17287
ionhWBlK,XfoJjFUP,qUGAheFb,fRyCXMFu,yBjqwtDT,xQlqrKLj,63498,19311,20725,29625,87817,30712
ZqTWMUQg,iPyMPdrZ,dWmHZuUM,gtibgPWS,uEGdrPjh,XsdupaJN,55938,53648,20328,83759,70200,32607
nptlktWV,albfZXvX,xbztcAgE,QyxPuwHq,iJrMVKMO,UQRBVuFL,35211,66994,47049,63100,52809,81954
WkJvpShH,yOftMeqh,LUXnRDvF,fUEgZOko,VOAntYVK,vOHmSaht,73909,68028,67046,52876,79186,85312
ZxqzTdus,jOJBWWyD,LxGyEscM,FRbHpBCe,RdsRFTwI,BCstkSQW,75779,28941,59140,1741,49470,89573
dBEQHgjx,BbfWzyKE,pVjcsHKa,QQpnCFMO,nsgwAEMD,jDtitJqn,92727,78140,68970,13905,61988,3483
yeZowtvy,uLlzEkUk,dtNfPjHG,WkcUCJbk,BhgtfXgc,wOYMHpHX,82663,11405,72777,76550,91576,77056
pIhsXoUw,zqGsvfKm,KteiVskn,EJfHtFyx,SyotzQrG,TVIZAVFm,65929,47676,52583,22038,94751,46681
RrUqQqXy,tHAFqcEb,evPZepad,qXVBkqDb,FWrSBTbu,PjXwKcMQ,29826,50799,44036,38964,9499,48614
HGQKSlsx,VtPBYYDX,XmXVCHwf,GGjpZXRj,wmpZIjAK,aSckYNsM,38367,91698,7117,79211,6885,8063
vvSFPYhE,JzuzcTpL,naqlgIZT,sPnNhwjX,gFxjYjZV,KJwRxQro,22917,1816,41574,1708,28800,17817
UygvfJwd,DfUeGPCl,lgtmnRMX,vDeNTfEJ,kATZTnub,eYsgnAFd,66544,62006,19478,39856,14329,99455
vdlundSW,IsFSmLgG,wzvweMtm,Rukpkptz,cjKMhNmA,dGtQPthr,43517,25367,493,28245,71481,18197
FlgNlrhI,cMVGjLKG,xbBYurWy,LunQoEBF,FinBibKq,TOOSCrOw,11458,11923,87468,348,62228,41284
sqibSIhq,hdSNcZpA,HIhEquZv,hKTImJVZ,wiwMikgY,ktpvYMXM,37127,78171,79064,84872,81543,74322
nEkVQhws,LCBJgSgy,LihatkCp,hpAigQVA,bojEGwea,lRMqmsYi,3230,58309,84509,81263,84436,36573
TWHFdABZ,DSxfIVpR,EqlbZiqW,BmJPcJGi,siGxHdIm,VGqCcrzk,5660,96514,63591,757,91351,61455
XLUIbuki,OgVkkJDO,hhPylgDV,tSeDspjI,UisiagqE,MdnVYGDC,18674,32386,14554,71181,95657,78068
NKCHgzty,QmBmbRXx,yIqQldzD,yEflBkyc,qddNVpbf,hNfmIrZX,67941,71132,45350,62877,21110,79293
FcXOdfVU,CptLAuZX,uDLDyGUb,aSySdbTb,JotjDdUs,bSJTiEYN,58611,25289,95588,23353,64435,51567
YEaTPnSJ,sKeJSarB,ojTHwNCM,lnkULClc,iezRzIPL,SFBEYcZk,96505,28456,30691,82902,15936,97981
cxaJHixT,hLyOPMSi,qFOZCzxD,oMhwBOSt,XbhrartS,duuNQHbj,70073,32878,10693,67249,38606,42688
nAYmEoeT,NyWmFCHN,ylxrWHSW,FsanVZMr,SxdTuDJu,xzrckppv,10079,11140,44687,28597,15730,13441
SXbsmTBv,cariwrcO,exvijAkp,JXaheUUa,JNqsQqJn,ikFquQBZ,58061,23763,17726,21273,72979,76622
qgokIyZn,wxlDaVHb,rEXllNEW,scYvWmqZ,TXnPFQcQ,cAgKElYf,9645,5477,84013,11036,17514,34206
rkLBgsNI,jMhqVJMc,NdCvaOZB,PtRqbDGo,MOgIpajo,uKZTRhXX,49219,10371,30556,10643,89126,12152
oydsjsCq,aFyJEbBd,uFsmVYjF,WHzPUrtt,knwcETXh,xtGRJSOh,45725,89979,59452,53997,69249,51464
RuMFmASe,rlkPuUNj,ZZHRrDOb,ubIqJTOP,SwdKKjQk,qVScqCXp,48210,4010,62673,76640,93958,61167
UHOqNeIt,CnZNtMEs,InBGCtsg,kSSeovmq,GMXVjpJS,OUvWTVJK,57267,80342,78726,24782,48093,62281
nFPKVPeX,ImRsjoLB,IAuxaKOS,KtasMuKy,VKJoOZux,GqBCYayq,298,42176,61908,14927,93889,93767
iQBzGuqh,aEPblLmV,CGuqosbr,hNofDRfp,ROFhrEbm,SLwahCOQ,22805,25859,8599,32064,49890,60039
eicGqvgq,vDvuHQqH,JDcxkVAN,gxiTYdOK,wNSoJqWs,TJLhHHfo,92065,85577,76631,37284,47547,79722
SNgQkcCA,rYCbBVpL,SKbihoLE,EcIupiGO,kyTBYKRT,lvuKNdaP,53170,27835,24260,86835,3793,77911
WXvHUmNu,wtlvkMUr,AMFHuMqr,AcIosoVS,unATqOBc,smUjBtHQ,94163,29694,51874,97672,86412,62074
RrUUOuZh,JTngdbqf,sECTujFS,EAjaHWlD,NXdBGMrG,mCTTPLbp,91856,40899,46670,28473,19971,57490
TrviWeck,sljpSIrn,IwmAMRoY,WNtgFDmB,ABeJxgrd,hBPRhLSt,4419,17997,79826,98363,56258,67796
iCLwvCDX,uWwKgusx,xOWFtGot,jgjsKREH,nIMokJZS,Hjoryfug,45118,81994,83712,54080,29583,68214
zOEXBDGe,BOqFrWEF,WglqnGJF,IPMGVRSg,gCvaoFXF,HgqQWtPZ,64757,19783,82490,75229,84276,21226
OOkFXwMT,ZSiLQWMm,oUwVAYpP,ZfNgeddr,KrfNGxga,rAgGByHo,18042,53807,98486,80220,73295,31294
mamnZAzk,uBqnJDAK,zjFYwneS,KQMtrlAk,QaiYbkkS,kxtmrBpz,32498,18679,44676,15998,20578,51823
kueIkphH,DuCQbkdu,rElTQyTU,REnqFLCL,SXLYDrZp,nMolFnYJ,96339,65047,47617,60459,5352,48886
zaQDrSBs,vCRcECOt,sAgiyERi,yWAozRCF,vPonwjrb,zLdrgdFr,65483,91424,29041,10006,21997,64098
IsfYnHpv,YiREJTaM,txHofenW,HIwjwEcC,QhYbWAFQ,SByyoloY,83930,74366,78484,60561,46237,47751
jTStYFUF,EfAcJrkG,tClSUOfo,XVQQYhNS,kbMdiiRx,ZpSTPHOs,11390,22491,78493,53966,66096,20138
YPwIFbcJ,xGidAeLl,AsBCKuIw,sEltKgQr,sDKXcUvM,YQNftPGP,2266,47354,40204,46744,22561,22579
CKoutcLN,yjPPnwbO,NBMkcWJJ,ZyqYiKoC,rdQQsWNC,bbgDWBWv,42251,83103,76440,75377,29047,78413
WPeXkWoS,SfDTuhnL,wZNpDPNN,BmMtuuuR,fiMffGhj,RWaufKoN,28171,79927,91393,85676,37252,22631
DbGEUTGV,AzHYRnLm,mYIyfDkp,vNKKjTGi,jHeLiXnA,BXWHFdNY,22125,37221,23970,95539,41574,30252
xUgXBGGX,iQQfkbej,OToxuRse,IheeoqAs,KfNViiuj,ZSTIjTMf,49329,63374,81422,21518,5991,40404
cuSYauyF,SizGWNdu,pClZfvPH,xfWQNsrn,cVfFtdID,LEVyBOVD,22989,9707,61071,7281,87908,80521
zPmeyWtk,xZuaCiJm,oaToIDlX,RYxLqNMo,grvgGzEg,CgVNBfkT,58412,78208,78137,68780,20180,53245
pFijoSPo,wNwruTGp,TnDElChc,duEAccOK,zDztGoCQ,HaqbmdUq,31571,14174,30074,5661,84176,80940
IwHzKYId,jfdYHmvY,NaviCPWo,kWfCOhwx,iNTSyNBi,mQsfosgn,20320,86423,91503,15815,64655,86715
EyeKgfhS,RmztYLED,blzbVLnL,BsTQzKJO,whfOmPIP,vsZDSOSO,10812,6298,81039,86994,91024,16868
bxroCjjt,JZtAmTPh,lwmYFqsx,dWYdGFQm,lbBJUcsk,VTycoQcw,89068,24288,43577,99131,88675,11081
PGvPvIwq,CRfvRLWm,YVoddqCW,gxHnuLyJ,pQRIDKkm,VNPGZmOS,38481,15227,85009,39610,14585,11571
EObYvlRE,qsGvXFJu,uiWsNvKa,ShUZPIgO,ICLfygAa,BTWkRmul,14128,21991,72600,42379,24888,4122
qJcsMNHI,DVkXNczE,qhEKwken,zTLyRyDa,ETVRlYOj,urpIgQXU,9560,83304,23996,81762,79826,22849
VAXacXuQ,QxONMjPl,fjlivmMt,fUkZYHDz,gzFFGALu,fIpGfTco,15853,3377,53434,14624,33217,42398
mtwzFhSC,KnJVZGJM,pucIXNxP,zBhrocsv,TIrABrhq,ZHHvQecy,9571,91066,51187,45930,13330,64895
otdoURZR,MCJKvioo,OyssxpfX,XtEjJzRv,mSiHhkaf,MNwIZPnX,59700,7234,53282,66369,81821,59256
CbxwvTaY,lLVesobC,HbQeglhM,FvmNoWRg,tRAIoEey,WgYWLRLI,79392,15221,71725,42582,22274,33170
qonMFyAR,UTAZSEKA,SBlNYMml,OGvnOath,FmdGnpce,hvJUitxH,38827,46324,15042,88930,15001,8037
zgphOQiY,yMrIdUjE,BtmwVEpz,AkJQlLSL,CmxOuAES,BXbCwhsS,97964,12678,7833,14588,34513,73720
UvQAlBPx,LDtrYrEN,VfVLHexh,qXjOtNrM,SeJKhUkj,ayyFyjel,93799,6136,91176,63148,88471,27915
LtPgaVUF,aCDhlgvH,SMRWaBUm,vcTXIDHo,JkkTNICd,rCNYptxY,79143,27589,26532,80632,28977,42740
fQEspTrT,cZZXqanP,NKeWNvIB,kFWpEaSe,bEaplSOJ,eoDDptCR,11528,92684,37381,4657,73259,73161
PLZNddXi,bfTGGXrX,BsmcwRwm,ngIsAiGI,vYcVwNKl,yuWoogBs,4392,78330,18111,86271,51777,34689
CIYPFhMa,ukUAMTkW,jMAOWfkb,cWIcHbKp,HjrnGJIQ,QOUBFuGi,6381,58164,57728,71105,10267,47497
hgvCIznu,RGHWQBSJ,dxwsglZE,zYQHriwE,OskocEMv,RVpgdbZy,4363,33979,26962,43015,99935,1468
nuAbbkvt,wSCgRuKk,YtsfpPQL,etjAlDyt,YtMhFxiy,wZhwdzqY,40237,64169,21791,65395,17059,28450
XeohXJnu,hEWycwYa,IWDIjcgr,UnUiLnpH,qPZkEETy,BFVuFtqk,98572,39483,56381,98185,41897,12797
rAQOXRIQ,xlTzsyQR,GrhssQzq,yJiwfkWJ,xWBmsdTb,WTJkPiBf,89070,46485,45215,54087,5763,96210
UdisHGIe,DOQwwTOk,hbvfcPKz,teKjabET,mAiKiQLI,dLelhPHQ,8194,56409,25137,54244,79347,79676
RMPFLuRR,fDVtCdVw,QrsyyEhG,wFWJQTDD,rGapMqUl,zroJixfY,51346,69286,9959,58174,47996,1008
TMOmLhsH,ANpJVTBF,VlPMOiGi,RNKwCcdG,AaJXVldr,CknfdsOG,91605,62659,28162,31336,34127,32288
xslRNMtm,fjCMIoER,DJzLDShw,QwqvePWH,UZACwTgF,wdUFBJwO,30521,19920,23221,63620,76200,48361
gLCCienp,WXDdUgoD,FJaTrxhl,bzRfftOF,odNuaeaK,pXuXDrDM,41223,39026,84980,10256,80668,87306
gitqKibU,GkDGgmyl,KMPHOxSY,wZZXjTPV,iHYXWxqP,JBaElgke,78554,32307,21772,71567,60044,72385
HtobSZGn,PnZqhVTo,YjgdlOuL,JvFnwMcP,MyFHUuPH,IPkjHjbJ,80044,94785,85309,51878,58313,27961
bzLvhNuD,mJGjCjTH,srUNtMSj,JUnMYJfa,qICGKJbN,fUPjKfng,41251,49801,52769,16783,20659,82333
WkAlKXAu,qyWBrJwS,ykaqaSaK,BMVnARAa,MQNQikWb,OHkYejog,58703,78455,65978,39251,70147,51058
MtznIXJs,tVZJfBNG,QYRWMnDw,skZoVwMO,ulDOsYRt,OnBHbRjc,53691,25240,87198,39839,80115,90715
rCQTPuVs,vTtDBQyA,vwWIHZBx,zsewnmZI,YfsHzxvP,uDvqNGIG,86290,50041,12178,89598,7579,18936
BDXScQJF,JUaPSjIq,clGcfXle,vIlbzHaF,QSZwWGjd,eqmdUvSc,41838,81552,9215,3621,76599,1329
yrbzlbNr,SzVbFGJv,CqxsUYIq,fRJfBGqV,apdThGpp,PhRmvIfC,50314,42589,97999,26634,45752,39815
oNxXHYka,TUEKGpNy,KudFwNev,CQgqsYCB,JifvkJoh,lKHXGaHN,26984,31450,57715,20618,10693,85492
XPbOiTAz,hbvUfYMO,gmCDDtMb,xrZQlYkv,xZDVAJCR,cYpLNAEj,50292,18184,61863,53296,9450,37396
fqXCKneG,DYDMGazH,CsaRDZZb,fSPyqVIN,qEqhyqpz,JsSkrzaE,35644,10167,97518,16602,18609,8677
wlHGgKgy,YaQKAlMt,Qwfpmobx,MiKqeqzG,fGHMehob,VCtcnFQS,16613,92215,67077,90172,89092,88495
QrAswdPv,bhybmzDM,BLZDgkwn,JvXhQCVX,neDBpLmj,FQBYCnfI,69151,95716,16700,7165,99361,85693
ixRBOCKy,EycmIaVh,CKGRCwEu,hqIQzsyG,LvtIdNsz,ejfTBTEe,46917,71036,82646,2323,87124,84604
BVAXqrQh,ArVhJYbc,hmueBoBj,oDClHFsg,ScdSCJtu,gRVsoCSb,7845,1521,66679,71691,62947,4544
DvqAsEKZ,qwbxxRPi,ZDefoYyN,QDvVZfwK,OlSSvzfs,RJdIXCgn,95675,69028,68829,50002,56506,53943
wdBHfMIl,oILiyvCf,GviNehTJ,CuSsihKC,rZGRcdzd,nxTPGFwq,89762,95410,3755,4869,86546,50211
JSWRSKbH,zmQcVNTt,lojJgMEc,BViwyQLt,tHiysvaF,HUmgVpDT,77638,3956,64885,53306,62179,40585
YHNyrCCS,IRyQMxMi,bvJoVkxB,pfIYaheh,sEPKEVhD,AzbVlqry,94008,67974,32450,41007,74952,73536
OpbJLPiX,SrvPdkPa,raleEZVh,AEFULOxM,TdoDdBnM,oNSvoRta,23152,26271,47009,2737,93660,58886
ANCyGXAC,GlIWEgKW,UuxtbqdV,XZQjjXcZ,NCTdOYAC,UUZUZxXc,57762,61946,92058,56925,43603,30384
JnKEKUWH,MvaPekjg,FHlFvHNk,WYpCrHwC,eBofwOBz,jNrvoozc,47500,86752,80097,52989,33834,5975
UHmbnfFB,FkDqdhqd,jBxfncuZ,KEHbfged,tVAEDdXr,oxGLwbSt,86685,40601,35601,45266,36563,22922
KuShXNNm,pRmRLaJj,flCOXdeI,otaaurwh,HkeiZDzF,tXOrfNLm,31699,51707,44449,51936,69843,57718
RMcRsJYO,vLuwPjJE,FaXGxCaQ,OOnUfbjw,AcaxHeSt,SNVnUjXP,40852,82749,60440,67721,30591,53432
PFQojjRX,amhrfPcv,koUqPccs,VGZXFJdv,lVhsYGrV,ZDnyECXc,75477,10868,34608,49727,22543,33669
pSzPttMH,LqhbynWi,KULcoolI,DFCxrWkc,lOGVblSJ,TXZdFQVk,48360,14812,72791,57214,47905,58779
sprvqAqq,WbRvOtBd,OaHfQVOS,RgIqcQsr,wpwEgQyz,xiPuLVyx,93716,36141,75991,24882,85506,66449
woyMHMdS,DkEbMnyy,VLfoZvdk,DNWERNKV,krFVyrXJ,iytmHLUR,36700,96894,46732,35952,1109,75963
RMaPnbih,bBiaLcCK,vJNRStOT,OVXMXxvW,WNuQlxmI,vlKmWgMU,90651,95781,43230,17071,30146,88474
GnqIrLNy,LmvYoJFY,zFJGHhCe,SplZEWAJ,fTkKZtCb,WtuEsYcI,24391,26230,18216,27728,4017,45687
kcCCbMqC,GbGDmVdP,CsemFjJA,hiwwXyTZ,IinwFpCb,btZcELaV,64089,15059,12534,88806,43078,82705
FhtdWovF,tNUrCpqJ,dGwLXaPk,TCeJHAuS,vMJwjrqG,btdcCQPa,21114,3742,50700,42780,14875,44712
eLgbiRmF,sfvJbsVE,KfeuQQzi,qesUVazN,VicDLYZJ,oFBOfyoO,12521,5757,71437,36005,98448,19204
CFdzayUc,FXSiDqfa,VxAURvrm,mFyqtGQw,smmcCgAz,vbKwRdel,77025,89990,66004,82476,80093,57479
gGGKNnwO,AVBQWNLq,KrGDmtQs,UjyEDJFX,PnQWbjTr,aBotGxVU,69131,37391,76841,78956,76299,25283
cJDiVdQT,smFCtZrb,cvpLGNOr,rcVMDihN,bQRdoBeO,enqSBSxS,86476,21759,17272,580,73823,67541
fjGjbgEt,gFNFYRED,lYysXTpE,rqchfrAd,wgyhnsOx,pjVYRGYM,31015,59256,4516,66726,43237,59582
bdejvrAK,XjwYUNgY,QLbnnXOl,PETgwGbw,kRkCeQdv,QUMWMTqg,16229,68563,55193,89154,10085,80352
lxrLHhXp,qnLnmtDA,TrmsyOFX,MKefLjJw,rThnFCWx,afBRkeoy,27766,39488,53706,60265,4612,41351
pUHxnTur,PqpvaHFN,RjDnIfNk,bwYoVQlD,dkuxkrRi,gzRomLYt,73988,85594,7923,22887,92291,47510
CDxefuGA,nhiMYFJU,cXROjzHE,AYSDdfgH,kLHpTomm,ZwNKGmSA,12036,42398,43688,96797,4350,48235
lujHpNDM,nBaIRTcd,KODsAzCz,aZLLyJvi,wqztirTW,RVqineja,28946,44461,52345,97136,54701,87776
QUgZXMQR,LLnxMpFC,TKGAnrcF,bkDUoTpd,dxPGUPPR,wqJwyTwB,73483,24745,79289,98390,47829,10213
KpiOXPdY,DjpZBDlo,yMhLEVYr,HKrzODEO,CpTzRtCE,BtpXAUKP,64142,30691,29107,56973,99252,34747
WLjlOvgk,JXrvMewh,hHWgSSoO,CLAOzeEv,wDgOGNZi,bFOhfaAk,39664,18799,63826,78202,4431,39802
uGEstPGs,CrrMYTRt,MVJQRExN,IzltirFr,SwdcyBhn,tktpFHyR,28332,27352,52573,48776,72616,44415
yUmVGvFW,zOCyJANZ,UzuPeQIA,FirpsaMR,zsmGwKAt,LKmQAguD,39110,95677,97777,65688,51348,43355
huNoLvQn,JzaIFzyv,yQcxakwo,PKyOCrpT,lmsJghNp,NrpAwyLK,96037,90006,67317,92029,28071,34646
TGxIxkXh,ojpnFxJk,NxWmYuxA,nGDbpnfo,IoIncCiB,ObmcYiKx,83318,91972,98407,22359,34957,90
yMndtFgU,PUDcdRDc,dGUnsdYr,hwxhpuRR,LwurSfcQ,qCRDLgpu,88072,75671,1726,66750,16955,43094
WPdvErZf,ZMTtlmKi,pBUjsfxv,OkQSSCFA,xqqiaYlH,wJLwBFDG,78651,23112,20477,87775,18902,20033
MryRoTQJ,zTgDPrRs,nrWGtnhG,DobEKGHo,JReQVWtS,vvQrbCrE,15235,42537,81156,50928,21840,76976
NFhWpPSm,NiJDItaY,refpfxEN,LdhzecNk,bCeTSojd,YkyprarV,33705,77365,2033,53870,55154,12421
RCAqwovV,fHsTlCWz,TeFcXatf,SgvEiqno,EQwtWjUU,zhFLVCiM,94936,84843,71890,18482,31838,47027
obIZOwot,SxMDtrHF,Nfgydjvj,xXTCILBR,QHGqftQK,GSegTyWh,83181,43320,27867,76337,88788,19660
eENpNdiZ,ZUufEDhc,yELLzulZ,gTbrsoPF,eyMWwUBR,cCpIraAt,59657,48371,87170,51962,24943,44230
SwKpEfvX,kHqmPVpY,VViAZLLY,vTbAbhoL,iISkhGco,AZBtQypr,66888,8100,57170,13826,99195,91371
smJSowHC,NuFsuMsU,EgzPNTSA,AmgnMgkY,pNpxMkhe,kdSLSIRT,69257,92868,84458,92775,77178,20513
elPvuYzh,zSddPJyF,mdwdfqvs,EtYqzUoO,LDXeDMlL,bGOmfGhG,17362,26899,97635,20037,83245,36888
QKBwlsEu,uDtTCLpN,SNHVfhaz,GtObGfsP,gjEZinlo,KJcMpXZJ,46053,73333,78684,76093,80870,60905
LaHxUTqO,qqMgURTv,sAwOkXGh,WgQiHItL,hoTsDyGj,HBbTWMcG,26372,57932,13503,35427,86292,63841
WLUjADYm,UZDjrBlx,sNicSXTv,eWexBinf,LnnQMgYb,wADZEFRC,98111,69527,6878,11656,55069,27040
TmGLlRkC,gqLrYpst,zNFruAvS,weLWNdkK,fEMIPjqD,bsmAXpGq,88127,86228,32573,74274,45853,3517
qPebqVFS,BMFJRPNj,dqeXJNvf,qyoPcszz,nGLyhzQy,aGfOFYXK,95152,94605,92337,93046,43150,4808
TRJkotEX,leupigsb,UdsPQdEy,nnbssmvQ,TTQdulQe,yrBTEMDo,27916,79277,38234,61507,49043,36473
WTNzjfgn,qOzqSCQl,rnskxdUC,nxfHWCVh,aTJHVBUA,WMWxdQXk,24657,4834,1837,62272,35977,4106
WTYtjYCy,AiZZPmZs,CtEqSNMq,FjgdJuJP,BPyyTSYH,yguZzEsA,74402,88831,45863,66820,67469,69306
CENSLMkx,LScWdBJh,OfjvdcXh,HVypEZow,HQdNLDcx,XfWMDruI,83540,77594,20033,55428,1379,6259
ZSHnvHUL,cvZXkdTv,XnuvIfVC,cFVRxXsS,uvtnKLrR,iZSqtaje,53057,60175,80665,85405,87128,82266
KAsYTQJa,DSwmRpYO,wDsYLnCn,erLTWGPm,kymLYgws,bKdtteLn,30240,43674,14076,11619,14457,35328
LKoThHWL,AhZZvLXo,yQYZesvi,wLSlWbRi,TBKTcpmr,AYFNwWaO,97682,20367,53737,47991,7943,53676
IAvsxeIQ,WNAEDkVE,IopQmYYo,ZPlcoMwd,cZfQidwU,ALvrYWSw,54522,15225,82009,33749,13837,75326
OZXzzIiR,LJbHfGlc,Exsoxudj,LEcRlbwD,dEpWoaYT,QqYKQqhl,66500,31309,27249,99091,37920,86318
SsKHalNr,LDFhtyRp,rsdwxAvl,AspGKPJs,hfjbNwwq,niKsgKpI,63653,94772,74579,93007,38039,98578
UQaUvQvA,XWGycCaW,NzauJUck,dtWbcKKj,zlOFwukV,yKHrfoNi,37370,61358,20618,16054,50028,12535
qZHyhcoq,dJoIrdDD,UyNYsDwO,MkUSYfOF,fdsICVtA,eVWIpQMW,73001,27029,68563,51806,56224,72374
SFmxmBIg,cZOXytai,qGLWSumw,ihEpyjma,sTDajTlY,lLZxZEHa,52766,34787,55218,42737,33162,97297
LKQGrzfZ,pdEeeraB,vgcDQagX,JqAvRcmS,FfijVntz,zbzmTKNy,93290,249,99360,39427,6121,83810
PTABSgRa,whDuUeXu,tuHhfywJ,WbmVpZKe,vyHiJMaf,FWACbRiG,88560,4249,9733,92621,81200,25211
RQDYytkV,zjhRXIxy,DBvxVXaT,qkMLQktt,UJcdRSeQ,bTssnLWc,27647,3786,79524,51373,24889,71850
mXodndad,MOjLfINH,IKKHpZEu,YpiMaAGL,VByHHnEB,SoGEmGnG,48798,28602,84755,83108,42658,75511
usIxdgSg,xALIyRJB,MPYQnSiy,qEIZmGKr,FubmUdQv,fCxvrjuD,9484,50904,13807,49863,28591,74030
pKInQAEr,fsnzmMNZ,jJSbGUXS,OMznDpnN,fXOIwGUU,xjQrBfmy,32,69461,13310,12418,60609,15875
KVlsGBIc,lefrrxjF,BVsczvhW,QtvkUzyi,lKQGmvrR,kKUPOiPf,59452,32379,96451,32620,25403,21703
RMTMhOie,lAZvpifa,OoaSqLom,LnyjUXXT,edUjBXaj,DUkLePlQ,47496,62382,53643,94605,174,28848
WhYaNsoC,sUicDzQS,iSoCzPjv,WqokGMzK,ULnCyHVa,GsiTMUsB,84004,44246,32671,82500,50640,82991
JccAPHxW,VPEivJOo,IxcUZgUI,EcpxfviP,ANtPgfnI,jMqUtxVA,78752,94127,54923,75417,43534,97339
rmkztYLT,RLeFYoxm,oSsYkqNe,AsmOrLRp,aNIhvtnW,BLnREhhQ,13473,17995,83535,92456,18705,15478
HBNXdUxx,BxhfpACE,GySmlreo,rtrfNqPo,kTvOvLMt,MQPODTOV,76014,23361,34837,10851,56061,59286
WFbAXuJG,ENGKwvro,aLCDYNug,MDjwxkfd,jYTffzfm,KMvhxzKY,29893,12331,30165,44016,98218,39781
JmlgElpP,OfvImmhV,gYCSwydE,vfgxnOIE,lRVEokBq,eoZPptjI,64386,88102,80697,60868,63272,38898
jEFGEbCx,IarjUJaH,NtCwsSyu,nlMmGMxe,WAKnnvYX,rtrIzWry,80380,74744,18396,79840,65478,41353
rniZGqLN,yEpaxwvr,iLTcWttE,yqoIjMbJ,PlbBGhtO,qXSpuBac,32479,27674,83052,83700,18363,88249
zZHKZlGw,MTcbqmdz,rsuOrsjY,GUxYDgqs,oiqjqEpP,FUraHzrQ,39645,44135,20826,56970,19591,39274
DqXAlczv,jiMwGusD,QXYRYdqD,UNeSugri,TpVSptyK,afQIHfHU,17870,52390,93594,41952,92048,61519
SVLXcyAP,wDrLpUxy,EJySuPbG,ORAWoidD,apazppoH,xPEaUvNI,9997,75772,58083,85843,78371,19976
vNCTrOjK,GycNzDKk,zPwaOtck,EVTCmzEN,GwzASJfp,ZpjfwCMP,76786,65118,7374,74574,89237,25746
qMvFoOuO,FXHXPzlV,NISwbigr,EaiCEjni,oUaoLCyc,cYIjsjTU,35336,71388,74126,97189,33092,41203
jjFrmCQS,htmipNsq,RwgSExJR,drbWTjjx,rcRDFAIg,JXKBuQXk,88648,29979,27666,45869,4184,420
UMlwPrnW,dVkyfUpj,IPMoAtjz,MexqBgYB,FQFibIDe,UqPHijIV,48881,18699,54167,31601,74709,9571
LAXdaYMz,vnZkRozC,ZwnljHVj,eYLavoGA,gMlaKbkG,oMUEqjLN,56634,60967,33172,93150,61727,54044
swJLWXgU,Uezgflse,JiXeGseA,gvnsjMwS,ZgqOdGID,nNvJcgRj,61547,96772,69144,2517,87834,21527
HRikloVN,gFoUvwde,UtXXJeYI,lhFcwqjI,KhqBnOru,ifHJVTMX,89378,46437,48172,63871,55999,46767
BlikNjdz,VxeEqtVM,LUADzMio,iZOnLLtx,lwrRYZzT,PNViNUyo,97156,56601,635,89356,54275,20732
frrWlrFb,WjHynPai,suFiEtCV,FGDxjBSH,sFKaOxvc,jpMfFltJ,86012,34307,54216,59953,91511,4142
LjTlHhhD,XywfLJqv,DkaAcTgR,RTDauGlN,kCKrPmUA,ukiXlota,21852,9384,1859,67963,21902,89037
hNSQjvls,MWmVVSxj,RZpchcjh,GejoZumu,YowNoIEA,ERqEkUNc,6878,34817,62562,10738,50825,61545
QvoVMALR,OvEGLCSO,kKrgTOJV,EjFJzQCy,hXvlZjEm,orVIJyLK,358,31729,90254,73181,69158,7668
lvhZoKEN,vihKVcKP,FjjWTRdB,ZVYEsLNq,TfQatcdg,KKOldUnC,12809,88478,43097,13644,87368,69283
JBMOdjpC,ORzbWclL,xIGAPNOU,FVyfekou,mWsGaMFg,hAAEnLks,35559,21804,81494,41919,51194,94210
ROmAqetN,mHfJGVNy,MVPQOLsl,FIaPQzWF,aXDhZJMp,ADADPfoI,88322,65161,15161,71277,63597,42625
nCSbOCFL,zJNKLduA,AmGSTCHn,wdJCcWrN,BxPDihcP,TrGWGYAL,12905,4591,2540,9366,21809,26398
TXuklRNF,nFjXIxiU,waUIhCqS,EykUVmzc,yGNyvxcO,mQscStws,29645,6821,2910,25552,42,73601
FdxfxATC,JUoLElkv,KEYZxSSv,iehLLXEF,iOOzFAkL,sPvOOBna,96124,3124,5410,3989,17288,57072
ScEuZJKc,pkOzemwH,PimHHLPw,svrCfPhF,xHiXfJFy,ytlroQrq,15977,69489,21189,71858,22150,52111
otPHNYJA,LsMohAMs,sJuyibZP,IknToesr,ILTwoNIE,wCgfnZUJ,86262,40584,1104,12712,84660,90184
nMDAWibh,fImJYUky,sSbSaWQf,pPNJysBW,RvzNdfmd,KFOncDQz,48112,44812,23331,50952,84598,29874
nRMbFYHv,cmccgjOW,HyZIMLRW,uywnSBLS,HARgWZoC,YtxlUKvn,94975,8208,95959,59261,54395,45395
koIKxyQF,ufDdtGlZ,tPStARsd,lqZYewOC,SlOVjTEb,nLCEKvMD,24412,54247,3738,13207,22244,90266
dEcaWDKh,OsGRoWfL,zAyUVTOo,wifwoXrR,elReNMAF,xRbrjXAH,42035,18305,11914,37377,38712,24846
trajCrMK,NcBkEroY,UgLySjed,dTxKySOu,BKSoANGQ,TyKDoWMa,52866,19280,2913,63606,88725,3417
nypEwMGW,PpEAqwEE,cnRhGIDA,qlfFIBIb,xXsbqzcU,vmjNQQBi,49727,8959,74484,96678,97406,16391
oWbpscsZ,IaUOSvUk,QzYRRAgl,xzSIDkfn,SVHxoHQQ,hWpAsKkL,54538,14819,33889,33005,99286,25510
dxHQdjQz,BpFCJncn,qTDZJYuG,jrCKWgYd,ChGSKYEM,NTAOwTFj,87738,47213,59406,17543,44110,6198
pIAndHiP,IdtRhgHG,uBdDZEIn,TrKzGaXu,JiVygQGr,HwFVrGlZ,56898,94116,66072,50438,67166,85925
SCWarZnC,QNjiroBa,FxclGSEL,vWRQZAyQ,MnzcUgxk,fkUKpqNY,15802,45059,12570,12358,94758,43092
RqFtiLNK,PgFbCTvy,eJJgEkbw,SurkxZhL,kmOUGDcI,SkRaaVnn,21087,66772,92040,10049,56758,13724
MMqnJkjy,jqTtradp,XBIbMvgM,WAqCcrMY,cVLgpaJr,gevDVTMF,76555,31388,18177,33489,81268,43622
aHoNNZkK,LaFmpUTF,KutgQCoK,dZqRgrsT,ORZVobJO,IOAlqNeC,97820,3601,38836,17273,85928,44014
HyBKIZwR,YAXXCaVv,HdlBadJa,DlvorwBM,rrIHPRzX,sJdMBIhY,28431,88762,51767,97967,25698,33028
EISQeiKj,fZucdxDE,UHoytCSv,OtIZwWLu,kBbsaSLT,rtAwwESJ,56084,32570,44399,16782,26801,60523
ThmDaEjV,SyTLSaEt,JLzCkSGp,rgwxXSbj,hcGVsLnA,WGqWMCpv,28649,70838,97497,14947,37717,17696
skkjERrc,ClHSCvPR,YqriYAdX,jkkKtKku,ZFLjufVe,RtYDhkix,42923,33716,51970,94639,25624,98167
TUQvCAlN,RfQyFlpC,TFSexoHn,PCaGPbtq,DJjLMykv,CGlxokyl,46856,88687,56679,19805,16784,15973
svntkXyN,QrOkvwGA,MBGOOeRs,zEbekHlY,rHDAdVIE,vdVuUicx,4504,94628,69357,62232,15008,3612
XZxLTrmZ,gHluOPZv,fVpkxzsY,ysjFzWfk,QyTlplUn,WRcTMxaY,92458,95158,17580,54779,10149,43728
HVqCclXg,TuXMGqHL,tuBKwlcZ,EzgaZqOq,TuWoxoxI,oGXIoiHZ,33618,31193,37816,48671,293,16886
QJLRDtxU,EeCFLGkN,aWcuOeUG,klVYlnOc,PFYuwjxJ,qABgyxVR,69410,60328,10984,659,29555,31095
DWQliDiJ,ehHhxzpN,atyvWxnf,dzDtLAbJ,elRmgXfu,uQRjduJg,69609,78019,96510,35437,90795,20646
BpVzLkaW,nPrCVyDU,RRaVtUwm,WupairVp,bvNQZSRV,LBRZXXqn,46507,90036,73635,46525,52375,66838
vBJVxDis,TLBCQTVi,TfCFKoje,NPFpRYtu,VEsjpabP,qxpdoSoo,48777,7914,45409,42839,28466,10381
XAyIuLTk,hHJXWZTX,JdTOJUVd,GtJLAxzr,ubvFYSML,GoVHOMUp,80387,62188,65530,58888,97390,88040
HdQQzxjT,BriHKDjR,MluWGrUA,IzvseeEB,YuFLdMFA,BvmCEefU,51042,313,21132,94363,45559,22726
MPgMocrl,vlrMurQe,mfFwRyPm,UdKcbUXD,bIwoBmDn,qiIhcOoq,24538,29395,7537,33255,54842,44344
WWmXTfDP,QwiuJyVI,kBJmcERn,TXhxtSuT,OJboEhqb,cAgQGeKx,16564,11898,34929,60291,93816,95002
DeiwJbFL,sifVVkrk,eGYPyQkW,sMOeEcTZ,cOyRhADO,nQcZiwVJ,82550,43371,48945,59121,68987,32341
HxPONyUe,HXmERfuB,QzFFvxNX,EDpwhKvz,qAFyILet,pjMTpqPN,3458,87770,80067,79869,41229,17093
bmMstpgW,PbGSzBeX,FnBhLGtz,TipyAjaX,LnTrpfVQ,tzHPppkZ,3785,55087,6997,21792,45470,20117
EmvLXWLz,NDrYJObc,NPaJkVtK,tglisaQX,qCjLelhZ,rTVVMmEf,11159,66836,30769,49837,8357,58496
fafJbwmT,sfHvOowE,fQiFQAcA,xBYxurMd,haEadQVB,IwAAoyxF,65712,10040,34212,98906,78741,72338
agUpRqgx,KgFzHAZC,LNEyTPYw,tYzFmVel,anLrAHtx,OcbngPEy,98246,60172,47440,57784,83242,7219
DdHeHgTP,ToMoFNli,OZGDwLVW,pHpesEnW,raxIqxxA,dkdFhLJv,52672,33013,41686,89116,33453,72069
JFkvuAFu,HPMfubij,fkcKrOdV,efvCqzHN,GvATEnRw,TBiAvjRH,88804,76413,97757,35546,77767,2845
uJQKdLJN,aEgUmJOD,TfGsYIHw,kGZsfEWU,tMxlzfzr,uPtavADY,19839,79355,33702,77967,63712,28804
EpXlXFHp,rNnQmhaH,peMTBlwy,BpSOFXzC,fmoYjvHc,EEoqSSFP,34593,32521,57203,64821,54725,32844
eXLKjXwC,MtaxfrmG,KVHRLCYh,sSNWVHCm,DAnelrBQ,auIpHNyt,34230,47610,45952,32500,52550,72597
htkQeMKY,GJjuZSjj,KxSBTfYf,KWJfTjeX,qWSWYMjJ,pvaXrQrs,22875,77083,39356,40715,60163,31682
FOuWiFXq,JTyGpqkv,acbGzIGJ,JOJFVvsm,hXNqFKLq,jCsWygOd,16624,58036,32520,54315,7405,77149
MuGaltwY,kKcWTsVZ,jBHuZYzQ,ffauCWKi,BTKXYNcA,nBDpSujC,29464,66504,68119,85527,33404,44677
bWbpxNyp,ANvTDbzs,hOIVNPbb,xlmRyiNE,ofWoJtSX,IwwpDSkx,91721,47923,10076,47534,69095,9804
fvCDHSqZ,IYFHYeta,ZWpxtFPv,kzosSqlX,wBAqMnLl,CCLiJahh,56553,44300,21651,19917,16775,55361
YVwyUJWR,FUIoZumX,bvdGJDMX,lPTZFMmb,gIJnPqdX,ZDvyKLLN,23936,23175,59610,9240,47854,68852
LrbJlrhX,iYrKJeuU,tCUKivlb,khgLTVMP,IXMNhrBd,wWXUlNGN,60341,18260,6275,48174,41825,64993
MUBgMwVr,PudWnkxL,fXIIAkry,ojwRESnu,YVtPsHdk,ZyOvnlno,9748,98019,36550,88982,83613,35663
QsnSNQMb,UxdpOIZK,zovUhIHD,CvRrxubU,xowjvJVF,nWeLHTfk,69538,19068,81127,16097,97492,68847
CHudnvoI,PwWqkKRD,ROoZkgig,sDrDyTFe,IDUFpCzR,hHuTaRiS,95100,71738,9219,56967,91528,4226
PdSnwmdc,EMeEjZeO,iLMkfIHf,SYtHKHOT,aXVqjOQE,QqQmPDQz,14213,86255,17946,3408,35342,6363
hyUsKHnY,ybazJewL,NOIBGwEk,WYlZExZo,lKAWbETV,vaBtvpxK,48314,63916,95736,60225,60130,80410
XfUSfMad,IdlcGqbW,qCsiIAIk,yhAxtLxY,iAOnhBqP,tppGFmCz,22264,87324,16702,28905,9351,1610
PPxHkrjG,UarxVuNm,ENxJjsSB,zEaOeBJa,GVctAjzl,JoWGYWeC,71471,15880,20006,3915,48516,68070
JfCAPzHo,wYrYHvnn,VeQAqNUm,dIHGSKTb,YcpjEdim,mvAqawmS,29103,21156,61331,97202,1701,30353
RXEyPIJC,nESnAytX,hhtUIVlo,sHmAORLp,gtRsBArk,EPNaZjpU,20226,97846,8643,19828,61134,3200
cIaJqduK,VaZFIqqL,znnbYCfI,LkpKteVt,XSvodbXE,hTAMThKi,27602,46256,17545,86940,61971,11105
EZXgnVKw,KQbljDBo,pMQhvZUf,lkqoheJc,VknQMHbO,ISVSjgPO,79011,1059,6303,42975,87827,39338
qnUFDKCR,KzqkWVxN,jjwDiznY,BEHxyivS,LqMLaAxJ,QKUgGxMH,44590,84298,12236,26909,45605,41950
TxwByxPG,CdFOCcTF,UcWMQzZQ,jxtDetFi,TEoOyKSb,KaThqpun,52534,10599,78747,3389,23335,87948
UGBOGnmx,TcFIPaJG,AiAzTEQo,JEjduABK,DJKoaRof,nVUBwhvw,98152,69809,42627,42742,50708,50220
wecSsRnl,bGBwUSyH,AveakfSH,AcjNWXyg,VMFOTuvf,xYigwceN,60016,87286,47180,93149,78346,58006
mPXImPYz,UsyUOnRq,blKSRHar,mUjpFGUN,zlrrcUAd,uQNIzBxt,14484,89295,94660,66564,42216,5851
tKfGiSOw,ETYxKuMY,wQlFVzSc,jjbYTugF,UHxbtntQ,pYCJujmP,15794,99179,70854,65401,17484,89110
LUKYnOkB,xABodbTx,nvpLarRC,pPeeLhSA,SSNSODMa,sPeJTFxX,36677,17286,26060,31833,53521,43473
OVqUqsRy,HVahzcmb,InYqzNqv,SAYhbQsV,FDlZkHFR,FHILHjmd,10726,69285,83118,70018,50966,86060
xrJOyfpH,iHgmptJb,QVXrLtlN,uShMXbwz,PBcueeIK,GhIqlmav,95294,26881,26105,46298,77424,33940
HUtFHXPA,hjhDQNdu,MELKMbXS,czOlkhpf,OXOcoJgp,sQbuxWmG,42473,36453,90093,42496,65861,36955
xVAqzZRD,vNlfJtwP,QjSUqcQT,rnBLcYLO,gBjZpuJC,cetMMsYl,88114,67418,29655,58365,66823,38594
kiTPQiYL,GUrHtzbv,bfeBmQyY,akzTxhZH,AUaWjLXE,FUNBVznO,35634,58268,81685,28135,84511,45883
VlIcUouW,qyaZhNxp,rAXjFTCI,DwQkinru,SAATWtSl,wZwKhnfA,23474,56350,6147,86988,62585,44057
VGNEGLZm,jkPQmpGM,vYeBaryn,wHqdtyWA,ebaWmwsG,fxAHwAMp,10650,55554,97039,62745,76186,19399
OvcbFErU,WWEyAJKw,uFUWBKLC,gpZWdTwm,tEpEfSBg,LELuKRTb,92043,89557,54690,67464,52890,65970
wBihiPjA,FoMdotJH,qCBeqJla,WCcDkSlO,UPadbHDn,gzGlgETO,90649,5564,26422,88591,15289,5678
iVzbRXCv,yDzExgjq,nrKcJTfI,TcXUNtGZ,nGcyJdKJ,IifRbjma,82272,46809,31312,45624,35586,95995
uriNXQWV,qnNqtJlz,HPUqbglz,ebYpJiDh,wyaijaNV,ZlZjvUpy,28624,13469,98079,50002,93152,94502
TWThQvXv,HHSiAezv,HRbReDkS,dURWZPeo,DomSWHRV,sGHYvhjI,14019,67300,3638,57140,53331,49967
kUXBqhkR,kzVFxQZw,mwFQWXuS,MVngltKr,oaNSDykF,SPGxIpUk,11742,98548,49100,60341,30779,66567
kbweLfHO,CkuUzgcY,aYDRNymF,xpgDvbem,FlagEXBV,fdpuCeGe,1745,57670,27656,24040,87062,61703
XmzetPwM,JBCzmQgP,BQTrKLst,EwGcBSkt,ADbtRiFC,SIcdiDsf,64486,47976,16009,71586,5324,68778
dBPdOmhR,Evdjjjvo,xuRwNczb,ndFTscyC,BzjMyQfJ,jCPjzPmt,49171,87459,33646,55118,5007,10556
uKoLrQXT,BfhNYLfV,fLYumEVh,cojiEyKi,fTuiKMQY,BLcNVrrY,4947,93747,29147,14505,65271,17633
hMupCBVq,ldLSiuiS,VXkHusnk,msZjZxwr,IaKdZyoB,oNctWDoN,27086,25624,24340,89048,19597,45504
QoZVlcjS,yFaNtueA,mwuZKTIf,LOyYpzvY,IXcDtxfT,VDroQsqL,89457,96185,67606,87336,79363,75719
OIPNMTqz,IdXWjsHb,IoNeyLTF,gOJqySlp,gfpdxBLs,cGUlKWSY,27067,25414,93370,76590,49123,69834
NcdmweNh,sTYIKLkK,IxTuRlrh,enkoeFJy,icssEdeP,OoMttIVa,20770,26156,37915,84535,82800,94418
sbFydFRO,ggWADDPk,tJTJMTcl,llvcZOCr,eoDigozA,uONjKVoA,54145,98625,40459,85313,50851,66244
QeRpDzCM,CMMiYMai,aoVgXQnU,VcAWhKYE,qLYQnnhQ,ShSICepb,80835,1446,812,68360,53031,50802
xDMzEiiy,ppFaaoYg,eNeezeNL,NTHbNulK,ZMkXbDqw,lWbrHAUJ,57883,16476,90050,53344,75009,31877
ZqZDAUYJ,PBkgBOgF,eHGrSnAO,UsBPxbGD,BoBTGoXs,YTAQqqnC,17255,37479,73651,44627,84154,23597
RAlJdKMp,QUodxYwb,PPqyrLzX,WJtZFFLv,qzVlNIkG,ykcoMUWh,2375,7342,41757,19195,57955,56527
ntcIUkMF,FtHiBBDw,UbEeOEwx,cLLYjmTz,lEnQOMme,lElAzrJn,76429,83520,43936,48458,62892,82410
okIiStcZ,cTLnjiXA,ODibFpcq,BjNqAoMg,xhhOgjGq,vWOpixxp,9877,91631,99740,91071,4862,77359
MZuKAxPV,SGMrWLbH,HxBnHcWX,nXESsYyp,vqhvKRaX,TXolKZko,25939,19364,42550,32628,29292,13561
ZtwTJzje,kdiQtzcc,POKSAINj,ofzcBkyK,CkvhXJIZ,kcrepKUv,84507,45712,87578,11758,12589,62333
scTaRSfy,pGPnLOEj,iQKPZLgZ,wBDARbzG,KOvTVdbk,OqUMplxz,68351,28039,79187,37255,55144,53302
JTOuWPRI,mkvPXKDr,UTbeegvD,YOnUJZjy,sjZmcJHY,FMpwUMeK,97390,93528,19492,86967,65434,43191
Npvnided,PAZKQwhM,BIrCZPVR,uXrEFeFn,FwNiIUof,PPnvezcU,39295,6862,1710,1754,40313,13434
gifaIIPF,VnNpIpps,doTIjEgL,mhCgAoWc,fZuoUGXl,UawupxMQ,59795,8629,13760,2817,94914,45480
OsGiuugH,EilMPucb,UmeLfFdj,JxwdxDuu,ZVWlabGu,ggTOZQgN,46244,57349,3536,69591,16657,91613
eXWZfSoG,lRVmPMMU,PQIaRrqp,XOBEKBMM,DNVMwxDm,mtYBgpCD,29220,97401,80591,80652,3742,66999
jKazoesv,XaCGbqnt,OOpEwgfQ,ouPpcQyk,yTiTARYU,jWMobQRG,67137,5007,76201,49434,38570,35414
jeaVpeKo,zFhMFKyT,yGGccPkt,xYPswpbn,PxoYhPRb,rARKtNmh,32227,16003,79176,71315,1288,93100
ozOEAfAy,AqbgwRkc,cstMQayr,cOwQSyfj,TFdyZNKX,BKqOBVBU,92219,91685,98035,20592,74678,42000
AAZjxwSr,gazzCwLc,NrDlSILN,NtMDAuZm,SizktxeZ,cDaXEQMl,27932,48335,84149,39451,33788,58128
BGuDOBre,FhCwkmKy,VKMYwyQR,PrqvijRp,teXvfBps,xzvVanhm,67184,40595,87108,85454,30820,49995
ZDFwwpqS,UHRUKyDM,amKvABnU,CQtUIwgd,LdtIaHWY,zYpyXXCZ,95263,27859,61616,65544,45446,62607
paGZhhlr,JHHLVaUr,qlvoaBeu,oLlCPjBR,GaivtDmI,NwILAJXz,90764,71911,89191,17675,67785,73
VbyIiqyj,ptHUAoDY,BwLnyFiV,hnkWYkFM,gHbZZHhM,XOAOifnQ,56014,32375,23158,87706,76684,81833
lxytkuwi,prJzowTD,ucRtRAOx,XThmCRmS,dmAlhLik,lwjPUGHB,7762,73027,61807,13121,38079,98426
MeDgGesX,kZugCBIv,pysdOcvW,isrOcWjy,vIrBmIVy,MFVFjkGa,49173,11976,372,85598,59998,36515
oiFzAmml,VEAOzDpK,sOlCVCuX,zONGPTNk,ODkLqveO,KpQQcjmY,82301,63363,44405,63292,50909,6470
EFYauwpl,kBOldOPd,eeHnHCHF,oQcVWEtE,xEpDzdTq,YXVXLJEE,65334,38386,73240,61664,9728,20034
EaSqMRTI,StgcBTAk,DehQWdOB,huxLihfx,PzkfvoFC,wvzlPzlS,13647,43446,82576,25709,71405,79124
TflSPLTH,ePrhAeno,SKQTSRCT,uazByoCV,ceLDTrPV,IZvorjLb,43521,49495,44073,46648,84776,31940
gSzgWSLZ,SrBHEsrQ,aprJaisx,sKEwBFCU,AcdoygFk,ZLZtjLQQ,87872,8959,65824,29048,3106,73223
WGrypHtd,gmzDXQxy,uXjObCHR,IFogayQJ,DSPRSKSC,myXMUIzY,23602,97219,90340,32626,12069,81334
YnzulWpw,LjehWBDt,OckSZLHf,NSRuwoEu,wRPBfbzv,FcfgBvkf,11095,89391,47527,11251,70230,21346
zMzFQDdd,WsaUPPTW,hxROioJb,CNIdrcTY,pTnQfuSC,cPMMTjCM,80273,66261,98023,86397,3620,27432
kcAoCRrg,BbGiqtHa,YxQcuULf,Akytspmk,YyEEISCQ,TlHMQTJz,2885,80799,70822,48928,8414,88834
eGLoeNEw,tKySIJhG,YlcQjBMv,xgYWldKx,wqrCmDgI,swCUjtco,47719,87683,52867,28053,30940,86207
HyeYoFri,kHeCRQWb,labicNId,FOCtdqTs,bIAYGbxE,eXiLhmPm,80895,79678,27612,32237,59571,94328
EqkbEJKB,TPwuCNYS,MflWFnaZ,vHxyMiMP,RJePjGqD,cASwmZjH,68386,64915,50197,5865,72382,24642
xGzGpWgY,uQlToqoN,aymXOTAC,PwBsCUGZ,dHjwqEPk,QQJWmQrS,24306,10139,85384,84903,48279,98916
srjBMkmT,dMhBycZe,gKXRCKWJ,arOYZsec,qKMCcEex,PceDbVbu,1896,85491,85305,33990,15538,76364
UVLNjleQ,DTqxhKBi,YpaHCRfN,oAvjByaj,ursmnmCo,inihzueN,78822,94051,6153,45933,23801,28523
yNQjQeKS,kNTLWsjp,ErQcsxPa,TzLqOgIx,GjjHsrAw,eGLCYTzu,13533,44793,15873,90989,41179,55447
UdBGuGUZ,QnsvYDBC,RkyuwXzW,YixDVvwL,DlZMnTfU,ubnXJEQW,4665,7492,5871,67603,39936,47868
RODilycJ,KqZZcjwd,MhstLNBI,qfQTkPIK,MHKeTtMv,sJpUvnRZ,78712,70338,63133,57358,46319,6333
dveCyOYc,tsXpIHWQ,kGLBClrx,xpmDigzL,LzhXIwFY,geCYpuWO,44264,66685,42927,12282,8275,20882
unnFeSkp,pfNvzVIn,bbzuEbFg,YqLPEWWi,LISrBbYf,xMFbUSnp,73862,94520,41012,68291,11227,74865
bJTrzIbS,qrXvQEUm,OdDmQNBN,IEUddJXn,azSSSxgw,iEuHJdYW,49982,85890,93612,59884,44910,84760
qwBWSUax,EhasYRPe,OBqPWADe,aRrlUfkL,UsntxtRm,zNdIJQbX,32396,94506,13604,33522,31202,37411
yjhJKPBb,pfMtfoYg,zTDSfvge,bXhskGzX,LRUTbasb,DdPvYdoU,50358,42397,67815,28733,38853,73734
FnHqKhNu,sxiLapvT,JmSTgWFm,OJCyceRe,kkYzIbNZ,hoYFXdJE,81541,87124,90317,11112,44647,8221
cjmnXiwB,NRBiUDHk,gkkDzUoe,NGHuJivt,IvcqPqQK,wNeshrUw,91720,20524,73175,93345,70398,62463
nylRjvkc,rwlIwNGZ,tgpUalnF,kFPPYkAS,gkmMcVLA,ulhbDYQc,81352,92528,97900,67530,79636,78667
OIaJrDIr,ptagAnXC,iMULKSLf,qotDgTVd,XLnKTxhB,cURZVNDn,60572,95615,8500,83281,81046,10073
eONnhzsf,lVoDlWYn,wALqSTpR,JxytOaIM,FUHlqyoR,uhxhuRoO,56859,32958,33917,92217,6362,21495
Qjdxntdb,VRPfjZWB,IlRqiZoj,mJFIdatd,MfbSxJaR,NfNRGsEp,78669,41076,89773,59594,72955,76839
fuakCMzo,bCJDbPjG,yjPuwaxA,NRTHJYHc,ZBMfGWzV,LZZNUqcR,73910,71240,14257,81608,37262,11253
ENnbHfSH,yIlOEkVN,YsYVxwKE,wWXOvrje,MWrmEVGW,fEnPeFvD,79538,15328,52385,56580,32431,8390
HwFnuEot,yVdZmiVK,KtUByvAn,FVDZTRpa,TMSDHiRf,VSAIOxqC,76068,70798,99070,26382,50135,92985
XYJIxnDA,AUNFmcip,nIysYkmX,ldXwiZIU,tuoDSonc,tKDKxDHE,72439,42318,2286,12,78668,75151
dqeLDPQt,GyRGlnyj,EDyBcoti,BVtjJLPu,xAGdCnOS,djuvEfQO,45602,76827,63688,38860,42153,19395
SSEUjebI,YlQyWvmh,wwMuHbWe,XInypyff,bUucPIMY,FGhTPeWF,3943,84224,32067,7671,54935,88527
ACGiDutk,fyzXzmFO,gzFQPOdl,HdUVRvgn,rSuNlzVY,QhsEptNo,92132,18352,7335,21970,58930,24309
qOBhXhdW,YTraUqRL,ePHWQleL,TpoScbii,PGLjzBTx,pCArLvyo,96337,63634,33620,56036,25045,67266
hiVVMQgF,ekfPvMJS,IZMdcXxi,PehOOFMk,FVoOPLyQ,JlSAvVQO,82680,63480,89398,35595,21678,68866
DjARwOGs,GdoZsqbI,ErrbSWTR,FtMBpZhT,latBKbBx,KDxmGkLA,62552,28602,60701,46913,35401,38250
mSADKZdK,kNObDCuJ,pOayJXfI,HYlJuzub,OjVCtAzx,INvYmbNx,18771,90542,35277,21807,99581,51709
UxfmxQJB,OaWcGNuZ,iugZtpYO,BmiqhccS,CGpKrtCQ,DPTgrQAY,76894,76249,55222,45150,61435,24771
GQOSknLQ,MNcmwGCx,QZymrmNF,AVdPsilI,HjdcYnPI,DOCisIDu,75205,25931,48819,36806,49023,35494
CWRlDLRN,dYIGszVo,OnVVVjcj,hgAXpHFM,SzcTyydl,ZjDGZPZV,85707,23319,55420,15090,17380,63585
pxTXZyoG,ozoaqddc,AmOKTcHo,CHIdsvdQ,nxvBwZwL,iPsHMwha,63383,96969,23109,28980,10858,41508
gnBGhBIx,lLhUkqNr,RWdyNxTh,WNEIoKlI,yUDdBbuc,CxJUTrZK,32923,57790,49886,21525,95332,41724
kGgYckuU,cBXMpgus,XtaVKzUN,jjfLlmmY,SfiBBKpi,ddEWUCCV,65114,13432,2247,32726,87089,95490
xhBHivsv,amQRfaqr,YiBngiCj,dlxzEexL,YnfGwUMq,DohzCeKX,6600,20395,67223,27586,45202,28767
HdxbqPmX,cIqFqfUC,sczBNbOx,XXCERkZC,edUyKMVc,QDUOYWLS,44243,18767,82400,60393,41545,34405
YrioiIyK,vRZRveXB,IaPHmBDW,OpGIarAi,BXEZQnvk,USJHptKP,84230,63896,20228,19364,39558,81925
coXmVNHD,RzGncKuo,goyQEqxE,GRYYkbKy,HYgEtNvF,WDZqureO,67649,85953,74504,1596,1183,91272
BBJSPdBQ,oPPQbARt,LSUlWjQE,XFVjkAIf,cOpghSCP,nlQtfYDt,72546,8103,77675,80568,83942,89124
fqCODddt,hFZVKljG,yDYFUjOt,iuHzOAMg,vEHTgQKE,cgzOQzQf,93456,73529,35544,10583,81288,18876
ctyMdnoi,COZjSbrq,otZdJyih,cZwwJkfw,AjzhmQpC,MGjbkBKw,48777,50435,91612,84641,17323,91913
DTYIFOls,kvMhqkqK,fEXYOWMF,egafqbBP,XqsSLDeO,rmgzCnTv,18519,70788,20680,73085,60989,13629
jUQhGlIV,zqcAqPQl,VWEhkEgD,rPLORpzg,uXtBiccf,WoyHIpuA,95095,44262,28953,68111,21050,30632
AkKNPqho,FxSKvEiD,YiXzDkMB,HmtxvXdB,VNAPLAZL,XOLusvpr,23697,69324,90203,10494,60312,18279
gNSSJsal,OQwZoIAl,JjzIrBgM,aiBNmJWy,rfjpOqiJ,lDNmEUAD,56292,48068,13373,47680,63814,83744
YdMChPvU,qxmCeSBK,Qhvvhnse,RZqBCZIm,eTHSLTyr,vBpdZZfG,9675,20007,2553,78059,40419,78908
ekVJmwsx,ijNlLXfL,ntbTLoyt,lzqNJVKs,KvuvZyda,foeqFbzk,56599,76034,3749,11698,39575,88284
puvMaiTJ,EItvAVvG,TYlRMiJV,OuBjiyTm,rMOtEVoY,lysMGYGs,1272,23326,2272,60309,64998,73234
WFvcJMrh,SyMgLZSx,BnVGgmRr,DtchMFaB,tCXmwoGq,kyOtywNI,37671,89411,58409,10767,36547,55451
snSoQuoV,anDklYhv,GMLTrwFX,ftYFNbaT,yjXMEetS,SwhgWQuT,23417,14003,57720,92386,78372,90035
GMvDraeF,KEyCuCRV,ozSCNjrq,xVgYvZNe,VUktdVvC,TPWlHEoK,67955,15143,73945,60746,97057,70452
bauzRScT,hYvyYfHG,vUbGVOCd,JaeAlGLI,ljasuTaw,NPBhVbWZ,16715,19273,56310,72653,77984,96624
VKknqjdp,zhLetfdV,UstMkhvJ,uRowwbKG,fPYSeaGz,rqKPguVT,87589,45059,31832,20500,52689,98528
LlDhcwgb,QlHHUltm,MwnVPBLY,eceGtzVp,QSnjXHnw,ssbSIENG,74092,69542,92218,92397,33863,47048
JaQyMHAg,SNlSnjVx,YjqugUCz,powxoUFM,PSOeaHjZ,EuJlptPZ,96251,71358,38392,76520,37640,4171
YiOpVGAJ,liSGFHph,xQwPodTi,nbhQVaNr,YBmvEWJd,KwjPoxJC,75676,18901,85822,69990,78392,64920
TSbrELRz,rkXLNdde,iKmCHTxP,AYravbMq,fSMgHaRI,HkFjLjxx,15825,24043,4106,40896,25529,8330
nqtdDCWL,UNJuXmdj,PTMkFtBQ,KZVtDcHG,GvEdLLjM,MUccYrgw,90476,82536,99570,6994,55743,30618
XmUXOSgj,vBrSAING,wmYldnlp,vbustOFJ,WlOaGJXe,PlJkMFdq,28643,80287,47498,98225,19265,23063
IiXFyfar,QwHrfiHp,ethZDnUm,EAPaxGYB,AMxSmqfe,ONnphDfr,96579,45110,16594,7020,37183,27676
OGPceeyL,emrAzEei,exZvMrRF,DVjQwBPO,ZbvzIhFI,QQnKznlB,25101,74740,5392,33357,72208,53698
wJeGvyEx,EzMEqQpy,YkrLVfui,sJGqgeDM,jjSUsYuV,NhqIOwmw,25195,13502,46521,28858,33135,21182
ZUFxZFel,PMOypTUa,cewvjvsz,epDLVvOI,aQsezZDS,szkklhki,48506,25590,7065,79789,53145,69950
wxNHzvzh,ZTgvFDYt,TQWDDSxg,yIJTKQwF,FRViSYtm,setxYVNd,67181,2460,29088,71158,85811,74950
GItdAFzD,xVnTRUAu,roCXEjsY,ThOXuctI,vuJdbOCG,fGvQPBzK,99476,71792,43194,57060,47982,33681
FtxkZdTX,dStvpHgz,SNAetrPu,ceoLtyKH,wZXNwenQ,RMFEXBxx,75253,34386,18077,47017,8112,1579
ERZXBDZn,DvQUAPdd,NCzJgxqF,MWHieZEw,gajLWcFl,paFFpjkJ,89501,21007,80314,56009,59845,35680
stuzlOip,VuUOttsz,VqihVyem,JfBElbwy,bVpLFJuU,TaWhtzfu,18955,92603,26974,68435,24589,58584
dYrWnCHs,hjCjLSiz,KGVKPBrN,meLvfrOB,OVXODcmC,ashDJQqP,19867,47513,12299,38825,73125,38378
jRyszeGu,ydjlEetg,ryxKwntl,FhFncdCo,TGczCpMr,GbAmPivx,36794,52207,81350,4427,89106,25298
wuidgtQr,FrrWxjBi,MPwSvqyl,EybgodfH,yHFsDQTW,AYOPnxUl,2969,72899,22780,36753,70764,48067
AOsnCLAo,elrHMRxT,EhNjBZJu,uhefVmuU,CaUNuBNH,jzYuqaDQ,89951,10482,79889,71542,34711,41235
uFcOiHsq,DEgvxOVM,uKFVlsby,pLKIXtDf,MsKTNfsH,ASvRdSOr,95091,24762,20651,66024,27450,31908
LDWYmJQh,hfLCByXG,xUlCWepu,zKkWKAHX,txDoeOon,gxlMJzpH,28550,88215,89807,80016,53934,7448
tbEplUMh,SEERQYsC,ZXgyItuD,VWXDHyJi,LkLwXKPj,KwZNkVpG,33536,43986,74091,72741,7589,82160
vomRLSqI,sNSaZMsT,zAAyaLjG,YQiSCcHK,LLfyfraW,SejzjRaV,58921,40450,20778,22635,87103,47423
MjhJSJdv,leUIBOBy,NBuTXySR,DYuuUQvR,FSOAUVbn,tJLpMrRd,32824,26096,91055,91627,18231,57651
flYfUIVF,wsRoINOn,URnIWNty,cZlTEHLm,POzjOTsv,pnwOjlur,98357,70572,45846,78785,5758,53136
MUZWrurs,EYuehVHM,TMIwwpBK,krerOlMI,OQgJmNMT,cQqNYkUS,62031,58469,62301,93915,99260,79571
IeqGviGE,ZZLIQDwS,OiPDQTtE,lIMfsnrI,WTeYXreP,LRiMFVpM,16434,41819,54973,14136,11950,13017
NPhpUaUV,nOhQVmmQ,onGDMbAq,xJxEfSaP,QzEbWMvd,EEwzhcjY,9510,28650,89237,39946,75783,68604
uKQElSyt,oMsZcFOX,IIBWizdz,mWmTPqzo,okNafJlk,koyKMcBr,65299,16101,91691,13430,10234,695
SaMSPwIO,UQbqJkkJ,Hncehkak,arnSMTVI,NfGJnxOq,ObYfHliB,61256,52871,4941,4765,52038,29126
yuEfAmMY,kZFrVqqX,vUhYQGOq,IyGcbpgm,ukkmeiSX,MLArIrrb,64307,61742,80961,54638,85817,47187
YbBElRhE,CveRJRLX,KkUofGqR,FwNhyBgX,RMAFbXiR,saGDKpLW,7562,24072,64257,28001,95503,77039
sVyuEkUQ,afsArpRB,VZPEYKZe,SNXWZvWT,xNdoASxL,VsdPKRay,80643,11302,1624,30331,45120,36489
WdzwZKHU,mGVBQzeq,gsaqffzn,bOKpLFDB,GFqCNFCr,JwAocEeO,13316,86965,71618,89542,49062,72574
gEcXqCzd,sFGbHbWB,CWxdvxaQ,alhKaYnB,ShlfNZZD,ndbYJNbq,27227,62552,57909,5996,40476,61434
zswaIbpA,aZHEjeXL,LzWHhTWn,sDMkMTjr,qRoXJDml,lNQmZINZ,25083,7345,47305,46833,91048,54567
tNOIlYIe,WXoZCHry,MfgKfqHK,svDCanuE,UxkwLFPp,jiISIvDH,82197,6056,61923,32621,69092,78115
PJiLsdVk,VvTOwhES,qhQdOfdD,WZpRCMBb,nkOWbyaF,qrwCxTiR,42019,80624,18874,38927,22943,13985
FSqlaWjm,mDDJSEMB,XyuNWALi,MbqedgLX,UQbhOPCd,WrPXarXO,89184,26293,93193,22227,88165,28332
cCrNvksB,TBFIFoHH,WGPOWvzW,MqnpBdaY,xrcvroyP,NNFaYTJe,47322,96058,38940,40804,3648,49976
MemjlkHs,OofyQDkh,RMVyrMnG,QQomryJE,WUqBMYVx,AaKyTgYD,75866,84367,49616,35332,25208,91962
BxMOcGHz,MINjgLJE,uYFLXACM,KXMqcYId,ZqSMTmmr,pROZbRWS,64975,86487,14731,34329,17842,84744
ukBoygnU,sxeazRtP,GXogGANP,TOUHvvkF,OtpcfAWf,ctVKDQNX,80375,85509,54875,47513,88166,892
EOSgGPbw,fRwuGwdz,YxfyUUiw,ISThnUQv,VZTJpnwc,JgQJWldc,65134,54497,35400,13790,94690,82319
lqUyeVpk,hweEpNMo,GZsruXSG,fzklCDmD,AwmCQpdA,yKUXBmxC,29440,71253,55270,87306,38332,33010
fpXwGGFy,JTtzBZYs,PnTGsCks,oUAYAYha,NoTcrQft,edvJHJnD,20700,98897,14879,55592,75548,36682
lzlhizNe,CeqIxTJV,MDcShaJY,adqIJVwV,GeMQVcuL,cWRcZlth,78387,7554,87098,11579,90145,39583
VoMLDtqc,nEnZICQp,BLIFYWyG,EgFxSYYC,OOAeugRT,IrzBuPMQ,46460,86080,39418,54235,16927,97308
bkJeViag,QtiQBtTq,IjlczAlI,plMDEkWe,qRRgILpQ,rEDIQawq,13552,39017,38535,6655,44344,7609
VnBWmpYr,sWMMMget,rlFmvKYD,GnrJNvfk,RFfvOIgX,JGOndiYN,42558,49527,73299,7916,61610,49240
gqtNVNzP,jcUqmpzr,ICSlpYiA,rjRbHMIF,YfBfuBkW,SDBRmYJt,20690,34928,41953,35119,70359,93495
QjMyrIZq,LuoXTcyy,gPwijqtz,XSenwato,DmDtvjZs,KCRdWwXb,28658,11466,2102,85001,93483,39126
pqMlpNyv,SaqwzTXI,HSZwDgby,svKDevbT,RNjtlCXr,foYhtNbE,11697,81257,56877,79791,58776,11041
YLyYTkiH,cQdpOSXN,lvCblgdd,xudgbQpS,JfuFeWBv,TwdXpkPZ,68217,51208,47151,78538,81625,60003
pdZtfcmK,bkYOVUFb,lZnbbMRf,dwOQmnbH,RhEvySvK,jzrWwJQS,37744,97498,17369,72395,58482,18728
kWIhUXsl,BYlHNRzp,pxxFuvDt,RMLyIHiJ,YshzaNkQ,qEVymAbY,44678,17882,23991,80999,71007,17720
OOTrVNhw,NRUFfHjh,GIEeMrSG,uMdXTtzh,LiegkJiS,jpwZqNNJ,89751,74211,21315,22797,58909,7246
QgEuMPoS,IjCKFaxC,euutNkAS,MhcfPbmT,mvTOXYIQ,vDCbTFRE,66250,7326,16511,89781,12535,60375
jvcGMCTg,chjdXqGW,WafmaYdo,HTRvcKgq,yxGjGZTK,XIIjEZDB,45372,75692,86758,3566,30652,52969
PoQsGHFO,lTygzAzN,GyGKwrsJ,yGFOKGnb,RLAmLrhC,maFpsywQ,63904,89380,10162,94048,8245,68664
HOzgEAjG,izPRMMTT,zkuwmGmJ,HRkqpfHV,xXsLCvYN,WgfLCNLG,91268,31610,91910,2210,61473,16452
tDmUZegZ,ZReKNcnT,JmIqKrJo,lGWXGtBB,WHwKWevc,xhcOYDDu,63719,59052,36670,66488,9988,15328
cBJBCFBC,INLUfouO,JiAsprkm,NitSUswP,KSOevTtT,KSAwrKCj,60904,99003,70115,78326,13404,43558
PsQfIKSs,nXKajhUf,NdERpbEF,jMDQBOZf,bXfOVSUF,BmPfMdYy,14342,32607,57474,13067,6441,39486
MrmFRLel,haWXyEln,sCXepBPk,PTDhkfFq,awrgzgmE,tgHZSEUk,93484,66123,63450,57335,23551,42235
pCfreGPK,jcYMlgPa,rSHADxLY,hsSMvhaG,ARCZwtEm,QKXImvYL,16597,2620,77501,42648,11181,23724
txOglAyo,oyLGQGKi,IlkEKqBm,uHUvzynz,rIHuzQjD,RlUfyYyt,74278,45160,16946,67056,67110,27904
eudWQVit,zLjhCGWp,xQHsMfTp,hULRoLVl,XyRIOjuR,LoYNSDqs,25434,73214,94223,67962,39243,35318
qPZoepaR,ZMjYFyeG,BCwUyOBS,qNbFBSGx,nXJzUiuq,NRcdTUvj,36239,68909,36896,46882,174,69985
UFrBiXNP,REHmojXU,VPxCKhGZ,EmgelrwX,jzonTHvY,TkCwlUJT,10499,51509,3705,78161,5746,29571
MtduaRJh,OsiKhEky,TwTibhiP,UIuwIMEa,fzWhgrrV,uOuaggBV,58214,31806,51402,87837,40746,99068
MjSZTTcN,zvMFAiWd,KCsovTJK,VSiOykrH,tvNhmmHQ,ApJZAZIn,6786,79760,71943,88670,50969,78415
KCzPmEpW,xILNhWnH,vZwQXivr,hthPPTja,zZHvKmpy,dCdpuSjw,80086,28627,98972,20188,70690,40082
jDXGSuFw,mRUKELTj,oCCdAKDm,mzQbetiP,gxgQidvY,pftqQduG,31231,77642,63846,242,88505,66931
WVJqmjCQ,wcszLodf,zddnuTpJ,GIJEBeVA,PlubtdiL,JXnDCmcz,4278,12983,6302,26742,39394,8717
sCljaXDk,qJUnsjSn,sFnGrUOS,PgdAwfot,QwlUfOYT,mTtjzpjv,7559,78406,75079,46378,96688,81359
RRNPtAEu,zlNGoEOt,KFFSnOcF,KUBrWafN,wgusfBxs,oipMtpXl,1237,94864,94378,67614,66322,17982
RECXKydX,yRimkCDb,KhVbQjRo,UfuFvGUi,nNxVSJLL,qWjszuDP,30206,70402,93827,49226,97070,378
kFaHSIBW,kdmBtQLt,bvuRPgIa,BNYrGvYa,HhWeyJxh,fixBxogt,5277,81987,36377,26533,98956,19751
qJIZfaLn,eBWybrBc,cBjMaXhY,bvxceSFh,trSUUdON,uLbTTEQL,76884,90281,89381,6907,79763,40202
rEEDqnhm,tewfEfvu,xVnqksXt,rmTUzJyU,xDdyHnAk,PIkNorPO,40512,22211,52584,17017,82575,16846
liszKQCj,fkNBsVMk,ZzMUbDvN,uZJgDlaJ,vSgxYjsV,XYuvVKoN,91361,35993,41422,56295,36451,8650
tTmWFUVy,GkVUljui,BFeouOhp,SMGdeMVz,NKclgqOO,hOAbBSod,46173,16032,84057,41752,48894,98702
JXvJesrG,JOtlXYjt,rTUmTiRs,hZwDxKrv,yDNNHVOi,VwkKBmfs,36787,34179,64268,56054,75532,61443
juCplpcr,sCRMPLiq,aIDbKqte,uTSEPoRx,cekaTKcm,jioJFkiH,94537,30140,7439,14684,38797,88961
hYmwRMAD,aRggMjxV,ZFfyVANP,vCBtnTRE,FPNBEnQe,oYSqQiRL,71693,77972,70279,7118,11450,4402
jbIxhnBD,VFuxPtiS,uThdUybE,QoxQksHU,zsiyabtx,zkzLMuMS,48236,60561,62884,80522,10080,98115
dHbUozZM,aVSqyFxl,khgWFieD,OhbRJLgA,DlcqrHyD,WhjWlUjA,77984,13334,32364,50618,49232,53052
riQfEpyj,jQRynLLG,gaQRVkgv,YsCpECtG,padbZsgK,xuQcyFDC,54585,17918,47322,80801,24323,76608
VndDaXPb,pEdeNzGH,gxuDahRx,zlOoTgua,BNRlmGHc,pEcdQTFD,25864,4765,88621,95994,19793,1421
fEsBaMps,zVDvooXy,ULTHEaNE,GwmfxlAs,IMOxQcDr,xbOJSMxl,90,20646,26202,63186,52827,78583
KkqBVvLy,LQgmdVZW,XuHhuHgC,xxXhOtxD,apOLFeqv,vyYzZHBz,71849,36012,86948,66359,3216,67262
tsYYvknu,XuyvkTeq,joYnCYYI,AmKyyPFE,pmcbsLSL,RrCGjQAu,34399,13672,95340,52115,18486,19845
KbMAhUAc,lcxXZrlB,SLwjbGDj,ZqVcHSxl,aslMvMGD,TPwyewNj,4008,30037,77345,95199,84653,93202
DNApqQxT,EofDgjRQ,neJtOhLy,jcvjIhYw,VjGHfKiz,qJodtsrz,80659,10071,44761,17348,35171,2460
pwvegifG,BuzdiiyP,uqUPkdSM,rjgYzfXi,AwzYHPnz,TXpdbiNe,25623,34488,45844,63996,5577,32637
YxdoUTQL,NDmuYoCs,OehaPwTR,EtKtXwTM,TWixEvjG,IcdBtUOE,90870,85918,26129,61018,53792,27377
huhhfoPa,TehyPlTt,HdNJqWmc,DaOqkkOb,xehqhvSh,khBYBjHb,7687,91503,91230,28881,65400,65617
pHYvyBfx,mxJCjkQg,BRPdxkJC,czxvHGow,XhznXzmq,WWwEHNCs,9640,64764,30802,2728,29780,63363
lKDhQpXc,hqsrSyif,tEoQNvZe,nkshPqgc,QYeENPDI,tgBwwAvH,75280,31756,64493,54397,20020,84744
ibSGWUOx,YWjWjLDB,NsJMZopm,WLnivqpK,HIWNFMoU,dwPWUYCD,34807,32491,45249,20763,85485,43504
AqaMRRNi,HbOLmMES,FfLLAZsr,mTpzYkaw,nHyxdUyz,QnglUAvd,66013,74492,67295,63224,38670,19167
JDZjrdmf,nvGvIwpl,JxaXDcnW,vcOVKjMb,OBTDceDd,pvPMnraG,66841,46208,90541,30673,77191,94819
mllgwruy,qkPbeFEs,tRZRZUOI,wZVSOIBS,DYKyhpxg,TuKqvczc,14669,66289,84939,65518,85129,32152
DpwqmTqU,bSaeOIXm,eOcGonMs,uDbHhRii,JoxUXDFs,oHVelGak,66672,10486,2504,64595,34842,48342
jLMwcaos,SxPQzZFj,mcrkJWPm,OitBSasE,ZmwqHBZp,kqiKAPbT,87338,97500,64940,22059,37728,52651
bLzQNVOg,ARclNHvM,meYqIrYk,NaDdHhXk,YHJCCvOJ,pTFmrQtk,97680,37089,41118,84109,29920,66027
FxKparzZ,uGfGvxUr,HyprtIYK,BYbSbItV,UWvJUjfh,KYGqlNkz,14918,64845,15006,95343,55680,87134
gOGpvrUm,HTMcVwlF,oMxXRHnG,KYnvShIV,zrBEDnyh,uFyfsBjv,28347,78580,77725,2529,75086,16089
XjBxWuHa,VivnDkVt,jIVFyObl,TZXHDIAI,SYmXrNDu,umeGVqed,67866,45971,65733,94370,88990,18776
gMgvGdGT,cGgGHVRd,GXfthmth,mIaFuXrW,DvcNtzkN,PurgmTkS,555,90699,80062,32497,42884,11538
vxwLWaTH,cDbpxiMz,YMmHGTcC,YsZoRHjD,ExWrVCkE,FcfxVwEl,76342,88273,2929,7030,48381,87980
rvcPGPzM,HnkjRVzA,XdNRXHqb,HQAEsNzY,PJDzHlQQ,HErNHZYM,35582,33201,34803,22157,39207,25052
AeubnNYB,jWgbQEzh,gDYdlLGw,aiyuSgjV,fgqPCduJ,BacHZCjk,61025,34582,51817,82403,76629,99533
jKFoHLcY,PlfUJabt,DNYHWPoc,AJaFtJVU,GjTFjcrB,vqyTtWfM,66964,71438,85211,52453,10759,69842
CLnhvExZ,ytAzpCtd,KFuNCkCn,RsdpJvEV,OAfyBQpb,PHZIvDeQ,71790,57485,12163,61494,5360,20238
clJyTHlm,PmiUsYsO,InVYurzf,nAsUMYJl,JbiBZVdZ,CMMoZpgT,35827,36988,84984,64186,94994,71204
wlHSthpI,ixdvFtJl,KlEujiUB,SBTzMtYL,jBOIbYUt,uyezJAld,87468,64091,4469,81907,14172,78133
XYqnZHcv,lNEvbFTa,vQvANmBa,mAUNcFyY,hqLRBiCc,DIJcNtZK,81136,32307,4508,4300,67059,85308
xwPpZRIm,bOfFYtjD,fuDZDxdM,IhJlxnHf,TeySktfb,wjVcmpIO,26271,20268,66276,45878,82922,88582
xaCPgXUC,eBlcHCyY,HRjUWMOB,jMkMqVxi,xUUQKGvN,xLgwxcrf,47129,20731,78972,77387,83812,20106
AfssOZQR,ZefVqNKH,dUfgZMfT,LxXgPept,SwJtKqcn,CZXNNrvc,68115,56064,37387,17153,72658,53648
iaqUEvKn,jmjeqiqa,QhvyThAG,ZPBNwuPQ,GBRZWAFU,VUJmzpHR,38856,39212,71038,69357,156,52413
TwJSFoWn,RVCgBBhO,DGLdBMqg,mwmEFofG,UrMqVqec,ZoqVUYVI,16666,90434,29018,3054,10992,44975
WUcgpCJj,vfQmZUtv,uixUTQKs,PlHxNfGj,uuwjaNPy,TiUoVZJR,92940,452,84308,34052,13401,94234
cCienYSM,NavVhnAK,RSVwOrAd,GjfMuimK,OgVeljHY,vSNqVYEs,97317,19763,273,76311,87787,91328
qbkGfSae,jkwNuFnM,iGsTHwZd,olCpQUGa,EzfbOGts,nvYkJwqK,82121,21927,15566,22499,50332,12716
jYmbbMBo,WgoraWOo,SVQnuFuN,pKRZuyYW,kygbIidx,KXfQBvRt,91413,33887,58147,26859,78871,74567
aCkNLBPI,LVZdBZJe,sMzOetdk,APXKPpOn,qoSBDfRn,kJHDAmAq,20828,61156,18636,93482,23079,41326
hTLiJMwy,PQLFGrIJ,CFSquZLs,Afutgieo,wxtdqHHp,mxkqqXRE,35032,4849,49349,92541,63988,93773
JUsqKORg,wacFsqSV,mPCXVMLe,RFFTVqko,jrUuRUby,IkPMrYCH,16477,95578,76493,97766,42484,84962
KELIAZrJ,ydEbArQP,ZhryzDNX,HpeIHBZE,zyEJDViq,IKPiHIRi,50411,25271,58519,22646,49102,6489
IZckRusL,tEMHSrAH,fGEYaRKA,UtpeGVCR,zAhrQRDM,kpHUSXbo,79805,92393,5172,98060,39830,1249
vPOZTEkN,jwCEXTfb,wYSCiiEQ,RGErgGYv,ouZsLeAk,mWgQHNlw,36562,72013,67158,90958,73335,93640
SLmxdMYB,COOXyZYx,PkEpRtvO,qWGSwRmB,zdhHkqWO,HOFiHwmu,17590,99293,35246,90191,89417,45579
cDNMTWTb,vDTFwdon,eeQHsEmb,RhTuSGFy,stFURVrn,WWvtXnxJ,63997,49121,68188,58230,19409,64074
xWEqznLm,VqmnCkZM,uzSeSial,klPIALKC,JLrnJDEc,pJShJIQW,11614,43781,68285,57480,71920,15232
AfWxDemL,vOqaFZRp,eQzqyjoW,ccrrqRAe,bFicfFla,XTiuxHlD,95574,25338,13269,20533,38572,89857
oLUwzOoH,GTEfAZEl,vWPjxPOH,ScLoYARb,KuseLiud,FJQvRMXh,91813,9779,3560,39042,33944,30760
ZuOXuttD,XwUaWAVD,pKfMuETb,zpOehfVl,lvKeiGRW,eXlkNvRL,19940,99309,8002,42655,58421,77773
oDKRbQrW,GqszIwwG,UpeHLhYS,IWMpMBPz,abKpfKhe,enqxUsAd,42405,43720,54933,19937,47918,98
VkIozlNW,KQxcQOYU,cKUCEzEH,hflNTJNY,kUsLMGrY,ivmbBtGP,44329,41075,53629,94714,29567,98318
WrmKbAQs,cJSKOFgF,yDeiXoZp,jLgpbrBc,BOMTjIUa,bWefCPhY,57168,86305,71741,26097,57397,99045
PpCHwlaM,KVVkNHuX,OJqOcZGN,IkIMJpnW,FoTQeXky,bBCNnaAe,62372,31669,34276,27734,53545,74725
SarjPCNR,aNgKImPQ,YWkqcCKz,kBBudIRe,lmezDllD,HXjUFxTJ,81588,34565,49948,63747,18701,67543
cfvWVmXx,heeDyvhT,oiSZxFio,pRfptCVb,UAuWchsY,GJQFiAzR,45970,84307,50458,64592,32882,14122
hozJbTkZ,ZABclYNo,PGFUpKoJ,idHLdYmx,DWNxdfSm,noyOIuXp,44879,54729,29484,61118,92136,45401
kfkdAjBw,jQhphwPR,MOsqLlEA,ObExnqdR,pHLvPGSe,uXhqJpFP,52738,4847,15407,18775,88947,61028
udXwvwnA,UbhbkHda,WXreEthA,BjqfzgnF,CigpZHRZ,qemIbcFF,41753,22324,84663,40485,43674,44148
QMqYRUjR,pwnGxnLm,welIubGy,QHOqHxBS,OLHNFimj,TRbbxQzT,18678,22354,3235,88703,14526,5697
eVqqLLCs,Kicgngyo,DAcSdAAe,JTQdsNzw,qHbqPSJi,XTVWAwtO,43034,50517,95703,70559,34768,61920
wIYyQnOd,cKAkpKGO,TwKbDnKa,cddjjhYv,PdlsPmMC,tcnYddQX,98068,10645,49867,23328,74026,21915
PXVklQbp,ERfSfaFt,FEcmGnbn,EHJTAoTI,fVizMzgE,WmhMpoZX,3981,41352,87102,87926,67510,86984
zLZSSDnb,MNBuSDBo,GdJkyBsP,SBDmhfrj,YGpgQEsh,CEJnnoiC,87828,67503,42059,15191,15520,6813
hyKVaffX,DlLHgAVm,eBBDRFtE,JvSVvipg,HVZIzwwq,DpvimUhO,21055,73361,74101,38053,7460,32641
HXsHsEbG,KexGrOaF,vpDVDNDj,zOPaMNrm,sckbScSM,sXgtiYcF,87401,65248,61130,87940,33021,48348
FDjIOfNe,mAKBoTMR,KmlnLIUe,zrMgdCcX,sraUzZxe,pgBRdjTj,79416,71693,34650,78510,62588,64642
UsfcxCrd,oEesgChg,UUfLdQbl,bHxDPxwV,pMelXISt,KJwXdOwu,45742,14019,11245,39187,63527,46219
AHIuffFu,xPWWbmYT,dAXDMhqk,tbLtBsST,WbHRSGVa,WTlRArAg,7596,52247,44358,39639,94994,63720
boZKANid,uSrNgnQl,VNIDTLlg,bSHHfaQi,zbvRgoBk,xzoImYgt,83556,50465,32592,56228,32984,7135
YgFtlwTL,LHZOnKtJ,HaaFQENH,vnlpPFQl,hsAnHLCC,GEbVLEcG,9241,63427,33934,39622,89109,92703
rarhZYCK,AZapDIGV,xzVxoAot,ERNWQHoa,jnTPztMN,sWOpZkfc,92055,3639,87696,7992,76757,61993
fQhCHhCn,imSmHkGD,saATKUEz,plXDapFK,OioJdmTA,scEwgkqu,81215,70351,43353,87345,47969,56412
puJEtwnV,HuLEVrlX,HfuEJCwQ,cmEBcGnR,UqLmCXoF,SalltHVr,72451,33474,57487,55746,29243,43748
jbUUGlKA,xwqOYLvW,XCjrzMgo,XoUagmED,tLxPezKc,SzVEyVtP,77905,35896,48435,135,22029,25831
WUiEPmmt,bTRPUBaD,QPvnnjXk,KIxDqnBp,wNRihfkI,denBkPbQ,9074,76428,48104,46201,50468,30667
GFDANRMv,iRIgMUpn,KVACVTJh,oHmcmjdK,UigpBACa,JjzTuDuZ,31329,78121,95047,22658,60066,30166
feHweRIi,AwldTWGg,iBIjnilF,DvTtMEEu,QKXDIUNy,atyaXqFd,39823,32553,64280,71511,58978,74716
IMHWddGE,QczzmyFE,NhsRMLjq,AVWOAWiR,YXldSipL,ndILDjvv,37572,45993,87618,30117,71720,88183
OdrxuXyb,HPKjmXTs,wxrySphp,IjdbSUaR,vaJLyYlA,ZKrJNxzk,29337,81933,65078,86461,53969,69976
QtqaZjCU,KtatJacW,JmYIsEvr,xYuxlYsW,DSFHZvOC,WkXtnhPR,9913,57375,10888,3522,303,15622
MfkbHgaA,LiSwiQsQ,cFlkRIjG,eElDySFE,SrCDAmgX,LlmllNBJ,64764,27317,72412,12620,14094,88269
ChRRfUor,aHoQOyGx,CmcNGZXe,wuVBitCy,VVWyfKlP,UFobAdeo,6101,40253,16680,42258,4574,37270
HIabjzvN,vhGFxIKd,ejlgKuDu,KFkNJwqN,BfMLKXjj,oPbBJJiU,84029,45417,69447,19407,52288,97419
qUGogfTZ,giRfNilX,MwGuubBE,lBRwKByP,JPpSuDmk,zjKDcXUi,97518,44651,53727,25793,34561,84109
IUUWkuIu,QlnlvKLB,THytYgLt,BScHznlf,SnbcAjjx,GMQJxZKU,762,75202,23614,68165,54094,26040
FKxCjGJB,ESNelzaM,wUIiKNqT,BzHYEwCF,PpNlYcmN,MVrrhxhv,92399,97953,81442,70127,93205,25668
vyHYksMn,delvyfYJ,vlxNRoCx,sfuGiuPr,IzrqxvjD,YISKWtJH,9574,45401,60572,6690,34724,9527
jpVXrQYd,dWxjZZBN,brLhpSlR,XGhhhuul,uGFalJsa,SekmFEgd,23307,78921,86329,13295,26162,42469
UDhVQYjB,HVqjOLLf,nNOaIdBl,OnxaMHQV,VTHuodhM,MciEuZsD,23240,77065,60362,81860,2205,75019
nXZtEAhk,VBXOuZqy,oRxFJHSS,FCuzJeEE,LoduRimB,rMBDiHxY,90110,38050,98297,72197,60666,92734
tYUXvIQY,cifadenR,AOLIFiqU,LQZnNrBK,gmwZycHG,DXdOxKoF,12957,39099,2022,47288,39158,254
uLFmYBEp,YqOWZssZ,VKfbpMdw,BzViZfcm,rOvbBfkz,hkYQLzmN,44060,92202,24154,59638,84450,99431
VindrcYT,Siizkkae,OOmZUpdg,FcDZKnkd,rpOukVMF,XtwSYMRz,28390,21600,6323,43368,85685,6914
xgAkdDhu,aWzQjPgC,iOjvVgyp,xFKhheUv,KvEbtThN,KUgHqCqG,35776,31083,69391,29426,52990,80250
dtERqDRx,FhgCbSsC,PjwFmwRi,BXKXMvaa,INLIGyRx,RdYavrTJ,21240,68011,33651,27545,82679,96361
cNtqIyPn,UjDzobUv,ZtXVKTnK,uAzArEUt,wpztlFyb,jqXllotf,78878,22180,79810,63468,12966,6143
XdwVXMds,XlgOQxpl,kNZBilAi,TYyOigAp,AdIkXXqH,jZMqwsOz,79188,36013,6591,19940,61909,63691
zduAVuix,dfamwwLJ,gTXroDae,tmvNLxDt,xhnTnqhx,zSjXQeHp,57184,67272,78909,11120,35778,98018
VOTcihMz,HdzSuWqd,jYZtgwup,sgYcWBim,fOevAKNC,tKXBTcZp,34526,15022,9509,42901,77402,19870
unJXMwxs,mxiAxRGK,DRPnEnMB,ExqwAQuW,cUJpaFzu,BrJrObJx,74995,203,58184,24692,5515,41384
BakkIaae,cffcOYys,rERATrwl,xChQgivX,RurbHYQm,bAJeROtK,30730,20526,41453,20834,4089,69211
cBfwbONP,sYHbmGLU,yjHRBUOW,KuNGDqhD,aqAujfzw,NWTtIhEI,36581,33619,69064,85040,32852,47472
DcXCDSEg,oTtEFvVn,nsYCbUtA,UJfxJQSW,UxQJdimm,qsUbMLFM,90253,30916,35063,32614,9145,85112
xefisKhz,KCqNZpAN,JMOFWIzu,yltjTXLG,vOUUpDeM,jpwpcjGw,23555,25454,12968,48348,27220,29868
raDtZuZo,ykJGuMVv,tUMRJJDZ,gQwNrdSn,OFhOwPxn,ryrRIslE,77251,67501,1864,82265,15621,51547
nCuyOeCT,LvcvDgZD,ewchVzvT,DZiNpVcM,ITzMCLIW,arPSVTQe,56378,44842,19046,35425,68664,11700
gpNGJKTh,TYNBGasT,uOPmbIkv,czwTjhvs,OJNNGSgP,BlUGkVlg,59840,45085,84534,66330,95183,80844
uqxxBhCO,FkLdrrwB,eQNsEgHk,sBUXlxJd,zjOAGyUx,WfSpaTso,58167,34397,73131,2921,52168,33696
iiLJOCvM,hkdaGYqu,mhWNPlmU,LlpjPgnR,AEsNKRgv,vMNdOLQJ,72668,80697,48350,98798,84397,69571
VEhwlvCU,vtaYCjMr,oEoyCYFN,bEdNvigj,hfBiusYK,ieTAvkuD,6780,30228,14470,5570,91739,78294
UEGnznEK,VcErebUd,jUTRwmkU,jKCRRmxL,HAsnxIKo,aAoYUKNw,58220,26265,24348,37161,72327,38696
WCcTYcQy,KKUDrLFL,nTiHjalq,cUGWWsoK,LlapwXLP,sXrCxXnZ,4296,13248,93807,41743,69885,28691
WzaxJkkH,lfQjRBti,wZjHJNqn,BHuUQrsO,HwwWkSRN,KPEshSLn,95683,57759,59180,55074,93204,85902
xVgWHhLh,GipDOIfM,FRHxjFzI,IgnkOxMl,gkvRloNx,agYDeaDH,6164,39163,40258,88666,19419,8005
AvXNdZEg,vSCmkuqZ,rxbGqSto,HpYBOLmE,oduGNTHW,miadbIIZ,42816,32671,40567,53817,98695,67864
sajDoCUV,AoNqVRvP,ozDFZGtZ,ugvcVHVX,PysMtEKF,xoofsIui,14395,97737,16356,57357,77066,27404
gHsKJxPu,aSkhxOVe,CBiHsYOv,NDpzGWay,XNcFxTMm,XIVoQdlE,93553,26889,35216,19185,55649,16417
KFufQlvw,rLnkTlrZ,atBzDhzz,otrknJYw,jZDNwFMd,gpbHQmVY,76324,43772,24208,59113,30362,51368
GQznyjiC,nNLmJIYM,gajFRsuj,gxyeqoTp,sNhQqhHB,fXuqIRAo,78408,56055,8473,46079,91942,82952
zagefkiy,YvXQXXfj,iNmCwhim,cAOyEjyV,LkjMLzBV,rWYYoVGy,73935,21939,87809,75015,5586,86507
oRhcTHoY,VRHZSEhb,YahHHOBc,tnHMvcBk,OLGIKjTg,xTuqjcIw,31927,88784,85994,69854,74824,25346
zGBKeykr,mpVnYoPr,DfJfLwtv,KUiMcBTr,fNRQdHkH,wzpwSEvU,27521,38419,25412,3790,42341,96505
ImzrSAYC,NoRAKSZc,ZQunMtYD,zzUUYrTJ,NWLKbcpg,HAXkFRSx,94158,14415,59276,15176,613,75187
oEeDlMPu,TZigatku,kdzRQzsL,FEzsufUe,oIqJWKgy,CVpOUIIM,62888,98610,38307,94676,92898,87151
fvHjxiWH,mLJAFIhe,FRWFRVqf,WbebkoHt,ZViwQMka,YsKSNCGh,46649,49987,7592,32118,23762,34334
sNhQLxIx,RBGRpXDa,hXjHHqZP,kbeAyhbQ,UVXisEks,zNDwSRIA,63361,12155,46036,67534,70538,30970
TrpLHfoX,Hncpkmsj,OyrDDoOM,gHHtijpG,UIPgfsMx,lAbYEqRJ,87943,66226,41394,66325,72457,58665
NspmoFLR,OfoVmzYq,gcBcVayb,EwtRVnHL,bTAfbZVL,hAEEEPly,64582,18754,81651,50220,33463,49191
XgqwtEMZ,NUKpinFW,QUIMisLG,hULwHlVQ,ccBtfofj,BDANbior,80750,69,30027,45617,83374,92247
InrjFEgN,nxmVMnCj,avwSvDtn,juyMgbAL,ZpulpFvq,FiSBawlV,58627,92396,38886,88876,56777,19665
JMULCfwF,AuHKuGER,hTmNWskT,nXYMfncO,YEjIxbsy,irRDCIOn,38910,34845,25616,67302,73351,55327
WJWoiuFz,zYbExqvK,oufKRhWo,fyhCcIcx,aKBJTsPJ,MlNrmape,96353,11830,84496,50426,20609,1888
XJHiVYOp,bUgDlCEP,SVyYdUsi,IagmYvZa,zEpvJQUO,DFSPZGMA,89815,59646,39733,27554,22013,70724
hHcywKBj,muyAKAII,ErmbgoFu,PZZgiFtO,WMWVMKQc,hDuBirMq,48074,27719,48244,95704,57160,64429
XIVEMyMj,GaIAsMKz,lvYAzptn,FByWgFsi,KBsTyeXd,MAKTXWWL,39858,72972,67214,21216,714,21704
WBQuTANB,ZPTjfYQH,OvzHbqqF,oAEJIraO,IPhJsSYC,mBrksJiZ,20934,27659,58932,61650,80797,42404
jcjHEBRl,dqIGLGEs,WCZeJeNc,mZOpaikF,JSUdOhqg,OjHzkyvA,7582,13883,31953,350,64615,51397
vteJahgn,zmWQrJdl,DQjHlhiP,GYWixRKZ,aoJjBQwa,OMUXOOvu,93041,8891,17916,15380,49917,41668
GBhZgByM,smGfDihI,LFiuCWAS,KPejBPDM,zSRKjvDi,mSwvdyus,18254,66110,52391,69782,52336,55419
DoFTXkiQ,IJQVKUeg,FNTWJBjS,pVeOwbHH,BlRJgGNo,HAdzhFDA,72760,38241,87815,45961,8086,78298
wqnzVcMK,ogTCiypL,cgIoInjG,mmiPvMri,ncahCfRt,ehPCMYAw,64797,6568,33375,10788,68215,93662
ftLvekEQ,UBkJOrUd,PFzlnxeB,GvGqvKBq,ktovmVKj,oSWCzPHZ,64839,52184,88478,82291,55972,336
rkgAyoEb,TpjluBpm,TISkzjuu,pTGcujpy,HepSENpt,IcpYofZT,61052,31928,44415,73520,11002,70691
ChEJhpYA,cpYggKYe,JGwSwzce,BVddmTGR,mzFctjPg,zERWyNEn,78589,69107,1002,86785,93950,1781
awiZvzlK,eZmLemav,OpxRulhH,JuAfOgmq,hxHOgIPQ,ezmYNppk,59683,91709,6561,14543,30836,7135
uWeZTgTd,BSKkNEKE,sxbWqKGQ,SshpukSO,HDDQDAEd,dlxZQcLh,66986,66738,53427,41747,99083,35137
iiZZUHeK,yLjyhCmn,OTWjirpi,sidwQMKG,ZWUXMnwi,NzWzSwAP,67449,67432,1317,83282,71034,38090
mUMkcNSB,LzkgjsMk,UTpbciaA,cpUSsTAB,JkvhiTup,FnbeWsqx,89659,39794,2575,66202,86402,23768
OVzljTlP,DGtpjCzR,WPZurxdK,mFSHnhqa,qFcBvhek,ixeHxsge,8781,59434,35424,25943,56873,3335
cTWbWchI,gJNLGHgq,NvRrcngl,yeVZvKcK,QNDLOoaS,yCldCXFn,71536,36635,68356,64530,95391,88056
qGYtUtkp,nLQZvfiG,xnJTUXUD,znOfaSjN,DrqKfJYm,zmQMyNbk,14690,34204,14966,3913,5868,27280
OwcDMYNS,lUjaSxyT,kKknARnH,DvptcLJV,ZmYbuBDc,JWVPrsoq,34500,40342,46316,38959,8920,60001
fDrRjoby,SRoKypnt,rpcTYToF,yTlisFse,hkaOJRoX,iHnpbeuO,69243,31524,70840,31412,80307,17766
BvhBWyba,oEvafwPj,daqebswr,cuXxMaqe,NNjdknwp,LzNjgpXM,9453,53892,64432,9448,69802,38850
YUCyqYeN,YKRCVVYs,bXTAfGaH,QdyGdWrz,exiFWalA,ZSqpPcTR,12222,18054,75130,48229,49230,93703
kXVLSiXq,bwxInYFf,GKkIoBAU,cLatdRWa,KhSTsqVR,JPtAMawP,86374,79285,77230,83401,81132,91600
ndjMURZv,ILMJfTqr,uciZeFlo,EdwtBzAR,qUnhXXJI,eAYATNsr,71265,89853,36341,64887,77814,642
fKKQZvrL,qRIjfGwj,utdjfrql,XapnxVbL,hLziPCUD,lNmyKhlD,20078,93103,9824,45179,79467,4160
aZNfoHBT,hlnTYBtF,jVPtJonc,NlIRKzZG,hkMFnryI,kWawwbYK,26257,69147,58855,42776,86160,29942
mcDYGtzk,rOUcRlSY,NTpjNsgl,emOTKoaV,usKPXiXu,JzyhcNVC,26553,71350,55452,15855,49439,26391
QXxvSaPZ,EvtvRNDN,VnVDumvb,tVYzwplR,yZkhvxOU,zrhsymwu,55908,15867,21236,27400,11910,91946
QlrsSDOh,ITOsgcFo,xZSrgRIR,ZYxPmGtO,yIwjUuqh,HUMnCznO,52903,668,22912,50239,45166,82510
oEHwXehh,bSCSmMTg,ajubzlWF,qNIkpbrH,lzDeYtmc,hHWNrBdB,70170,8369,21880,19395,67780,51118
bWtfjZLi,kAGhsBPr,kRjKbqby,BhFLqXHu,VdhPoWvv,EtQoTTgD,57967,21066,88552,99292,29266,50974
ribUBrlp,MXSQymUF,efQPKjnR,tisDCetl,kPlOeuoc,PuGSSKgn,53680,38617,40813,47177,87507,31881
lsSTKSDp,QCUKDORB,UNwEoOAC,BzbgLHCY,PyjKVqOP,tHYgwLyu,91805,15982,4027,5062,69317,82512
GegsiMVW,XHGxnnpk,FstJHpnM,tQgpfUnZ,bxqpcGTM,WjkloDOl,42257,54292,77403,88165,58316,22206
AflRAZST,kevJoQIu,OuWbouGQ,TXRuoawD,QWEmdIGy,UZfdBRIK,53157,5617,59756,8075,21233,85900
TDzeYBOz,RMcXFoPU,GRMkxHsP,JCNDVZXN,WaRKmhFJ,rPWdvwwy,7450,42359,38948,69700,65054,40432
VrqItOYK,iUFzHrpk,VyNAojpp,bhlPPxOq,ixjBGCRk,qbliVgtT,83729,10825,55770,16079,95355,12416
NfgejyWY,UpZMfqZt,pDbANELP,szxVYKZv,iChgzzUO,dXUmvJJp,15731,64119,1197,78195,95126,18865
imPpgcyZ,FGrhdLsa,WYxiXArw,llZJiVnI,cwrTdVrK,qwCPdzmt,21462,12243,38094,11294,18557,88790
xTfgHepP,CVJLTUhZ,JibYMBQi,UMalTaTo,HSqatRIg,EIGjfnln,22010,26558,37011,79481,28945,10135
ZWIWkTKp,YHECfsBV,AvzKjpAU,BvVtSTKy,nzIaMqAE,ZeOZItYZ,21346,52490,18851,13854,93422,81680
jhnRTWCd,URsJSUOj,FeoPvMat,cpgEAQLv,tqfdLixH,BBKbXNll,58365,7410,99942,26733,47881,35989
OQqCiwsy,kygSmYMs,BybaSFxP,qWYGpZOQ,yqusCkiu,thQjyqfX,77515,11000,4183,18090,79590,24088
eNLAnOkS,jnvPvWwq,kexrccOK,RsraZQZe,Pqxsclvy,WiAdllnX,18186,42916,67438,37526,91728,56280
qrcqcfRd,xhxPoFiy,imGyjIRm,zOQyxKFl,AaPyAUMr,VtsoJeKA,67486,33604,12151,16188,1964,30475
rSehKYYJ,sVWbUnQm,zoEQtzpD,titvcUwb,UKlHWkxH,gNdkUdFA,81867,43879,97527,8151,88617,15923
djQosRSb,OPbgeqMY,KQNTJJvW,ftlPFGcT,byhLzbRA,mmGYGabf,84563,17445,6934,60021,30694,91250
NPicUxDo,xxDdHYmJ,GHHLPfcL,uHRbgTUS,AzvGBUNM,JFGNhDuZ,32703,91359,4960,8749,86870,36297
jVfvArZO,xmMZerOD,FYDwnZae,oSQsTUxw,ovAchBXT,WKXOldip,25675,10005,92344,53423,45932,53006
wcHTxzFa,mxvRquwW,RXPloDOa,AITRzhDD,rTNtZhNx,zXQlbiNm,37883,54799,48068,71931,7799,82564
cCrsFIQh,xKWlDyZn,ubuCpYYL,TujUPeOn,qNfYnyII,QVQxKEBX,55846,66898,48013,22059,31880,28572
wFQDtsuk,ZyOqskvA,OBvzTimp,ZNfxHdFQ,BBxUELjU,yhcMXSlw,85260,51229,6460,39578,25693,41166
eVhAFciQ,FJIGRHHY,JXWQlQMM,mxBFvbAh,QlHWEpbT,uumPZnHW,11560,21734,65898,86247,52856,65728
iOwShQqK,kwtHHAxY,bJCgmcbn,PoLxbyof,zfKdtGGP,JYoccsSP,70213,56718,99332,89141,62714,37148
VbPUjGwK,DlMLKcJx,BoBqIEXZ,Jgjhbjyd,VuAOsYNK,wSlFSHef,20464,75873,36453,78546,31881,90398
ZnTBPTIb,dJLAvqko,XxLccObk,QkmJtzDf,kRmchtwI,HcaFAPfm,3450,89285,16344,91875,95904,50894
sLmRGlIz,vjMyfxkS,PZRTGGcP,dWUsFoaU,JexNQZVQ,kRHRtAnC,78917,43204,97069,80931,54450,73149
gHWyyQFa,kKtPXfDj,XVKFVGgY,nQIMpcTZ,EInBZkGF,gPuBVIEV,32389,34562,19343,83031,86851,53768
mxlhYLVb,VQrelOmt,QGUEcCJc,iejEBQFq,kIwqDXNh,OVClwMQH,61398,99281,90065,34799,26475,7295
urjmIWEc,OJchqeok,uvgbbdVK,QqvCathq,IqAgAfeQ,USbWEPsQ,81165,19010,38099,53375,90173,91544
VVbnjqHY,SSrwrWaf,ArZhrkyL,wnciUyMw,LlGtqPBQ,faullOxI,29091,55344,86563,43084,50622,89306
hJHgeVqR,gZOkcqEv,ijPrdYFH,duqPbaSO,fCvGQEcj,fwUGKttp,371,48538,37518,40876,97183,38622
wPsuJohj,vtxbQkxF,Lrkbeecy,xgWavxkf,SiBSRLfN,rWlEOEAd,10615,60751,43430,55690,63726,6560
OVpYpdJX,pydlrTeb,dhBecFzI,XcRsVnFJ,rLEWaTlf,DRqseQmb,77227,79712,21752,17021,4232,54689
vANKLBdX,GzWbtCrR,agYHAfkm,ImCasoXf,ogPURICp,NkEVfvbl,73210,7909,55974,23543,63763,67355
VsqFKMrr,dNVCWnrI,DCtFfdWB,gsgWzJED,obbhmfJr,ZJdUYecQ,53503,16858,7474,22921,7678,44823
mIEbQuvT,ryYqnblN,QdnPzqDx,JJdJMsyK,QIQlkRfS,ZqDkeOxx,36426,61375,88185,28184,91394,81293
wpWTvKHW,aqgdohCl,FGZphmaC,hxBnAzsc,UodrOoPo,BMtCqitG,5610,83191,87555,13966,42361,26364
bmsReNXQ,rqyXObmL,NyhYleAV,oezcwBRA,BGqWypnq,ifremdlQ,48901,10206,10029,72714,73841,71597
CLSWyodD,yJsBltLT,PHlhOlby,QzeLtwOY,PAHFVLSf,kAxmIMhP,82996,61973,25449,90789,27310,46988
WIRcQGVz,uLuOeYQz,qQwsWQbf,xtGkQfpA,VGdBjQpb,AXKIPjDu,32824,90861,25468,7506,73287,38886
KjeEmtea,oXuqPzSt,xyZoOOOs,ikFDIhCk,wxynnnqV,tnRLedIN,95408,81632,17295,87322,61687,54077
pzfszZDg,JjZenTsg,mpnNawRE,NUAyBwOC,dAONPYIY,OgdkZIFl,84802,61425,46328,37114,21875,55503
CeCUVgVU,lPnwxccE,BkXBsFgN,qYXDvZGd,jgagaUPC,ZooeDRjd,90028,14384,42070,6630,40739,41805
vgpmwHvD,jSybnRCu,SphdmwTl,PPPGJUEc,ISkwHLWi,YTtMGWqz,47535,78637,96376,36873,63363,49046
EOFDROhi,ObQnDVYB,hXlzzeaA,alRgQVuZ,JuCAqzWz,paiOOUeb,54441,90630,58693,86648,58490,98841
ZMSyBcXh,hcTTMJSj,UNKLsWGk,JlyIKrhU,ZzuahMox,DmmbfnZL,19555,18331,91407,2627,72267,84658
TGHCjBBq,dSguqNdX,vpRCLifm,fcsWyyEH,NIcvIJZt,ZeKfjzLf,92677,70955,40884,58468,28464,28273
cPnLwoFV,GxdrCeLZ,CiXrswNW,wyxFvnki,RBVeGrPM,vVBpHJgg,8230,66217,63859,60706,90248,63395
kfSdQOgP,nnLSNqmX,clEXuvyn,ivrtrtvY,UlYLntNJ,EyxfhUBr,3722,79293,73503,7211,10694,45872
fdIUFwTZ,muHSkITL,spRYfTXJ,ihizHePE,QwfhcjTg,jbGZhljt,44862,65048,7683,42486,93644,14089
JkBexJne,fbKaWMTy,uHHYTDgS,FUJMQjnx,lDdOVmcm,WQLXdaqU,84083,69918,3901,57409,89800,40939
kbLIMKYS,pqIgzmzZ,LtLjJscU,DrQcCaWQ,QeANJFsW,PHnPXbvy,3630,15407,38802,62924,53929,38962
ibpDWNUj,HhzyjvUq,GQvIUJEX,gyaQvgck,YEubyvuX,PYlrTXwv,91182,10974,38051,18784,23979,72140
nWswWuxk,lQBKdNOP,MiMoetpI,JDAQzMeX,HKQnvCCL,trQmsTUK,33192,56114,30184,66699,84360,39702
acAhVdKl,LOgdHuNW,rRszKlBt,PhTRJyIX,qlQBZrpv,URvDiWeK,1383,66363,23525,69824,24672,39
pWSeDzhj,dxGyPzRD,iWpgBMRf,HkMXCRSx,xXuQckQf,HiWBpYmF,27709,66525,3146,85264,33716,63781
CWmwDftO,rwxKijqE,tRKiOryp,DfzZhIZn,lEXjkriv,DJxMnmgK,25855,57979,82732,95819,47003,87521
amYrOiAV,oAIUKtBH,ZMLnOEAZ,NpPTUbBV,ZNrNbUCg,dfBLUdIp,70318,43538,77600,8247,38728,67654
vPRUnkgU,vePCUVxk,OuXmkhGs,qRhUoQiM,CXilaaBP,vHWPwdjn,10923,51971,57276,59479,33371,9768
sSaHdDid,TimpUNdf,QucoxWrY,jXoLvurn,wlptLlZa,MCFBIYKX,18730,45982,90155,68852,62854,41205
CBndPnyC,rPvxfpws,zxxYGdoB,KvvJMxwk,kSGaqteo,lzNPuhSV,66279,79672,60253,35419,42811,23070
QbKNceNU,zHUiJdPi,kmtPAMLi,cAiqxsOD,SQRekiqI,JfqwKJPy,23515,72162,78277,25571,70128,90963
JKTvOTkz,ozRBLwxg,SOimToWm,lqTZeAlr,CCMqMXwn,LXTuGICN,71246,98821,56499,52830,31718,35206
GqlmhwLr,eEOZNbqa,nzxglIcm,IgHpBuBg,rwicuRXJ,Ynuntajb,31122,20845,18873,22720,79463,97853
ZwaCAuLa,WzBuHwNA,RImiKhGx,tuxJiqJI,DsNQOtWl,kZXNKqxl,74479,73986,53594,52471,38202,79073
ziflCplc,pluZCbOp,kPPguhVz,ubrBBEUb,nmUvwekB,jFshbVvB,67292,4585,25547,68582,48653,76981
QlINfQAt,mPEAHRKv,zcFAllfA,LqAumcCB,wbmyKPWB,DDlMGBVM,64526,75532,29098,34472,56371,79273
KEGTqQPH,fIahCFcT,CXiuxUHD,jjRkzsZT,eHTnXTrK,DEUPTEjI,44630,25615,10564,93166,33796,89539
ulzWcsCa,QpAABeCR,HqouPVWm,hlpcubeV,qVclABrR,FjinVmqy,98241,90273,7188,14459,4397,52774
fXMMMzXL,BmNrUUMT,yKNaLoeg,mrAAKSzr,tHZGfsmR,TRtHkmlj,80799,90566,91633,87315,10506,69114
BZkFQNcj,GjWbYpog,XwsRiIHT,eYsoNILV,cJjRIopz,xsDNrCiz,75112,24157,39299,32013,50786,111
OktHEjKx,WXjTqcSM,ifWYBqIs,BfyzqkRB,rBRvtVyD,UfXMmRSA,21678,66157,86439,62810,54499,33027
qgxucaip,aAhTIIMQ,ZooKAXUH,IBcakwso,zQDoQqvL,UoWChmAc,33877,98852,10359,8348,95757,74170
UjeGmBCp,WutyRGac,XUUuzPJt,zrRMPvlw,wIFRnEZo,LxRHtDBs,22802,31333,68458,88106,1329,4513
AYCavnYv,jgvQgkdf,AqTTPQVX,Shacsash,pJkJyonB,VcDjVNFF,18469,84940,77182,86229,63419,11110
ONQGgfZe,hJsOgXiH,YMtJchbx,WKinXwoF,HSHBtFVM,SseSEWHx,52918,61898,99417,59910,22874,15401
KzRyBKbx,SvQAGgJE,jtNmZWJO,nxBUnLIl,sdXQhVux,ytgvZcey,90931,76232,87134,97217,69943,95596
WPQsanuS,NIGAyNuW,YlwWFatf,MmVOmwOU,vttZfpph,ESpVpJUs,22155,58352,78367,58006,69011,7416
VwXJgEyl,FzGmeGIo,JcpIRvPX,UcLBOSha,NLSYQscn,aZlTqwxF,96142,21458,68565,77493,28200,85706
YokjuZkW,ndsHgMDf,JCpGBppE,aOYwYzJt,TbFMULUW,TnxVVGWs,15460,97452,27249,13385,12729,16510
KYIIudFQ,FuhkbjtW,EPzFGeOz,yQpFdHOC,sugtmmtC,kxreWhos,11049,22980,45529,51692,93031,43247
dQDljMES,qrSuVogS,xWxmFNLA,mVWeCcvm,yfENrURt,GoXBFVep,9366,33722,35569,1674,95573,64066
vswirWDx,chMgGAPt,XTAPTWIM,nuQsCXiT,baPgAcWM,cmCUDIjC,45207,60718,22997,53447,47129,85329
DVpVtDnM,LcFHtVRz,wBUFajQM,rSoPREzf,sKkLFRSw,bOKjleZe,55788,31232,96981,74202,27876,97131
zIcTIhzb,jldPwnZl,CDdyUPut,oxorDoAU,hIpzNwTg,zhQIpTmx,80356,96692,66277,2874,35852,52958
WxSKTuCQ,RZfrLgYU,vPvMGBVz,HFTNBlwN,ioTsTrlW,ZVLGAqsB,63734,62169,98238,91832,18248,20164
bYOSHyEj,jYaRKXDo,PPrEjwID,Vvekofnh,dPOEzljT,vsocGBvG,59409,92736,38877,5776,19886,98121
VOQwmniH,rAchnDjL,RQJObVXF,hZMbtreQ,mCoByCnR,YwAsVHvv,32891,2074,521,40768,30125,33476
esehGGnn,GoKgnmdw,QOBeSivb,ugHzaLnU,nyHnLpCZ,VKYjbfeQ,75805,58110,73451,58289,29637,59444
EQagBuRa,xLTflets,WuEzbkco,kLgVQsWm,pkAIqbaX,TBYNKTkE,46989,7733,19798,56709,30984,8418
ixoUpVog,NABvQeoW,xgEkJDZb,BjQOJJJY,Mcyohtid,jBngpWxY,31030,22069,47488,57508,52206,91456
lEmMAKbV,uRcuFgiL,JZQSOmSP,gOeRAyFD,lczSYWdq,XHTyfVXw,73135,66294,89677,14353,89941,178
KiIaBDRG,QwzTSiYF,ywVZHquk,wGMEJQzK,COrrRNUH,ypyvVYFa,76067,79423,17081,95262,6341,87382
oIzKjVDI,QTvrHeru,EOZKHOJx,uQGKyypu,ntXPEGAa,wBhoJCCp,64601,88815,62064,83109,84853,29537
VxIjqubr,LRMoLHAz,JfbClzPZ,lbhodRDd,ugzHVcnF,VxtGxkOA,56807,38629,3610,6638,5548,45999
qibIikIk,nrkcZvnV,KyYCnCjc,BFefcKdi,jhYjayqc,OMfwgedp,61871,89642,66600,70288,14109,93308
cBDTGUxO,CJfppnEJ,XDPPcJXA,pcWjEego,rdRbaByn,jVzEklKi,44765,42529,14183,45130,22225,13619
mfezsInW,bKtzxPzB,JRYNOUUB,OlbrUNpd,SqVqCnGV,iUDJeOYs,59684,22167,4012,9887,1342,1206
ZrcytkZO,cKXkdfsi,CXoOfxgw,KfMOupOI,yqWFsbhd,kbRKGrfn,40697,6788,58218,61910,88173,61586
iDwdppvZ,tSEiTsFY,XmrSwIaO,akQqcFfR,pLgWrAwk,yDrBVinD,70266,63549,19056,27991,42623,68227
OyFuUFix,oiCBbQvc,qXbkRYEb,FiZtbunk,MoMoFMYM,RqawuxIw,77218,58287,40342,55675,98419,49637
ehWBSZlw,JyCkUemk,TbfWLgDZ,HQwVOTuV,QDwCPWlO,xlwSllzp,48156,84324,52833,64709,34211,48768
XjJoMdpV,hJAVJtLD,wVKUSimP,sWUlmEVE,LhXzXwTe,wVtXkZBl,85518,72696,72971,23349,38108,77086
Merojohh,GzcPDCAT,FxCfqDYz,QAnNpFzi,JWaiDzAm,lzxzvyFP,42480,95928,26963,96025,62325,84371
ttuBprBH,sQcxttwR,oGtbxAEj,TDDgMnxO,btkrFRat,BeMsDxQq,38488,20287,68676,39474,16944,82336
bEXLkMtC,aQMpFnrQ,ZoybQmob,RcDwnkek,AHsEuzOA,SrqDMrRx,93451,25194,82493,78346,21812,40389
KcXFyYIp,toGHPyce,HrOnnTbX,iFpEgOLT,aWqSJjmC,gHsLDfaA,72019,17223,74045,52048,94859,68077
dIVurloY,NPRFLdhM,ecGBrHAU,msrSDynR,CkuEbtzm,qEswefMG,52918,41785,6567,94505,69779,99602
CXIuXGRp,nrqSEZXo,oNrPpNHX,ZfEAXezO,tqVIZipe,uvUfZwwv,41953,65244,75966,20722,37851,67086
qMuhheTv,gKAervwR,scKqHyfX,JeilTeDs,rOJhotXy,BKqfoBTd,49897,89859,50050,20830,29176,25130
NCLMnOus,aNVxEeTN,htuucbOF,lCAGzKbw,ejFdsvXi,MzYRdnUF,85662,10589,32763,65261,71574,15150
xbTiLHPk,BDitJrBc,edAyHsTn,oOncACYn,TDtjTiEc,ovcuAqSm,25303,61165,87206,98434,53486,15146
GuqzkHSN,rcHbtOlc,mBdKxBhs,GHPAIstA,ekDeWYhy,AvdmoAJY,55915,27165,73349,93819,44014,40268
gczDCStu,vbWulGcl,KLuaKmyQ,bMWJsHfk,kvDQChKo,VxrOGMcr,52975,72252,63883,69213,20047,33637
YvdffWpn,sqNivTlA,uhgOcFYx,xeoLbNfl,cReVbbXk,vqJHaXnO,67533,47944,66692,41355,45560,24873
aQLiksKo,lkjcHznx,OrfRfotB,CViPNkkJ,ukOXOSgJ,znfUyMEy,51554,95594,62473,65479,76000,72673
dgCFnHWc,WxSTHvDK,yvffJFln,MImdSeKR,fgETuYhO,vtSzBJog,69800,10492,52450,95353,88723,78786
FkaPOYjv,CctmGEgL,EGviAJFh,QGkkTuNE,HvpnwOER,AnOXJpZF,52746,96201,2129,64911,79457,52809
ceiDtQnf,hBWhiwYo,dQtnkGdv,FfwoueFB,NNUWqrMI,HcASUomg,86702,30805,30888,76757,57522,46466
rimsmmVw,qafEZsvu,RMibnDpd,cQklgbSv,yiEtLLoc,SksQuWoB,13554,77525,73040,26622,94909,90445
bTGrfdiP,qOsaILPD,ICAnkvja,YigTptXh,GGeznuiT,cXiiIvsS,85900,16658,39160,24654,48199,21849
oLKsHOvp,CxxLJaCm,ABZbIylk,dyAieRga,RawBqqyE,AzbHzhPG,26685,43734,8388,4870,9476,69671
fuWRlRbQ,wdKItYXW,mvLZMkrn,RfekPqXF,aGSccBxI,QWQCDQei,76773,67413,50637,53814,25977,6198
yzeettCt,ePZBLAjJ,bVUbGWuq,wcgrcZqo,hzUGuOSW,IZQPGBmy,17745,15200,6593,56552,23669,89154
SWXfScUx,zdtIPkcy,wgAgwXSk,nhWwGcnX,RfrooAVs,ylMjDjLO,17603,69091,47659,12773,67857,58771
UoSjbZHd,NgCfjIsb,mOdgNdkV,MvgPjUVs,UoLxldhs,bqLPibkZ,79877,62369,54396,59669,30378,73000
QVQUcRTp,iMsvGKrY,ywCWNjEK,BhrqtnIZ,dghpTcnk,uaAgSzyp,46303,14626,23105,65786,18922,17880
KUuhVURR,wjxmClcA,oRaBTPor,FGZeBLnH,qBRKeTEM,drAmMETI,39280,32874,70537,85795,43693,60065
BkNpYQlB,tzcYWyuI,PBClHmkB,yVzTBdZB,wHydrNvG,RxlYBYLG,38462,72426,46876,16642,44459,74182
zsqDYnFh,JMVIHjSk,mapuodUm,woJePNOI,ZdWGgyBz,KppzYWou,83864,97835,75954,61608,23159,38932
SNyrhVvW,JPnFPxkm,vkvGzTug,vtMjvEid,LWPvwqxK,TfQgKdkS,7767,52606,96923,60736,14515,58550
RWJqZyhw,GZqEOyjy,fUSszlBT,dBDlvKjO,eNINmrXN,IFGPOZDU,29278,83841,64803,56798,3282,77696
cumpayit,PETRuDhy,toNvcXEi,pytrRdaX,FyUwJyft,vSvaGBls,40399,97085,72707,85589,52924,26099
RhImwQWL,THDuRwoB,idPwtptB,IkjsjFpm,KsQxQRgO,qOvaxtQm,57083,59520,13827,28762,62503,30641
yeSjQTHQ,fLLMVRfM,lAjiBbRw,RKAXJxij,ySQSweNy,WKKmzIaA,57471,96550,60270,14248,15425,27128
LoPedZQS,FogwgpLk,CYxyLlzU,luvZOwOb,DxEYcaJt,ZZuteZfY,80478,73159,37985,51663,5682,80607
pRdFdTkT,SZDbJMLp,vgBFcDWe,jlmBTbbK,snjOwVwu,DppZxzDE,72305,26294,84207,12642,11646,56582
CWGChPHD,rRPpogvv,LgesbkoY,HPQjXUvZ,tVxRYyWK,JCPxIRsr,59939,59935,66467,62041,29747,21751
aLRqWtSm,HuFnRSvV,RncQktpx,UVBBBDag,yLuCOkhq,hwEhWtOQ,34751,89985,78056,72445,809,98888
vIaXebkC,aCOvjfVo,KqqABHFK,cwVUUbYx,sxtuvRYS,kXPEsdJd,68529,54307,90151,5651,76309,63399
dQsABVxI,FRcTDsyu,tEekikCt,klIjZdjc,oxOcgcuh,GtMcgrYM,32621,10507,92282,22638,20312,6867
GVbeONtC,PYWHXDSH,lQZPjLYj,CmQIqMWX,mNZBtzuo,kqNLWSgF,61263,75503,46129,44941,97056,68628
qlgpjBHh,gKoIOAPZ,nPxknxSx,ktupUzRY,zvkbPJZX,wLsusvKJ,6838,95315,21755,31115,4350,59444
fRnaDRMv,TYgSaiVR,KxaoDQsT,dJbKJJhi,xuQnrXWL,wnbzYePo,41842,57611,35097,14822,55991,22776
IttHlNHy,hsxEVGMk,gUmVESec,HqhTRvRQ,ghtTcPWg,peSjVEez,64061,64754,68834,60525,38572,61169
iepSTRIk,BndKEPJs,igwrXcry,YDBbFpZZ,cMizJsRC,qmqducSk,23294,73982,57367,80852,18329,20141
opKlLGfn,Bqmxrlic,leQOaomF,LVJoTxMv,xbtjroNR,GPkObFdG,61756,17126,16261,47857,29989,75787
ySZYqhzM,OBxdEVvx,eLdQZyKQ,TQXdpxmI,ZtjYcnbW,pzhKnoZa,33044,18587,47619,53218,59597,44731
WiRoDvdh,WhHYCgnZ,hkwVDsIm,bfJeZTPq,FkXqSxVS,PAWSMOgP,24939,99923,30907,12937,76583,84711
HrlhmSGM,neqrvWMV,IfNENnhS,mypjpnAA,hPotJGiw,PcwcXSqE,45045,70120,9833,60223,16525,40159
KkhpHGvv,oRizfwAx,brYXCEyu,gAdeAlCp,LAXGPnLL,JFktacVv,59984,61047,23303,54430,439,71684
qujjFdKy,tXhkFTcE,ivuTFTNv,GgRbrXgp,EpkFwUJp,srISpDbq,54854,55154,3691,34106,72425,33934
cnOhLwNx,IwGHHSNG,efslhIKI,TccEPFJI,bgLDonnB,uVKxifdy,54608,46835,89722,47187,34325,84405
lHXigFTl,rPZJVWQB,DfTOvumB,VxmNZKTu,QdgNUNwH,NzcmHwHA,44601,20475,41966,21889,68636,90524
ZceGeLvS,NuNpKDHC,VlRQbjwj,CFCPFjQA,udxAZfQv,XTcuyzQX,6207,55235,20195,47158,8193,53318
ZXaLVFkn,TTpKIOiF,lqWNlfDZ,fFFAOuXw,nRvQsEly,NLGNmbbM,47155,60682,36011,49749,67814,43678
IElMTRBR,cJFqeaTA,pyMFLdbj,pSqngycO,zVxDrucA,Zfgsxwls,7237,99067,83559,92967,2260,11664
uISZHxUo,mSuWxygk,uHhqAtcc,xNxrPqJS,BOdFceEL,YiPdifCU,39218,84307,64430,60681,61573,61650
kWclMHke,fpxlWqoE,aIuxbrIX,zhutaKpd,VroTIOXR,miIizheY,95902,81137,32010,52261,67107,48262
GyYNILgM,LSTHKFtA,hOUvglMF,oEAIHbTQ,eDbkNIxS,oYzskQpb,26284,20814,40903,54951,82827,14735
tQBCvUfT,NkBEJXrQ,xizcvKMu,VRrYVymN,nFWOEvdj,sPbRBjtf,93489,28952,23831,47838,4363,42628
eylgCZvP,mpkFvmMt,zxgXGveP,iDiVNGcs,gwluMUNs,fuONZjWp,86255,4726,65596,79071,18703,6329
GWCrivXt,kknCyHiP,qiPVttpI,ptUkCdBM,BnTlFzlV,JphvjShU,44862,51085,8118,27519,12151,88269
OhxRMaCz,hCTKlTwR,UMUXNlwi,GrKlLJLv,cVyRMNHn,VScXYzyS,28838,71084,76271,62618,63151,61495
MPMDwPfx,mbkdqNDA,obhAdiqH,shsFiVwX,jJqRujpw,vEeesFRT,56897,60552,73790,46604,40681,79699
GhorxqlS,OEsYHMcX,BMSgDfWG,wZOTUiYj,uhnhpTDP,rgySvzxL,36754,52249,10056,87176,13832,38906
VCAhEpci,QPkJhEAm,gEGEFphY,mXaeBsTs,JUamvBDb,TrsCgbsT,79403,26727,23890,74848,80071,97722
NavUGCXf,PUfclExX,SpRIVYVE,inCPIhps,uaRoNwiv,OkQJBkNX,83275,58908,11859,143,90139,99615
puXePhXJ,NdvXTIee,OfEuIjCy,mgCTKvRo,AluNtszx,wjCqaUPu,26898,78589,35787,6580,49491,37338
ToPvHbLz,SbzDatry,DlyWEYie,jiQZbsOj,sfOvHbxI,gyBmhCSA,53816,75610,16092,28274,8810,59025
VqakpzlS,vaGdfGdp,CqHpMrlB,OUACtvRK,llKoRQeB,yATMNnTf,74021,56230,16186,6869,96901,11238
vTysLZaM,PrvClCRh,KpbQueiv,oBjETrSV,inrKfCsH,nxEyrEJd,27018,1576,47476,19498,50022,15461
dzldhuKw,VeUrYsWd,ZSQYekYi,fSddxtRU,LuwMWhOV,agqktlJK,941,26598,39941,58592,68200,76613
EjYvzmeH,LZFGBOBo,dxQlExRA,WkWzNVQF,IMhhrYng,sarrPBlz,96917,67604,26294,39255,2909,16421
OCNnfBtJ,urtLTUKV,bQJIksry,gwhYzSjy,wzUuTOcr,pNBjkxto,78085,8510,89765,58874,71259,46855
lMtpCvBX,nosZMLBG,lOTkJjOY,ztAAmRUD,CHzaYVmm,LAoAwdfp,53177,75092,73452,4914,58962,92422
lccVAJIb,ovFUQeGq,OgYumazm,XTfDAsDu,jhpZnNnB,IJaPUprV,36069,95910,95873,5966,86283,27986
gHdCosWG,zDSECzPA,HWlMGZCB,GNxdSRpe,gybiyqOU,mTqHrTki,10989,72887,37660,89377,55190,76295
dEKjvAdF,tdmQeDxp,ctqkNGEv,uMuYvPbA,VUaagwZG,LyoQLaoc,88221,37221,19560,10481,17087,34600
OVUyDLON,byLwsYTP,QxOCwqiM,QRXxdghT,HfGJkdYy,GVaKVhsh,59236,40272,274,17270,16459,15024
AIUjXvyH,SYraGCca,coNrLCpb,qAvgjzEk,qqjOlZyh,eVMrdRpB,91138,95279,2721,74954,343,69663
FIJdcnEe,iCPhsXWO,nmFqtDYH,aVbkxdPP,mkAwXVVK,PeyYMDQi,76218,38281,47417,5065,25717,15217
OYEAQCZz,ZnJmAhnK,Uaipfxta,ddFaSqtv,KKCEqpev,xIwzSWKU,27837,72486,14132,64107,73145,27600
WUICoEAT,HybxrLhI,syLOlfna,tqYQtwxl,PsISlfuM,SoiyJpfJ,87282,36800,73449,36712,86753,51504
hIyaRHUF,lfNGASmv,wtTjjccL,AqKvDyfE,JESIScTP,SFbuhQdE,18760,68927,82903,20848,34673,52057
vloqGAlq,sPnYfZnf,hfiuGBoN,rBcQBocq,CcHEuwgw,FUpFNSjx,41842,64746,19936,71251,32085,87283
vPCdJXXg,eExJkcQa,lyxvUOEl,NmdBQbZH,sYuUIjCo,KOkxByrH,38610,81858,40100,35233,2796,15851
ZRYGzFYw,BxxHXajU,DtBxBhrb,hhQRPmyr,qXRjklRw,iuSNSyxA,64716,26533,34824,91287,7596,45033
YNloCCxJ,AVluSFEa,udorGwmk,MNzalOFo,owoIWhqI,KpydkuUp,40940,19383,2690,52327,27255,30701
qKPmoocX,gVdKIfoh,KWIyPJlg,xIPPMMLB,fgsjjgkc,lrBgjmIO,51009,81382,67558,94486,6615,49962
WMdysqcH,DZWmuGfk,ohmuRKFJ,kniroAYH,gvuTFgCB,BFwWcBZF,81253,76200,63160,70485,18880,98576
WBgktaGJ,iCWVSber,vcptgRcD,pbssRZuZ,JoPYxXai,rdRvhleq,2271,64677,94487,9610,96338,37077
wSfhGvkP,DvwaaaXf,gGPeeQDc,vwbKyNUn,ZfPWBqtw,SsyYtlVc,956,52971,92639,82993,69156,71159
UuyprFRV,xtmobhZg,GAwiZULm,nrEAHCoB,jOJoNzwA,JnHQEfPz,14922,76398,21677,64669,79812,14719
FjxRgFkr,uzWDBwWb,JjRizLrO,jyprSvbH,SPRFDrJa,qpvMYqNn,4398,51539,80217,80261,78951,42032
KjnPIJUn,XoDBbyXM,dGihgXkC,fUEATxOV,VHdscNIx,jCuuXWMY,6840,27812,98617,74943,1636,53641
xgnPmeyZ,dkvonefj,pwKXdfEn,dwvaMBSr,hVozwMNo,EAjkDEjr,83643,33624,33015,42952,50727,68105
VHCJEmSe,cPcMlAAD,AdIaQhDV,PFOjiCud,edtlZKKS,XFLpQwvu,50246,52202,77015,41051,35437,20660
KVVqfOgx,rVLUboLQ,zQASmxVA,SbjCQqfu,vQphIchd,WWUEHEuc,76131,51135,43794,43710,95163,50015
AHKPoGkj,aDAnnfBI,DlxHTjFI,RCvOKYRi,yJCwYIbf,poabMJsA,54863,91653,60886,64357,78176,38890
gzTPaquW,HtjNAFin,ORbxPhnA,YTrCplUu,ZuBMNGHY,LkWiOVHq,15628,72313,42175,36848,63151,41249
tlsxABYr,uKPyYTkU,dcjLSvwN,iCnCEJxR,PplMCMLL,QXeUfget,94387,43059,18576,59804,42550,94111
zNfOlqMX,oMamDksA,MNdmMCBN,RnqYmnqG,NrdRwMrC,bKxIorfN,87854,46801,26283,88114,54867,78710
uctlzNKn,bbagUBah,OyxJXVqP,vEdZpUhz,mWOszrkf,JsPoeLmo,47383,77923,17492,3290,43813,81063
mGcshKwI,ciTznMAV,nOWyMuHj,VHYvCrIC,ArugaVZr,ZltptpOI,61516,55609,47984,85752,25979,30523
PVZPfhVg,dOPVSrwR,zzHylpCN,uFsiwIEP,VIXCqFjX,HZkpkUGB,72774,3470,74853,26525,13274,64005
RqUIzliK,pBPjzYaS,VUiYxcko,tfDepGeO,jRaEwQKF,eMToOUbI,47519,42961,78269,8681,81960,15155
iOFeXlzi,NWNsiBhm,MRDAOUze,qJuKBRKQ,nPKIwPef,LyNzFkjU,36897,29986,78819,40676,27229,73628
RGpGISoY,bSFdClxB,frSVbZex,jBrfoTRQ,sMhGxBGT,wrxUzLqh,22308,32317,97899,25060,88306,20155
yfSmYaDd,aFBkTpkI,ARAfdHhQ,YIotyvrD,njhUiStz,KMevZSua,73654,95792,64646,48466,74894,1995
incPeuPw,CXGgOeCf,tbsawSgD,fWIxPexn,hLjUGpsQ,NsqwSkRX,32124,68521,27926,4005,11477,72999
GVMJXSBp,HFsUkiwl,htnFjPYf,rsCxSxId,HxnMkPuP,QXiXMZjW,39556,81636,74549,4657,54092,36071
EYbAFHiS,ooexzNdZ,SnRkShPl,VqOlgDAH,hoduGkIV,INAMcXQB,74594,43514,20539,39234,67557,90109
uNeyaSTz,hYloABgm,ObOQjxHN,ZwVQhLsK,LVJJEFpA,AriXLYPi,31146,4194,92665,85399,20408,99000
RPAaqcVU,lniakShz,yiZbxGgW,dwsNtAbs,bkCZDIiP,bAKIdnpT,19143,39809,50467,6438,20358,14566
ipeLTHhC,dWUlPcrw,iIXphLLq,attjjRft,DAaUqtGL,YOopjyyM,85958,11288,51899,88409,95845,1658
OqJSCaqK,DvFfwwCV,JWABjuRE,ywXSEuMG,eemoPoLu,sWgqjMRo,10058,79962,35934,11262,87356,11156
ozMnvYoE,ZBXlGBwp,GNWitZNB,CioOIGAp,OPnqKIiX,wzbCtlFI,41132,54086,13285,91037,42702,13268
saCddNAH,qmPdkPoD,hOthFaEa,SaZnKDHE,waeSiBxR,uPXeUqBV,96112,90519,95368,1273,51826,97564
YPIYHFqJ,bqWUbvSf,yYClmRNU,EixSOkqz,BMownqGP,dkgtfXVX,36126,48371,15586,44839,88557,74888
EoklAJHJ,GXMbhjsN,PtRUKawD,mCpBSgZI,OqLIvgcV,DZgHmXJX,42172,76395,99591,9170,2700,92718
wHNAyxxI,nUtWelWr,zbOLyQXJ,gsxrQzEk,aUwoRvIe,TsdutTaB,63218,96433,18636,3459,34126,99646
OAEDXIza,WOMgQYAj,UluzxDsC,zPnWIxXS,dfyafCCR,MSJRoOmb,62278,10754,83941,4545,6312,30751
IodoVgHM,kPmPcjzK,uUXmulYX,uOknpTxR,MmbnfiXp,eGSoKcbq,54320,39109,94018,85838,69314,72447
ObvthBLE,uNOHfbZa,ZIiJMtIL,CzHTHnwq,NsZdAOJT,VvmAfMjz,5827,41617,33660,83766,28167,46267
wEkhPHTP,OYfJOepi,yVVGhlrT,rUpTXEXW,dJFPLjBg,qRQatGeX,33284,93182,9070,55833,19037,66598
FJneJIAz,XFrNvMDE,JqcNHwuB,XwhkBRNP,DituWSBV,aQjgEfxy,19063,93466,10039,29231,17958,64066
POUUOxVx,woAEkmqb,aZFlFDYZ,ufeiyxlw,uHWQEVZD,scIdkEeB,37760,60371,43241,9468,12850,98584
voeYGqQR,UGIVSWmG,OMzowrzO,svLKzHeE,ZdBngIJk,kQSiOVcg,64286,21976,57218,57675,78261,50274
nzxXScTa,iiUcZMPo,mXnAWTVn,BUaBsIRi,hohpHdAm,XSwYElwB,43356,46438,31813,8699,89158,80285
KiAAbdHL,jBgQwowQ,pWylRCJb,eTsiinFj,gUbAPrmt,fHepQYWO,76030,68886,48491,76564,67019,62539
NPKHMWql,hsGrycLF,rOCzxHuF,odBHMpXv,BJNtBZKb,gCPNadcK,20133,66173,74809,61976,80182,20036
jDdhQIUW,yDTeDQpR,KYjVSYHP,HbJiwZNi,KZwSXScn,IyXLvsCY,27146,2025,2742,60408,83866,76266
YjNMFCXa,EmNseCpT,gADuepNM,zXCIzRQQ,SqmJfYiA,vRLEGSrc,96034,27853,56401,92222,97579,12986
xWStRNnw,bKrjHCXD,ZsJptIgk,RuShSmzm,QZlQcenz,sCWRXiaI,45724,9385,57510,3145,82380,78814
hXGtJhqz,hlUZVvuL,NMXWaRvj,pFHtPlWV,jifallQu,FrpGcCYx,30825,87082,22209,60289,90754,42238
ioDoAeNJ,peJsANTg,qCzeSEvP,XXuTZVTh,DEdWsiFu,MVjioomX,37371,15078,15033,75082,28385,2390
jFtbMkiS,VrShvdrY,cmwZGVRV,rZfytMNH,EYeRUxCz,bUrLsLgr,64354,26813,45589,94254,6219,60958
YRcCvqVU,cxGRQwUT,uarWNoFp,Bshryvby,RGCPEUBp,vcbnHNEV,98896,93762,60024,38437,31169,59770
KitqEjCU,qeIYwVnB,QjcWGFnI,PbnDicMI,hbHlVpNV,XqaVTiCA,23335,22418,54357,24849,70590,38253
yApEQNyR,tyCDryEx,RtInXSyG,NJcrErKA,LbGHErUJ,vBjkvEqZ,42090,63627,98244,46144,18036,75559
kaDuzYKN,prcdtqLk,WJDJgUmj,peXrPwwi,utHSZrxu,UEwlRpyT,5741,40163,41262,34065,14275,50237
RGPMeOGf,embyujjE,HltVWOis,skNfYIHs,onUzaTci,BRWeEHsN,63917,73400,66005,12012,59458,34791
FyktVqnT,lYQFyEKf,QfOiztvQ,dMJAlMIJ,ROkFXDTX,WiWBluVz,39231,66088,68459,74791,92007,9520
lfQSvufA,SAplnbgE,vpYCJzZT,snjDEttm,aydqqOXW,LhKLkISA,60209,14820,83001,45615,13728,72481
rwLfpOrF,PgiGcDKV,XEbPYpeS,XwHKksfm,oynnpsRL,YOfBpbPW,89482,36129,57994,8588,70066,13639
zHmfVXGG,KcefTYRk,qnKJGjvd,HobnydSQ,PMkYLCvx,oDuVCoIw,57707,43944,27612,27332,1333,65102
kBkcCCXu,hmqHtdFR,mnJlRsYC,pKwnFpxa,nWGfdZde,zILzOMtJ,62189,78657,63016,16638,5764,58386
uxKlCLRL,zWYzqrzt,lvobsqRV,KAfIVlvu,dUMgfydC,bggLGxfV,42974,41477,65403,59911,86287,40680
vVmwPsoC,PjDOQVcs,KwYDlZbx,pFykRWZl,yevzqvdK,xfbQlQUH,57569,18173,44140,12117,50814,29513
ICeVIAdU,uLrITExE,FVbitPyZ,HtPcKrsf,QwFaeduC,MqojwgIa,680,78317,9108,20826,39732,56681
KDppEXiN,nZNoaiym,SmFSwOPH,bHFLDpro,ZLQBgpQw,oUoJqOsh,49605,56910,33260,79200,67179,31577
IBcCWPVH,xlWXkxzf,rvwTytrv,DgoyuJRV,efiBmldf,nOzZcukL,6404,33588,61430,71089,39244,31614
zzJTQEVQ,jnYQskuh,XqOlTTRs,Lbyarecf,vrJyYygR,SYkeUdds,62387,27430,1059,92860,43163,62103
GQegIMtQ,xMYTfNqL,KNvQyPaM,UNFIedoX,SkxThAzx,NBTyARLs,34326,30041,59830,71680,31944,67690
pwWhtWzq,tPCCJLQh,xnmYdMKM,AjpcskwT,uFFBiTui,fuUPoPLI,33058,67182,80197,88518,47762,60758
ijhoJWsP,NjlFKlZe,DsNCwsMS,bSsBgsTc,lEZknLpB,clVbtNYh,10912,46781,96153,66269,72637,36051
SRJygnbw,uuBosdET,HXFGMbHm,ISSWIuKJ,JJTZuFuv,NKmOyEfO,55022,51677,68962,68933,77513,57239
XbtkEiiV,NYwhdYwb,euKoiIzC,xIuntPIT,yxJIZEro,PoxslSEF,69655,40191,7777,49945,88418,35852
wevxtlLQ,qFfCrFrI,ydRJgwkQ,LhZtjJfq,oxmRtcfR,smipnmNM,26661,77514,44281,88963,90560,69685
EXXeZysS,OzuDqCCU,IzRyjHfn,hHxDXARZ,vGXNDfMi,jjPDALEz,2808,45514,36493,36831,24989,12302
hEnrmrlp,ucSDQZPU,WCGzFyeN,IqjOTVhz,NhDOhhLT,ZoMAGKrb,78712,26523,13874,97264,29566,24359
uVnjzPSQ,Mwjyzagm,kOZtSsce,KlriLSgI,iiNNwTHV,elegQfNm,13638,31489,60876,8723,94019,40460
HIGGviPB,dmEKPqZX,QdICRQSj,pxGkrgDG,wpOCaVpT,VqwGTRLQ,28627,45187,56562,65698,38199,33960
ZJzyAUUX,iEqZHjSD,SlYLTVMT,IHoGGBCR,QwXoVpwq,DFjwTmtY,66754,24846,65719,64612,79018,61916
ioMEsXAG,tAcHhdzH,mzMOcSwM,soxAUHpZ,SvQEYiWq,vztDLqqK,73658,97428,66857,71399,61902,20686
khElwhwj,GNUvleYi,BcmldOOj,pChoDgPJ,EyZuqWfV,GmEDXDse,95513,32203,47620,72295,78351,59340
jAeYcHcu,ospxUQty,pMGnDnUJ,yFTeUDmc,bfwxIccR,AQMddRHo,75093,91627,3350,26544,83212,40146
HrRpdAzY,mpQIOxqc,EPKXuSrW,xvIYywJj,jcjleMkL,oaxpAbty,82919,80601,87408,67063,36854,88021
GLsxZHfQ,xNnhSVRe,vdRRTcQd,VSOJaaqQ,jnrPZJrN,wygLAoCs,8575,47285,76947,59456,91850,4127
NXRfZAwg,MoIphrFq,kZPjTHTK,YPOYtQQd,nKmZrbrj,cjTyIbQs,3203,87894,45208,20963,59572,26627
rStWHwXi,aFSykLPj,cxaZLXjl,UgxGlPpy,ziLOdCNP,BKhXBeEG,70990,45846,55853,45240,78427,87141
rxyvawpR,XkjdQkYY,zIBSycWp,qznlPWxP,SMuDJHxj,qsbXPknM,88379,53914,47694,44748,10668,11393
InnaMEfR,jApUwurS,DnRRFOoY,PmARRZzv,dUKiWJtI,NYiMCqzC,95301,38140,29680,42668,46940,87683
iTwIlGAv,uNlfBuQp,GeBxikdq,XsXCgLJk,ypxbvPhC,VETEpbWx,50116,91688,11010,16405,89214,71589
BNsqxuVw,QNHaeZvN,wNVYufIz,qxGUNMih,hQDDlIhF,ElZttSdJ,31261,83199,72592,65856,68033,59168
HBhWnvvo,ysMmjmdt,CKjKtqsP,BvfWULVt,qjsWBFTV,EHrcgtau,48041,56795,91316,95356,99428,46638
gnirgnQh,OXBZwywJ,JWemLTGv,dfWaKzUu,swrTqiOp,OCecglSM,42440,73211,14074,14124,82118,95971
hmSliTzl,XbGxANng,cxNdaDCF,rojIvKGB,WzqGbQYy,dhAIRFbM,18080,75139,13291,21532,76047,96107
RyIdMPka,fLYmdsMI,hQbjcAfK,GNjPpYtf,nsIsHgaD,CdqVRPbj,40710,42101,31333,70029,18244,33740
MthbCnhn,unJgbaes,irMNInRn,mrLwFFQE,XCTKCnwb,cqVPngnu,76983,25987,97150,47371,33422,64788
hSegHbML,nvpikKUk,zBAhShCd,rqcSrPlU,nWUqiuTu,EzAkECMp,81366,76140,20714,51544,56003,82424
ggJoHDXs,skhjEBtN,eGkINJlF,CstfhDKd,uBlCeMgy,ApPBiQmk,40593,37000,84726,76998,2363,9401
HdyjzANx,mtvRqvkG,qcEVRvZV,xlqZIJWN,pqslXeMi,aNlVQzTW,28486,67733,8571,27931,11864,59093
yxwDFpFU,ltxSJDwM,TgwVfsAy,codPfNmy,owJzkXkc,NzRxVqeE,68264,35988,55364,68966,36800,44740
hRgabSTk,NxUoBVux,uzzzTKwu,KhwOAcmX,hytRrWQQ,OEGGdRya,76937,31627,35153,41697,88729,74072
BfrOpsvX,aOXobRJg,pGhxbfxt,SYePVOSg,zZRGbrhp,YVjwmpFF,29810,23009,80778,82222,59830,54892
NXKGqudq,ipSBYxsZ,xGbgydKm,TDUonEEL,WmkzSFpe,jIjRQjnx,9641,22352,16812,99030,56939,76467
Lfesjfnm,ievUqBET,eEgkMcPN,QQyqVsIo,yMBYfgNK,pykAjKvq,39197,77489,30310,64477,93101,13892
JzQMUePB,PjFGfREE,vcyQSSrz,bHyWndlM,DAvtekLt,vwImPpcB,75482,47209,31663,46251,26363,15622
foPclLHx,SBXFOPfR,gubJWEbG,sRWPhrpu,TDNQroNy,wIhPAJCu,8449,36315,36926,79103,62981,16214
LkmxoWVF,ZdgCcJyc,HlJVvmGz,FNJlhvrp,nGdbrUob,znUZsBrI,88491,34515,32326,36447,82152,12131
jMUHssLO,sjfgivGU,MjHDdiLg,nlUBEMLC,eKtJydwA,IDVuNXBj,17497,45465,24117,71559,64595,75488
NLjgGFnW,jvbrtGiO,ZZkRBpnP,QqoOngMI,fuCyRzGy,bvxZUKPB,43489,21236,91149,38829,7444,67476
zQJZMjhb,AdgQKsBZ,flMKqcRV,yOKmRWUx,TrhSLXOC,BTKhVXxC,23272,16690,20831,34248,53248,93602
tZVJgbnf,VcuMGwyx,mTxQKnMQ,KYjWbzpW,uAMlJxpu,OoDSbBbg,4666,90524,68719,13493,88570,88298
nlaZKAJu,pEzedGTC,zWPGdlSI,CjkjDIfU,giyGItff,BVAAGJcE,59361,99634,3208,91392,57559,35258
snrInnMS,uzMFfLWr,lcURAyPs,PAmbiHBd,sDaUPByp,TNBfbKuS,95719,96294,64796,26887,54731,69036
mBBorpsl,bPemwuJL,rLvkWnKQ,BKgroSWS,kVqmIwhQ,rHyNoFsK,19048,14352,20323,75118,50110,57018
DkjbjBfL,GiUOSRBf,RmBNFnzv,sbkGyIKp,zblSUYug,OAMlEyre,58450,4979,36872,45084,47812,40888
IeoIakIV,aIEkCjqQ,xMjYdkVk,cPyvOIHT,sazuassJ,CusQBfLo,33296,65362,46382,66273,43044,70526
uraBeOmD,vRoVLHjC,FjSESlWw,tXswFANC,mvusxHSm,cvSYRrJW,23927,34375,3848,24973,60580,63745
vhUsTyyJ,sYykyDdD,qgFdSTsR,sJkdJcWA,AgWjvYiO,palPtZhg,1853,45589,79734,57616,64371,61691
yrXUnDKw,XlFWajgM,wAoYedLb,iAvzQqwy,nVKjhljZ,iKRmdMsG,47299,51045,56135,59967,55508,29460
atRXsNWQ,IuDSekBj,kHbqpOPb,eUHromNq,QhIodWsG,yaTKqPkC,43214,74599,36081,73672,98822,57316
ZWBlCOkT,aHAkhCEM,dBfpFxWa,winRLlEV,qPsMvDZz,EGOQTrns,88846,84816,35727,23655,28661,73144
mEbUOEcd,KWqVEthu,daEaHOXH,XaiCnMqv,FfiAanXE,tPISulfm,6333,61306,65288,18465,62726,24960
PcdbtUOk,WCMauOdO,jNnoTnOh,NHcjfhkg,vWIYBWFk,aPGtEjnP,12589,55530,35818,23179,37270,28895
MDfrmLgT,FeIjLivR,aiutGKvC,aWntfjZI,louhljhO,LrhzTUAt,32899,29849,54067,26615,18769,93372
miWXzwVv,VPdLQezF,RXvnGACD,PLXGvirI,KqggZlul,MsKVNlci,16359,49953,98914,46208,63332,2760
udfkQtuY,WCnmrQah,BSCBGJor,iIVcoDsA,wwDWpFld,nYPiDRjF,19174,47476,98313,97251,76704,44594
COBhPaVV,jYLTxtkj,XHCOGasZ,XCRolRnX,VMnayTPC,pYtAhczA,56224,87328,81580,6284,58546,47640
grPSOjJx,CYCEMwst,fhHLSlBb,XiXtowMP,DnKRNxOg,WCoQUriu,4860,10796,5057,36497,25849,89026
GMBvavti,ytJjWrdl,sDDsRUkR,wRXoypYU,NtWGDJnt,WTWVGzod,93324,77724,42310,76582,95582,97834
TgRtucVZ,AIYHEKbX,SqGOCzja,FvWtWbEV,zJKrJJLp,FwmAAKix,32584,66528,37309,70699,53042,74393
HIdFOTBw,fyVQDcoU,bZEGZRdQ,bsSBdaJL,LZhJUpbo,EhOYcxNY,99105,8474,19882,55637,85047,24255
GkJEyaUo,HKwFRtxh,PKjBXxmf,pRaGqpoL,kfEVOXEX,NZQiXUtY,18010,556,20512,40587,16028,8180
RmWWTuMm,cYuhrtTG,HyiVjmUx,xuSriJZf,qkyAPjbl,HwaWgJsF,41691,36269,94135,68522,14210,73049
uVtINTlV,BzpkxKPy,XWkpRJzC,DBHDyqoh,RsWMtbRs,YxodtJgk,57777,90295,55768,44802,56132,93898
PjPgDIch,aoLCQAVE,EzUiXYdt,GQrosrfo,GyGXqZaR,peqoKEEV,30337,77777,78529,94373,97108,48935
fdOwvWOr,qfSxeQEt,BrsWbuXM,pfMNrUfG,hfCTlZzD,GIblTPBx,64577,80843,18740,94318,92119,19419
OVOsLOGE,SDBQgiyg,LhitZlyr,zgWGaVSF,PnaftLAx,lxrgigzl,19007,31791,18435,68474,56919,9572
MBumGXrw,zSCodkyh,snNvIbUc,drwxyyqX,nubMYsQA,yOhrneCM,78871,14150,95285,30886,94599,91412
qEHZcnFV,UBabWmzn,iHRjZTdd,kpdqXlIf,gAQAoqGw,CdBymBjz,16268,76294,25181,19883,70596,28692
iyOeLvWJ,gHEYdzvb,LRhBsfok,lmXDdHBR,yBWZUCuV,gvZeSfiv,78156,1954,1843,28227,18854,67094
AeZWzhAz,pAkJmqGn,oHUHTBHk,FVkOEIyi,uwTBuqsO,ClrbQWsy,58459,78666,16683,45000,93398,49642
DomRNZeE,vGrtxNAX,XbTVCpOH,OUvtQBBC,LcoIWVIL,ETsGHjFC,89238,43716,69072,96209,46111,81653
mYaKLSXg,gOcQqxmq,poNFdRDC,evESXctW,kuMjPZri,kdDVNxwD,31137,40414,75496,90457,49609,30763
bRzInQgS,DfRXJrYj,EWLsfrUT,KNQlUWgn,qfZRSzaU,blMoifuE,77811,95582,62674,10802,84841,12851
IoKJGxMu,aELIfFRN,OlNcujOc,uerZUasy,AHaAplEH,mraFCgaZ,98502,51824,28114,69554,4526,36773
WUKUEdrc,GoycpsGk,mruntowS,ONtLMZbW,ijvMePCY,jhrtfWWq,39058,69675,45892,54856,49818,6393
EAnkZLlf,JvpESLnv,cuZKcnvC,EBDTUKeZ,glSCSofA,WswZdmlc,19286,42123,79940,11322,65991,84194
wXaLGEJM,cbxYjILJ,ygzSCXoa,CVsEBfef,vSyofWsZ,CbRyTqFV,69036,33858,38654,96157,10613,1869
wYIAeMzQ,WdFunWhr,sbPwByel,RrMDVSgI,AhNWDusm,JSMlHumB,52574,34530,99258,53309,39695,88975
WvlOcqLs,MjTVhVqB,SofcJRwY,BjLFcqHT,XoeNvsWN,pVKLXJrR,93755,50492,10132,34633,93035,42713
LYcTCdBm,lKpRvdpM,rCtpYwVv,hMYfqjiU,FDzbVzrx,RtpFxXrF,57992,36733,44033,7486,47985,11500
ROMdpsrs,ChQucZFA,uDMbAuAF,qEtaqyDe,vlZWVHdV,IkTXJPXY,55898,12322,74317,28177,18041,62274
dYBgLTNZ,VmiyCjko,oyUiruoM,oluCNVsC,bFqzVYPe,lQaCjXwR,24804,13871,51537,66084,62351,30639
aWhgJPpz,dhpDoYoN,LvYufaHd,ZqVeoqBI,sZFRPwAb,KLoSvyBK,57325,1034,49580,1425,85269,20269
NuoiDPBq,KygUNogs,shHFyNgq,rShgukQl,DpFNBmfL,RAmewNvj,89790,63862,85769,32631,94792,92102
StMngiHS,wAHZEiof,rUzsTUnW,dNtalgCK,MCEkZvWR,IwcDJJRM,99000,27886,91528,20595,37566,34116
zVLvcPyx,sGTqvWLP,dyfLqlsJ,RfRSMULx,osmHpDRO,BJfWTHej,34209,13323,3213,74406,55979,20981
ULBUUENP,QmFTlJFI,mdHrpMie,kTurliSN,fVuEHvcD,VHNmUdVl,8169,67536,48976,61911,78490,14148
NBmFTqMI,fsRNAmwH,tHNFrlET,knzrOeig,diDWGqbl,HKJzTMEt,47248,90179,35650,77463,94669,75455
PUwWMHjX,XxRyOfjt,SHXFlYWv,ouTTanVQ,IOxIyKMt,ihEpyypa,87680,94181,28831,78004,59059,37236
WuWavhSf,YWklHnrU,BfmsSrpc,PRiXenTn,agzQQGMW,GECoQOFv,93813,6917,21708,56463,39053,2550
baBNOcxa,yPMIssru,ehlTCxJd,dRWcNOiZ,gzrmUrzR,ypFAgwWl,9468,95899,15366,71228,80273,98773
TXivLDsg,UWzZvmXF,RXISXrqH,LUkXbStV,tcEdraSb,FeYFsPRg,13734,49062,65022,93699,48209,32246
ToQliTtn,hFtwIIEO,LFkQdPvp,VKpDvVRP,vpyItZNC,nsVvzrsa,17441,35083,73008,73359,41281,91949
zIPyrXOS,QRwxLOcl,MGZOVUjK,otefUlvU,ElJyeXzl,eFGLhMcb,97541,68351,82228,38964,12992,25328
STCixJWK,IFOfOMHX,tbHblXId,vyWmUpHR,TiVRLkqP,NXYymrmo,88038,37470,30824,13824,56934,50629
CPSUdoas,SbuNtUHJ,wgVNRJNt,YalyhcVh,sReFyCXo,cpFaIgrP,90828,77240,49205,11803,86118,49557
MsMdzfmT,IMyovPtC,psGMcPQn,gsqzDxVe,yxzNsofu,BvWeGBXM,31189,47347,32657,59964,5238,23405
WXRmGLtT,GMeHNByY,ZvPxLKwJ,yeGyjQYk,UivHuLCh,dyYeHrsw,18100,56512,52315,33777,27298,77959
KlZAttJG,QRXJGEfY,nyAFECmo,mGawPJkd,nmkagYez,cPxiokOs,73363,36924,83083,23679,29998,82353
mLfLwKGa,HsZAEYCU,QJDZWHkr,oNcostQA,ftiUTnER,gvGMmKvd,99351,21536,40375,56246,6060,12920
eykUhmhz,waIVMgfj,ockcIYXl,nKvWCPju,IvrosaJk,vQsCLgdK,92258,94741,61956,73651,63287,39337
rXwfKJQU,YRDveRyb,icWpIWnA,rDrbUApU,OqiDzZrE,djiAVVuU,34027,8940,26004,12795,58004,90406
RWShJATu,MsINaHCH,WFDemzXg,yAjUGmRn,VGGjLaSi,QDuKxElJ,14019,84106,62626,31403,90980,26350
PAQZNxsJ,PFvwXRZk,IKttatbV,fZgmbPJt,IwEahhqN,cZqPkKux,64309,44779,38365,58111,46148,30725
KsSvgEkw,rCdzGBlE,UpLYTNEa,rihtfRwC,paTeRhRX,MqxlUZva,61968,5508,73067,28922,41086,54079
VWDdRRgR,yTZzmaYh,XLHmTzzJ,VtaQWVpW,dydisBIk,RrgPpmPn,81650,16373,37309,30495,26744,15925
nQTxkVvU,UCAsDiJC,ZhRsGZou,iUCIbUPb,OQPSobWD,fzkuyywn,82682,73511,93713,7381,65325,14750
PctWBzjg,hIGhLELJ,tjzXXQgi,fltRSTSP,ihTQZOgI,biewffDM,57147,2928,907,79932,17895,87863
xZMpgGrT,fJYuDvFl,UczndXvb,NGYgVuMu,GRwOzAMu,BdrJzGLH,29047,8856,97492,43163,60750,15197
yZqKbxkK,bUNVVrsN,vxEGPyrB,seXLTspQ,uCcaNvZr,OBMCdJas,81795,43802,82826,94811,86453,61416
jakrMCtU,zgzvmgtA,SkIOkTLN,NrzbRqry,jZPaZGwW,IcXtqLwu,34334,42653,23058,73161,83023,82469
YzCaccUd,wVBgDqJs,NOczDcUh,dqOrVjTt,ALAfTbLv,VNERRbEA,88420,44065,94388,56036,40010,26566
cwpMkJSu,TQsvsKfd,PfWlhhNV,zikpHegS,XBDguBEw,QjeOpDni,9038,89249,81051,84614,11764,35686
yzQIVjNT,QmLWmrEG,SvpIuJAS,RpXXmeXw,GchYUTLS,ddnRZdKE,3654,33734,16951,81963,38042,64487
vlCRKvTq,XhXbZjsi,aFBUYdAA,BuQGMCTk,uEmoOaZZ,EKotESZh,40732,6856,30109,68319,51990,76853
OPZuqqDL,ikTabsvY,dOWMfmur,yzlxbULK,PUAXSQrK,KpJZKTBi,5015,99561,81104,26799,65014,64788
CmiBlsrH,cBvmKTuD,SDtTLjZO,NmryUArK,qjCcfUVz,fcNokbUM,54179,18320,3867,64468,18745,1276
ARNVxdiT,qPRXpLGd,IsbYzGdZ,ZNegTFIq,SalHeBMb,sELMNihn,50146,73925,73903,89277,93309,64183
rPDfNrOw,GhyyXoTd,foYKFZXp,PAzqSnTD,vxDXKPFy,HaBTVFMj,23516,82783,41250,37071,6307,25729
SpmIonam,kdExOolp,HfaihvFk,acWiNGYU,ikvrsvHl,BBtiYxtV,77146,65544,20679,63038,63149,68058
CZmpmDxN,FiREsXGX,pJrardbD,oMMBHTOE,OIRdrVGj,KYKTdXos,41764,46249,57515,92000,51437,91150
UuOzDZlv,dPkajoxT,EMgBKPLf,ZsrwiWtj,VYMOXnjC,lsahpDxG,41619,94615,11329,74982,2129,82057
FLXcYWJv,tROvXYYk,FXOOpwEv,srMOeGEI,ORtMCOhk,XOuPjxNL,93734,89760,82300,84494,37369,84880
aYtfppxT,DmRUIGtH,NgsyUsyx,xbAsIhth,ugUbafeE,vfEZmnoz,52268,32618,43671,47732,85889,76297
dwFlWOiS,nAbSDfMj,UQNAqHik,bethBplX,uwkwZuPT,jeVNvThs,48666,9557,71104,63847,3265,1618
fxyScjek,bGReDfFn,MWOobdaU,ovwxCtzB,rEzCuEAl,EUSPLTqa,93471,33631,28780,39573,37342,74077
vDGvfaxc,uLZDaFkB,CvgPXreP,EOIJVIwB,NhUWNIOi,JFfIbIyZ,10426,28985,52567,9454,18021,39478
mGscZNnw,tbvECHCx,QFFmAMnZ,oTKtPvoH,NeklMwpi,txfICHmy,33146,51131,83210,48402,54795,849
kIORJKlS,SvLiFCJv,aAahwqXZ,cKYUIuVW,QPBDTDNU,gfEaCngc,96353,58115,29479,89287,72223,74960
dzEmuTWe,RYfMtEnz,znjGlncZ,RKfBOuBE,RejARPcv,PbGWnBtj,22661,3604,45069,66248,84546,43632
CYyASRQi,aDfJZzMD,tkQXVWnJ,nuLDOLgH,gXOpufDD,MCaVDykC,89812,885,17023,47203,71562,75785
XiYiIVRo,uBrDtXJJ,DAnPSksQ,fvxKlcMT,rFULAGHl,qiijWOnR,81275,6758,31657,49367,34914,44546
MpYcZCSd,loopcQDo,IfdaPwPv,OJaxUDgL,WvZZYZYO,MOeYzvdr,67567,73793,72805,54512,90523,92195
tiCtZohK,DAJYyAkc,pwNSdnUu,SZkdhIAJ,ZWAKgKiH,lBkzGqij,66160,30672,97390,31491,89711,66776
PWMOIkiG,WwbNVRET,QBXvhFKa,uxpeGhoN,SPBzkejr,fFRQfgnN,93683,63770,42455,44812,30922,4949
ddaOfqDe,llhuFoXZ,yElfxpOZ,cJYGkwdX,kXkdjdcV,PjjOLxlf,28020,16928,24899,71732,13436,80397
RBDrBZQA,pPAkoDvj,tsLVLxIp,NyebQGlY,mThLWFqj,LKiMGixC,59441,87547,3575,80346,48971,34472
pzqIdrME,viUGhHrX,gSnsmWEe,cRJUeUHh,pPImfbxr,kYmidsTM,99464,33385,93440,33334,62857,82790
zSMtQgfc,szHgnOMK,KgJqDrKg,EZlICEDU,FRkvSOlQ,TCXzomPr,59401,94317,69155,94445,87182,82105
yZRSeqlD,joOoarjW,cQFTfmhv,nSMGMOAG,oFzPoGFO,uYvSxjwe,82625,45194,28504,80958,53500,28935
hXgtnkxL,YAKAshqc,pifBLnkF,JAMOscxQ,GmseDpAM,kjPBuJXo,61192,29574,44829,95610,14179,25794
QFkUBOFh,ihBxDXvT,TIllImlG,SrIyvmOI,LYoUbeCX,eorkQvzJ,11299,17849,91811,61239,20934,85083
jEicAVGs,mZkbzZGh,TmsDTAsb,YuTJZBvn,toDPtBrP,EoNEVYrn,35332,21074,45944,22611,35363,78037
VZTyfBGH,kiKPVAPD,ZjdcbeBN,VesTRKtQ,QxGmaZYe,jicMJUJe,26890,22914,10187,93905,83571,84662
JGrBPmBP,KcEMDUAJ,TZqOxFWP,HkQLAEkl,wGNEfzSH,RUBiuAqH,31158,3664,29270,15650,65372,73215
zNDTCRDR,crkmmJTE,KLfVcFZk,BDmCHrZR,qfJGQnwv,FGZHXFoA,26114,2096,84805,27482,63935,95943
DxYoLKEf,yVeYcjMQ,ITAGfzrc,EnRjHBwo,VEcMRsCV,kdlNgmxT,88389,67303,46564,58636,99108,99579
dSeUhGyk,TpDAqcvY,swalwiMT,aZHmyeDV,FGgzEQeT,CGHhMnOL,42257,4429,96267,52104,41560,90819
zveUerPn,tApKcGUo,HBdnctWg,iMzulnBc,rQSWOBMn,CmndOwVv,21915,41906,3427,55589,6680,1778
rPuHfVjl,HxlIIXXl,tStvUCec,GOPymlVZ,mfXpcvQl,sqelypuB,78537,67460,79300,29014,22762,64804
zVRAjATb,txpcoyvn,qKTYidyV,YzUZdBnm,snRzHNMH,PiDjMhkh,87779,87102,96096,80252,92558,88567
yPpkVqWS,sfqIJToF,ttBSljYw,mXxJEgbP,tCAPhaPg,YAGSZeMg,87822,89239,18508,95047,88615,34932
bUeOFTwK,YgBkdRNb,YCbdFRaJ,lkfcdQcY,utXqnxVu,wuOJbfZX,94951,46068,39348,18600,74046,25780
clrYzuiL,aainEeDK,QpzhHHon,KnYgYKlh,hvsbHxwQ,BbAlyfjv,92572,85255,99560,14870,22735,35511
dEeqgsRV,PRIDHNRw,AutxUnnZ,SOjirmSa,Mxrlddfu,IuroxBYR,78652,57412,12922,340,74959,47642
NqmBelAT,jaOKcjhw,TcErgjzs,ATqnPWru,LLvdgRqK,ItxSTHNU,44969,73949,88830,47018,37824,70431
jcoYYAzO,zZYTdOAW,HatTGCkR,AYBUajjS,OkVnTWBP,YSRTdBhN,5412,59760,55283,60580,65753,17145
ySEdOzdQ,kcTaBCuO,oFyFbuWN,EeCHrXyJ,VpreDjig,mvsGFVYa,4614,46628,43478,64272,50783,85786
XuwRsZiy,SWZNHpta,gwGDBwSM,wwZPkTHz,FVdDFLmn,siyPfOdv,83007,80961,99423,47743,26046,52153
urpTSCkN,eZKkCvcZ,lCeyRVNO,eYVGjdGO,OTEUwDqX,nUXdpwmS,3186,71153,88080,98762,35658,18675
VPeVWasr,esiosSHG,NCthKXCH,vihROHjG,wFPAEUwu,zUeODRDF,3213,23380,35850,56419,92512,18253
RljIMGqx,KXJCrfgl,BMVHVZGp,jhAGGsgr,HkjxinXI,xrIrVkcp,17362,29925,81373,84299,36668,94015
HzEBXkuJ,qlxLCBoE,sxlvIqPs,YrhPVFIF,kyGycfih,FlyXenoT,36212,9946,84810,7784,12936,30383
OUUAWBig,hMSMfAkS,zoMQQPqx,ACETLJQq,skuaZfZy,NVQRlUZw,66641,92570,51600,58459,49115,88198
OxnnjgIt,OBLVstTm,BBbPVFWi,WVhsYKOx,KOTMxdmJ,ZerKpjjw,24568,29684,98676,84752,3894,18073
vZbFIBUm,rCPCgjFN,YjrIaiay,LUDYBUJx,RnYBkqRC,RJeNgdON,1408,47175,70552,47478,61413,54543
FSvqrUkD,SpFjugby,dIgZBpHe,dHyCaVAd,MBHdaCHo,vTuueREd,47697,9913,78617,28505,34305,88652
kgcNbsoX,cxntyhXS,VVaLgUqC,hUETTDgY,JqdckluZ,giREzbzD,58767,63921,26613,22760,88933,47992
ybZJuzyg,rOWqlwXV,KiPyAXGQ,qjnVruOt,zfESkLBP,UatimYGV,37037,79157,31386,77021,28092,66678
LYHyyblU,FcRXXkHl,CObzINuo,hEpZcKIV,sWdEIaUW,lUgLMqnU,92156,93643,65305,23828,78847,96625
fELjaAXk,cbOKUgxq,PWNoYpyj,zpoMCTxo,AtxsKpJO,yvtwyARI,69943,85665,54970,49002,90262,95259
eZWQwNIF,ZufwKAKO,BCllKaRS,xxSCZKLj,nqIEAqQL,XdEPNYul,47628,98121,64413,80679,21791,56975
voDqSvvs,oYfAgPCA,LXhhvFpx,IzSNfMKu,RwOTjJMa,AlYApLjD,81234,56479,12216,8352,55376,32707
PYpWvOHk,ksrdDPti,dZnEjaPJ,HdqCKGHQ,ghhNGiVV,efMUgGAd,74543,8052,12915,86950,59367,82300
RjsnKZOp,KTzRCLFl,OhyWMDiR,WUYFdUqL,YWScsENY,DwFSbZio,40527,1899,40201,71977,79752,15282
ZFFoOYAh,BQiPnszc,LZDOPYAl,BwaIEISw,dwaQTWkO,CCDuabQo,4860,96921,35012,63082,45994,82828
IRmWhJeL,IjauYTam,gWXBWKes,mlqSYXWQ,grPmClkb,FpeLfZtG,47705,74221,37587,70976,76732,40544
OrdqcFzS,ieULnPqM,zcgWwTWG,royPrYTG,NKToQJDl,DdwXNTqn,32880,60285,1882,27772,43133,14812
bxmeznlA,tZLVvVZo,nUBiTyIS,AkYxPYIE,Rkjeezvo,fLOQLiYA,87259,96569,54098,23863,3630,93590
OwYamVAX,rrZQWiWm,ONPtzbXi,ZoqBwUuU,YSEpjhSc,GkWtzOsf,2838,47434,54285,60979,63435,59539
VHWJZYkl,fpmKbQac,btgpIxdW,tAEcspFd,YEGfasev,iWJAOPCn,30752,35699,38243,16365,12336,8376
PreNdUCD,bxkaHdru,BtMekKjR,nnWOLBbz,eFHicpFa,JNfnoCle,19459,38510,65681,66701,94000,49709
QAhnSRlQ,vDYMKgqH,aRJKvzwr,NRjSnGTw,jbUYkKOF,OLnwXvLL,79470,32579,13388,26566,51025,19451
TMINZmHy,jCvEnnoA,hQLKBnsR,aekhPCgS,xisoJBsn,DAgfHkrI,35884,62433,44387,81196,3108,97199
jkSdsqJt,VPhiEUGR,hhhImlSZ,NepNvibS,EupOtuaU,eSACsAwf,61289,42863,77083,37404,91808,29229
lvRNRZhz,GWtinWMd,KNNfxYRs,fKxQiGdr,tLDznmfp,kbuQGkjW,2964,95610,75281,4543,16259,94207
VCllnXzp,hXptzoEL,dlhkHgJF,KoiCXGRE,Gwyllwwp,koHwqoDj,22597,98172,80361,53817,46925,98162
zbRVjGaX,iAQgazOy,XiOnmOmg,dmslQKDf,WukMfCzU,RNZIBqjF,15384,70323,81899,22870,84377,71757
jokEJeyd,NnXFFZBg,KgUasldR,WUMoRFye,HwCQEbtP,GnPXvaxK,87706,87774,15692,57689,22963,13004
wbUAnBDN,byxasONJ,JtvcJcAl,tVhlLUVR,JwHAEeFl,pSrHDAdm,8697,22380,77391,22860,88791,68542
mmACuMEb,krcBpOQv,jFCdcYXw,LFYHmvKl,JqcYAwht,sxYXUEeI,52381,29487,72576,67212,32149,93046
nzDdckaT,MoTqwZwY,vMZmbLOf,SJKHJPXF,SamYxIxN,vyKKfAsD,76226,80695,30953,38645,7992,1926
iXgcahXh,ytWakkVB,ixJjSLbU,fsKjKOYK,dRQzZJsa,bcBlNrfF,56868,32575,62869,70475,24121,14647
oAvrCaFx,EwKtWlBg,YUQawKhz,TnnzNlky,OrCFPfyo,qKZIaWur,17948,71717,3913,17714,89555,29276
omRwVmnG,uPmKTMaV,uwZpEUYe,eiNmXtul,maLSFvNR,QFrjVxIj,16295,32364,29151,5653,35161,46205
dnfuYDUB,ntKGpZaK,xsNoAjPa,fSDWaqpX,SyYGhftX,LkSYNllW,89534,80272,8324,49734,13277,63960
xAsVfRSA,afgXqRZI,SVkumIiL,DDHTJCUc,mLzTnKOr,UchvDCdL,52253,36164,28045,44698,29269,75459
imOXIxYp,nsZzoMpS,rsOLKKFq,tnRvkNau,kvhrjfQg,NnWIsuHE,26726,60659,83569,62258,71619,96915
jqYNTwml,qrDKfTrW,oKuigZDH,vJhjDSyS,OBVJauNk,ivtmGZJe,68047,62794,32863,33305,92878,33503
SjUNwzVK,ibchwtuv,qpjtMObD,bvoVuFQA,lBgAKmGe,RYnnJIDQ,81243,63336,4059,86790,49786,53264
agrZjBTU,puIoHhea,rOPrByxK,liPMRqAQ,QQGWMLKG,vIjRkoyc,45997,31170,86224,61754,26427,88558
wMlQZcNC,LVwRXkWu,SegrBReK,WZNfhEmx,gfiaSPEa,wTlKFoyi,49040,28910,26373,56340,32515,99800
KnGYCRXM,OuWbagrn,hAjgcEnT,mxCPGwgD,xmytcbIN,vdHekXfo,82379,68486,15418,45660,30496,87505
boFeSJPM,wYehdkhy,tBnVjIVK,SotyRryA,qJyxLUUV,dDKijAJv,89356,33938,56339,60704,40346,77373
FTEXZCtb,QvAPAINV,iKLSGedi,QsfJxkFh,xhWbwySS,GXsLuYcX,25128,3839,36958,6661,78280,38847
GYDGQyNY,qnLeOkmD,fSKFfLFE,dUBLMYwd,DituCEnj,fbZOvQsX,47533,80067,62473,67876,4254,41020
PazAuQgq,xsofzkkX,pQEMbopv,GDxVvubm,nnVBFXEL,NSrfCJsO,40276,88830,61888,82925,42484,47237
plRJPgod,wPZUHVQF,qHiGhsNl,mJSTIrbU,iSCoZwZj,zBYjsKCT,28777,40079,58487,5087,9151,97410
NhPpUagt,TPYiRJJs,VfxgDMkR,vBqAYGSU,fqknWWPR,ZrwttVbV,3798,4093,61335,17585,81142,85779
Vdqrlwjk,gdEWHkCY,nLVRNerb,UnIdJsWN,YdNbwcUn,jNpwxXNS,7023,17381,4738,31946,21188,4402
avuhXdIV,ngYRAtpM,KbWOZrkd,AmNbIxKJ,YvoFuBhv,tTZgxAkE,45364,10830,26004,99010,90047,1894
dYHcvCRu,FkvzDhkB,dTugIHUL,DFjLGQsH,jxHIEiDg,qhHElAsZ,83971,80167,89391,57601,28851,1394
BLNjibPQ,RfSfLkcF,XQWYahbY,oGicqEBW,LfYMkXgV,POXlaUdM,35143,73174,35133,15136,25025,94153
qVufnYhy,SiMZkagY,mIFXPXkS,MeBoLvAo,RWQBbJcI,NRhxLfhs,95002,43523,52875,1859,7105,36727
bKcaBCMB,hjGwMgbw,oeHSCwLK,hLUSOCgP,dOYDCGiu,eNIrmppL,97818,39254,32494,94304,71290,1668
HqvwNpwU,FfchcuJp,coDyiATy,kaEsFNNO,mNNEPyHe,OoddLpEm,21517,63545,1888,90581,91745,75617
NsyDAlJV,QWZJHjVX,bdulbzjk,BXQplWJv,qofiDbgF,GdYVtZtZ,50567,12961,37707,85400,98709,17503
WxJcVGbd,bqMJuumR,vEmYJXQe,bXAGUGHb,JNrRtjcc,CseuooKd,75078,5317,17016,13837,89289,61149
dHZLmtqN,PMeOKVeu,OWLOJlFA,VrOHrMsF,RIwtsZYh,CpwydpKA,82528,52014,41564,88002,41183,9070
NImioHWJ,hYYsRYMc,rIFCPBvh,ogtewaiv,xKtXywaJ,dlWVHIBC,88086,81653,95755,95362,37952,21077
hdkwVoyj,GNJWKXhm,ZZRKDgSF,btvBttZJ,ZrCCNroz,BJIHVNie,9697,39359,99793,92024,61333,51518
acJNPKsw,dswYMjVh,kBslSrhv,qzhyHROD,wLjEKqCW,aYryxZpv,21737,58507,27556,99516,17918,62899
WdsTUYzQ,sGhpUlVU,pTSwUuHc,cABimRjO,TWhUPyaD,DZZxpkfx,67955,19621,77700,87681,88296,11872
FdfHKCOW,yXQjOMmJ,RYIvSSAs,cEDHlTRb,awARQhNs,XyGKFtii,44045,97647,58473,7131,84623,86601
VQwPJldt,wYKGrUKR,SQRiIMGB,WaDXvGeI,KYOifqDv,TLKorZXg,15672,84696,57431,77739,49822,89524
FmxfHonl,uiJZKrXS,bCkxyJYe,AnXuOoaK,lLzNaxlB,WYrVFLRY,14420,8280,33376,63001,75720,62655
kICANRqH,JYtnXhEB,qtDjQbNa,yYhsGWmP,XpYNagJO,SIGHEnBZ,51656,95412,54868,10038,34651,84061
biwdOvbm,owmfasYP,epiLxCyO,YoepVmAI,dxMXwvLb,QMioWROO,24457,13019,38218,45640,78404,23731
NPVkVDod,HzywGVyH,oBJgBOgL,LjsaZpCX,bbZAZgtO,CbPPldyw,73456,7003,84348,67607,3186,12823
kDmDzEwE,EUAJXDPq,LqKUNSJg,vgmYYqyH,JQXrnVvk,GPvoPIbZ,90106,51452,30967,5163,68664,27907
AvIesjAR,vGdEwadH,XPdjXInz,UNUYajPS,SISAvczI,DgDKCfDm,52457,41399,96396,79139,37519,48029
AogCcAvd,SktbCaGa,KuNpGjjy,NussYquv,ZrzxrFnK,XMGXQjUG,10806,42751,4482,13563,75907,90191
zvVDRGMP,lelxgCCK,SZdhPARr,wisvhtbF,gENDfJUf,rEIxalTe,47546,84081,12504,81554,17872,18724
xryEpppd,eNNMKtpq,NuEwzavo,cDqINQUe,pLFIuFFt,nsoaouyn,5425,36405,3960,82015,85127,11046
xDpfciZX,YOkHYChV,EpsRanUy,aauQMlCi,LtNNSQYX,JFweUjXr,90316,93273,41571,96677,86333,87574
PjIyySJr,qUfKaRJL,MKBKklXn,bLhRaaxx,iKVcqxBR,qDjPSlSF,53419,50906,43170,369,84591,53816
ohHkatyy,ePyHKTGK,iiEwBvSK,MaaoENod,xaFLznRq,JIWYURqE,50306,9424,66314,28362,41435,72872
ZujPCYzf,CVIRhHvY,XbWgYGKr,uTkVbpfO,mpIMAZtM,crgIxtTj,64986,14616,30194,61476,24985,76444
PThkNByA,ODnAtCBV,JtgRNzLn,IkKNXuTX,SLpXwpup,TVgDnHgN,39376,66764,42545,86880,44494,39704
XbmKsnoV,lGRhAQaW,jlQzbzqJ,PVcqGwsf,SmHYDykM,RpnWavuH,94943,65091,68645,65710,50827,48653
FfaKhrSi,YOsOyIcA,OSQVamSu,MjLncZaY,oXQRWFhL,FiplNlhS,67316,40933,83894,81564,90503,12983
Nsviarla,rATSClSW,WgzwHQUp,LLHRHTJy,DbftLSwm,UzMfVhJY,13881,51007,37829,53981,36485,61391
EavpWLod,zfOfkhJA,gJBSoAgE,CsUhrMzg,bNxnkUuu,yINGDAEL,38734,96230,12260,50045,56054,86704
DRuyRigZ,TirgGZyC,dptChbFF,BtdJSuMh,OqhYKqdv,LcXaUNpZ,74993,86880,31636,53323,63838,69288
qYFmYMgq,aZwjGbCc,sKnepUcz,fjvZuUzf,sFcuYjsA,MiCUxZkO,91333,32976,1131,24824,15780,63133
WqvZLtnm,xAldBrYf,gYXnZVrC,OlYaByoM,uFLezbeN,Gplicbhu,9117,1693,75871,15580,12880,91495
YmrjDguU,jkAGSysK,iulOlISc,KDhSccOK,tJppSbTR,mRNmhjix,55492,2664,34885,68145,68825,97617
qiGMHJEO,ebxcbosK,eTCmxnuT,OfPqndLk,BOfZItbY,sIiLRThg,20735,5851,41106,49313,59949,20333
eQezQpHP,BjpuIcnZ,UHhRTCIo,SSGrTSab,GbymmjPT,lhIErLPW,71123,56509,1001,63119,10881,4533
avAFUZve,wnrzhZin,roEuJMNa,OExgioJr,CsRyquJS,oWbYxXNy,31158,18755,23556,99451,30431,3509
aKCpWpcb,VFRKxpTQ,LsxCHRsE,KfGepAEr,WWiKvrEI,ArlUUUpG,31459,76933,69196,86120,58103,91926
ywPKwvWn,EXWznYoq,bHiCIiuz,MPIICIJR,yePQTBAR,bFVBnZvn,47466,78714,32531,40379,1554,57115
KwlwJBzy,njdBsdCL,CoAZBSmx,pfdHlcxP,uFvTVuEN,DWnORgPc,12436,63726,30147,26037,94725,64232
pknswIRO,vdKGYjBP,rhfdwDgG,frvWqIzO,IUbpoxZV,eCktEvhK,58017,34223,25257,21619,43626,78330
wpxqrJCA,yGxeUMgK,XLafGkXg,SHTlOGGn,xJYmIQzT,ZvZfiMUX,88100,42799,18817,20766,35128,36499
mimsxycW,ZaUeDMaH,FaaQjZFx,RiudfbJS,SfAadNBb,fiCTFooW,1886,93289,17038,10431,44316,6833
VmYVoWlQ,HQSekJAE,uLWINMbl,lhxXJQGr,lGQVYXjB,PqVWWnvX,52573,74518,97355,37588,13043,66423
btTQgQYW,uljwZvta,wSEBtNod,yiAeTVzL,DlseFwgP,xkJPrnqc,38974,17786,53284,62121,22043,53623
BsQpGGvJ,WbRPvmji,zryyIXmo,HgYmokPR,LGJgKRlV,pIWNKwtu,82847,26017,39638,79700,38994,11871
ZPvNJbij,ljXZRdZk,KtNjMDcv,rEpENIXV,hqVufGbS,tEiGQtxZ,81335,40248,52731,54071,9099,75126
UXXFtzxV,qCGLLfnX,igAbXhZJ,oNYQTVyM,kotKkIoW,ZNlDqMNC,28391,80056,58502,41668,69875,84860
XpWAkluR,WmSxtGyV,xMxlAWuC,GyqeWSzD,KHClCtXF,XkeMKXVo,78302,67494,61305,2423,94784,53119
kMfkmiJk,zhgMSZvd,DlMBOkBq,WNHeDwvo,NkiJoZyG,JgxZwgbN,44545,26526,97550,70728,24653,86123
IOFsATIQ,bvlgBAHG,unbbBqJN,clcNQddr,thFDFnng,BXbkVBmK,45244,69344,16938,96328,69695,27700
tNnxAukk,PhevxvjN,bChrvONv,SQpZDJsc,XBBBehvU,MbIECBqL,81454,57395,84586,65966,30666,61062
QDGDzbjR,JRrZSPMI,THQjCfOL,tQZcoFkc,HASgxCRy,eQccbxGT,61196,48379,71878,40122,31639,86423
ruyBPDfm,CdgDOBrM,MJuZBqSo,SYXfgkrk,LIGAUSeu,ByLETuvi,45948,58136,53515,32847,70381,91331
VdKOIzNQ,kSuFHaCC,kdPTtTRh,YfqbvBCO,pIVfyFBS,YSvLtmDA,12049,70387,54892,50654,21232,40645
DkFmALXK,uJhFHUKb,sGqEvDNI,ThkhOpIG,oFqUoQPV,DwbjolKQ,11261,35699,60839,76804,74978,42623
pfCdWTnQ,PmiCiLZG,goeWdvPr,YvlrjNNp,lGqvJpgI,BUVSLcOI,53460,31174,18198,49343,13794,55559
CYEJnHwC,IrQYodAI,FgQubjAN,pTOYBeCm,BOiXlYPQ,UiIucqaW,32880,84604,78611,53470,15505,84776
kLDotRNW,PQwprzBI,iMQgdoVB,luoOInDP,rReQzTVx,grctgrXF,12341,19474,74514,59779,75765,76292
ergVurFT,fEOMIHdx,BULYeWLs,araYrWrx,ojjCwFdr,MEzHvdxj,16621,83092,43134,57312,83164,90217
DbIJrCNz,WdrJmgql,MRROcHjy,aRQDLBMd,gEFbyIBS,cggySrDz,57359,9912,28699,90461,15615,28280
KLqIjpmf,YktpDHWU,DjDryjPC,WxiuKHiL,IzPldFmd,ACsnVoiA,61647,79703,62059,49727,34674,68866
kZsdFAKZ,aliyLXGk,GVfPzcMt,RLthWFIJ,lsvigeRs,cNOEgbSO,51046,55633,36675,87993,16432,95243
FJPehlUy,HnnQErHx,jYzsplFF,ISrQhHUx,oEHuerqm,APlfsgzl,68190,61357,65155,35985,52358,41656
bBgzmFel,IFzaKjeN,cVLUysWl,SCYdBpQp,jdQkiWyu,KdzHcdgx,55264,75522,41085,44771,46564,32169
BIBCGfVJ,xZKwVHvO,WSyufcNv,uagHkUGx,iYnTzVXO,GCkUxmNJ,63539,36086,44568,91841,17997,44167
RvWDIrYZ,oQNPADXC,frCWZocL,tKtPpKnY,ncQBGhTy,dhReEDuH,57598,82091,57086,41834,53236,70642
VgsMxxYn,HmZrRMqB,euqgStTm,ePsCilvz,CMUCzLhn,FynbvSvM,35856,94058,95595,54956,47190,67515
sLruuEKv,zCYqQNUG,coWkOMnP,tgfbTlmc,RXCPCaoF,ZsbrWAaa,99079,2337,33547,19815,78185,25558
DrqYOdww,UrZYRaYU,QPIMjWFB,HmhYpHAB,wKEFhCae,UEntclUu,30966,64716,73534,75999,16208,81464
xrguegzO,lErXWnTn,yYIluhle,fZJVHfOF,xyronFFp,DOUOnDyh,70805,80592,60821,75261,43958,28890
HKCqwkod,czolzZZz,jBhkwUUB,XucQbBXC,SRPBWzrH,eezkITSf,96180,4614,46811,83060,67506,74032
kMIetkOD,yeWgozET,NnEJUkHq,MeHiBSAR,NGiEjztw,rLooLXmn,38359,64142,93513,31398,98633,77614
xdoUrvEJ,LXmagreV,KKpcrqzo,AHDwOYJR,RuIKCfbl,acDLFotX,48326,18654,90369,90161,17828,80354
HQnpVKVB,SFCOiqIj,uKWpiFDr,zpkNUhvD,yuXSgmPY,vjkrHonh,31467,78791,27071,62741,86704,19741
PWpBHzlf,szzmwNFB,QuesNXtG,UhlGPXNe,hAdUkGRx,xkatjjYz,79234,40641,47676,92765,34140,43614
JSXUvCXa,OtMmRmpm,JDIKppLI,cQpcfsmY,RByMmRgO,NmBsRcrn,94787,69890,4861,30341,9965,30390
psFpPgao,GvIGvpzK,oDVnHQji,CttAeXSQ,CxCsauls,jSjBQJPN,47777,99237,40482,59483,92010,14292
XufnnuTa,OtDzDezo,bMiEQhcJ,sGWsFknr,yZqdceue,kGguEjyf,58366,84721,1353,39044,9203,47835
romiZbMO,KqedDuvm,adQDdIYl,fihyJnnD,IsXckRuy,urNLxued,20208,40064,16699,5529,99109,67974
XFnbkJmB,jyMMtsUT,mkubeKhR,qpnSvGoH,NhuboItl,TYyCeYKw,96246,47556,32551,44739,78341,13590
MOMPEkeu,RILNQNHT,CgXBVgnZ,yjJlKEZG,qYEUZSBk,DHhefBjS,18296,30145,1572,50889,9661,75163
fjdniFxt,DxTTHFYS,tQxAlGFR,mCPzyqVl,xrLWxmGj,HRqRHAjL,99017,43551,9479,68223,89817,54197
BFdtJpLI,DzzEOcQX,nCapJjnG,yAOThpOR,hnJKLAOs,nCjeEaeD,98104,74541,26677,31797,97755,31026
jgpRbNOj,VSpvovGv,cfRWhJjl,NMNWIrKa,hQiBbLbW,HqUcELJT,58341,69395,32376,70069,66742,53721
AekLRkNu,QgUiWzwK,mlXRZpRA,dJwNXcNS,zwmUxqAY,dPFfvBSy,13269,40793,87381,15929,3412,41393
pHoMCDSe,qZrTZWjJ,fIRRWLYq,TmIqgvKw,dfiGloDm,PXkfLohq,92236,28300,74063,75823,59391,71674
VtJAeNdw,ccADEgHM,XfjHeThb,psmhdKmV,KNsoIROF,eaGKdKnG,50971,85408,13342,33901,72489,31366
gXOrSxnE,yIlwMXMm,ifbdiCqM,yuZSNnSV,PugrcmTB,oLoYyEVe,56291,53682,96931,60408,8944,98813
RHuawBHn,xhZTAeBH,dPtnPyCT,AQSqMYid,tIkTIWXC,exauEVCa,42205,23408,79504,24661,2484,77062
LMEhohSN,DwjOfOOp,sxRovTre,WarnYFIH,BGEPVdGe,POQVijNI,37223,13861,48507,66557,10233,93499
nvERpTGb,egNMFlFT,rLbbZNAM,UhQIRaxy,eQRXqyAb,mxtZbjgt,63883,5687,91670,93154,38818,94399
DzeQuzFq,zmdDjJkT,tlrLLoxa,qFvKRGum,lURNlYOy,cosCsmZb,79622,95131,22319,85701,50007,38825
NDnYdWiu,oAojMQxD,GTGEOBuZ,bxQBoCBT,jxuVtlpg,xKndjPvQ,63633,19683,28238,1092,20679,28415
qevZLpSQ,itOqEbnt,FXCXlbpt,iRRLhbBT,woCyoXNv,MlHundaL,37089,55541,80283,12422,20977,36147
EeWEQjdi,jBnoBZJR,WLneczZf,TcUPvtSR,kYoQrgeT,odnihKPK,68388,37392,91076,68765,40965,65682
FOJrKFRg,eaXcIBkW,cKLJcQTt,PSzFBmmX,SPbvCtfQ,ZnVfNbiM,93989,12280,1302,54442,61761,72729
PjSEudXe,xbrQdNxX,IUVbpWoV,biMerGUo,GUzatgIg,NXjUzhCI,87665,99149,77254,68142,77056,1765
BkBfBnFj,qBIZFqoQ,QbaqQhLP,PPiAGjta,aqAhpenL,QhCEVioP,26129,77640,78858,28437,42325,9603
ofMiataK,AlFJTRIq,TKpstteu,sHyjcVKf,jxYiusxR,QegWoRWU,35042,71668,20539,22338,70543,65901
sZqypqjo,SzoGibUw,QXoCbnXV,nvHuoGIL,KiWSjlfB,PdZlDOFW,61871,513,15930,36330,63456,6667
MzNICdok,KCRAgDGg,eEYmCOWQ,LQHsNwxM,rFTAiAFp,vTmJLqEI,35045,71596,81002,29563,67806,1349
euMiBdGa,URCRfijX,cdDppLvZ,bxUpKKNY,HGMMOlGL,AKQrilJJ,30977,52490,40037,80536,74289,6674
iFVNSvxD,AJzMSNAq,bUjDpOlO,qaqudENo,JDyhcepa,yNmvSbil,24840,87500,59378,72347,49485,16918
QXCXwIZO,pgFQtBKL,SVBAfZFm,BBklLcio,WGRxtkGF,SjDclIqh,65924,85400,83941,75895,96903,47124
AcuWYEJl,UCrMkvbH,TBKdnQbH,OhbEBhPX,qNArUPeN,GaeUGiLj,22245,44635,85533,56963,92776,24842
svoQakqK,LeAsGHyM,RLiWFUsa,ySNkozdt,LbsTSNQL,kOMyTNLr,17070,42333,76102,46034,66887,66356
txiTfJCK,fNeOcYZj,pFufjLwa,rVsooDTc,VsuqUbpO,sajGkqEx,20232,50956,65113,29623,29792,63799
NzQogaIF,sZmrzyAE,rhFMCuwP,PLtleNWz,pnmTXfci,puaKBRwX,86411,78512,6242,37936,16763,94781
VpdSgPor,PkcnIBYx,mbFouuIz,XMmjmYsN,PfDBMKMk,XlRojkai,95564,68027,2545,84510,81278,61748
IVvNgqCd,TrItHFoD,npZAvAmw,LtwHaoQT,DQBzzCNk,RuvAVngv,49681,87429,67659,66707,33075,17120
jIWHQFoR,MMtiElXU,eYRgPLrE,kUoBEZUg,FPjrHvUc,dXvTDFOw,85059,948,86099,31878,32245,58170
IDStiSgr,pllEXfAO,heEhCnne,zVUzJfGh,jhaXHjQk,kLAavosW,17744,18169,23357,78048,18713,45713
zCVGrHim,eKksEajC,INxqxbfT,kiCaMcUL,dFGEHsWu,hmcQOrwg,37389,58366,87557,98782,88725,87708
aTdUavIf,IVMnkDcy,LMZmzEgL,RqBTvMFZ,XGFHqpTp,LhMfYEwg,69752,10370,29677,36634,67923,44894
jdkXtWYl,UodcZBDp,giAMmpIg,aokLreTk,DUuvgvFG,mBoozCso,3234,55508,3038,5386,37006,86693
YtnKUXUw,BduRgLZo,WECjgHmR,oWPmIctf,yMCywoVr,FpXhGbUW,33464,53386,71641,62022,42808,57898
xGrNKfns,XtIjBAfs,WNopLarf,byMwqYXc,xjgofQdP,neoIRKPF,94024,1373,32338,78630,23465,34
aSAcCFEn,YAlyHHaz,SetfRmxz,hfOWIqSC,IrZnGeVk,jmbPfpTi,13633,6273,24601,6822,58223,14014
pfUpsymW,aMEssvNd,qZQoFWBJ,DRJcnUmk,IIZGmfVs,GBzwOOkN,97292,1106,81182,3418,88744,4858
xOMNkBjo,rKvVTaKC,ZAdSEeno,EVfKJDVo,SBskePvH,tLhBlitt,75550,72238,23472,43257,25263,43466
UJEeivzG,nZHDqJAQ,ARAywWMS,Uhtkvlfk,VjMqEvvz,PEmmjvki,17232,95680,30446,74855,55562,83630
TaGKcfus,JDdVBLit,VUgNEbCg,kSnxEeuX,VZHcGtvU,EStAluFd,42462,24339,48623,66993,65971,26588
bkwewpvc,NoWJxnfH,NuTSvCFG,ZwobSmtN,DpctBprz,fuoktLjo,52988,58216,66842,47753,13682,70037
nhoWisyf,BqSjYEwj,frcElusd,hHAAbVZb,IpZUiNgc,xrklzoxD,63706,81193,1988,39615,69063,49330
wohKKlsN,NELhhxZi,CVgcoUrT,KJrcmjqa,APgEbAxA,VmTPybDy,93494,84234,94428,66345,89671,17813
zqVGQXEZ,aESfnhlX,LBjxrCWH,XRzkjXPF,hyPcGRXQ,sKBZVuVv,55338,40975,62122,72380,81095,39464
UhbNNZox,wbDhcMfY,cSOIhgfo,EAelsvfg,EepxHwYc,KEubbIUR,95944,44500,61693,26082,69001,95388
jRWvsJCz,GVzEGcWJ,fbeSsAMv,JYwzMcwK,PvdEVfmE,dTXktWEA,11302,3447,50555,54859,95704,41199
GtFIUAiw,JSypenIY,DOAXjSTF,mOblfhCU,ByLyLYVs,uKubXBdJ,73287,23274,17277,45222,25670,79474
sfQmcejU,EuQEnfxz,aLgWoFIL,GztCbgJC,oTTSmvvB,CnWeqYft,26480,44492,69387,82106,39698,58817
QvFquMYS,hRTheLZM,hWDHEEva,JIrLDygZ,xZUKtbEM,qEGNcyhc,64790,32161,17863,12191,43747,79715
cZgAGsxn,nCmOWeTU,GsarkDIJ,XzJeYhef,uqSBnYOZ,qaAJaKVb,5899,69662,99021,35899,37759,7087
OfIWwXVR,YcvFMzhX,KXFEfbxD,jHiMHcCI,sJDeBAge,SJgAHcZn,79820,9286,76099,2828,11950,36908
hboKSCrM,PrsfpJzL,rmveEkdY,PzCTzvsA,hEtbKKxO,XkHBnBRY,52933,27736,27988,96490,42941,7832
SqGEuIoe,FlFBzxcs,ZINPbEVE,nNnFkfWv,GGxuBiYd,LvtNujAL,7655,66360,90944,929,65126,41704
GwZqpEFn,mQlAxBTC,oeGYXXkR,QZQPjSlK,UTLGZFSE,xMPsjoZQ,58839,79089,62796,84031,16535,71150
rikUujDN,OWbtHsvc,JhdWlQbc,WbkDYVpR,oUhHDfaz,UQTsSfql,77622,72987,1341,22205,3788,35178
rzoCAhPH,QGqYiEKw,aKkLNQjf,dnEDJUfX,nchSUnbx,wMVXcjQb,18528,15943,35848,1210,28680,33215
OJZPMUKv,SrHBrkdG,dMJoSZmx,mstuWozw,TQfrFNyS,JHchVFDi,56109,96970,64294,23319,77778,31569
cpGLCoOY,rIDnGBVU,jYKZjhHN,FuhFzypI,nvTwESyv,TXvoHjUH,52090,76483,92830,27300,14092,81414
TtDqGiWY,UGyHEJsE,HoygvUHr,pYTnzygc,zWAavhgw,fvLrBUAl,66582,87465,11002,60929,62027,76135
XDqREPSM,oiQgxlZA,HHMwlyyr,VXrkawBe,nAsWXGOb,UgcoKRsf,1322,17465,33225,66804,28210,81761
iESLoIqf,lydwYZGa,QYfPRLsA,CWoOTHIb,LSWPoWNM,URXqbsZX,90324,45883,23825,85979,5486,26630
leXtFGBW,BQzTjPEs,OrNYAMzd,clzDfwiu,ReWcYmci,XIaXutjo,4860,59464,36912,29972,8515,96304
SJnjdkkn,WzMkFGIp,meshClid,dTBQcmKU,kOOjQQDE,MlRBtVrP,90030,53103,76069,60213,52274,12315
vREEiDPo,rwLtBepS,ZGWELMUH,bDJwtBay,MIHekqqs,WtLVKnSu,54286,81726,49844,92421,11874,37322
dVHXHeiu,tbQEJkmU,tokJfwHd,EMakyNcO,WISEJBQe,QIiMEmsa,24016,23433,33834,30453,35380,56919
ggYeGWph,dhULMifA,itXeJfUY,vxxlVbND,jeJshqTB,ymKZSnwX,64375,26971,87805,48478,59247,44156
dwuDTBNk,sQyTOYDN,fDbqZymv,svLxGBVA,XvvePZEX,hmoMhvUV,60947,58269,90079,24059,29615,63150
fQZpomrH,kzOXtWtx,IZiezeQl,ftTfyhQE,ADujkdEN,IlxqlwSl,99078,99408,93567,19839,47075,5360
AvCnUyHn,nIEMJJhb,IVWktpWh,fISwjZEL,ocSGhyvR,DmfYAWUJ,96102,26492,84717,16202,38192,88614
jkKMHrpw,VnaTjBgf,eVasAIJD,QPCxVyQg,xHPndDtw,xkSIdDUg,67129,74796,94974,53890,80091,87800
jYBYNlPE,rHSIZgJY,GRIlBpcM,mWIoJYPH,YFmTLTlG,jzHgjkMJ,60568,79376,46404,55202,22288,78560
EHEMCQpY,YNEUYbyS,POxEfPmY,xxPHDDnk,azQcrmEY,lHqfmFCq,30524,39917,15164,32944,23429,89460
TmcjgVFo,GSxpztrp,JadytbnE,FwhdCkmO,zymxFpEd,csgpFcje,27462,97782,31233,82490,93138,34970
dMAlkaJe,FIxaVcqR,dyVTPNYV,Vbarkeay,plkODokU,IuhygfLT,88165,7887,93264,103,51602,85115
qSxmOyyq,panXQYXB,VIXEcbiw,ckJGJFzS,GYNwOeJj,oHKWdUtb,47536,91125,48417,18513,80419,51825
HAASjUiB,ejLUDvqB,UCrmwCeN,ObetBoqF,KmQEFXRv,ViNJoJuC,16594,58226,64562,85380,48279,51753
NeXEkHKI,wtklHVsP,MZUJwIvJ,NubBWgXn,uCsRGDrX,nwLYSokX,32363,15459,54335,19769,17742,26778
GhkfeLNy,tpQHHQyN,XcNkNrhH,OeZWuIvG,NdonKGct,ZySLCYsJ,79535,32554,62624,74193,96301,43445
BzFUmNxx,bZZnjFTJ,fdMnWgBZ,BFucttOm,puWcwuos,vykkoHNl,40910,68124,65072,47287,2019,69854
vuvlqsyl,NCfgAHya,JFXqMbwW,fSosCbSO,OpSOVMoD,uuZiRwNJ,22352,25360,67545,47822,69971,46829
nFwRbbsv,eWRHpqBS,uwhSUoXP,eHdtDVAh,CYjHMpoD,pCEPCeKE,64803,25266,6427,26,57765,66396
koLqfyPE,wrlvDRIn,NaBKHXyf,UpuLobNV,NzogYGkp,fZMksdLd,76457,9907,10082,65757,39489,25348
NSUdTEFA,RsBPNeOQ,typIZzyi,gnTQUmbf,LMfExFLx,EuVlyDoJ,39243,7098,99656,79393,73855,70280
LSTwvDho,YBNEHXcT,jBdqveXT,yPDyWiIP,ewlgFBqB,TjDUeTjS,24494,92815,59180,57092,58906,77520
WCEJUrOY,VtUPrdhr,icqDoaZO,HBzANalc,XnkzEbZl,mUCgxsfW,48034,50844,43626,40431,92516,47208
cLeBxLwP,boiyacmj,eQkoKXPo,CmzLSCoi,OPtaaNJu,IRiryCiI,29405,70913,90765,71881,68889,67897
rNFgcSol,rVksOasw,wIBdkXGT,ldIYZIgN,yYIzbtGJ,foqQadXC,61677,57383,22898,50415,638,87294
hlNYZFpH,feNcKAec,ifrxzWyw,MTBICoVT,qCaWhCJI,lrTNpUDg,25057,24416,13987,83284,38217,7117
ILQdgXRs,tXAvLcKU,QHMXPfSy,XXPghAWp,sPhnbGIE,NJCSlxLB,41661,14450,12765,839,38514,84116
hmFlBDMA,XtfhDVzh,ahHJbzcf,UAVdNkjP,ozDrFEqM,YWiLWyQv,27875,60241,60449,78077,81474,93783
OnKIYAvL,UcgmTZAA,BUwUmvtG,bCTGSIxK,ZgVLDtjf,aCMyrvEi,58554,27730,42385,43376,35577,68883
FHsluCca,ESQSQnxw,OsxfRSDd,eDgGdiyH,jpbIiRNz,MGGNelJh,92339,65446,33072,91565,85389,33488
KUcgaUwe,tyRaEdSY,LDOwmGwE,XRTZUXwm,DHDxefeq,xdSVZcaw,91489,67518,75019,16159,70202,56110
fgUXKPOw,znakYJjG,AwYwBzbp,AnFBIUzb,cfXABcHp,rpSBCOXP,11757,56038,34651,76227,4100,22602
RMxiKvzF,CDuSxHjB,DudpjNOS,DcyljFTo,NyeRKnFl,gGYBRMHi,92730,64576,87919,2839,42670,96087
yqOYXFbg,yhuReVmw,GJPFXlEG,MWGlkBbk,eHmotxqq,KNEXGQvI,23873,30575,83850,80617,56246,63116
dOHJplsj,HxGOoXrV,fWMmcxNS,xIdwLGuQ,xrCCZWKO,hZmrKLmm,81739,67510,51616,8700,29523,29657
rdoWvxmI,JQjuWzJL,fgcWLKXR,yXfXbJen,BAagjYKI,xORSKBwZ,2109,83842,50715,42358,84238,26710
nHrYpWkB,zWPYABFh,VsiqjhaC,ebtxjAuI,zxiKvMtk,IdNzPnlb,24375,24505,26944,55914,65675,85854
jemdGVaC,RACigKcj,viLAbZCC,SKKNiolS,RuCxwryR,OxMXyfDs,86621,12037,26429,60298,42593,32191
msWDEYwH,OjDWmqHO,rktlwaQz,QKbVNzPc,hJnwDOtM,BWGcMMop,29092,6287,65339,29027,74995,47661
keFDUbIn,pzPmATvk,yCBrdAeU,RQkFdMSn,viXBkLxz,lUSRLlDg,48205,19260,62914,10878,75488,68908
wlBlaKnD,ZfxgrvUP,upBzkDFP,vQBfDHFf,vkgstdIt,yVgfnfgg,2945,99737,43843,39013,17070,80159
HBGSnqIV,BsgwLnPr,EJAOAQkB,EJhGKQMK,bVehBiJg,qwNCjjrS,51500,20578,65083,24039,4828,69090
OwDnVrCS,LQgoULPM,EIwjsUoR,NjWWPTIL,RloXirBR,PqiZjsZe,58612,26356,737,24814,92173,39932
CTGeBJNx,GLOeDdzk,OSVjrCPO,WwjGNoVH,OCwUsGVy,MnbChTfB,34474,96149,65831,76281,93096,47642
vfVnFdML,UPBsDoJz,ieFjjqVQ,ItnBNeAo,YARuTrNp,gozrNxJj,32336,34501,25698,22736,56001,12238
OznxTSzz,iABlmkBs,wordhHvs,KmYiEraU,PEerkFLf,WOukKkdq,26688,78828,75362,17836,79234,32278
PHAbLRkt,QBNbhqbi,PRxHOJnK,aXXIGqAV,NMNnMcYm,xJexcDai,81428,34259,75841,89043,57591,34880
PYekNSbT,DXhqgmZt,ubtJdUrc,onpCpUDd,XcceJyYW,NUvdUZeL,73728,93847,46679,96837,69779,54886
rmwCgEMx,HlsGIbnk,ZCBzoToG,nbOzNmBa,BuRkPtKy,SeYwubVD,26228,61113,94564,38666,21141,40655
ycFqZdqp,yrnNbchX,yeaMkSQq,bHOakECK,wKjDsWZl,wAXtWZGm,15822,20887,31892,63679,91235,65634
bXQpnuCK,wiOIXVFT,ykSfjAhH,XDtVVqiB,LUcspUhn,UBYSpvEa,67899,92140,34486,38068,72023,81341
dcgfBaTO,yvSWYsDt,BuXMKfWI,IFwvrjEc,FBKQkssm,pBBePbQZ,2026,76348,72295,21380,32838,88929
QWwJAdth,qpmUbgEj,chUsJpVK,YQEbjaGo,YyGdpFrf,ecGQnlLo,24499,77528,63666,76865,94276,21990
oCtsotqz,MpzkIVoy,MaqUnZmJ,KtaehoyG,AjkBogrA,JfqJnmsc,12749,30954,13987,45039,51262,81326
ndLbFXpn,tjdagYpu,cramFXLN,PTJWZQNz,IILQCJoD,nkdhMRbJ,65161,90676,85091,25764,98421,65161
WWekANMV,kUrRxiNp,IhaGIXFI,mSMIcLEq,KdELjMiq,QzaYeLXR,14810,4064,45039,14209,49268,72204
syGbqwjG,ZENutfdw,murtqlgH,JJsRndRK,SLVNftCU,CWLHIWZi,54241,44405,62241,71599,89317,69233
GAKWfHcm,TOdCjWxR,xoSleSmq,IwawVBWQ,UwdAFfbP,MgtoNorN,53007,89036,53072,13127,97232,33478
DIOqAbEx,PpXOdcRT,SMkOrJxz,kZNhoBDu,KZjFiaad,cHuCKOLT,4944,6044,40204,3559,4788,76081
mnudAmnm,kfTgmesC,AXDDtnre,ZLSqDoWD,aeOyWrHm,ZqjzavQF,23577,45477,17494,26948,35740,66705
xiGItIps,LJyoHabg,JqnspoVf,RpCNQgVG,SsTFSdlx,AyemOJqc,27583,64353,36339,34014,22476,68479
ijtCuHeI,jbFLsVjR,WgrojZfm,nxMebxeI,ANdQyjTc,XFlOboIF,70215,48128,8266,9970,56155,75643
lfichHjQ,wzPurcCw,qBQVnJgW,pqFnJJGK,LjmkuOit,XeSWGJlD,98021,91487,31721,54420,99334,41615
kmEAMgeD,TskACrRr,YEtJpvXI,fJZngrLA,qNkUhiuv,QKyUzQjH,76761,24114,83930,46590,80006,37800
yHfyuejG,OpFWlVJe,kMwENaON,NehQCAJc,mfnxTTDr,vgFVmeKG,92742,44532,14069,81976,42472,75511
udiLfEpJ,kVgNiosA,KRvAobpq,YGnhedwY,pCBVNySk,wEwLFgWU,37872,98595,71119,64748,34313,95911
OVBSShsp,cseMAZyB,QazBGpzf,EVIrJDxZ,vsIBHvkJ,QabbDiBD,2942,38955,50700,37391,12317,16368
uHctcdiN,hhSTCcKG,gvQAJfCg,gmnrxUuv,EPfsErBS,tRPuxEAH,69892,5554,15524,17410,61773,63844
lJykuJxC,NvdfPFTP,pwiZVAfq,dlaVAgkj,PnKoFpNf,zceIFVwx,86208,89917,75607,66856,54744,20960
nFKjKJDb,XpApEiQt,nOiVYcwO,UWntUGyK,TftkswNB,FBXRnEcy,4689,65030,45548,15841,46781,27440
JIXUhKCN,xehDJCIR,edJaZDBB,PWUYzOPt,OKlHbHPD,cJnsjOWa,14264,24274,73559,46761,74374,64910
IfdmtOTq,YVUjFVHR,WmBTnbyt,foRtURtm,AVeJYcdT,viaeunal,17922,50330,78685,7687,57603,2971
jdIjkEWv,tyDwxNjM,fuqRasdN,XDxPWkoj,GcYjTNfw,kvfeqWJd,96124,59437,43560,90571,31592,98480
opQmMZtl,adxdHkWC,sNQbBKLm,soCaaMtT,uCFgwWyy,RQMmWGsO,46729,45822,30896,60400,19194,12975
fwAjzrNL,vrXoNQTx,OqmpPIAf,buDjkwfR,eSfxqKib,JhQCAiKr,33337,78379,67908,33312,38653,57714
rtNqYMST,LNAhfXln,VgCwQUpG,lLcNGLeH,pEzpwNdd,VpMNgHHZ,67163,10016,96993,54573,96150,38479
zmXsEOBT,jsyNrqgP,aaKbniZk,kyOCdAVs,eNukQoWX,rxpREHVv,76383,84492,65890,87402,47059,96696
oIVDThfM,vdWDYenj,wcYJOzfj,EbmnaDhU,vWrrYDdD,RfGInSMy,50255,50192,98968,29499,62399,44335
VyjuJpxm,utmfMbTW,FUFOHOUl,FvepFFKe,ATlFFdHl,aXYCXWVv,9144,20431,48959,70714,18784,52247
BXIZuBHe,PirFDCpB,hFSsWVAo,oCzmeRZz,cyYuYhtV,AyjdOwCY,17768,58636,89921,87658,40998,90824
lUSBRLDx,EevrZLsP,uDgHjHQj,nqMkGIOe,vwrqPovP,WoyuQWWn,491,83814,94104,74832,57020,95474
VIyyLDmE,JXGOdAhr,naWKUTrf,ZWrrIPFo,cRGZxpEv,gRKHMyKQ,19514,12044,91697,95948,90942,45836
EIVNWESx,JpSSeDyr,kvfUAkxs,QLRuMLzZ,mwjAMQLI,FLMYqiqv,57571,97939,33218,66162,59376,62291
RmaPXAMK,YIGlRqKF,dzWJMqeD,LnRRqmWc,lOsQzSpL,ipaDepjH,50359,9919,93101,7040,83026,72869
MWMPIdGJ,QsNAQbal,BbnCbdMN,uZXgRNYN,VgfHUqIc,orObYCdj,92567,15512,69461,25544,59997,96004
UQBgrvMn,oSCzLbCs,zUsaTGyw,AHxdqTOe,FkbXkUAx,qyguOSjW,71380,43555,64396,10686,59117,11046
EWQfemas,IKAogHNm,mcwPOOpH,FcsAXhAm,zpwUCKxG,HZTesCXx,27383,86552,86627,34625,95679,32103
yhIjnsec,UPyohGus,zqSudUuy,VWgUQkXD,ysGPZgBO,WuZXvtgt,24988,5784,98076,32776,37198,42404
YZQXWzMN,IbKWWjMX,aGBEdwmX,fkylCEHk,ZzwbfxXU,sRcnIOtY,47995,15527,10792,77343,55556,53969
cKqNFjTH,poBfmcFg,EwxPIxmQ,xwsitWFW,vJRGRfYn,TbAVOTou,48023,18796,37694,56299,91400,91197
vBCVNchX,gyJCYSIf,OsEkCthf,HpIsiGzb,SyrYuMAl,cGHtyqXA,14137,37951,66198,42339,50886,21147
JqzhgvKK,jhsmYhtD,rsHmhWZj,GihftlSr,HAXBFYyo,KavEGBGA,95102,54541,56394,28488,88831,11938
gigsAfzs,gNZyDwtG,utWWJaGH,HfqOrwBD,rwvGRgYQ,DchSXfLk,45369,5132,41758,212,22731,5137
kQYuikkr,enWUDORX,kvXmNZDi,SVqsStnH,mojUFmYL,IQaLNnCj,17545,19719,32365,36627,53499,43058
qgYDNysD,JZouwBSr,QBeNSars,pmWsunTE,SpZnTAFa,bIaYtOvI,16615,24103,25755,49225,75720,27264
GezZYNEr,MuVpdjDs,chYDQBfh,jYOODDZf,jTaulggm,ujQFUhpj,11430,85823,10085,11558,41487,23206
pNKYVqNR,vixDUYvV,DuqAZhLh,FvHrrHsV,OjSDUzAu,VflYMxhB,19990,46365,47308,85250,85336,15403
AgBZmgRY,jTzoJbaZ,GnWcNpak,IWJxTKZs,FjLNxOky,cFvoOock,99669,36492,68598,70631,46594,7196
ROjyllcd,mTXUbsjC,UIdKOimP,hSlAlOiP,rbVpOOpy,DFXboIuM,50024,86019,23669,81885,45636,24776
EyQXLkVh,Chpnidfx,PbmLsfrQ,NMTjxHAK,AMPdRikh,IOjkhlLs,47642,27278,28597,27018,67788,8509
JgjGGKgV,ybHGDpzP,gAVHXcHN,giZxoeSI,PyBFbjpA,ypoEbzOE,59234,72627,58750,56153,57518,43124
aaphqokZ,iYcAwAuh,bZkylCQk,RwHWkzbx,IDcrgDmk,hdQOzfWd,67060,35965,81218,34991,26228,2531
GBhCeHrm,yahuzlqG,maONeThK,akGlbySE,QHSUEAWh,sBnnfnin,90289,39570,32360,58168,3264,1558
ySoWhanL,KihpISZC,lSPPTlPu,HJoUFqhO,dOHYUtzK,WecmrBIa,26418,44442,33467,18163,25937,63773
OgolBYrz,RiUSSslI,lkdFDcGr,oJVpILrQ,FJONZEFd,wnAPiMjP,62248,78221,23415,77362,55667,97487
yUMwZEXZ,QazdLUDj,ChPhJGOH,QANzivtt,DPwaNJZZ,argUWvJy,88381,8603,62659,83987,16988,96886
HuwoCQtg,mQLlkGWn,jlVFVUgw,mjnxLKYm,yecqMhbv,eYYGIhqU,76161,41038,15852,39295,14962,20784
mQSJCGIX,tazfAyBF,eSNXbJtx,JWITlukr,hzjDvSzT,OOxikfcL,40368,54738,15738,37071,66514,50104
NPpCZjjw,UqpHpwZl,pgyUzIGk,imGHkCcq,qZWCfgOq,cAYFLhEv,54863,10393,41586,88368,96194,1818
kPHBvuKV,YlUBVgzk,esxseLor,CRNSpqhW,toJIULRZ,GeCVsCQJ,33246,97010,8132,27095,89241,6765
YtiJfIqE,kvYbKCLw,MMKpqMoz,iKRzooXd,MpAvmCgG,KhuwdbQd,93738,38075,35260,23306,1761,92670
YKKsFdkz,dsqypfzG,TkOSyqJE,GeWbgdcu,uknqcClY,Bzvgcxeu,23845,80479,81739,76242,40703,6913
BvURdXFp,xkseTHCp,UBebWqRK,RYYQnNnJ,PPJDsKOn,ejSOJQJL,20179,37243,32640,86307,89878,17999
CCqFWMHd,kfEkejqm,ABEQrUHX,BVdFkbXZ,NqzWmLsd,bGgFmLtu,42789,19728,19515,76138,18473,75978
zacyYMVY,smSOmbfy,DicnbADf,yPLEIhmk,rUqjbaxW,UJlYJpuM,48294,69184,74476,32668,79686,62420
GqrblTof,TWDxXmKO,GKeEOEtW,tCDTBWuV,tEOzGYBl,vLTcHuiN,29642,85099,5098,18043,24011,95411
XoqfYfUc,alPXlbCt,aezWAtBu,vWyOcesP,qtrynAPf,jzVGHfLT,74609,36565,34990,75724,42316,83674
EALexyzH,bahNEHvZ,GZXHRFLK,ErGhNacI,tfzJhpzU,TkPmKySd,87380,79582,6779,76244,21758,76620
ncQsMPWP,uxOPmbEh,sBJAbICK,qafyqrWr,WcHEijRh,FkTZbcoX,59476,82579,27228,8706,51097,23691
FLjSCkkv,MVMxUKWd,ucYdRXwQ,OLSsqeCr,RkyboLJP,vypHjDtC,95766,23737,10220,22151,43451,55664
BWVCWyoA,zBMTJcTl,GEmgMRso,zAJElasf,obPpcioQ,ZGNvVPVg,84311,66918,48005,9211,58559,45313
FRWGJwgi,JmhRrQix,WaFdoegQ,UslkrtIO,DSWupOBg,GdYZObnC,56399,74141,81672,5848,56089,12517
DhAkCMJK,hHLElvlP,dwdJlpRB,xRyWKMFk,BScQaIyA,ClSNdQRU,46618,31556,54538,78399,98896,46644
HEOtpERG,XJUgDsWU,rJSmebph,vMvHGdRf,NdgOmDaL,zRwhVbmc,84514,58568,67209,73541,67945,96171
rQKbtHMm,fcUROcSq,iTyJKREK,sbMKvNKb,hSxWFUFs,WSFZIWWQ,63616,77068,42718,38674,85343,78490
iytPQzVs,qTCUMBed,cGsoNCfu,zMFXMNhi,ncRXIbIe,bseswJub,29666,73311,86658,2335,65586,24311
tHKHVMti,klozUJUM,MmAWlLxY,YYSZBOar,FpDznpZD,lheDCOrz,7058,50994,46450,95763,26278,15991
UbsFkbKE,DGrbfGVI,EagRhtMT,yFcMXRnK,omEAUrXT,LJegXool,84263,18588,71471,26813,3804,14810
ynNqpaDw,AVUPbySu,AfSdqsRi,VvWdSRMW,qOGdQknE,RNkSlasd,16374,27163,93358,74319,82065,14903
HdkZExEf,wsJhbNhy,NcxzbSzN,KJndnnsb,cRJqMFVx,YrmAlZCV,16666,39385,49383,22847,7756,51135
yHjpkJIJ,FYWkFiVx,PSmWBPyq,nYHtIVzx,BpEviall,KDpBiiFy,16283,36513,13961,39480,74710,16432
VjdxZxmm,MFOJsXDT,akmqNgQQ,WjjQLgqp,kyyeVLFl,daXsdbbX,22759,26229,611,85464,93147,79958
WhwnkyFL,dixURnvc,VAemJyVR,GLIWfNvJ,mJIqPTgt,EGsxrfpY,97663,54853,39243,34392,64415,31484
eVUUShgM,pkBKCxfa,oDqpjpnS,MRkdmgPJ,bpRsrXCn,qQVdpDuP,45531,29512,86266,85955,71957,36085
faAgJqmD,lHDzHYaU,HeWvLkHh,bmzRmuQx,umNxqRsU,meNLiPfO,82754,82968,64203,10049,5800,88306
cVnGjGzP,JxMyZaXi,fOeEoOLQ,dJAGyKrE,iBcPRAgr,kJEiJnPS,17076,25378,5207,90720,32245,82629
EJVBMwpP,knMpUfiN,nhyWkONI,MxnMnMLm,KvMiOOsD,TcWocWRt,7261,83464,30901,93409,51748,40176
MhXfTDgK,aeAaEPYF,bwTneXtt,mmSMyrLg,IoYgaoPk,TemExkMN,52730,5010,83460,32959,90448,81278
mjILvJwx,WQGrOJQW,ReWiHAMo,DiyXUfKH,FMUHmZuf,mTnMbGKC,82375,7946,12791,67660,5402,39339
sblBVENH,ebAauQfr,qUSoRVLb,smfOOmeZ,PObqfyrf,OJoicCpW,3754,87566,12166,87377,51179,7520
sAbjlrlv,nabHadHV,ZSVdrvbt,PyxRskRF,NjRLsQZY,oBHwGTMJ,41541,96858,27250,58039,18783,24831
dhESwusG,qkekqZOK,ZEDrZbIo,IRMqMoai,vfBnoSGk,fAZhLNyt,57684,82097,12915,41691,23745,57064
cuwXuRNM,DILEXSTh,rfNiWwhj,jfGjdjre,AKuJuElf,vCZywtsw,95963,68129,56825,22280,84412,85619
NOgaOmgg,OvLfOcWu,UhgjMLyV,nTdIelYe,OcCianBs,dkuMBfZM,1315,12504,19079,92573,1375,34603
jeQZgMFn,sngxnuWD,MTpCZGtb,kIEiUrAQ,QyUSpaSx,kRaPpAft,77595,53597,87181,96506,75027,24969
PmBAUOat,FyIBtbjJ,DIplpVzz,mrBLqyTu,LNrslzvg,dUgTLmEd,23262,44074,67041,94872,65272,59303
NxaTUQlK,OxcLFRbc,zBkmsGik,KEqYTzcM,eNEbzRwP,wqlaAhfd,29996,51127,37595,35558,90931,12945
omxLIFCi,AgdSvtDf,iNkDWnIj,UktYtPGL,lwgyJpPC,XmifUCbd,75906,48566,44311,21931,16118,48647
TlkGrUgD,HnvfYAhn,wIVJsuDE,cRNTfcIE,aOGuktUA,NdpeUXuF,48095,6259,71118,43386,13660,932
RBUwVJlN,ATUrLriV,xdvxFXpU,tvKMPZlQ,HfFlmpdJ,zWLviufR,57217,56319,7016,20058,78349,14089
PHiqcyGG,yyVqYKfe,CBvSpPCR,jmTAZDod,oYMjPoKC,fOsWsMgS,49183,60048,51792,37724,31866,45328
EtARHBxN,WYlIrHoP,AHmBlQoU,TySjurST,xtPGntmj,eANapXsn,26094,77746,37724,99341,67196,41906
mZIgpaGI,luCjCwac,hdeoqtwI,ZROqSWSL,KadfGTpk,URMpHbeA,71595,72677,90268,75166,97854,48415
BJlAvQlD,lQAeBFAJ,OouryXwM,aunDMiLe,STgkTunt,PzuFHbZc,84984,25023,30850,74823,29695,68972
CTwhDQrc,ePxQZGhO,QSEvJaWP,YzTdTQxZ,UYjhltrn,MVLAcDIE,69990,11133,83344,98138,57675,40621
wAZOWzBn,YTiQDslt,laHABPLj,eEZenUrJ,CdWkLVqw,PPEYZpYl,25104,67770,82515,54961,26254,65298
DZzfXLyF,ulqBgaYC,NxNwTkxN,PuXaszwb,oypBIKUQ,wlzsoYoa,85143,78624,37083,11562,73555,44339
rHOWdguR,ENMXdiae,qBCqhOkV,pmpbHqkh,OArpEJFP,idjCoIFC,44019,13084,12425,17773,67159,29541
yFwMOFCz,LQyJHpjJ,FCWpYlAo,DoEiOFqZ,YycsrdIh,XVSroYPR,18202,2361,73513,78157,66958,82747
pOtncRDh,pZBxZxpo,aPQIPysO,AoPqVWpn,fdxcsmNf,hlpinwnu,84869,7668,54791,66891,27355,78062
LGAjkGdU,nvkMaRsU,ZTLHXpMg,DeznubxR,PJZOuzUE,qbTQoueU,18199,38256,44282,37351,60731,28939
OOHQhxuM,PZVwZvwU,mIhvuQpA,oWosgusY,iJVcdsRS,HQAcZuci,95134,13961,40747,34762,82690,73781
